{"type": "FeatureCollection", "features": [{"type": "Feature", "properties": {"unique_key": "15685423", "complaint_type": "Sewer", "descriptor": "Street Flooding (SJ)", "created_date": "2010-01-07T17:56:00.000", "agency": "DEP", "incident_address": null, "borough": "MANHATTAN", "source": "nyc_311_soda_76ig-c548", "hazard": "pluvial_311", "official_identity_verified": true}, "geometry": {"type": "Point", "coordinates": [-73.99700835637634, 40.74222718212239]}}, {"type": "Feature", "properties": {"unique_key": "15805425", "complaint_type": "Sewer", "descriptor": "Street Flooding (SJ)", "created_date": "2010-01-25T15:38:00.000", "agency": "DEP", "incident_address": null, "borough": "MANHATTAN", "source": "nyc_311_soda_76ig-c548", "hazard": "pluvial_311", "official_identity_verified": true}, "geometry": {"type": "Point", "coordinates": [-73.97811527626749, 40.75728557318907]}}, {"type": "Feature", "properties": {"unique_key": "15805436", "complaint_type": "Sewer", "descriptor": "Street Flooding (SJ)", "created_date": "2010-01-25T16:24:00.000", "agency": "DEP", "incident_address": null, "borough": "MANHATTAN", "source": "nyc_311_soda_76ig-c548", "hazard": "pluvial_311", "official_identity_verified": true}, "geometry": {"type": "Point", "coordinates": [-73.97628795208624, 40.759785673685684]}}, {"type": "Feature", "properties": {"unique_key": "15823438", "complaint_type": "Sewer", "descriptor": "Street Flooding (SJ)", "created_date": "2010-01-27T21:04:00.000", "agency": "DEP", "incident_address": null, "borough": "MANHATTAN", "source": "nyc_311_soda_76ig-c548", "hazard": "pluvial_311", "official_identity_verified": true}, "geometry": {"type": "Point", "coordinates": [-73.984175109585, 40.75984192199021]}}, {"type": "Feature", "properties": {"unique_key": "15985365", "complaint_type": "Sewer", "descriptor": "Street Flooding (SJ)", "created_date": "2010-02-11T13:57:00.000", "agency": "DEP", "incident_address": "26 BEAVER STREET", "borough": "MANHATTAN", "source": "nyc_311_soda_76ig-c548", "hazard": "pluvial_311", "official_identity_verified": true}, "geometry": {"type": "Point", "coordinates": [-74.01190217687649, 40.70495828502452]}}, {"type": "Feature", "properties": {"unique_key": "15986082", "complaint_type": "Sewer", "descriptor": "Street Flooding (SJ)", "created_date": "2010-02-11T10:31:00.000", "agency": "DEP", "incident_address": null, "borough": "MANHATTAN", "source": "nyc_311_soda_76ig-c548", "hazard": "pluvial_311", "official_identity_verified": true}, "geometry": {"type": "Point", "coordinates": [-74.01154871686809, 40.70495008673648]}}, {"type": "Feature", "properties": {"unique_key": "15986397", "complaint_type": "Sewer", "descriptor": "Street Flooding (SJ)", "created_date": "2010-02-11T11:15:00.000", "agency": "DEP", "incident_address": null, "borough": "MANHATTAN", "source": "nyc_311_soda_76ig-c548", "hazard": "pluvial_311", "official_identity_verified": true}, "geometry": {"type": "Point", "coordinates": [-74.01154871686809, 40.70495008673648]}}, {"type": "Feature", "properties": {"unique_key": "15986468", "complaint_type": "Sewer", "descriptor": "Street Flooding (SJ)", "created_date": "2010-02-11T16:50:00.000", "agency": "DEP", "incident_address": null, "borough": "MANHATTAN", "source": "nyc_311_soda_76ig-c548", "hazard": "pluvial_311", "official_identity_verified": true}, "geometry": {"type": "Point", "coordinates": [-74.01154871686809, 40.70495008673648]}}, {"type": "Feature", "properties": {"unique_key": "16059469", "complaint_type": "Sewer", "descriptor": "Street Flooding (SJ)", "created_date": "2010-02-22T13:41:00.000", "agency": "DEP", "incident_address": null, "borough": "MANHATTAN", "source": "nyc_311_soda_76ig-c548", "hazard": "pluvial_311", "official_identity_verified": true}, "geometry": {"type": "Point", "coordinates": [-73.99248966793999, 40.71508134044143]}}, {"type": "Feature", "properties": {"unique_key": "16070076", "complaint_type": "Sewer", "descriptor": "Street Flooding (SJ)", "created_date": "2010-02-23T14:34:00.000", "agency": "DEP", "incident_address": null, "borough": "MANHATTAN", "source": "nyc_311_soda_76ig-c548", "hazard": "pluvial_311", "official_identity_verified": true}, "geometry": {"type": "Point", "coordinates": [-73.97618028909402, 40.727748927327575]}}, {"type": "Feature", "properties": {"unique_key": "16085837", "complaint_type": "Sewer", "descriptor": "Street Flooding (SJ)", "created_date": "2010-02-25T10:32:00.000", "agency": "DEP", "incident_address": "130 WATER STREET", "borough": "MANHATTAN", "source": "nyc_311_soda_76ig-c548", "hazard": "pluvial_311", "official_identity_verified": true}, "geometry": {"type": "Point", "coordinates": [-74.00692856814005, 40.70552136857152]}}, {"type": "Feature", "properties": {"unique_key": "16088030", "complaint_type": "Sewer", "descriptor": "Street Flooding (SJ)", "created_date": "2010-02-25T14:23:00.000", "agency": "DEP", "incident_address": null, "borough": "MANHATTAN", "source": "nyc_311_soda_76ig-c548", "hazard": "pluvial_311", "official_identity_verified": true}, "geometry": {"type": "Point", "coordinates": [-74.00039699417712, 40.74776886981272]}}, {"type": "Feature", "properties": {"unique_key": "16095485", "complaint_type": "Sewer", "descriptor": "Street Flooding (SJ)", "created_date": "2010-02-26T15:32:00.000", "agency": "DEP", "incident_address": null, "borough": "MANHATTAN", "source": "nyc_311_soda_76ig-c548", "hazard": "pluvial_311", "official_identity_verified": true}, "geometry": {"type": "Point", "coordinates": [-73.99786005613711, 40.7410551924439]}}, {"type": "Feature", "properties": {"unique_key": "16100436", "complaint_type": "Sewer", "descriptor": "Street Flooding (SJ)", "created_date": "2010-02-27T10:28:00.000", "agency": "DEP", "incident_address": "112 SUFFOLK STREET", "borough": "MANHATTAN", "source": "nyc_311_soda_76ig-c548", "hazard": "pluvial_311", "official_identity_verified": true}, "geometry": {"type": "Point", "coordinates": [-73.98611843750476, 40.71889871002159]}}, {"type": "Feature", "properties": {"unique_key": "16114234", "complaint_type": "Sewer", "descriptor": "Street Flooding (SJ)", "created_date": "2010-03-01T13:54:00.000", "agency": "DEP", "incident_address": "35 3 AVENUE", "borough": "MANHATTAN", "source": "nyc_311_soda_76ig-c548", "hazard": "pluvial_311", "official_identity_verified": true}, "geometry": {"type": "Point", "coordinates": [-73.98931282733865, 40.73032822077843]}}, {"type": "Feature", "properties": {"unique_key": "16121434", "complaint_type": "Sewer", "descriptor": "Street Flooding (SJ)", "created_date": "2010-03-02T13:13:00.000", "agency": "DEP", "incident_address": "29 3 AVENUE", "borough": "MANHATTAN", "source": "nyc_311_soda_76ig-c548", "hazard": "pluvial_311", "official_identity_verified": true}, "geometry": {"type": "Point", "coordinates": [-73.98972062868705, 40.72976558304959]}}, {"type": "Feature", "properties": {"unique_key": "16150859", "complaint_type": "Sewer", "descriptor": "Street Flooding (SJ)", "created_date": "2010-03-04T09:49:00.000", "agency": "DEP", "incident_address": null, "borough": "MANHATTAN", "source": "nyc_311_soda_76ig-c548", "hazard": "pluvial_311", "official_identity_verified": true}, "geometry": {"type": "Point", "coordinates": [-73.97352371591124, 40.75780885565467]}}, {"type": "Feature", "properties": {"unique_key": "16165246", "complaint_type": "Sewer", "descriptor": "Street Flooding (SJ)", "created_date": "2010-03-08T09:45:00.000", "agency": "DEP", "incident_address": "51 LEROY STREET", "borough": "MANHATTAN", "source": "nyc_311_soda_76ig-c548", "hazard": "pluvial_311", "official_identity_verified": true}, "geometry": {"type": "Point", "coordinates": [-74.00512348336714, 40.73020783350585]}}, {"type": "Feature", "properties": {"unique_key": "16206984", "complaint_type": "Sewer", "descriptor": "Street Flooding (SJ)", "created_date": "2010-03-13T13:31:00.000", "agency": "DEP", "incident_address": "192 EAST BROADWAY", "borough": "MANHATTAN", "source": "nyc_311_soda_76ig-c548", "hazard": "pluvial_311", "official_identity_verified": true}, "geometry": {"type": "Point", "coordinates": [-73.98865889969987, 40.714197213721604]}}, {"type": "Feature", "properties": {"unique_key": "16207487", "complaint_type": "Sewer", "descriptor": "Street Flooding (SJ)", "created_date": "2010-03-13T18:57:00.000", "agency": "DEP", "incident_address": null, "borough": "MANHATTAN", "source": "nyc_311_soda_76ig-c548", "hazard": "pluvial_311", "official_identity_verified": true}, "geometry": {"type": "Point", "coordinates": [-74.00427341365126, 40.75264346296054]}}, {"type": "Feature", "properties": {"unique_key": "16207493", "complaint_type": "Sewer", "descriptor": "Street Flooding (SJ)", "created_date": "2010-03-13T19:17:00.000", "agency": "DEP", "incident_address": null, "borough": "MANHATTAN", "source": "nyc_311_soda_76ig-c548", "hazard": "pluvial_311", "official_identity_verified": true}, "geometry": {"type": "Point", "coordinates": [-74.00806277650474, 40.74930290257624]}}, {"type": "Feature", "properties": {"unique_key": "16207494", "complaint_type": "Sewer", "descriptor": "Street Flooding (SJ)", "created_date": "2010-03-13T19:20:00.000", "agency": "DEP", "incident_address": null, "borough": "MANHATTAN", "source": "nyc_311_soda_76ig-c548", "hazard": "pluvial_311", "official_identity_verified": true}, "geometry": {"type": "Point", "coordinates": [-74.00673875382216, 40.75449055936124]}}, {"type": "Feature", "properties": {"unique_key": "16224003", "complaint_type": "Sewer", "descriptor": "Street Flooding (SJ)", "created_date": "2010-03-15T14:36:00.000", "agency": "DEP", "incident_address": null, "borough": "MANHATTAN", "source": "nyc_311_soda_76ig-c548", "hazard": "pluvial_311", "official_identity_verified": true}, "geometry": {"type": "Point", "coordinates": [-73.98915628749786, 40.71670871778625]}}, {"type": "Feature", "properties": {"unique_key": "16259218", "complaint_type": "Sewer", "descriptor": "Street Flooding (SJ)", "created_date": "2010-03-19T15:11:00.000", "agency": "DEP", "incident_address": "203 WEST   28 STREET", "borough": "MANHATTAN", "source": "nyc_311_soda_76ig-c548", "hazard": "pluvial_311", "official_identity_verified": true}, "geometry": {"type": "Point", "coordinates": [-73.99382135729188, 40.74744207968947]}}, {"type": "Feature", "properties": {"unique_key": "16288608", "complaint_type": "Sewer", "descriptor": "Street Flooding (SJ)", "created_date": "2010-03-23T13:29:00.000", "agency": "DEP", "incident_address": null, "borough": "MANHATTAN", "source": "nyc_311_soda_76ig-c548", "hazard": "pluvial_311", "official_identity_verified": true}, "geometry": {"type": "Point", "coordinates": [-73.9781532847726, 40.75145299507849]}}, {"type": "Feature", "properties": {"unique_key": "16341194", "complaint_type": "Sewer", "descriptor": "Street Flooding (SJ)", "created_date": "2010-03-30T10:52:00.000", "agency": "DEP", "incident_address": "73 5 AVENUE", "borough": "MANHATTAN", "source": "nyc_311_soda_76ig-c548", "hazard": "pluvial_311", "official_identity_verified": true}, "geometry": {"type": "Point", "coordinates": [-73.99303931375468, 40.73678142311129]}}, {"type": "Feature", "properties": {"unique_key": "16366487", "complaint_type": "Sewer", "descriptor": "Street Flooding (SJ)", "created_date": "2010-04-02T09:22:00.000", "agency": "DEP", "incident_address": "70 BROAD STREET", "borough": "MANHATTAN", "source": "nyc_311_soda_76ig-c548", "hazard": "pluvial_311", "official_identity_verified": true}, "geometry": {"type": "Point", "coordinates": [-74.01155953131604, 40.70491714847567]}}, {"type": "Feature", "properties": {"unique_key": "16382351", "complaint_type": "Sewer", "descriptor": "Street Flooding (SJ)", "created_date": "2010-04-05T18:49:00.000", "agency": "DEP", "incident_address": null, "borough": "MANHATTAN", "source": "nyc_311_soda_76ig-c548", "hazard": "pluvial_311", "official_identity_verified": true}, "geometry": {"type": "Point", "coordinates": [-73.98994986610529, 40.71697228678662]}}, {"type": "Feature", "properties": {"unique_key": "16423664", "complaint_type": "Sewer", "descriptor": "Street Flooding (SJ)", "created_date": "2010-04-11T18:31:00.000", "agency": "DEP", "incident_address": "133 WEST   22 STREET", "borough": "MANHATTAN", "source": "nyc_311_soda_76ig-c548", "hazard": "pluvial_311", "official_identity_verified": true}, "geometry": {"type": "Point", "coordinates": [-73.99435950334471, 40.742693690462986]}}, {"type": "Feature", "properties": {"unique_key": "16456140", "complaint_type": "Sewer", "descriptor": "Street Flooding (SJ)", "created_date": "2010-04-15T12:08:00.000", "agency": "DEP", "incident_address": "69 GOLD STREET", "borough": "BROOKLYN", "source": "nyc_311_soda_76ig-c548", "hazard": "pluvial_311", "official_identity_verified": true}, "geometry": {"type": "Point", "coordinates": [-73.98274238580606, 40.702863350984295]}}, {"type": "Feature", "properties": {"unique_key": "16457133", "complaint_type": "Sewer", "descriptor": "Street Flooding (SJ)", "created_date": "2010-04-15T15:57:00.000", "agency": "DEP", "incident_address": null, "borough": "MANHATTAN", "source": "nyc_311_soda_76ig-c548", "hazard": "pluvial_311", "official_identity_verified": true}, "geometry": {"type": "Point", "coordinates": [-74.00716249172962, 40.734294664249724]}}, {"type": "Feature", "properties": {"unique_key": "16481989", "complaint_type": "Sewer", "descriptor": "Street Flooding (SJ)", "created_date": "2010-04-19T10:42:00.000", "agency": "DEP", "incident_address": "43 WEST   22 STREET", "borough": "MANHATTAN", "source": "nyc_311_soda_76ig-c548", "hazard": "pluvial_311", "official_identity_verified": true}, "geometry": {"type": "Point", "coordinates": [-73.99151234176423, 40.741496804491895]}}, {"type": "Feature", "properties": {"unique_key": "16505476", "complaint_type": "Sewer", "descriptor": "Street Flooding (SJ)", "created_date": "2010-04-22T13:13:00.000", "agency": "DEP", "incident_address": null, "borough": "MANHATTAN", "source": "nyc_311_soda_76ig-c548", "hazard": "pluvial_311", "official_identity_verified": true}, "geometry": {"type": "Point", "coordinates": [-73.998487869284, 40.74529309693587]}}, {"type": "Feature", "properties": {"unique_key": "16527784", "complaint_type": "Sewer", "descriptor": "Street Flooding (SJ)", "created_date": "2010-04-26T09:37:00.000", "agency": "DEP", "incident_address": "1515 BROADWAY", "borough": "MANHATTAN", "source": "nyc_311_soda_76ig-c548", "hazard": "pluvial_311", "official_identity_verified": true}, "geometry": {"type": "Point", "coordinates": [-73.98580355106148, 40.75763535980379]}}, {"type": "Feature", "properties": {"unique_key": "16535873", "complaint_type": "Sewer", "descriptor": "Street Flooding (SJ)", "created_date": "2010-04-27T13:07:00.000", "agency": "DEP", "incident_address": "2 CORNELIA STREET", "borough": "MANHATTAN", "source": "nyc_311_soda_76ig-c548", "hazard": "pluvial_311", "official_identity_verified": true}, "geometry": {"type": "Point", "coordinates": [-74.00142883377391, 40.731670893056894]}}, {"type": "Feature", "properties": {"unique_key": "16537790", "complaint_type": "Sewer", "descriptor": "Street Flooding (SJ)", "created_date": "2010-04-27T16:52:00.000", "agency": "DEP", "incident_address": "292 HENRY STREET", "borough": "MANHATTAN", "source": "nyc_311_soda_76ig-c548", "hazard": "pluvial_311", "official_identity_verified": true}, "geometry": {"type": "Point", "coordinates": [-73.98311825964475, 40.7139989117455]}}, {"type": "Feature", "properties": {"unique_key": "16544124", "complaint_type": "Sewer", "descriptor": "Street Flooding (SJ)", "created_date": "2010-04-28T12:33:00.000", "agency": "DEP", "incident_address": "55 WEST   44 STREET", "borough": "MANHATTAN", "source": "nyc_311_soda_76ig-c548", "hazard": "pluvial_311", "official_identity_verified": true}, "geometry": {"type": "Point", "coordinates": [-73.98166034526245, 40.75551583146469]}}, {"type": "Feature", "properties": {"unique_key": "16544888", "complaint_type": "Sewer", "descriptor": "Street Flooding (SJ)", "created_date": "2010-04-28T16:33:00.000", "agency": "DEP", "incident_address": "55 WOOSTER STREET", "borough": "MANHATTAN", "source": "nyc_311_soda_76ig-c548", "hazard": "pluvial_311", "official_identity_verified": true}, "geometry": {"type": "Point", "coordinates": [-74.00230170335934, 40.722794336629335]}}, {"type": "Feature", "properties": {"unique_key": "16573730", "complaint_type": "Sewer", "descriptor": "Street Flooding (SJ)", "created_date": "2010-04-30T08:35:00.000", "agency": "DEP", "incident_address": "25 3 AVENUE", "borough": "MANHATTAN", "source": "nyc_311_soda_76ig-c548", "hazard": "pluvial_311", "official_identity_verified": true}, "geometry": {"type": "Point", "coordinates": [-73.98974228086706, 40.729740882180934]}}, {"type": "Feature", "properties": {"unique_key": "16578131", "complaint_type": "Sewer", "descriptor": "Street Flooding (SJ)", "created_date": "2010-05-03T06:45:00.000", "agency": "DEP", "incident_address": null, "borough": "MANHATTAN", "source": "nyc_311_soda_76ig-c548", "hazard": "pluvial_311", "official_identity_verified": true}, "geometry": {"type": "Point", "coordinates": [-73.99297988521025, 40.75285467380101]}}, {"type": "Feature", "properties": {"unique_key": "16578923", "complaint_type": "Sewer", "descriptor": "Street Flooding (SJ)", "created_date": "2010-04-29T12:38:00.000", "agency": "DEP", "incident_address": null, "borough": "MANHATTAN", "source": "nyc_311_soda_76ig-c548", "hazard": "pluvial_311", "official_identity_verified": true}, "geometry": {"type": "Point", "coordinates": [-73.99034191604916, 40.72493212081157]}}, {"type": "Feature", "properties": {"unique_key": "16603877", "complaint_type": "Sewer", "descriptor": "Street Flooding (SJ)", "created_date": "2010-05-06T08:00:00.000", "agency": "DEP", "incident_address": null, "borough": "MANHATTAN", "source": "nyc_311_soda_76ig-c548", "hazard": "pluvial_311", "official_identity_verified": true}, "geometry": {"type": "Point", "coordinates": [-73.998487869284, 40.74529309693587]}}, {"type": "Feature", "properties": {"unique_key": "16629448", "complaint_type": "Sewer", "descriptor": "Street Flooding (SJ)", "created_date": "2010-05-10T18:01:00.000", "agency": "DEP", "incident_address": "32 EAST    2 STREET", "borough": "MANHATTAN", "source": "nyc_311_soda_76ig-c548", "hazard": "pluvial_311", "official_identity_verified": true}, "geometry": {"type": "Point", "coordinates": [-73.99082894012994, 40.72514350694292]}}, {"type": "Feature", "properties": {"unique_key": "16687289", "complaint_type": "Sewer", "descriptor": "Street Flooding (SJ)", "created_date": "2010-05-18T12:44:00.000", "agency": "DEP", "incident_address": null, "borough": "MANHATTAN", "source": "nyc_311_soda_76ig-c548", "hazard": "pluvial_311", "official_identity_verified": true}, "geometry": {"type": "Point", "coordinates": [-73.97352371591124, 40.75780885565467]}}, {"type": "Feature", "properties": {"unique_key": "16687295", "complaint_type": "Sewer", "descriptor": "Street Flooding (SJ)", "created_date": "2010-05-18T13:49:00.000", "agency": "DEP", "incident_address": null, "borough": "MANHATTAN", "source": "nyc_311_soda_76ig-c548", "hazard": "pluvial_311", "official_identity_verified": true}, "geometry": {"type": "Point", "coordinates": [-73.97053445526421, 40.75899934895229]}}, {"type": "Feature", "properties": {"unique_key": "16694147", "complaint_type": "Sewer", "descriptor": "Street Flooding (SJ)", "created_date": "2010-05-19T09:43:00.000", "agency": "DEP", "incident_address": "236 EAST   47 STREET", "borough": "MANHATTAN", "source": "nyc_311_soda_76ig-c548", "hazard": "pluvial_311", "official_identity_verified": true}, "geometry": {"type": "Point", "coordinates": [-73.97122625129624, 40.75355120432254]}}, {"type": "Feature", "properties": {"unique_key": "16726688", "complaint_type": "Sewer", "descriptor": "Street Flooding (SJ)", "created_date": "2010-05-24T17:03:00.000", "agency": "DEP", "incident_address": "218 WEST   20 STREET", "borough": "MANHATTAN", "source": "nyc_311_soda_76ig-c548", "hazard": "pluvial_311", "official_identity_verified": true}, "geometry": {"type": "Point", "coordinates": [-73.99780587666984, 40.742553825405004]}}, {"type": "Feature", "properties": {"unique_key": "16733301", "complaint_type": "Sewer", "descriptor": "Street Flooding (SJ)", "created_date": "2010-05-25T18:25:00.000", "agency": "DEP", "incident_address": "200 EAST   33 STREET", "borough": "MANHATTAN", "source": "nyc_311_soda_76ig-c548", "hazard": "pluvial_311", "official_identity_verified": true}, "geometry": {"type": "Point", "coordinates": [-73.97827452453438, 40.744906792889005]}}, {"type": "Feature", "properties": {"unique_key": "16741264", "complaint_type": "Sewer", "descriptor": "Street Flooding (SJ)", "created_date": "2010-05-26T13:05:00.000", "agency": "DEP", "incident_address": null, "borough": "MANHATTAN", "source": "nyc_311_soda_76ig-c548", "hazard": "pluvial_311", "official_identity_verified": true}, "geometry": {"type": "Point", "coordinates": [-73.97352371591124, 40.75780885565467]}}, {"type": "Feature", "properties": {"unique_key": "16757102", "complaint_type": "Sewer", "descriptor": "Street Flooding (SJ)", "created_date": "2010-05-28T13:29:00.000", "agency": "DEP", "incident_address": null, "borough": "MANHATTAN", "source": "nyc_311_soda_76ig-c548", "hazard": "pluvial_311", "official_identity_verified": true}, "geometry": {"type": "Point", "coordinates": [-73.98529401466276, 40.72759400086383]}}, {"type": "Feature", "properties": {"unique_key": "16757343", "complaint_type": "Sewer", "descriptor": "Street Flooding (SJ)", "created_date": "2010-05-28T12:29:00.000", "agency": "DEP", "incident_address": "36 PECK SLIP", "borough": "MANHATTAN", "source": "nyc_311_soda_76ig-c548", "hazard": "pluvial_311", "official_identity_verified": true}, "geometry": {"type": "Point", "coordinates": [-74.0014066802207, 40.70776953019157]}}, {"type": "Feature", "properties": {"unique_key": "16774676", "complaint_type": "Sewer", "descriptor": "Street Flooding (SJ)", "created_date": "2010-06-01T11:30:00.000", "agency": "DEP", "incident_address": "544 EAST   11 STREET", "borough": "MANHATTAN", "source": "nyc_311_soda_76ig-c548", "hazard": "pluvial_311", "official_identity_verified": true}, "geometry": {"type": "Point", "coordinates": [-73.98071902649858, 40.72798582582332]}}, {"type": "Feature", "properties": {"unique_key": "16819004", "complaint_type": "Sewer", "descriptor": "Street Flooding (SJ)", "created_date": "2010-06-07T19:47:00.000", "agency": "DEP", "incident_address": "15 EAST   31 STREET", "borough": "MANHATTAN", "source": "nyc_311_soda_76ig-c548", "hazard": "pluvial_311", "official_identity_verified": true}, "geometry": {"type": "Point", "coordinates": [-73.98491820576696, 40.74611005473971]}}, {"type": "Feature", "properties": {"unique_key": "16841510", "complaint_type": "Sewer", "descriptor": "Street Flooding (SJ)", "created_date": "2010-06-10T18:55:00.000", "agency": "DEP", "incident_address": null, "borough": "MANHATTAN", "source": "nyc_311_soda_76ig-c548", "hazard": "pluvial_311", "official_identity_verified": true}, "geometry": {"type": "Point", "coordinates": [-73.98797177444611, 40.72391359257348]}}, {"type": "Feature", "properties": {"unique_key": "16856435", "complaint_type": "Sewer", "descriptor": "Street Flooding (SJ)", "created_date": "2010-06-11T10:15:00.000", "agency": "DEP", "incident_address": null, "borough": "MANHATTAN", "source": "nyc_311_soda_76ig-c548", "hazard": "pluvial_311", "official_identity_verified": true}, "geometry": {"type": "Point", "coordinates": [-73.99186927462867, 40.74418668572297]}}, {"type": "Feature", "properties": {"unique_key": "16865317", "complaint_type": "Sewer", "descriptor": "Street Flooding (SJ)", "created_date": "2010-06-14T19:30:00.000", "agency": "DEP", "incident_address": null, "borough": "MANHATTAN", "source": "nyc_311_soda_76ig-c548", "hazard": "pluvial_311", "official_identity_verified": true}, "geometry": {"type": "Point", "coordinates": [-73.97569655804341, 40.72847618663845]}}, {"type": "Feature", "properties": {"unique_key": "16865734", "complaint_type": "Sewer", "descriptor": "Street Flooding (SJ)", "created_date": "2010-06-14T11:39:00.000", "agency": "DEP", "incident_address": null, "borough": "MANHATTAN", "source": "nyc_311_soda_76ig-c548", "hazard": "pluvial_311", "official_identity_verified": true}, "geometry": {"type": "Point", "coordinates": [-73.97708993502012, 40.726464565834064]}}, {"type": "Feature", "properties": {"unique_key": "16873332", "complaint_type": "Sewer", "descriptor": "Street Flooding (SJ)", "created_date": "2010-06-15T08:52:00.000", "agency": "DEP", "incident_address": "86 FORSYTH STREET", "borough": "MANHATTAN", "source": "nyc_311_soda_76ig-c548", "hazard": "pluvial_311", "official_identity_verified": true}, "geometry": {"type": "Point", "coordinates": [-73.99323611421659, 40.71762577966987]}}, {"type": "Feature", "properties": {"unique_key": "16880121", "complaint_type": "Sewer", "descriptor": "Street Flooding (SJ)", "created_date": "2010-06-16T08:49:00.000", "agency": "DEP", "incident_address": "321 WEST   24 STREET", "borough": "MANHATTAN", "source": "nyc_311_soda_76ig-c548", "hazard": "pluvial_311", "official_identity_verified": true}, "geometry": {"type": "Point", "coordinates": [-73.99856724881818, 40.74605339352792]}}, {"type": "Feature", "properties": {"unique_key": "16889293", "complaint_type": "Sewer", "descriptor": "Street Flooding (SJ)", "created_date": "2010-06-17T08:21:00.000", "agency": "DEP", "incident_address": null, "borough": "MANHATTAN", "source": "nyc_311_soda_76ig-c548", "hazard": "pluvial_311", "official_identity_verified": true}, "geometry": {"type": "Point", "coordinates": [-73.99034191604916, 40.72493212081157]}}, {"type": "Feature", "properties": {"unique_key": "16896855", "complaint_type": "Sewer", "descriptor": "Street Flooding (SJ)", "created_date": "2010-06-18T13:04:00.000", "agency": "DEP", "incident_address": "70 BROAD STREET", "borough": "MANHATTAN", "source": "nyc_311_soda_76ig-c548", "hazard": "pluvial_311", "official_identity_verified": true}, "geometry": {"type": "Point", "coordinates": [-74.01155953131604, 40.70491714847567]}}, {"type": "Feature", "properties": {"unique_key": "16912328", "complaint_type": "Sewer", "descriptor": "Street Flooding (SJ)", "created_date": "2010-06-21T11:27:00.000", "agency": "DEP", "incident_address": "41 EAST   30 STREET", "borough": "MANHATTAN", "source": "nyc_311_soda_76ig-c548", "hazard": "pluvial_311", "official_identity_verified": true}, "geometry": {"type": "Point", "coordinates": [-73.98429410946481, 40.74504226378823]}}, {"type": "Feature", "properties": {"unique_key": "16936967", "complaint_type": "Sewer", "descriptor": "Street Flooding (SJ)", "created_date": "2010-06-24T23:44:00.000", "agency": "DEP", "incident_address": "52 BOND STREET", "borough": "MANHATTAN", "source": "nyc_311_soda_76ig-c548", "hazard": "pluvial_311", "official_identity_verified": true}, "geometry": {"type": "Point", "coordinates": [-73.99274459751969, 40.725980794494944]}}, {"type": "Feature", "properties": {"unique_key": "16937999", "complaint_type": "Sewer", "descriptor": "Street Flooding (SJ)", "created_date": "2010-06-24T05:58:00.000", "agency": "DEP", "incident_address": null, "borough": "MANHATTAN", "source": "nyc_311_soda_76ig-c548", "hazard": "pluvial_311", "official_identity_verified": true}, "geometry": {"type": "Point", "coordinates": [-74.0117042983323, 40.707755219930775]}}, {"type": "Feature", "properties": {"unique_key": "16938528", "complaint_type": "Sewer", "descriptor": "Street Flooding (SJ)", "created_date": "2010-06-24T08:24:00.000", "agency": "DEP", "incident_address": "10 HANOVER SQUARE", "borough": "MANHATTAN", "source": "nyc_311_soda_76ig-c548", "hazard": "pluvial_311", "official_identity_verified": true}, "geometry": {"type": "Point", "coordinates": [-74.00922950977888, 40.70432723447391]}}, {"type": "Feature", "properties": {"unique_key": "16946232", "complaint_type": "Sewer", "descriptor": "Street Flooding (SJ)", "created_date": "2010-06-25T16:27:00.000", "agency": "DEP", "incident_address": null, "borough": "MANHATTAN", "source": "nyc_311_soda_76ig-c548", "hazard": "pluvial_311", "official_identity_verified": true}, "geometry": {"type": "Point", "coordinates": [-73.99993146040269, 40.716544542826895]}}, {"type": "Feature", "properties": {"unique_key": "16946994", "complaint_type": "Sewer", "descriptor": "Street Flooding (SJ)", "created_date": "2010-06-25T10:58:00.000", "agency": "DEP", "incident_address": "38 WEST   32 STREET", "borough": "MANHATTAN", "source": "nyc_311_soda_76ig-c548", "hazard": "pluvial_311", "official_identity_verified": true}, "geometry": {"type": "Point", "coordinates": [-73.98725285485801, 40.74788893406422]}}, {"type": "Feature", "properties": {"unique_key": "18256064", "complaint_type": "Sewer", "descriptor": "Street Flooding (SJ)", "created_date": "2010-07-13T12:08:00.000", "agency": "DEP", "incident_address": null, "borough": "MANHATTAN", "source": "nyc_311_soda_76ig-c548", "hazard": "pluvial_311", "official_identity_verified": true}, "geometry": {"type": "Point", "coordinates": [-73.97618028909402, 40.727748927327575]}}, {"type": "Feature", "properties": {"unique_key": "18256065", "complaint_type": "Sewer", "descriptor": "Street Flooding (SJ)", "created_date": "2010-07-13T12:16:00.000", "agency": "DEP", "incident_address": null, "borough": "MANHATTAN", "source": "nyc_311_soda_76ig-c548", "hazard": "pluvial_311", "official_identity_verified": true}, "geometry": {"type": "Point", "coordinates": [-73.97708993502012, 40.726464565834064]}}, {"type": "Feature", "properties": {"unique_key": "18265323", "complaint_type": "Sewer", "descriptor": "Street Flooding (SJ)", "created_date": "2010-07-14T10:56:00.000", "agency": "DEP", "incident_address": null, "borough": "MANHATTAN", "source": "nyc_311_soda_76ig-c548", "hazard": "pluvial_311", "official_identity_verified": true}, "geometry": {"type": "Point", "coordinates": [-74.00132449156148, 40.74649255468646]}}, {"type": "Feature", "properties": {"unique_key": "18265327", "complaint_type": "Sewer", "descriptor": "Street Flooding (SJ)", "created_date": "2010-07-14T11:03:00.000", "agency": "DEP", "incident_address": null, "borough": "MANHATTAN", "source": "nyc_311_soda_76ig-c548", "hazard": "pluvial_311", "official_identity_verified": true}, "geometry": {"type": "Point", "coordinates": [-73.998487869284, 40.74529309693587]}}, {"type": "Feature", "properties": {"unique_key": "18273711", "complaint_type": "Sewer", "descriptor": "Street Flooding (SJ)", "created_date": "2010-07-15T12:41:00.000", "agency": "DEP", "incident_address": null, "borough": "MANHATTAN", "source": "nyc_311_soda_76ig-c548", "hazard": "pluvial_311", "official_identity_verified": true}, "geometry": {"type": "Point", "coordinates": [-73.98582167954895, 40.75725658725952]}}, {"type": "Feature", "properties": {"unique_key": "18273712", "complaint_type": "Sewer", "descriptor": "Street Flooding (SJ)", "created_date": "2010-07-15T12:44:00.000", "agency": "DEP", "incident_address": null, "borough": "MANHATTAN", "source": "nyc_311_soda_76ig-c548", "hazard": "pluvial_311", "official_identity_verified": true}, "geometry": {"type": "Point", "coordinates": [-73.98533768299346, 40.75869477281765]}}, {"type": "Feature", "properties": {"unique_key": "18273743", "complaint_type": "Sewer", "descriptor": "Street Flooding (SJ)", "created_date": "2010-07-15T12:36:00.000", "agency": "DEP", "incident_address": null, "borough": "MANHATTAN", "source": "nyc_311_soda_76ig-c548", "hazard": "pluvial_311", "official_identity_verified": true}, "geometry": {"type": "Point", "coordinates": [-73.9874463328081, 40.75537388055335]}}, {"type": "Feature", "properties": {"unique_key": "18330258", "complaint_type": "Sewer", "descriptor": "Street Flooding (SJ)", "created_date": "2010-07-23T18:09:00.000", "agency": "DEP", "incident_address": "337 EAST   10 STREET", "borough": "MANHATTAN", "source": "nyc_311_soda_76ig-c548", "hazard": "pluvial_311", "official_identity_verified": true}, "geometry": {"type": "Point", "coordinates": [-73.98049919274871, 40.727123935300355]}}, {"type": "Feature", "properties": {"unique_key": "18337233", "complaint_type": "Sewer", "descriptor": "Street Flooding (SJ)", "created_date": "2010-07-23T23:57:00.000", "agency": "DEP", "incident_address": null, "borough": "MANHATTAN", "source": "nyc_311_soda_76ig-c548", "hazard": "pluvial_311", "official_identity_verified": true}, "geometry": {"type": "Point", "coordinates": [-73.99084431033397, 40.718309059514546]}}, {"type": "Feature", "properties": {"unique_key": "18350209", "complaint_type": "Sewer", "descriptor": "Street Flooding (SJ)", "created_date": "2010-07-26T12:05:00.000", "agency": "DEP", "incident_address": null, "borough": "MANHATTAN", "source": "nyc_311_soda_76ig-c548", "hazard": "pluvial_311", "official_identity_verified": true}, "geometry": {"type": "Point", "coordinates": [-73.9916333785805, 40.754707287552556]}}, {"type": "Feature", "properties": {"unique_key": "18367609", "complaint_type": "Sewer", "descriptor": "Street Flooding (SJ)", "created_date": "2010-07-28T13:57:00.000", "agency": "DEP", "incident_address": null, "borough": "MANHATTAN", "source": "nyc_311_soda_76ig-c548", "hazard": "pluvial_311", "official_identity_verified": true}, "geometry": {"type": "Point", "coordinates": [-73.97708993502012, 40.726464565834064]}}, {"type": "Feature", "properties": {"unique_key": "18440538", "complaint_type": "Sewer", "descriptor": "Street Flooding (SJ)", "created_date": "2010-08-08T22:48:00.000", "agency": "DEP", "incident_address": "41 EAST   30 STREET", "borough": "MANHATTAN", "source": "nyc_311_soda_76ig-c548", "hazard": "pluvial_311", "official_identity_verified": true}, "geometry": {"type": "Point", "coordinates": [-73.98429410946481, 40.74504226378823]}}, {"type": "Feature", "properties": {"unique_key": "18474009", "complaint_type": "Sewer", "descriptor": "Street Flooding (SJ)", "created_date": "2010-08-12T14:58:00.000", "agency": "DEP", "incident_address": "2 WEST   45 STREET", "borough": "MANHATTAN", "source": "nyc_311_soda_76ig-c548", "hazard": "pluvial_311", "official_identity_verified": true}, "geometry": {"type": "Point", "coordinates": [-73.9799747021531, 40.755603382623804]}}, {"type": "Feature", "properties": {"unique_key": "18497263", "complaint_type": "Sewer", "descriptor": "Street Flooding (SJ)", "created_date": "2010-08-16T19:38:00.000", "agency": "DEP", "incident_address": null, "borough": "MANHATTAN", "source": "nyc_311_soda_76ig-c548", "hazard": "pluvial_311", "official_identity_verified": true}, "geometry": {"type": "Point", "coordinates": [-74.01286752934263, 40.71717511862166]}}, {"type": "Feature", "properties": {"unique_key": "18497265", "complaint_type": "Sewer", "descriptor": "Street Flooding (SJ)", "created_date": "2010-08-16T19:50:00.000", "agency": "DEP", "incident_address": null, "borough": "MANHATTAN", "source": "nyc_311_soda_76ig-c548", "hazard": "pluvial_311", "official_identity_verified": true}, "geometry": {"type": "Point", "coordinates": [-73.99280410305454, 40.742910439074564]}}, {"type": "Feature", "properties": {"unique_key": "18527196", "complaint_type": "Sewer", "descriptor": "Street Flooding (SJ)", "created_date": "2010-08-20T11:03:00.000", "agency": "DEP", "incident_address": null, "borough": "MANHATTAN", "source": "nyc_311_soda_76ig-c548", "hazard": "pluvial_311", "official_identity_verified": true}, "geometry": {"type": "Point", "coordinates": [-73.97708993502012, 40.726464565834064]}}, {"type": "Feature", "properties": {"unique_key": "18559256", "complaint_type": "Sewer", "descriptor": "Street Flooding (SJ)", "created_date": "2010-08-25T06:47:00.000", "agency": "DEP", "incident_address": null, "borough": "MANHATTAN", "source": "nyc_311_soda_76ig-c548", "hazard": "pluvial_311", "official_identity_verified": true}, "geometry": {"type": "Point", "coordinates": [-74.01286752934263, 40.71717511862166]}}, {"type": "Feature", "properties": {"unique_key": "18567537", "complaint_type": "Sewer", "descriptor": "Street Flooding (SJ)", "created_date": "2010-08-26T09:14:00.000", "agency": "DEP", "incident_address": "440 PARK AVENUE SOUTH", "borough": "MANHATTAN", "source": "nyc_311_soda_76ig-c548", "hazard": "pluvial_311", "official_identity_verified": true}, "geometry": {"type": "Point", "coordinates": [-73.98325128372129, 40.744471208907925]}}, {"type": "Feature", "properties": {"unique_key": "18589926", "complaint_type": "Sewer", "descriptor": "Street Flooding (SJ)", "created_date": "2010-08-30T15:41:00.000", "agency": "DEP", "incident_address": "41 EAST   30 STREET", "borough": "MANHATTAN", "source": "nyc_311_soda_76ig-c548", "hazard": "pluvial_311", "official_identity_verified": true}, "geometry": {"type": "Point", "coordinates": [-73.98429410946481, 40.74504226378823]}}, {"type": "Feature", "properties": {"unique_key": "18600576", "complaint_type": "Sewer", "descriptor": "Street Flooding (SJ)", "created_date": "2010-09-01T00:00:00.000", "agency": "DEP", "incident_address": "92 MADISON STREET", "borough": "MANHATTAN", "source": "nyc_311_soda_76ig-c548", "hazard": "pluvial_311", "official_identity_verified": true}, "geometry": {"type": "Point", "coordinates": [-73.99571835955047, 40.71217480341595]}}, {"type": "Feature", "properties": {"unique_key": "18608504", "complaint_type": "Sewer", "descriptor": "Street Flooding (SJ)", "created_date": "2010-09-02T00:00:00.000", "agency": "DEP", "incident_address": "160 BROADWAY", "borough": "MANHATTAN", "source": "nyc_311_soda_76ig-c548", "hazard": "pluvial_311", "official_identity_verified": true}, "geometry": {"type": "Point", "coordinates": [-74.01024017537995, 40.70949279464519]}}, {"type": "Feature", "properties": {"unique_key": "18616304", "complaint_type": "Sewer", "descriptor": "Street Flooding (SJ)", "created_date": "2010-09-03T10:37:00.000", "agency": "DEP", "incident_address": null, "borough": "MANHATTAN", "source": "nyc_311_soda_76ig-c548", "hazard": "pluvial_311", "official_identity_verified": true}, "geometry": {"type": "Point", "coordinates": [-73.99137552318417, 40.739086902530815]}}, {"type": "Feature", "properties": {"unique_key": "18642766", "complaint_type": "Sewer", "descriptor": "Street Flooding (SJ)", "created_date": "2010-09-08T00:00:00.000", "agency": "DEP", "incident_address": null, "borough": "MANHATTAN", "source": "nyc_311_soda_76ig-c548", "hazard": "pluvial_311", "official_identity_verified": true}, "geometry": {"type": "Point", "coordinates": [-73.97708993502012, 40.726464565834064]}}, {"type": "Feature", "properties": {"unique_key": "18657782", "complaint_type": "Sewer", "descriptor": "Street Flooding (SJ)", "created_date": "2010-09-10T09:30:00.000", "agency": "DEP", "incident_address": null, "borough": "MANHATTAN", "source": "nyc_311_soda_76ig-c548", "hazard": "pluvial_311", "official_identity_verified": true}, "geometry": {"type": "Point", "coordinates": [-73.99034191604916, 40.72493212081157]}}, {"type": "Feature", "properties": {"unique_key": "18680325", "complaint_type": "Sewer", "descriptor": "Street Flooding (SJ)", "created_date": "2010-09-14T00:00:00.000", "agency": "DEP", "incident_address": null, "borough": "MANHATTAN", "source": "nyc_311_soda_76ig-c548", "hazard": "pluvial_311", "official_identity_verified": true}, "geometry": {"type": "Point", "coordinates": [-73.97708993502012, 40.726464565834064]}}, {"type": "Feature", "properties": {"unique_key": "18688162", "complaint_type": "Sewer", "descriptor": "Street Flooding (SJ)", "created_date": "2010-09-15T00:00:00.000", "agency": "DEP", "incident_address": "378 8 AVENUE", "borough": "MANHATTAN", "source": "nyc_311_soda_76ig-c548", "hazard": "pluvial_311", "official_identity_verified": true}, "geometry": {"type": "Point", "coordinates": [-73.99580622323438, 40.7489545254255]}}, {"type": "Feature", "properties": {"unique_key": "18704792", "complaint_type": "Sewer", "descriptor": "Street Flooding (SJ)", "created_date": "2010-09-17T00:00:00.000", "agency": "DEP", "incident_address": "48 WEST   48 STREET", "borough": "MANHATTAN", "source": "nyc_311_soda_76ig-c548", "hazard": "pluvial_311", "official_identity_verified": true}, "geometry": {"type": "Point", "coordinates": [-73.98008945590671, 40.75810935472837]}}, {"type": "Feature", "properties": {"unique_key": "18733837", "complaint_type": "Sewer", "descriptor": "Street Flooding (SJ)", "created_date": "2010-09-21T00:00:00.000", "agency": "DEP", "incident_address": null, "borough": "MANHATTAN", "source": "nyc_311_soda_76ig-c548", "hazard": "pluvial_311", "official_identity_verified": true}, "geometry": {"type": "Point", "coordinates": [-73.99588353147973, 40.72440271411308]}}, {"type": "Feature", "properties": {"unique_key": "18764766", "complaint_type": "Sewer", "descriptor": "Street Flooding (SJ)", "created_date": "2010-09-25T00:00:00.000", "agency": "DEP", "incident_address": null, "borough": "MANHATTAN", "source": "nyc_311_soda_76ig-c548", "hazard": "pluvial_311", "official_identity_verified": true}, "geometry": {"type": "Point", "coordinates": [-73.98255460051172, 40.731351188882584]}}, {"type": "Feature", "properties": {"unique_key": "18781160", "complaint_type": "Sewer", "descriptor": "Street Flooding (SJ)", "created_date": "2010-09-28T00:00:00.000", "agency": "DEP", "incident_address": "530 WEST   21 STREET", "borough": "MANHATTAN", "source": "nyc_311_soda_76ig-c548", "hazard": "pluvial_311", "official_identity_verified": true}, "geometry": {"type": "Point", "coordinates": [-74.00631212522586, 40.74690135693858]}}, {"type": "Feature", "properties": {"unique_key": "18797158", "complaint_type": "Sewer", "descriptor": "Street Flooding (SJ)", "created_date": "2010-09-29T00:00:00.000", "agency": "DEP", "incident_address": null, "borough": "MANHATTAN", "source": "nyc_311_soda_76ig-c548", "hazard": "pluvial_311", "official_identity_verified": true}, "geometry": {"type": "Point", "coordinates": [-73.99606121056311, 40.70920498261151]}}, {"type": "Feature", "properties": {"unique_key": "18805648", "complaint_type": "Sewer", "descriptor": "Street Flooding (SJ)", "created_date": "2010-10-01T00:00:00.000", "agency": "DEP", "incident_address": null, "borough": "MANHATTAN", "source": "nyc_311_soda_76ig-c548", "hazard": "pluvial_311", "official_identity_verified": true}, "geometry": {"type": "Point", "coordinates": [-74.00510668394942, 40.74640187237436]}}, {"type": "Feature", "properties": {"unique_key": "18805664", "complaint_type": "Sewer", "descriptor": "Street Flooding (SJ)", "created_date": "2010-10-01T00:00:00.000", "agency": "DEP", "incident_address": "550 1 AVENUE", "borough": "MANHATTAN", "source": "nyc_311_soda_76ig-c548", "hazard": "pluvial_311", "official_identity_verified": true}, "geometry": {"type": "Point", "coordinates": [-73.97459446053105, 40.742293037645034]}}, {"type": "Feature", "properties": {"unique_key": "18805670", "complaint_type": "Sewer", "descriptor": "Street Flooding (SJ)", "created_date": "2010-10-01T19:42:00.000", "agency": "DEP", "incident_address": null, "borough": "MANHATTAN", "source": "nyc_311_soda_76ig-c548", "hazard": "pluvial_311", "official_identity_verified": true}, "geometry": {"type": "Point", "coordinates": [-73.98797177444611, 40.72391359257348]}}, {"type": "Feature", "properties": {"unique_key": "18851526", "complaint_type": "Sewer", "descriptor": "Street Flooding (SJ)", "created_date": "2010-10-07T14:01:00.000", "agency": "DEP", "incident_address": null, "borough": "MANHATTAN", "source": "nyc_311_soda_76ig-c548", "hazard": "pluvial_311", "official_identity_verified": true}, "geometry": {"type": "Point", "coordinates": [-73.97352371591124, 40.75780885565467]}}, {"type": "Feature", "properties": {"unique_key": "18879830", "complaint_type": "Sewer", "descriptor": "Street Flooding (SJ)", "created_date": "2010-10-12T00:00:00.000", "agency": "DEP", "incident_address": "172 EAST    4 STREET", "borough": "MANHATTAN", "source": "nyc_311_soda_76ig-c548", "hazard": "pluvial_311", "official_identity_verified": true}, "geometry": {"type": "Point", "coordinates": [-73.98568792029181, 40.72461598927448]}}, {"type": "Feature", "properties": {"unique_key": "18932373", "complaint_type": "Sewer", "descriptor": "Street Flooding (SJ)", "created_date": "2010-10-19T16:00:00.000", "agency": "DEP", "incident_address": null, "borough": "MANHATTAN", "source": "nyc_311_soda_76ig-c548", "hazard": "pluvial_311", "official_identity_verified": true}, "geometry": {"type": "Point", "coordinates": [-73.98616377795233, 40.726397394805126]}}, {"type": "Feature", "properties": {"unique_key": "19081449", "complaint_type": "Sewer", "descriptor": "Street Flooding (SJ)", "created_date": "2010-11-08T13:45:00.000", "agency": "DEP", "incident_address": null, "borough": "MANHATTAN", "source": "nyc_311_soda_76ig-c548", "hazard": "pluvial_311", "official_identity_verified": true}, "geometry": {"type": "Point", "coordinates": [-73.98621258752621, 40.734617942572335]}}, {"type": "Feature", "properties": {"unique_key": "19092383", "complaint_type": "Sewer", "descriptor": "Street Flooding (SJ)", "created_date": "2010-11-09T13:21:00.000", "agency": "DEP", "incident_address": null, "borough": "MANHATTAN", "source": "nyc_311_soda_76ig-c548", "hazard": "pluvial_311", "official_identity_verified": true}, "geometry": {"type": "Point", "coordinates": [-73.97352371591124, 40.75780885565467]}}, {"type": "Feature", "properties": {"unique_key": "19101289", "complaint_type": "Sewer", "descriptor": "Street Flooding (SJ)", "created_date": "2010-11-10T00:00:00.000", "agency": "DEP", "incident_address": null, "borough": "MANHATTAN", "source": "nyc_311_soda_76ig-c548", "hazard": "pluvial_311", "official_identity_verified": true}, "geometry": {"type": "Point", "coordinates": [-74.0051378625965, 40.729518899248305]}}, {"type": "Feature", "properties": {"unique_key": "19116529", "complaint_type": "Sewer", "descriptor": "Street Flooding (SJ)", "created_date": "2010-11-12T09:43:00.000", "agency": "DEP", "incident_address": null, "borough": "MANHATTAN", "source": "nyc_311_soda_76ig-c548", "hazard": "pluvial_311", "official_identity_verified": true}, "geometry": {"type": "Point", "coordinates": [-73.97352371591124, 40.75780885565467]}}, {"type": "Feature", "properties": {"unique_key": "19197791", "complaint_type": "Sewer", "descriptor": "Street Flooding (SJ)", "created_date": "2010-11-24T00:00:00.000", "agency": "DEP", "incident_address": null, "borough": "MANHATTAN", "source": "nyc_311_soda_76ig-c548", "hazard": "pluvial_311", "official_identity_verified": true}, "geometry": {"type": "Point", "coordinates": [-73.98717987386496, 40.73329233817604]}}, {"type": "Feature", "properties": {"unique_key": "19206746", "complaint_type": "Sewer", "descriptor": "Street Flooding (SJ)", "created_date": "2010-11-26T00:00:00.000", "agency": "DEP", "incident_address": null, "borough": "MANHATTAN", "source": "nyc_311_soda_76ig-c548", "hazard": "pluvial_311", "official_identity_verified": true}, "geometry": {"type": "Point", "coordinates": [-73.98797177444611, 40.72391359257348]}}, {"type": "Feature", "properties": {"unique_key": "19242852", "complaint_type": "Sewer", "descriptor": "Street Flooding (SJ)", "created_date": "2010-12-01T14:54:00.000", "agency": "DEP", "incident_address": null, "borough": "MANHATTAN", "source": "nyc_311_soda_76ig-c548", "hazard": "pluvial_311", "official_identity_verified": true}, "geometry": {"type": "Point", "coordinates": [-73.99034191604916, 40.72493212081157]}}, {"type": "Feature", "properties": {"unique_key": "19242922", "complaint_type": "Sewer", "descriptor": "Street Flooding (SJ)", "created_date": "2010-12-01T15:32:00.000", "agency": "DEP", "incident_address": "EAST   34 STREET", "borough": "MANHATTAN", "source": "nyc_311_soda_76ig-c548", "hazard": "pluvial_311", "official_identity_verified": true}, "geometry": {"type": "Point", "coordinates": [-73.97287259367154, 40.74351405895796]}}, {"type": "Feature", "properties": {"unique_key": "19328172", "complaint_type": "Sewer", "descriptor": "Street Flooding (SJ)", "created_date": "2010-12-12T09:13:00.000", "agency": "DEP", "incident_address": null, "borough": "BROOKLYN", "source": "nyc_311_soda_76ig-c548", "hazard": "pluvial_311", "official_identity_verified": true}, "geometry": {"type": "Point", "coordinates": [-73.99129741503246, 40.7016566188967]}}, {"type": "Feature", "properties": {"unique_key": "19328274", "complaint_type": "Sewer", "descriptor": "Street Flooding (SJ)", "created_date": "2010-12-12T00:00:00.000", "agency": "DEP", "incident_address": "401 EAST   34 STREET", "borough": "MANHATTAN", "source": "nyc_311_soda_76ig-c548", "hazard": "pluvial_311", "official_identity_verified": true}, "geometry": {"type": "Point", "coordinates": [-73.97330918018613, 40.74371178298426]}}, {"type": "Feature", "properties": {"unique_key": "19627816", "complaint_type": "Sewer", "descriptor": "Street Flooding (SJ)", "created_date": "2011-01-18T12:04:00.000", "agency": "DEP", "incident_address": null, "borough": "MANHATTAN", "source": "nyc_311_soda_76ig-c548", "hazard": "pluvial_311", "official_identity_verified": true}, "geometry": {"type": "Point", "coordinates": [-73.99280410305454, 40.742910439074564]}}, {"type": "Feature", "properties": {"unique_key": "19627912", "complaint_type": "Sewer", "descriptor": "Street Flooding (SJ)", "created_date": "2011-01-18T13:28:00.000", "agency": "DEP", "incident_address": "47 5 AVE", "borough": "MANHATTAN", "source": "nyc_311_soda_76ig-c548", "hazard": "pluvial_311", "official_identity_verified": true}, "geometry": {"type": "Point", "coordinates": [-73.99480764025138, 40.73434966500959]}}, {"type": "Feature", "properties": {"unique_key": "19628074", "complaint_type": "Sewer", "descriptor": "Street Flooding (SJ)", "created_date": "2011-01-18T15:16:00.000", "agency": "DEP", "incident_address": null, "borough": "BROOKLYN", "source": "nyc_311_soda_76ig-c548", "hazard": "pluvial_311", "official_identity_verified": true}, "geometry": {"type": "Point", "coordinates": [-73.990669654755, 40.70324304416737]}}, {"type": "Feature", "properties": {"unique_key": "19628203", "complaint_type": "Sewer", "descriptor": "Street Flooding (SJ)", "created_date": "2011-01-18T16:55:00.000", "agency": "DEP", "incident_address": null, "borough": "MANHATTAN", "source": "nyc_311_soda_76ig-c548", "hazard": "pluvial_311", "official_identity_verified": true}, "geometry": {"type": "Point", "coordinates": [-73.99280410305454, 40.742910439074564]}}, {"type": "Feature", "properties": {"unique_key": "19637246", "complaint_type": "Sewer", "descriptor": "Street Flooding (SJ)", "created_date": "2011-01-19T13:56:00.000", "agency": "DEP", "incident_address": null, "borough": "MANHATTAN", "source": "nyc_311_soda_76ig-c548", "hazard": "pluvial_311", "official_identity_verified": true}, "geometry": {"type": "Point", "coordinates": [-73.99280410305454, 40.742910439074564]}}, {"type": "Feature", "properties": {"unique_key": "19637254", "complaint_type": "Sewer", "descriptor": "Street Flooding (SJ)", "created_date": "2011-01-19T11:45:00.000", "agency": "DEP", "incident_address": null, "borough": "MANHATTAN", "source": "nyc_311_soda_76ig-c548", "hazard": "pluvial_311", "official_identity_verified": true}, "geometry": {"type": "Point", "coordinates": [-73.99156182379805, 40.74970635362618]}}, {"type": "Feature", "properties": {"unique_key": "19692909", "complaint_type": "Sewer", "descriptor": "Street Flooding (SJ)", "created_date": "2011-01-26T16:24:00.000", "agency": "DEP", "incident_address": null, "borough": "MANHATTAN", "source": "nyc_311_soda_76ig-c548", "hazard": "pluvial_311", "official_identity_verified": true}, "geometry": {"type": "Point", "coordinates": [-74.00648805506913, 40.73754998145706]}}, {"type": "Feature", "properties": {"unique_key": "19703885", "complaint_type": "Sewer", "descriptor": "Street Flooding (SJ)", "created_date": "2011-01-27T17:14:00.000", "agency": "DEP", "incident_address": "240 W 14 ST", "borough": "MANHATTAN", "source": "nyc_311_soda_76ig-c548", "hazard": "pluvial_311", "official_identity_verified": true}, "geometry": {"type": "Point", "coordinates": [-74.00092379306913, 40.73906800849591]}}, {"type": "Feature", "properties": {"unique_key": "19740326", "complaint_type": "Sewer", "descriptor": "Street Flooding (SJ)", "created_date": "2011-02-01T07:58:00.000", "agency": "DEP", "incident_address": null, "borough": "MANHATTAN", "source": "nyc_311_soda_76ig-c548", "hazard": "pluvial_311", "official_identity_verified": true}, "geometry": {"type": "Point", "coordinates": [-73.98628730097782, 40.722241846649354]}}, {"type": "Feature", "properties": {"unique_key": "19749439", "complaint_type": "Sewer", "descriptor": "Street Flooding (SJ)", "created_date": "2011-02-02T08:23:00.000", "agency": "DEP", "incident_address": null, "borough": "MANHATTAN", "source": "nyc_311_soda_76ig-c548", "hazard": "pluvial_311", "official_identity_verified": true}, "geometry": {"type": "Point", "coordinates": [-73.99280410305454, 40.742910439074564]}}, {"type": "Feature", "properties": {"unique_key": "19749441", "complaint_type": "Sewer", "descriptor": "Street Flooding (SJ)", "created_date": "2011-02-02T07:19:00.000", "agency": "DEP", "incident_address": null, "borough": "MANHATTAN", "source": "nyc_311_soda_76ig-c548", "hazard": "pluvial_311", "official_identity_verified": true}, "geometry": {"type": "Point", "coordinates": [-73.9996824485918, 40.738551998380736]}}, {"type": "Feature", "properties": {"unique_key": "19749472", "complaint_type": "Sewer", "descriptor": "Street Flooding (SJ)", "created_date": "2011-02-02T13:20:00.000", "agency": "DEP", "incident_address": null, "borough": "MANHATTAN", "source": "nyc_311_soda_76ig-c548", "hazard": "pluvial_311", "official_identity_verified": true}, "geometry": {"type": "Point", "coordinates": [-73.99497105001717, 40.72062589060049]}}, {"type": "Feature", "properties": {"unique_key": "19749502", "complaint_type": "Sewer", "descriptor": "Street Flooding (SJ)", "created_date": "2011-02-02T10:01:00.000", "agency": "DEP", "incident_address": null, "borough": "MANHATTAN", "source": "nyc_311_soda_76ig-c548", "hazard": "pluvial_311", "official_identity_verified": true}, "geometry": {"type": "Point", "coordinates": [-73.9900268662777, 40.732757392854445]}}, {"type": "Feature", "properties": {"unique_key": "19749503", "complaint_type": "Sewer", "descriptor": "Street Flooding (SJ)", "created_date": "2011-02-02T10:17:00.000", "agency": "DEP", "incident_address": null, "borough": "MANHATTAN", "source": "nyc_311_soda_76ig-c548", "hazard": "pluvial_311", "official_identity_verified": true}, "geometry": {"type": "Point", "coordinates": [-73.97352371591124, 40.75780885565467]}}, {"type": "Feature", "properties": {"unique_key": "19749513", "complaint_type": "Sewer", "descriptor": "Street Flooding (SJ)", "created_date": "2011-02-02T09:45:00.000", "agency": "DEP", "incident_address": null, "borough": "MANHATTAN", "source": "nyc_311_soda_76ig-c548", "hazard": "pluvial_311", "official_identity_verified": true}, "geometry": {"type": "Point", "coordinates": [-74.00098843369604, 40.71793064247224]}}, {"type": "Feature", "properties": {"unique_key": "19773476", "complaint_type": "Sewer", "descriptor": "Street Flooding (SJ)", "created_date": "2011-02-06T19:50:00.000", "agency": "DEP", "incident_address": "62 E 7 ST", "borough": "MANHATTAN", "source": "nyc_311_soda_76ig-c548", "hazard": "pluvial_311", "official_identity_verified": true}, "geometry": {"type": "Point", "coordinates": [-73.98718458223156, 40.72757226874964]}}, {"type": "Feature", "properties": {"unique_key": "19810971", "complaint_type": "Sewer", "descriptor": "Street Flooding (SJ)", "created_date": "2011-02-10T10:07:00.000", "agency": "DEP", "incident_address": null, "borough": "MANHATTAN", "source": "nyc_311_soda_76ig-c548", "hazard": "pluvial_311", "official_identity_verified": true}, "geometry": {"type": "Point", "coordinates": [-73.99280410305454, 40.742910439074564]}}, {"type": "Feature", "properties": {"unique_key": "19932827", "complaint_type": "Sewer", "descriptor": "Street Flooding (SJ)", "created_date": "2011-02-28T10:53:00.000", "agency": "DEP", "incident_address": null, "borough": "MANHATTAN", "source": "nyc_311_soda_76ig-c548", "hazard": "pluvial_311", "official_identity_verified": true}, "geometry": {"type": "Point", "coordinates": [-73.97665020158652, 40.714944724179205]}}, {"type": "Feature", "properties": {"unique_key": "20095895", "complaint_type": "Sewer", "descriptor": "Street Flooding (SJ)", "created_date": "2011-03-23T20:34:00.000", "agency": "DEP", "incident_address": null, "borough": "MANHATTAN", "source": "nyc_311_soda_76ig-c548", "hazard": "pluvial_311", "official_identity_verified": true}, "geometry": {"type": "Point", "coordinates": [-73.99587543190957, 40.73868641781212]}}, {"type": "Feature", "properties": {"unique_key": "20135757", "complaint_type": "Sewer", "descriptor": "Street Flooding (SJ)", "created_date": "2011-03-29T11:28:00.000", "agency": "DEP", "incident_address": "133 BOWERY", "borough": "MANHATTAN", "source": "nyc_311_soda_76ig-c548", "hazard": "pluvial_311", "official_identity_verified": true}, "geometry": {"type": "Point", "coordinates": [-73.9946898119132, 40.71871552553784]}}, {"type": "Feature", "properties": {"unique_key": "20171737", "complaint_type": "Sewer", "descriptor": "Street Flooding (SJ)", "created_date": "2011-04-04T14:28:00.000", "agency": "DEP", "incident_address": null, "borough": "MANHATTAN", "source": "nyc_311_soda_76ig-c548", "hazard": "pluvial_311", "official_identity_verified": true}, "geometry": {"type": "Point", "coordinates": [-73.98088850486347, 40.75348184923692]}}, {"type": "Feature", "properties": {"unique_key": "20187013", "complaint_type": "Sewer", "descriptor": "Street Flooding (SJ)", "created_date": "2011-04-06T08:17:00.000", "agency": "DEP", "incident_address": "15 E 32 ST", "borough": "MANHATTAN", "source": "nyc_311_soda_76ig-c548", "hazard": "pluvial_311", "official_identity_verified": true}, "geometry": {"type": "Point", "coordinates": [-73.98459685391313, 40.74678247574596]}}, {"type": "Feature", "properties": {"unique_key": "20223889", "complaint_type": "Sewer", "descriptor": "Street Flooding (SJ)", "created_date": "2011-04-12T18:22:00.000", "agency": "DEP", "incident_address": "388 6 AVE", "borough": "MANHATTAN", "source": "nyc_311_soda_76ig-c548", "hazard": "pluvial_311", "official_identity_verified": true}, "geometry": {"type": "Point", "coordinates": [-73.99980154611539, 40.73326560408939]}}, {"type": "Feature", "properties": {"unique_key": "20284589", "complaint_type": "Sewer", "descriptor": "Street Flooding (SJ)", "created_date": "2011-04-21T11:50:00.000", "agency": "DEP", "incident_address": null, "borough": "MANHATTAN", "source": "nyc_311_soda_76ig-c548", "hazard": "pluvial_311", "official_identity_verified": true}, "geometry": {"type": "Point", "coordinates": [-73.99034191604916, 40.72493212081157]}}, {"type": "Feature", "properties": {"unique_key": "20284590", "complaint_type": "Sewer", "descriptor": "Street Flooding (SJ)", "created_date": "2011-04-21T11:56:00.000", "agency": "DEP", "incident_address": null, "borough": "MANHATTAN", "source": "nyc_311_soda_76ig-c548", "hazard": "pluvial_311", "official_identity_verified": true}, "geometry": {"type": "Point", "coordinates": [-73.99034191604916, 40.72493212081157]}}, {"type": "Feature", "properties": {"unique_key": "20291015", "complaint_type": "Sewer", "descriptor": "Street Flooding (SJ)", "created_date": "2011-04-22T15:37:00.000", "agency": "DEP", "incident_address": "58 HENRY ST", "borough": "MANHATTAN", "source": "nyc_311_soda_76ig-c548", "hazard": "pluvial_311", "official_identity_verified": true}, "geometry": {"type": "Point", "coordinates": [-73.99507984300583, 40.712959779783304]}}, {"type": "Feature", "properties": {"unique_key": "20295653", "complaint_type": "Sewer", "descriptor": "Street Flooding (SJ)", "created_date": "2011-04-23T13:10:00.000", "agency": "DEP", "incident_address": "317 E HOUSTON ST", "borough": "MANHATTAN", "source": "nyc_311_soda_76ig-c548", "hazard": "pluvial_311", "official_identity_verified": true}, "geometry": {"type": "Point", "coordinates": [-73.98313085248822, 40.72125331438082]}}, {"type": "Feature", "properties": {"unique_key": "20298469", "complaint_type": "Sewer", "descriptor": "Street Flooding (SJ)", "created_date": "2011-04-24T21:22:00.000", "agency": "DEP", "incident_address": null, "borough": "MANHATTAN", "source": "nyc_311_soda_76ig-c548", "hazard": "pluvial_311", "official_identity_verified": true}, "geometry": {"type": "Point", "coordinates": [-73.98300459411651, 40.721223103466706]}}, {"type": "Feature", "properties": {"unique_key": "20305357", "complaint_type": "Sewer", "descriptor": "Street Flooding (SJ)", "created_date": "2011-04-25T13:55:00.000", "agency": "DEP", "incident_address": null, "borough": "MANHATTAN", "source": "nyc_311_soda_76ig-c548", "hazard": "pluvial_311", "official_identity_verified": true}, "geometry": {"type": "Point", "coordinates": [-73.97741567711402, 40.75535588223623]}}, {"type": "Feature", "properties": {"unique_key": "20364473", "complaint_type": "Sewer", "descriptor": "Street Flooding (SJ)", "created_date": "2011-05-04T09:29:00.000", "agency": "DEP", "incident_address": null, "borough": "MANHATTAN", "source": "nyc_311_soda_76ig-c548", "hazard": "pluvial_311", "official_identity_verified": true}, "geometry": {"type": "Point", "coordinates": [-73.98749024981751, 40.75215978750964]}}, {"type": "Feature", "properties": {"unique_key": "20364804", "complaint_type": "Sewer", "descriptor": "Street Flooding (SJ)", "created_date": "2011-05-04T14:21:00.000", "agency": "DEP", "incident_address": null, "borough": "BROOKLYN", "source": "nyc_311_soda_76ig-c548", "hazard": "pluvial_311", "official_identity_verified": true}, "geometry": {"type": "Point", "coordinates": [-73.99066234846136, 40.70390727672419]}}, {"type": "Feature", "properties": {"unique_key": "20400254", "complaint_type": "Sewer", "descriptor": "Street Flooding (SJ)", "created_date": "2011-05-10T16:14:00.000", "agency": "DEP", "incident_address": "234 EAST   29 STREET", "borough": "MANHATTAN", "source": "nyc_311_soda_76ig-c548", "hazard": "pluvial_311", "official_identity_verified": true}, "geometry": {"type": "Point", "coordinates": [-73.97953485344487, 40.74220893420862]}}, {"type": "Feature", "properties": {"unique_key": "20441266", "complaint_type": "Sewer", "descriptor": "Street Flooding (SJ)", "created_date": "2011-05-15T09:42:00.000", "agency": "DEP", "incident_address": null, "borough": "MANHATTAN", "source": "nyc_311_soda_76ig-c548", "hazard": "pluvial_311", "official_identity_verified": true}, "geometry": {"type": "Point", "coordinates": [-73.97906323213479, 40.715667060433]}}, {"type": "Feature", "properties": {"unique_key": "20462667", "complaint_type": "Sewer", "descriptor": "Street Flooding (SJ)", "created_date": "2011-05-18T09:16:00.000", "agency": "DEP", "incident_address": "529 W 20 ST", "borough": "MANHATTAN", "source": "nyc_311_soda_76ig-c548", "hazard": "pluvial_311", "official_identity_verified": true}, "geometry": {"type": "Point", "coordinates": [-74.00661882810181, 40.74628377119153]}}, {"type": "Feature", "properties": {"unique_key": "20463348", "complaint_type": "Sewer", "descriptor": "Street Flooding (SJ)", "created_date": "2011-05-18T18:27:00.000", "agency": "DEP", "incident_address": "317 E HOUSTON ST", "borough": "MANHATTAN", "source": "nyc_311_soda_76ig-c548", "hazard": "pluvial_311", "official_identity_verified": true}, "geometry": {"type": "Point", "coordinates": [-73.98313085248822, 40.72125331438082]}}, {"type": "Feature", "properties": {"unique_key": "20477967", "complaint_type": "Sewer", "descriptor": "Street Flooding (SJ)", "created_date": "2011-05-20T15:49:00.000", "agency": "DEP", "incident_address": "11 WALL ST", "borough": "MANHATTAN", "source": "nyc_311_soda_76ig-c548", "hazard": "pluvial_311", "official_identity_verified": true}, "geometry": {"type": "Point", "coordinates": [-74.01117403576225, 40.707442369569556]}}, {"type": "Feature", "properties": {"unique_key": "20514438", "complaint_type": "Sewer", "descriptor": "Street Flooding (SJ)", "created_date": "2011-05-26T12:34:00.000", "agency": "DEP", "incident_address": "32 W 48 ST", "borough": "MANHATTAN", "source": "nyc_311_soda_76ig-c548", "hazard": "pluvial_311", "official_identity_verified": true}, "geometry": {"type": "Point", "coordinates": [-73.97978268005235, 40.75797755355899]}}, {"type": "Feature", "properties": {"unique_key": "20521906", "complaint_type": "Sewer", "descriptor": "Street Flooding (SJ)", "created_date": "2011-05-27T09:00:00.000", "agency": "DEP", "incident_address": "38 E 32 ST", "borough": "MANHATTAN", "source": "nyc_311_soda_76ig-c548", "hazard": "pluvial_311", "official_identity_verified": true}, "geometry": {"type": "Point", "coordinates": [-73.98347097333587, 40.746288264840594]}}, {"type": "Feature", "properties": {"unique_key": "20541396", "complaint_type": "Sewer", "descriptor": "Street Flooding (SJ)", "created_date": "2011-05-31T12:29:00.000", "agency": "DEP", "incident_address": "223 E 7 ST", "borough": "MANHATTAN", "source": "nyc_311_soda_76ig-c548", "hazard": "pluvial_311", "official_identity_verified": true}, "geometry": {"type": "Point", "coordinates": [-73.97938882189877, 40.72431585541048]}}, {"type": "Feature", "properties": {"unique_key": "20549625", "complaint_type": "Sewer", "descriptor": "Street Flooding (SJ)", "created_date": "2011-06-01T12:28:00.000", "agency": "DEP", "incident_address": "30 W 33 ST", "borough": "MANHATTAN", "source": "nyc_311_soda_76ig-c548", "hazard": "pluvial_311", "official_identity_verified": true}, "geometry": {"type": "Point", "coordinates": [-73.98610872138286, 40.74820719258341]}}, {"type": "Feature", "properties": {"unique_key": "20581353", "complaint_type": "Sewer", "descriptor": "Street Flooding (SJ)", "created_date": "2011-06-06T15:16:00.000", "agency": "DEP", "incident_address": "135 W 17 ST", "borough": "MANHATTAN", "source": "nyc_311_soda_76ig-c548", "hazard": "pluvial_311", "official_identity_verified": true}, "geometry": {"type": "Point", "coordinates": [-73.99655739222155, 40.739748659194504]}}, {"type": "Feature", "properties": {"unique_key": "20598603", "complaint_type": "Sewer", "descriptor": "Street Flooding (SJ)", "created_date": "2011-06-08T11:11:00.000", "agency": "DEP", "incident_address": "31 W 15 ST", "borough": "MANHATTAN", "source": "nyc_311_soda_76ig-c548", "hazard": "pluvial_311", "official_identity_verified": true}, "geometry": {"type": "Point", "coordinates": [-73.99428419144908, 40.73719045978509]}}, {"type": "Feature", "properties": {"unique_key": "20606435", "complaint_type": "Sewer", "descriptor": "Street Flooding (SJ)", "created_date": "2011-06-09T11:20:00.000", "agency": "DEP", "incident_address": "35 CARMINE ST", "borough": "MANHATTAN", "source": "nyc_311_soda_76ig-c548", "hazard": "pluvial_311", "official_identity_verified": true}, "geometry": {"type": "Point", "coordinates": [-74.00327974449019, 40.73007615252433]}}, {"type": "Feature", "properties": {"unique_key": "20619675", "complaint_type": "Sewer", "descriptor": "Street Flooding (SJ)", "created_date": "2011-06-11T10:48:00.000", "agency": "DEP", "incident_address": "317 E HOUSTON ST", "borough": "MANHATTAN", "source": "nyc_311_soda_76ig-c548", "hazard": "pluvial_311", "official_identity_verified": true}, "geometry": {"type": "Point", "coordinates": [-73.98313085248822, 40.72125331438082]}}, {"type": "Feature", "properties": {"unique_key": "20646102", "complaint_type": "Sewer", "descriptor": "Street Flooding (SJ)", "created_date": "2011-06-15T11:53:00.000", "agency": "DEP", "incident_address": null, "borough": "MANHATTAN", "source": "nyc_311_soda_76ig-c548", "hazard": "pluvial_311", "official_identity_verified": true}, "geometry": {"type": "Point", "coordinates": [-73.99786005613711, 40.7410551924439]}}, {"type": "Feature", "properties": {"unique_key": "20660867", "complaint_type": "Sewer", "descriptor": "Street Flooding (SJ)", "created_date": "2011-06-17T16:37:00.000", "agency": "DEP", "incident_address": "1 RUTHERFORD PL", "borough": "MANHATTAN", "source": "nyc_311_soda_76ig-c548", "hazard": "pluvial_311", "official_identity_verified": true}, "geometry": {"type": "Point", "coordinates": [-73.9844192740809, 40.7345134132613]}}, {"type": "Feature", "properties": {"unique_key": "20669633", "complaint_type": "Sewer", "descriptor": "Street Flooding (SJ)", "created_date": "2011-06-19T15:06:00.000", "agency": "DEP", "incident_address": "223 E 7 ST", "borough": "MANHATTAN", "source": "nyc_311_soda_76ig-c548", "hazard": "pluvial_311", "official_identity_verified": true}, "geometry": {"type": "Point", "coordinates": [-73.97938882189877, 40.72431585541048]}}, {"type": "Feature", "properties": {"unique_key": "20693327", "complaint_type": "Sewer", "descriptor": "Street Flooding (SJ)", "created_date": "2011-06-22T18:28:00.000", "agency": "DEP", "incident_address": null, "borough": "MANHATTAN", "source": "nyc_311_soda_76ig-c548", "hazard": "pluvial_311", "official_identity_verified": true}, "geometry": {"type": "Point", "coordinates": [-74.00116543947316, 40.731775196703985]}}, {"type": "Feature", "properties": {"unique_key": "20700439", "complaint_type": "Sewer", "descriptor": "Street Flooding (SJ)", "created_date": "2011-06-23T12:19:00.000", "agency": "DEP", "incident_address": null, "borough": "MANHATTAN", "source": "nyc_311_soda_76ig-c548", "hazard": "pluvial_311", "official_identity_verified": true}, "geometry": {"type": "Point", "coordinates": [-73.99335862214882, 40.71906953042286]}}, {"type": "Feature", "properties": {"unique_key": "20700462", "complaint_type": "Sewer", "descriptor": "Street Flooding (SJ)", "created_date": "2011-06-23T13:09:00.000", "agency": "DEP", "incident_address": null, "borough": "MANHATTAN", "source": "nyc_311_soda_76ig-c548", "hazard": "pluvial_311", "official_identity_verified": true}, "geometry": {"type": "Point", "coordinates": [-73.99786005613711, 40.7410551924439]}}, {"type": "Feature", "properties": {"unique_key": "20731346", "complaint_type": "Sewer", "descriptor": "Street Flooding (SJ)", "created_date": "2011-06-28T11:38:00.000", "agency": "DEP", "incident_address": "137 RIVINGTON ST", "borough": "MANHATTAN", "source": "nyc_311_soda_76ig-c548", "hazard": "pluvial_311", "official_identity_verified": true}, "geometry": {"type": "Point", "coordinates": [-73.98637445148556, 40.719469650571455]}}, {"type": "Feature", "properties": {"unique_key": "20731374", "complaint_type": "Sewer", "descriptor": "Street Flooding (SJ)", "created_date": "2011-06-28T12:45:00.000", "agency": "DEP", "incident_address": "34 W 48 ST", "borough": "MANHATTAN", "source": "nyc_311_soda_76ig-c548", "hazard": "pluvial_311", "official_identity_verified": true}, "geometry": {"type": "Point", "coordinates": [-73.97981877097283, 40.75799402835478]}}, {"type": "Feature", "properties": {"unique_key": "20731401", "complaint_type": "Sewer", "descriptor": "Street Flooding (SJ)", "created_date": "2011-06-28T13:35:00.000", "agency": "DEP", "incident_address": "137 RIVINGTON ST", "borough": "MANHATTAN", "source": "nyc_311_soda_76ig-c548", "hazard": "pluvial_311", "official_identity_verified": true}, "geometry": {"type": "Point", "coordinates": [-73.98637445148556, 40.719469650571455]}}, {"type": "Feature", "properties": {"unique_key": "20787552", "complaint_type": "Sewer", "descriptor": "Street Flooding (SJ)", "created_date": "2011-07-07T10:05:00.000", "agency": "DEP", "incident_address": null, "borough": "MANHATTAN", "source": "nyc_311_soda_76ig-c548", "hazard": "pluvial_311", "official_identity_verified": true}, "geometry": {"type": "Point", "coordinates": [-73.9874463328081, 40.75537388055335]}}, {"type": "Feature", "properties": {"unique_key": "20787716", "complaint_type": "Sewer", "descriptor": "Street Flooding (SJ)", "created_date": "2011-07-07T12:50:00.000", "agency": "DEP", "incident_address": "342 E 8 ST", "borough": "MANHATTAN", "source": "nyc_311_soda_76ig-c548", "hazard": "pluvial_311", "official_identity_verified": true}, "geometry": {"type": "Point", "coordinates": [-73.97891602109551, 40.72489491363425]}}, {"type": "Feature", "properties": {"unique_key": "20834452", "complaint_type": "Sewer", "descriptor": "Street Flooding (SJ)", "created_date": "2011-07-14T11:02:00.000", "agency": "DEP", "incident_address": null, "borough": "MANHATTAN", "source": "nyc_311_soda_76ig-c548", "hazard": "pluvial_311", "official_identity_verified": true}, "geometry": {"type": "Point", "coordinates": [-73.98705547418629, 40.74214140625986]}}, {"type": "Feature", "properties": {"unique_key": "20834484", "complaint_type": "Sewer", "descriptor": "Street Flooding (SJ)", "created_date": "2011-07-14T12:03:00.000", "agency": "DEP", "incident_address": null, "borough": "MANHATTAN", "source": "nyc_311_soda_76ig-c548", "hazard": "pluvial_311", "official_identity_verified": true}, "geometry": {"type": "Point", "coordinates": [-74.00142497468545, 40.71993705710004]}}, {"type": "Feature", "properties": {"unique_key": "20834493", "complaint_type": "Sewer", "descriptor": "Street Flooding (SJ)", "created_date": "2011-07-14T12:11:00.000", "agency": "DEP", "incident_address": null, "borough": "MANHATTAN", "source": "nyc_311_soda_76ig-c548", "hazard": "pluvial_311", "official_identity_verified": true}, "geometry": {"type": "Point", "coordinates": [-74.01155949752362, 40.70472227018925]}}, {"type": "Feature", "properties": {"unique_key": "20846701", "complaint_type": "Sewer", "descriptor": "Street Flooding (SJ)", "created_date": "2011-07-16T10:11:00.000", "agency": "DEP", "incident_address": "38 W 48 ST", "borough": "MANHATTAN", "source": "nyc_311_soda_76ig-c548", "hazard": "pluvial_311", "official_identity_verified": true}, "geometry": {"type": "Point", "coordinates": [-73.97989817205469, 40.75802697917228]}}, {"type": "Feature", "properties": {"unique_key": "20914674", "complaint_type": "Sewer", "descriptor": "Street Flooding (SJ)", "created_date": "2011-07-26T08:56:00.000", "agency": "DEP", "incident_address": "529 W 20 ST", "borough": "MANHATTAN", "source": "nyc_311_soda_76ig-c548", "hazard": "pluvial_311", "official_identity_verified": true}, "geometry": {"type": "Point", "coordinates": [-74.00661882810181, 40.74628377119153]}}, {"type": "Feature", "properties": {"unique_key": "20914788", "complaint_type": "Sewer", "descriptor": "Street Flooding (SJ)", "created_date": "2011-07-26T11:21:00.000", "agency": "DEP", "incident_address": "302 W 38 ST", "borough": "MANHATTAN", "source": "nyc_311_soda_76ig-c548", "hazard": "pluvial_311", "official_identity_verified": true}, "geometry": {"type": "Point", "coordinates": [-73.99210257993153, 40.75489670813532]}}, {"type": "Feature", "properties": {"unique_key": "20922742", "complaint_type": "Sewer", "descriptor": "Street Flooding (SJ)", "created_date": "2011-07-27T09:03:00.000", "agency": "DEP", "incident_address": "529 W 20 ST", "borough": "MANHATTAN", "source": "nyc_311_soda_76ig-c548", "hazard": "pluvial_311", "official_identity_verified": true}, "geometry": {"type": "Point", "coordinates": [-74.00661882810181, 40.74628377119153]}}, {"type": "Feature", "properties": {"unique_key": "20922981", "complaint_type": "Sewer", "descriptor": "Street Flooding (SJ)", "created_date": "2011-07-27T15:04:00.000", "agency": "DEP", "incident_address": "535 W 20 ST", "borough": "MANHATTAN", "source": "nyc_311_soda_76ig-c548", "hazard": "pluvial_311", "official_identity_verified": true}, "geometry": {"type": "Point", "coordinates": [-74.00670183771403, 40.7463194481302]}}, {"type": "Feature", "properties": {"unique_key": "20930338", "complaint_type": "Sewer", "descriptor": "Street Flooding (SJ)", "created_date": "2011-07-28T12:22:00.000", "agency": "DEP", "incident_address": "300 W 38 ST", "borough": "MANHATTAN", "source": "nyc_311_soda_76ig-c548", "hazard": "pluvial_311", "official_identity_verified": true}, "geometry": {"type": "Point", "coordinates": [-73.99206287822823, 40.754880236932095]}}, {"type": "Feature", "properties": {"unique_key": "20937019", "complaint_type": "Sewer", "descriptor": "Street Flooding (SJ)", "created_date": "2011-07-29T13:48:00.000", "agency": "DEP", "incident_address": null, "borough": "MANHATTAN", "source": "nyc_311_soda_76ig-c548", "hazard": "pluvial_311", "official_identity_verified": true}, "geometry": {"type": "Point", "coordinates": [-74.00116543947316, 40.731775196703985]}}, {"type": "Feature", "properties": {"unique_key": "20937422", "complaint_type": "Sewer", "descriptor": "Street Flooding (SJ)", "created_date": "2011-07-29T21:49:00.000", "agency": "DEP", "incident_address": null, "borough": "MANHATTAN", "source": "nyc_311_soda_76ig-c548", "hazard": "pluvial_311", "official_identity_verified": true}, "geometry": {"type": "Point", "coordinates": [-74.00879090477447, 40.742375102013824]}}, {"type": "Feature", "properties": {"unique_key": "20937685", "complaint_type": "Sewer", "descriptor": "Street Flooding (SJ)", "created_date": "2011-07-29T09:57:00.000", "agency": "DEP", "incident_address": "529 W 20 ST", "borough": "MANHATTAN", "source": "nyc_311_soda_76ig-c548", "hazard": "pluvial_311", "official_identity_verified": true}, "geometry": {"type": "Point", "coordinates": [-74.00661882810181, 40.74628377119153]}}, {"type": "Feature", "properties": {"unique_key": "20937805", "complaint_type": "Sewer", "descriptor": "Street Flooding (SJ)", "created_date": "2011-07-29T12:23:00.000", "agency": "DEP", "incident_address": null, "borough": "MANHATTAN", "source": "nyc_311_soda_76ig-c548", "hazard": "pluvial_311", "official_identity_verified": true}, "geometry": {"type": "Point", "coordinates": [-73.98994986610529, 40.71697228678662]}}, {"type": "Feature", "properties": {"unique_key": "20945876", "complaint_type": "Sewer", "descriptor": "Street Flooding (SJ)", "created_date": "2011-07-31T12:37:00.000", "agency": "DEP", "incident_address": null, "borough": "MANHATTAN", "source": "nyc_311_soda_76ig-c548", "hazard": "pluvial_311", "official_identity_verified": true}, "geometry": {"type": "Point", "coordinates": [-73.99480887834468, 40.71845752356146]}}, {"type": "Feature", "properties": {"unique_key": "20952536", "complaint_type": "Sewer", "descriptor": "Street Flooding (SJ)", "created_date": "2011-08-01T13:54:00.000", "agency": "DEP", "incident_address": "180 7 AVE", "borough": "MANHATTAN", "source": "nyc_311_soda_76ig-c548", "hazard": "pluvial_311", "official_identity_verified": true}, "geometry": {"type": "Point", "coordinates": [-73.99674129111989, 40.74260869521503]}}, {"type": "Feature", "properties": {"unique_key": "20968171", "complaint_type": "Sewer", "descriptor": "Street Flooding (SJ)", "created_date": "2011-08-03T13:59:00.000", "agency": "DEP", "incident_address": "428 W 16 ST", "borough": "MANHATTAN", "source": "nyc_311_soda_76ig-c548", "hazard": "pluvial_311", "official_identity_verified": true}, "geometry": {"type": "Point", "coordinates": [-74.00564772255753, 40.74279250112766]}}, {"type": "Feature", "properties": {"unique_key": "20974991", "complaint_type": "Sewer", "descriptor": "Street Flooding (SJ)", "created_date": "2011-08-04T09:19:00.000", "agency": "DEP", "incident_address": "529 W 20 ST", "borough": "MANHATTAN", "source": "nyc_311_soda_76ig-c548", "hazard": "pluvial_311", "official_identity_verified": true}, "geometry": {"type": "Point", "coordinates": [-74.00661882810181, 40.74628377119153]}}, {"type": "Feature", "properties": {"unique_key": "20975039", "complaint_type": "Sewer", "descriptor": "Street Flooding (SJ)", "created_date": "2011-08-04T15:48:00.000", "agency": "DEP", "incident_address": "223 W 15 ST", "borough": "MANHATTAN", "source": "nyc_311_soda_76ig-c548", "hazard": "pluvial_311", "official_identity_verified": true}, "geometry": {"type": "Point", "coordinates": [-74.00005052035179, 40.73961970730757]}}, {"type": "Feature", "properties": {"unique_key": "20975310", "complaint_type": "Sewer", "descriptor": "Street Flooding (SJ)", "created_date": "2011-08-04T14:35:00.000", "agency": "DEP", "incident_address": "18 W 24 ST", "borough": "MANHATTAN", "source": "nyc_311_soda_76ig-c548", "hazard": "pluvial_311", "official_identity_verified": true}, "geometry": {"type": "Point", "coordinates": [-73.99005786968992, 40.74261380169299]}}, {"type": "Feature", "properties": {"unique_key": "20982314", "complaint_type": "Sewer", "descriptor": "Street Flooding (SJ)", "created_date": "2011-08-05T10:59:00.000", "agency": "DEP", "incident_address": null, "borough": "MANHATTAN", "source": "nyc_311_soda_76ig-c548", "hazard": "pluvial_311", "official_identity_verified": true}, "geometry": {"type": "Point", "coordinates": [-73.99190515418172, 40.71620390796411]}}, {"type": "Feature", "properties": {"unique_key": "20982535", "complaint_type": "Sewer", "descriptor": "Street Flooding (SJ)", "created_date": "2011-08-05T14:56:00.000", "agency": "DEP", "incident_address": "77 BAXTER ST", "borough": "MANHATTAN", "source": "nyc_311_soda_76ig-c548", "hazard": "pluvial_311", "official_identity_verified": true}, "geometry": {"type": "Point", "coordinates": [-73.99980159533058, 40.71673667590109]}}, {"type": "Feature", "properties": {"unique_key": "20987048", "complaint_type": "Sewer", "descriptor": "Street Flooding (SJ)", "created_date": "2011-08-06T21:00:00.000", "agency": "DEP", "incident_address": "10 E 15 ST", "borough": "MANHATTAN", "source": "nyc_311_soda_76ig-c548", "hazard": "pluvial_311", "official_identity_verified": true}, "geometry": {"type": "Point", "coordinates": [-73.99272540799669, 40.73651790743434]}}, {"type": "Feature", "properties": {"unique_key": "21004512", "complaint_type": "Sewer", "descriptor": "Street Flooding (SJ)", "created_date": "2011-08-09T17:12:00.000", "agency": "DEP", "incident_address": "531 W 24 ST", "borough": "MANHATTAN", "source": "nyc_311_soda_76ig-c548", "hazard": "pluvial_311", "official_identity_verified": true}, "geometry": {"type": "Point", "coordinates": [-74.0049625118541, 40.748905089404836]}}, {"type": "Feature", "properties": {"unique_key": "21011841", "complaint_type": "Sewer", "descriptor": "Street Flooding (SJ)", "created_date": "2011-08-10T19:28:00.000", "agency": "DEP", "incident_address": "240 E 35 ST", "borough": "MANHATTAN", "source": "nyc_311_soda_76ig-c548", "hazard": "pluvial_311", "official_identity_verified": true}, "geometry": {"type": "Point", "coordinates": [-73.97630014147826, 40.745817660406416]}}, {"type": "Feature", "properties": {"unique_key": "21018607", "complaint_type": "Sewer", "descriptor": "Street Flooding (SJ)", "created_date": "2011-08-11T08:12:00.000", "agency": "DEP", "incident_address": "100 W 23 ST", "borough": "MANHATTAN", "source": "nyc_311_soda_76ig-c548", "hazard": "pluvial_311", "official_identity_verified": true}, "geometry": {"type": "Point", "coordinates": [-73.99323713875447, 40.74308063984275]}}, {"type": "Feature", "properties": {"unique_key": "21018885", "complaint_type": "Sewer", "descriptor": "Street Flooding (SJ)", "created_date": "2011-08-11T15:08:00.000", "agency": "DEP", "incident_address": "180 7 AVE", "borough": "MANHATTAN", "source": "nyc_311_soda_76ig-c548", "hazard": "pluvial_311", "official_identity_verified": true}, "geometry": {"type": "Point", "coordinates": [-73.99674129111989, 40.74260869521503]}}, {"type": "Feature", "properties": {"unique_key": "21034458", "complaint_type": "Sewer", "descriptor": "Street Flooding (SJ)", "created_date": "2011-08-14T11:44:00.000", "agency": "DEP", "incident_address": "19 PITT ST", "borough": "MANHATTAN", "source": "nyc_311_soda_76ig-c548", "hazard": "pluvial_311", "official_identity_verified": true}, "geometry": {"type": "Point", "coordinates": [-73.98372378623479, 40.71598346115429]}}, {"type": "Feature", "properties": {"unique_key": "21034865", "complaint_type": "Sewer", "descriptor": "Street Flooding (SJ)", "created_date": "2011-08-14T18:40:00.000", "agency": "DEP", "incident_address": "708 3 AVE", "borough": "MANHATTAN", "source": "nyc_311_soda_76ig-c548", "hazard": "pluvial_311", "official_identity_verified": true}, "geometry": {"type": "Point", "coordinates": [-73.97332377450489, 40.75232755216677]}}, {"type": "Feature", "properties": {"unique_key": "21042014", "complaint_type": "Sewer", "descriptor": "Street Flooding (SJ)", "created_date": "2011-08-15T11:43:00.000", "agency": "DEP", "incident_address": null, "borough": "MANHATTAN", "source": "nyc_311_soda_76ig-c548", "hazard": "pluvial_311", "official_identity_verified": true}, "geometry": {"type": "Point", "coordinates": [-73.99427521917184, 40.71562216096239]}}, {"type": "Feature", "properties": {"unique_key": "21066508", "complaint_type": "Sewer", "descriptor": "Street Flooding (SJ)", "created_date": "2011-08-18T15:12:00.000", "agency": "DEP", "incident_address": "10 E 15 ST", "borough": "MANHATTAN", "source": "nyc_311_soda_76ig-c548", "hazard": "pluvial_311", "official_identity_verified": true}, "geometry": {"type": "Point", "coordinates": [-73.99272540799669, 40.73651790743434]}}, {"type": "Feature", "properties": {"unique_key": "21079000", "complaint_type": "Sewer", "descriptor": "Street Flooding (SJ)", "created_date": "2011-08-20T17:43:00.000", "agency": "DEP", "incident_address": "337 E 10 ST", "borough": "MANHATTAN", "source": "nyc_311_soda_76ig-c548", "hazard": "pluvial_311", "official_identity_verified": true}, "geometry": {"type": "Point", "coordinates": [-73.98049919274871, 40.727123935300355]}}, {"type": "Feature", "properties": {"unique_key": "21095540", "complaint_type": "Sewer", "descriptor": "Street Flooding (SJ)", "created_date": "2011-08-23T12:34:00.000", "agency": "DEP", "incident_address": "302 W 38 ST", "borough": "MANHATTAN", "source": "nyc_311_soda_76ig-c548", "hazard": "pluvial_311", "official_identity_verified": true}, "geometry": {"type": "Point", "coordinates": [-73.99210257993153, 40.75489670813532]}}, {"type": "Feature", "properties": {"unique_key": "21112408", "complaint_type": "Sewer", "descriptor": "Street Flooding (SJ)", "created_date": "2011-08-25T17:34:00.000", "agency": "DEP", "incident_address": null, "borough": "MANHATTAN", "source": "nyc_311_soda_76ig-c548", "hazard": "pluvial_311", "official_identity_verified": true}, "geometry": {"type": "Point", "coordinates": [-74.00510668394942, 40.74640187237436]}}, {"type": "Feature", "properties": {"unique_key": "21116114", "complaint_type": "Sewer", "descriptor": "Street Flooding (SJ)", "created_date": "2011-08-26T11:28:00.000", "agency": "DEP", "incident_address": "84 HESTER STREET", "borough": "MANHATTAN", "source": "nyc_311_soda_76ig-c548", "hazard": "pluvial_311", "official_identity_verified": true}, "geometry": {"type": "Point", "coordinates": [-73.99230194766669, 40.71631372560027]}}, {"type": "Feature", "properties": {"unique_key": "21118751", "complaint_type": "Sewer", "descriptor": "Street Flooding (SJ)", "created_date": "2011-08-27T14:35:00.000", "agency": "DEP", "incident_address": "94 AVENUE B", "borough": "MANHATTAN", "source": "nyc_311_soda_76ig-c548", "hazard": "pluvial_311", "official_identity_verified": true}, "geometry": {"type": "Point", "coordinates": [-73.98158227038498, 40.724585213405184]}}, {"type": "Feature", "properties": {"unique_key": "21118776", "complaint_type": "Sewer", "descriptor": "Street Flooding (SJ)", "created_date": "2011-08-27T15:30:00.000", "agency": "DEP", "incident_address": "160 ORCHARD STREET", "borough": "MANHATTAN", "source": "nyc_311_soda_76ig-c548", "hazard": "pluvial_311", "official_identity_verified": true}, "geometry": {"type": "Point", "coordinates": [-73.98876236652647, 40.720974036377505]}}, {"type": "Feature", "properties": {"unique_key": "21118779", "complaint_type": "Sewer", "descriptor": "Street Flooding (SJ)", "created_date": "2011-08-27T15:34:00.000", "agency": "DEP", "incident_address": "160 ORCHARD ST", "borough": "MANHATTAN", "source": "nyc_311_soda_76ig-c548", "hazard": "pluvial_311", "official_identity_verified": true}, "geometry": {"type": "Point", "coordinates": [-73.98876236652647, 40.720974036377505]}}, {"type": "Feature", "properties": {"unique_key": "21125601", "complaint_type": "Sewer", "descriptor": "Street Flooding (SJ)", "created_date": "2011-08-28T01:03:00.000", "agency": "DEP", "incident_address": "208 THIRD AVE", "borough": "MANHATTAN", "source": "nyc_311_soda_76ig-c548", "hazard": "pluvial_311", "official_identity_verified": true}, "geometry": {"type": "Point", "coordinates": [-73.985270523909, 40.73593256282068]}}, {"type": "Feature", "properties": {"unique_key": "21135907", "complaint_type": "Sewer", "descriptor": "Street Flooding (SJ)", "created_date": "2011-08-29T14:17:00.000", "agency": "DEP", "incident_address": "57 GRAND ST", "borough": "MANHATTAN", "source": "nyc_311_soda_76ig-c548", "hazard": "pluvial_311", "official_identity_verified": true}, "geometry": {"type": "Point", "coordinates": [-74.00351385703756, 40.72225084389515]}}, {"type": "Feature", "properties": {"unique_key": "21377703", "complaint_type": "Sewer", "descriptor": "Street Flooding (SJ)", "created_date": "2011-09-06T14:48:00.000", "agency": "DEP", "incident_address": "53 WOOSTER STREET", "borough": "MANHATTAN", "source": "nyc_311_soda_76ig-c548", "hazard": "pluvial_311", "official_identity_verified": true}, "geometry": {"type": "Point", "coordinates": [-74.00234499375053, 40.722742185351954]}}, {"type": "Feature", "properties": {"unique_key": "21395514", "complaint_type": "Sewer", "descriptor": "Street Flooding (SJ)", "created_date": "2011-09-08T07:42:00.000", "agency": "DEP", "incident_address": "1185 6 AVENUE", "borough": "MANHATTAN", "source": "nyc_311_soda_76ig-c548", "hazard": "pluvial_311", "official_identity_verified": true}, "geometry": {"type": "Point", "coordinates": [-73.98212540995675, 40.75758544240214]}}, {"type": "Feature", "properties": {"unique_key": "21431198", "complaint_type": "Sewer", "descriptor": "Street Flooding (SJ)", "created_date": "2011-09-13T14:12:00.000", "agency": "DEP", "incident_address": "200 WEST 42 STREET", "borough": "MANHATTAN", "source": "nyc_311_soda_76ig-c548", "hazard": "pluvial_311", "official_identity_verified": true}, "geometry": {"type": "Point", "coordinates": [-73.98717187083514, 40.756120421073426]}}, {"type": "Feature", "properties": {"unique_key": "21431201", "complaint_type": "Sewer", "descriptor": "Street Flooding (SJ)", "created_date": "2011-09-13T14:14:00.000", "agency": "DEP", "incident_address": null, "borough": "MANHATTAN", "source": "nyc_311_soda_76ig-c548", "hazard": "pluvial_311", "official_identity_verified": true}, "geometry": {"type": "Point", "coordinates": [-73.98671300017793, 40.75845340215607]}}, {"type": "Feature", "properties": {"unique_key": "21443124", "complaint_type": "Sewer", "descriptor": "Street Flooding (SJ)", "created_date": "2011-09-15T11:31:00.000", "agency": "DEP", "incident_address": "180 7 AVENUE", "borough": "MANHATTAN", "source": "nyc_311_soda_76ig-c548", "hazard": "pluvial_311", "official_identity_verified": true}, "geometry": {"type": "Point", "coordinates": [-73.99674129111989, 40.74260869521503]}}, {"type": "Feature", "properties": {"unique_key": "21481115", "complaint_type": "Sewer", "descriptor": "Street Flooding (SJ)", "created_date": "2011-09-20T11:28:00.000", "agency": "DEP", "incident_address": "230 WEST 4 STREET", "borough": "MANHATTAN", "source": "nyc_311_soda_76ig-c548", "hazard": "pluvial_311", "official_identity_verified": true}, "geometry": {"type": "Point", "coordinates": [-74.00294437268523, 40.73414114314084]}}, {"type": "Feature", "properties": {"unique_key": "21488924", "complaint_type": "Sewer", "descriptor": "Street Flooding (SJ)", "created_date": "2011-09-21T18:27:00.000", "agency": "DEP", "incident_address": "23 WEST 45 STREET", "borough": "MANHATTAN", "source": "nyc_311_soda_76ig-c548", "hazard": "pluvial_311", "official_identity_verified": true}, "geometry": {"type": "Point", "coordinates": [-73.98046913170026, 40.75583128138911]}}, {"type": "Feature", "properties": {"unique_key": "21495514", "complaint_type": "Sewer", "descriptor": "Street Flooding (SJ)", "created_date": "2011-09-22T15:45:00.000", "agency": "DEP", "incident_address": "672 8 AVENUE", "borough": "MANHATTAN", "source": "nyc_311_soda_76ig-c548", "hazard": "pluvial_311", "official_identity_verified": true}, "geometry": {"type": "Point", "coordinates": [-73.98947809460088, 40.75764398826698]}}, {"type": "Feature", "properties": {"unique_key": "21496532", "complaint_type": "Sewer", "descriptor": "Street Flooding (SJ)", "created_date": "2011-09-22T15:16:00.000", "agency": "DEP", "incident_address": "686 8 AVENUE", "borough": "MANHATTAN", "source": "nyc_311_soda_76ig-c548", "hazard": "pluvial_311", "official_identity_verified": true}, "geometry": {"type": "Point", "coordinates": [-73.98909900453876, 40.758162709740304]}}, {"type": "Feature", "properties": {"unique_key": "21520242", "complaint_type": "Sewer", "descriptor": "Street Flooding (SJ)", "created_date": "2011-09-26T11:10:00.000", "agency": "DEP", "incident_address": "135 RIVINGTON STREET", "borough": "MANHATTAN", "source": "nyc_311_soda_76ig-c548", "hazard": "pluvial_311", "official_identity_verified": true}, "geometry": {"type": "Point", "coordinates": [-73.98646102604197, 40.71949710837825]}}, {"type": "Feature", "properties": {"unique_key": "21551637", "complaint_type": "Sewer", "descriptor": "Street Flooding (SJ)", "created_date": "2011-09-29T22:25:00.000", "agency": "DEP", "incident_address": "720 7 AVENUE", "borough": "MANHATTAN", "source": "nyc_311_soda_76ig-c548", "hazard": "pluvial_311", "official_identity_verified": true}, "geometry": {"type": "Point", "coordinates": [-73.98425093453514, 40.75975135583481]}}, {"type": "Feature", "properties": {"unique_key": "21554343", "complaint_type": "Sewer", "descriptor": "Street Flooding (SJ)", "created_date": "2011-09-30T15:55:00.000", "agency": "DEP", "incident_address": null, "borough": "MANHATTAN", "source": "nyc_311_soda_76ig-c548", "hazard": "pluvial_311", "official_identity_verified": true}, "geometry": {"type": "Point", "coordinates": [-73.98090380371781, 40.73788618552128]}}, {"type": "Feature", "properties": {"unique_key": "21555188", "complaint_type": "Sewer", "descriptor": "Street Flooding (SJ)", "created_date": "2011-09-30T15:58:00.000", "agency": "DEP", "incident_address": null, "borough": "MANHATTAN", "source": "nyc_311_soda_76ig-c548", "hazard": "pluvial_311", "official_identity_verified": true}, "geometry": {"type": "Point", "coordinates": [-73.97907711363953, 40.740394571450025]}}, {"type": "Feature", "properties": {"unique_key": "21556851", "complaint_type": "Sewer", "descriptor": "Street Flooding (SJ)", "created_date": "2011-09-30T15:52:00.000", "agency": "DEP", "incident_address": null, "borough": "MANHATTAN", "source": "nyc_311_soda_76ig-c548", "hazard": "pluvial_311", "official_identity_verified": true}, "geometry": {"type": "Point", "coordinates": [-73.97805319609124, 40.737553562500736]}}, {"type": "Feature", "properties": {"unique_key": "21585969", "complaint_type": "Sewer", "descriptor": "Street Flooding (SJ)", "created_date": "2011-10-05T16:31:00.000", "agency": "DEP", "incident_address": "7 EAST 17 STREET", "borough": "MANHATTAN", "source": "nyc_311_soda_76ig-c548", "hazard": "pluvial_311", "official_identity_verified": true}, "geometry": {"type": "Point", "coordinates": [-73.99160304143915, 40.73767062720264]}}, {"type": "Feature", "properties": {"unique_key": "21608116", "complaint_type": "Sewer", "descriptor": "Street Flooding (SJ)", "created_date": "2011-10-08T18:50:00.000", "agency": "DEP", "incident_address": "35 WEST 15 STREET", "borough": "MANHATTAN", "source": "nyc_311_soda_76ig-c548", "hazard": "pluvial_311", "official_identity_verified": true}, "geometry": {"type": "Point", "coordinates": [-73.9943780082964, 40.73722889094043]}}, {"type": "Feature", "properties": {"unique_key": "21617610", "complaint_type": "Sewer", "descriptor": "Street Flooding (SJ)", "created_date": "2011-10-10T19:57:00.000", "agency": "DEP", "incident_address": null, "borough": "MANHATTAN", "source": "nyc_311_soda_76ig-c548", "hazard": "pluvial_311", "official_identity_verified": true}, "geometry": {"type": "Point", "coordinates": [-74.00246793569633, 40.73032320076338]}}, {"type": "Feature", "properties": {"unique_key": "21661323", "complaint_type": "Sewer", "descriptor": "Street Flooding (SJ)", "created_date": "2011-10-14T13:11:00.000", "agency": "DEP", "incident_address": "415 EAST 37 STREET", "borough": "MANHATTAN", "source": "nyc_311_soda_76ig-c548", "hazard": "pluvial_311", "official_identity_verified": true}, "geometry": {"type": "Point", "coordinates": [-73.97182156356341, 40.745564134827085]}}, {"type": "Feature", "properties": {"unique_key": "21661330", "complaint_type": "Sewer", "descriptor": "Street Flooding (SJ)", "created_date": "2011-10-14T15:36:00.000", "agency": "DEP", "incident_address": "74 BROAD STREET", "borough": "MANHATTAN", "source": "nyc_311_soda_76ig-c548", "hazard": "pluvial_311", "official_identity_verified": true}, "geometry": {"type": "Point", "coordinates": [-74.01157030525977, 40.70465090522137]}}, {"type": "Feature", "properties": {"unique_key": "21682503", "complaint_type": "Sewer", "descriptor": "Street Flooding (SJ)", "created_date": "2011-10-18T19:59:00.000", "agency": "DEP", "incident_address": null, "borough": "MANHATTAN", "source": "nyc_311_soda_76ig-c548", "hazard": "pluvial_311", "official_identity_verified": true}, "geometry": {"type": "Point", "coordinates": [-73.98797177444611, 40.72391359257348]}}, {"type": "Feature", "properties": {"unique_key": "21692519", "complaint_type": "Sewer", "descriptor": "Street Flooding (SJ)", "created_date": "2011-10-19T10:56:00.000", "agency": "DEP", "incident_address": "215 EAST 4 STREET", "borough": "MANHATTAN", "source": "nyc_311_soda_76ig-c548", "hazard": "pluvial_311", "official_identity_verified": true}, "geometry": {"type": "Point", "coordinates": [-73.98358479717325, 40.72374287572315]}}, {"type": "Feature", "properties": {"unique_key": "21693543", "complaint_type": "Sewer", "descriptor": "Street Flooding (SJ)", "created_date": "2011-10-19T10:48:00.000", "agency": "DEP", "incident_address": null, "borough": "MANHATTAN", "source": "nyc_311_soda_76ig-c548", "hazard": "pluvial_311", "official_identity_verified": true}, "geometry": {"type": "Point", "coordinates": [-74.00510668394942, 40.74640187237436]}}, {"type": "Feature", "properties": {"unique_key": "21693593", "complaint_type": "Sewer", "descriptor": "Street Flooding (SJ)", "created_date": "2011-10-19T17:31:00.000", "agency": "DEP", "incident_address": null, "borough": "MANHATTAN", "source": "nyc_311_soda_76ig-c548", "hazard": "pluvial_311", "official_identity_verified": true}, "geometry": {"type": "Point", "coordinates": [-74.00132810047559, 40.74648980989585]}}, {"type": "Feature", "properties": {"unique_key": "21699267", "complaint_type": "Sewer", "descriptor": "Street Flooding (SJ)", "created_date": "2011-10-20T11:20:00.000", "agency": "DEP", "incident_address": "424 EAST 9 STREET", "borough": "MANHATTAN", "source": "nyc_311_soda_76ig-c548", "hazard": "pluvial_311", "official_identity_verified": true}, "geometry": {"type": "Point", "coordinates": [-73.98416105264528, 40.72787656048934]}}, {"type": "Feature", "properties": {"unique_key": "21747043", "complaint_type": "Sewer", "descriptor": "Street Flooding (SJ)", "created_date": "2011-10-27T15:32:00.000", "agency": "DEP", "incident_address": null, "borough": "MANHATTAN", "source": "nyc_311_soda_76ig-c548", "hazard": "pluvial_311", "official_identity_verified": true}, "geometry": {"type": "Point", "coordinates": [-73.98085044954946, 40.74775081013395]}}, {"type": "Feature", "properties": {"unique_key": "21749396", "complaint_type": "Sewer", "descriptor": "Street Flooding (SJ)", "created_date": "2011-10-27T13:20:00.000", "agency": "DEP", "incident_address": null, "borough": "MANHATTAN", "source": "nyc_311_soda_76ig-c548", "hazard": "pluvial_311", "official_identity_verified": true}, "geometry": {"type": "Point", "coordinates": [-73.99034191604916, 40.72493212081157]}}, {"type": "Feature", "properties": {"unique_key": "21769218", "complaint_type": "Sewer", "descriptor": "Street Flooding (SJ)", "created_date": "2011-10-29T16:30:00.000", "agency": "DEP", "incident_address": "205 EAST HOUSTON STREET", "borough": "MANHATTAN", "source": "nyc_311_soda_76ig-c548", "hazard": "pluvial_311", "official_identity_verified": true}, "geometry": {"type": "Point", "coordinates": [-73.98725049618227, 40.722497219856244]}}, {"type": "Feature", "properties": {"unique_key": "21881501", "complaint_type": "Sewer", "descriptor": "Street Flooding (SJ)", "created_date": "2011-11-14T16:43:00.000", "agency": "DEP", "incident_address": "58 HENRY STREET", "borough": "MANHATTAN", "source": "nyc_311_soda_76ig-c548", "hazard": "pluvial_311", "official_identity_verified": true}, "geometry": {"type": "Point", "coordinates": [-73.99507984300583, 40.712959779783304]}}, {"type": "Feature", "properties": {"unique_key": "21898618", "complaint_type": "Sewer", "descriptor": "Street Flooding (SJ)", "created_date": "2011-11-16T18:27:00.000", "agency": "DEP", "incident_address": null, "borough": "MANHATTAN", "source": "nyc_311_soda_76ig-c548", "hazard": "pluvial_311", "official_identity_verified": true}, "geometry": {"type": "Point", "coordinates": [-74.00098843369604, 40.71793064247224]}}, {"type": "Feature", "properties": {"unique_key": "21918657", "complaint_type": "Sewer", "descriptor": "Street Flooding (SJ)", "created_date": "2011-11-18T16:08:00.000", "agency": "DEP", "incident_address": "453 BROOME STREET", "borough": "MANHATTAN", "source": "nyc_311_soda_76ig-c548", "hazard": "pluvial_311", "official_identity_verified": true}, "geometry": {"type": "Point", "coordinates": [-74.00077564583744, 40.72223168159443]}}, {"type": "Feature", "properties": {"unique_key": "21939813", "complaint_type": "Sewer", "descriptor": "Street Flooding (SJ)", "created_date": "2011-11-22T17:53:00.000", "agency": "DEP", "incident_address": null, "borough": "MANHATTAN", "source": "nyc_311_soda_76ig-c548", "hazard": "pluvial_311", "official_identity_verified": true}, "geometry": {"type": "Point", "coordinates": [-73.99034191604916, 40.72493212081157]}}, {"type": "Feature", "properties": {"unique_key": "21941802", "complaint_type": "Sewer", "descriptor": "Street Flooding (SJ)", "created_date": "2011-11-22T12:41:00.000", "agency": "DEP", "incident_address": "17 ALLEN STREET", "borough": "MANHATTAN", "source": "nyc_311_soda_76ig-c548", "hazard": "pluvial_311", "official_identity_verified": true}, "geometry": {"type": "Point", "coordinates": [-73.99241028866567, 40.71525151041152]}}, {"type": "Feature", "properties": {"unique_key": "21980976", "complaint_type": "Sewer", "descriptor": "Street Flooding (SJ)", "created_date": "2011-11-29T23:17:00.000", "agency": "DEP", "incident_address": "501 WEST 42 STREET", "borough": "MANHATTAN", "source": "nyc_311_soda_76ig-c548", "hazard": "pluvial_311", "official_identity_verified": true}, "geometry": {"type": "Point", "coordinates": [-73.9955817474978, 40.759680984288686]}}, {"type": "Feature", "properties": {"unique_key": "22278228", "complaint_type": "Sewer", "descriptor": "Street Flooding (SJ)", "created_date": "2011-12-07T10:16:00.000", "agency": "DEP", "incident_address": null, "borough": "MANHATTAN", "source": "nyc_311_soda_76ig-c548", "hazard": "pluvial_311", "official_identity_verified": true}, "geometry": {"type": "Point", "coordinates": [-73.9908182365698, 40.724273417997736]}}, {"type": "Feature", "properties": {"unique_key": "22391573", "complaint_type": "Sewer", "descriptor": "Street Flooding (SJ)", "created_date": "2011-12-25T12:17:00.000", "agency": "DEP", "incident_address": null, "borough": "MANHATTAN", "source": "nyc_311_soda_76ig-c548", "hazard": "pluvial_311", "official_identity_verified": true}, "geometry": {"type": "Point", "coordinates": [-73.98255460051172, 40.731351188882584]}}, {"type": "Feature", "properties": {"unique_key": "22411064", "complaint_type": "Sewer", "descriptor": "Street Flooding (SJ)", "created_date": "2011-12-28T17:41:00.000", "agency": "DEP", "incident_address": null, "borough": "MANHATTAN", "source": "nyc_311_soda_76ig-c548", "hazard": "pluvial_311", "official_identity_verified": true}, "geometry": {"type": "Point", "coordinates": [-73.99280410305454, 40.742910439074564]}}, {"type": "Feature", "properties": {"unique_key": "22437225", "complaint_type": "Sewer", "descriptor": "Street Flooding (SJ)", "created_date": "2012-01-03T14:48:00.000", "agency": "DEP", "incident_address": "1385 BROADWAY", "borough": "MANHATTAN", "source": "nyc_311_soda_76ig-c548", "hazard": "pluvial_311", "official_identity_verified": true}, "geometry": {"type": "Point", "coordinates": [-73.98738910435912, 40.75261265969699]}}, {"type": "Feature", "properties": {"unique_key": "22441904", "complaint_type": "Sewer", "descriptor": "Street Flooding (SJ)", "created_date": "2012-01-03T12:04:00.000", "agency": "DEP", "incident_address": null, "borough": "MANHATTAN", "source": "nyc_311_soda_76ig-c548", "hazard": "pluvial_311", "official_identity_verified": true}, "geometry": {"type": "Point", "coordinates": [-74.0083798731041, 40.71658815403385]}}, {"type": "Feature", "properties": {"unique_key": "22503365", "complaint_type": "Sewer", "descriptor": "Street Flooding (SJ)", "created_date": "2012-01-12T09:47:00.000", "agency": "DEP", "incident_address": null, "borough": "MANHATTAN", "source": "nyc_311_soda_76ig-c548", "hazard": "pluvial_311", "official_identity_verified": true}, "geometry": {"type": "Point", "coordinates": [-73.97902527873018, 40.7560313939548]}}, {"type": "Feature", "properties": {"unique_key": "22503392", "complaint_type": "Sewer", "descriptor": "Street Flooding (SJ)", "created_date": "2012-01-12T13:31:00.000", "agency": "DEP", "incident_address": null, "borough": "MANHATTAN", "source": "nyc_311_soda_76ig-c548", "hazard": "pluvial_311", "official_identity_verified": true}, "geometry": {"type": "Point", "coordinates": [-73.97080474756751, 40.7517477996247]}}, {"type": "Feature", "properties": {"unique_key": "22506010", "complaint_type": "Sewer", "descriptor": "Street Flooding (SJ)", "created_date": "2012-01-12T05:21:00.000", "agency": "DEP", "incident_address": null, "borough": "MANHATTAN", "source": "nyc_311_soda_76ig-c548", "hazard": "pluvial_311", "official_identity_verified": true}, "geometry": {"type": "Point", "coordinates": [-73.98820001110087, 40.71855584723336]}}, {"type": "Feature", "properties": {"unique_key": "22537367", "complaint_type": "Sewer", "descriptor": "Street Flooding (SJ)", "created_date": "2012-01-17T13:23:00.000", "agency": "DEP", "incident_address": "1370 BROADWAY", "borough": "MANHATTAN", "source": "nyc_311_soda_76ig-c548", "hazard": "pluvial_311", "official_identity_verified": true}, "geometry": {"type": "Point", "coordinates": [-73.98750470802945, 40.75204725445699]}}, {"type": "Feature", "properties": {"unique_key": "22540425", "complaint_type": "Sewer", "descriptor": "Street Flooding (SJ)", "created_date": "2012-01-17T10:51:00.000", "agency": "DEP", "incident_address": null, "borough": "MANHATTAN", "source": "nyc_311_soda_76ig-c548", "hazard": "pluvial_311", "official_identity_verified": true}, "geometry": {"type": "Point", "coordinates": [-73.9916333785805, 40.754707287552556]}}, {"type": "Feature", "properties": {"unique_key": "22556851", "complaint_type": "Sewer", "descriptor": "Street Flooding (SJ)", "created_date": "2012-01-19T13:15:00.000", "agency": "DEP", "incident_address": null, "borough": "MANHATTAN", "source": "nyc_311_soda_76ig-c548", "hazard": "pluvial_311", "official_identity_verified": true}, "geometry": {"type": "Point", "coordinates": [-73.99156182379805, 40.74970635362618]}}, {"type": "Feature", "properties": {"unique_key": "22648028", "complaint_type": "Sewer", "descriptor": "Street Flooding (SJ)", "created_date": "2012-02-03T12:14:00.000", "agency": "DEP", "incident_address": null, "borough": "MANHATTAN", "source": "nyc_311_soda_76ig-c548", "hazard": "pluvial_311", "official_identity_verified": true}, "geometry": {"type": "Point", "coordinates": [-73.98493484247116, 40.73637716939731]}}, {"type": "Feature", "properties": {"unique_key": "22675462", "complaint_type": "Sewer", "descriptor": "Street Flooding (SJ)", "created_date": "2012-02-08T09:42:00.000", "agency": "DEP", "incident_address": null, "borough": "MANHATTAN", "source": "nyc_311_soda_76ig-c548", "hazard": "pluvial_311", "official_identity_verified": true}, "geometry": {"type": "Point", "coordinates": [-73.99647524407254, 40.72368635200795]}}, {"type": "Feature", "properties": {"unique_key": "22714593", "complaint_type": "Sewer", "descriptor": "Street Flooding (SJ)", "created_date": "2012-02-14T12:51:00.000", "agency": "DEP", "incident_address": null, "borough": "MANHATTAN", "source": "nyc_311_soda_76ig-c548", "hazard": "pluvial_311", "official_identity_verified": true}, "geometry": {"type": "Point", "coordinates": [-73.98797177444611, 40.72391359257348]}}, {"type": "Feature", "properties": {"unique_key": "22750615", "complaint_type": "Sewer", "descriptor": "Street Flooding (SJ)", "created_date": "2012-02-21T10:00:00.000", "agency": "DEP", "incident_address": null, "borough": "MANHATTAN", "source": "nyc_311_soda_76ig-c548", "hazard": "pluvial_311", "official_identity_verified": true}, "geometry": {"type": "Point", "coordinates": [-73.998487869284, 40.74529309693587]}}, {"type": "Feature", "properties": {"unique_key": "22770271", "complaint_type": "Sewer", "descriptor": "Street Flooding (SJ)", "created_date": "2012-02-24T14:13:00.000", "agency": "DEP", "incident_address": null, "borough": "MANHATTAN", "source": "nyc_311_soda_76ig-c548", "hazard": "pluvial_311", "official_identity_verified": true}, "geometry": {"type": "Point", "coordinates": [-73.98064518430348, 40.73377999149737]}}, {"type": "Feature", "properties": {"unique_key": "22812440", "complaint_type": "Sewer", "descriptor": "Street Flooding (SJ)", "created_date": "2012-03-03T10:46:00.000", "agency": "DEP", "incident_address": null, "borough": "MANHATTAN", "source": "nyc_311_soda_76ig-c548", "hazard": "pluvial_311", "official_identity_verified": true}, "geometry": {"type": "Point", "coordinates": [-73.97805319609124, 40.737553562500736]}}, {"type": "Feature", "properties": {"unique_key": "22813318", "complaint_type": "Sewer", "descriptor": "Street Flooding (SJ)", "created_date": "2012-03-03T16:22:00.000", "agency": "DEP", "incident_address": null, "borough": "MANHATTAN", "source": "nyc_311_soda_76ig-c548", "hazard": "pluvial_311", "official_identity_verified": true}, "geometry": {"type": "Point", "coordinates": [-73.97162018437542, 40.74387331944935]}}, {"type": "Feature", "properties": {"unique_key": "22959376", "complaint_type": "Sewer", "descriptor": "Street Flooding (SJ)", "created_date": "2012-03-27T10:35:00.000", "agency": "DEP", "incident_address": "620 6 AVENUE", "borough": "MANHATTAN", "source": "nyc_311_soda_76ig-c548", "hazard": "pluvial_311", "official_identity_verified": true}, "geometry": {"type": "Point", "coordinates": [-73.99484327983828, 40.7400807101446]}}, {"type": "Feature", "properties": {"unique_key": "22963927", "complaint_type": "Sewer", "descriptor": "Street Flooding (SJ)", "created_date": "2012-03-28T15:11:00.000", "agency": "DEP", "incident_address": null, "borough": "MANHATTAN", "source": "nyc_311_soda_76ig-c548", "hazard": "pluvial_311", "official_identity_verified": true}, "geometry": {"type": "Point", "coordinates": [-73.97811527626749, 40.75728557318907]}}, {"type": "Feature", "properties": {"unique_key": "22970103", "complaint_type": "Sewer", "descriptor": "Street Flooding (SJ)", "created_date": "2012-03-29T09:48:00.000", "agency": "DEP", "incident_address": "47 WEST   27 STREET", "borough": "MANHATTAN", "source": "nyc_311_soda_76ig-c548", "hazard": "pluvial_311", "official_identity_verified": true}, "geometry": {"type": "Point", "coordinates": [-73.98969664151036, 40.74489191256202]}}, {"type": "Feature", "properties": {"unique_key": "23001734", "complaint_type": "Sewer", "descriptor": "Street Flooding (SJ)", "created_date": "2012-04-04T17:32:00.000", "agency": "DEP", "incident_address": "256 WEST   36 STREET", "borough": "MANHATTAN", "source": "nyc_311_soda_76ig-c548", "hazard": "pluvial_311", "official_identity_verified": true}, "geometry": {"type": "Point", "coordinates": [-73.99125823258777, 40.752931408913774]}}, {"type": "Feature", "properties": {"unique_key": "23101505", "complaint_type": "Sewer", "descriptor": "Street Flooding (SJ)", "created_date": "2012-04-22T14:41:00.000", "agency": "DEP", "incident_address": null, "borough": "MANHATTAN", "source": "nyc_311_soda_76ig-c548", "hazard": "pluvial_311", "official_identity_verified": true}, "geometry": {"type": "Point", "coordinates": [-74.00510668394942, 40.74640187237436]}}, {"type": "Feature", "properties": {"unique_key": "23101942", "complaint_type": "Sewer", "descriptor": "Street Flooding (SJ)", "created_date": "2012-04-22T22:32:00.000", "agency": "DEP", "incident_address": null, "borough": "MANHATTAN", "source": "nyc_311_soda_76ig-c548", "hazard": "pluvial_311", "official_identity_verified": true}, "geometry": {"type": "Point", "coordinates": [-73.98064518430348, 40.73377999149737]}}, {"type": "Feature", "properties": {"unique_key": "23130910", "complaint_type": "Sewer", "descriptor": "Street Flooding (SJ)", "created_date": "2012-04-27T16:43:00.000", "agency": "DEP", "incident_address": "508 EAST   11 STREET", "borough": "MANHATTAN", "source": "nyc_311_soda_76ig-c548", "hazard": "pluvial_311", "official_identity_verified": true}, "geometry": {"type": "Point", "coordinates": [-73.9813142709326, 40.72823569676806]}}, {"type": "Feature", "properties": {"unique_key": "23151405", "complaint_type": "Sewer", "descriptor": "Street Flooding (SJ)", "created_date": "2012-05-01T07:51:00.000", "agency": "DEP", "incident_address": null, "borough": "MANHATTAN", "source": "nyc_311_soda_76ig-c548", "hazard": "pluvial_311", "official_identity_verified": true}, "geometry": {"type": "Point", "coordinates": [-73.98064518430348, 40.73377999149737]}}, {"type": "Feature", "properties": {"unique_key": "23151430", "complaint_type": "Sewer", "descriptor": "Street Flooding (SJ)", "created_date": "2012-05-01T11:03:00.000", "agency": "DEP", "incident_address": "201 EAST   33 STREET", "borough": "MANHATTAN", "source": "nyc_311_soda_76ig-c548", "hazard": "pluvial_311", "official_identity_verified": true}, "geometry": {"type": "Point", "coordinates": [-73.9782636934084, 40.74492051459423]}}, {"type": "Feature", "properties": {"unique_key": "23152232", "complaint_type": "Sewer", "descriptor": "Street Flooding (SJ)", "created_date": "2012-05-01T07:51:00.000", "agency": "DEP", "incident_address": "315 1 AVENUE", "borough": "MANHATTAN", "source": "nyc_311_soda_76ig-c548", "hazard": "pluvial_311", "official_identity_verified": true}, "geometry": {"type": "Point", "coordinates": [-73.98056937440188, 40.73390349266078]}}, {"type": "Feature", "properties": {"unique_key": "23153843", "complaint_type": "Sewer", "descriptor": "Street Flooding (SJ)", "created_date": "2012-05-01T10:21:00.000", "agency": "DEP", "incident_address": "47 3 AVENUE", "borough": "MANHATTAN", "source": "nyc_311_soda_76ig-c548", "hazard": "pluvial_311", "official_identity_verified": true}, "geometry": {"type": "Point", "coordinates": [-73.98897719520127, 40.73080852129844]}}, {"type": "Feature", "properties": {"unique_key": "23153852", "complaint_type": "Sewer", "descriptor": "Street Flooding (SJ)", "created_date": "2012-05-01T11:47:00.000", "agency": "DEP", "incident_address": "519 HUDSON STREET", "borough": "MANHATTAN", "source": "nyc_311_soda_76ig-c548", "hazard": "pluvial_311", "official_identity_verified": true}, "geometry": {"type": "Point", "coordinates": [-74.00628563064242, 40.733847320571705]}}, {"type": "Feature", "properties": {"unique_key": "23157292", "complaint_type": "Sewer", "descriptor": "Street Flooding (SJ)", "created_date": "2012-05-01T13:24:00.000", "agency": "DEP", "incident_address": null, "borough": "MANHATTAN", "source": "nyc_311_soda_76ig-c548", "hazard": "pluvial_311", "official_identity_verified": true}, "geometry": {"type": "Point", "coordinates": [-73.9998520871173, 40.72179252277204]}}, {"type": "Feature", "properties": {"unique_key": "23202317", "complaint_type": "Sewer", "descriptor": "Street Flooding (SJ)", "created_date": "2012-05-09T08:13:00.000", "agency": "DEP", "incident_address": null, "borough": "MANHATTAN", "source": "nyc_311_soda_76ig-c548", "hazard": "pluvial_311", "official_identity_verified": true}, "geometry": {"type": "Point", "coordinates": [-73.97878610142489, 40.74768457445487]}}, {"type": "Feature", "properties": {"unique_key": "23208294", "complaint_type": "Sewer", "descriptor": "Street Flooding (SJ)", "created_date": "2012-05-10T15:38:00.000", "agency": "DEP", "incident_address": "203 WEST   28 STREET", "borough": "MANHATTAN", "source": "nyc_311_soda_76ig-c548", "hazard": "pluvial_311", "official_identity_verified": true}, "geometry": {"type": "Point", "coordinates": [-73.99382135729188, 40.74744207968947]}}, {"type": "Feature", "properties": {"unique_key": "23214446", "complaint_type": "Sewer", "descriptor": "Street Flooding (SJ)", "created_date": "2012-05-11T14:14:00.000", "agency": "DEP", "incident_address": "510 EAST   11 STREET", "borough": "MANHATTAN", "source": "nyc_311_soda_76ig-c548", "hazard": "pluvial_311", "official_identity_verified": true}, "geometry": {"type": "Point", "coordinates": [-73.98128180296732, 40.728221967714056]}}, {"type": "Feature", "properties": {"unique_key": "23268850", "complaint_type": "Sewer", "descriptor": "Street Flooding (SJ)", "created_date": "2012-05-21T15:13:00.000", "agency": "DEP", "incident_address": null, "borough": "MANHATTAN", "source": "nyc_311_soda_76ig-c548", "hazard": "pluvial_311", "official_identity_verified": true}, "geometry": {"type": "Point", "coordinates": [-73.97625168087505, 40.74002622677229]}}, {"type": "Feature", "properties": {"unique_key": "23273602", "complaint_type": "Sewer", "descriptor": "Street Flooding (SJ)", "created_date": "2012-05-22T07:01:00.000", "agency": "DEP", "incident_address": null, "borough": "MANHATTAN", "source": "nyc_311_soda_76ig-c548", "hazard": "pluvial_311", "official_identity_verified": true}, "geometry": {"type": "Point", "coordinates": [-74.00098843369604, 40.71793064247224]}}, {"type": "Feature", "properties": {"unique_key": "23275856", "complaint_type": "Sewer", "descriptor": "Street Flooding (SJ)", "created_date": "2012-05-22T14:46:00.000", "agency": "DEP", "incident_address": null, "borough": "MANHATTAN", "source": "nyc_311_soda_76ig-c548", "hazard": "pluvial_311", "official_identity_verified": true}, "geometry": {"type": "Point", "coordinates": [-74.0031713874068, 40.72766625995301]}}, {"type": "Feature", "properties": {"unique_key": "23281261", "complaint_type": "Sewer", "descriptor": "Street Flooding (SJ)", "created_date": "2012-05-22T15:34:00.000", "agency": "DEP", "incident_address": null, "borough": "MANHATTAN", "source": "nyc_311_soda_76ig-c548", "hazard": "pluvial_311", "official_identity_verified": true}, "geometry": {"type": "Point", "coordinates": [-73.99995671087599, 40.71801847902286]}}, {"type": "Feature", "properties": {"unique_key": "23282238", "complaint_type": "Sewer", "descriptor": "Street Flooding (SJ)", "created_date": "2012-05-23T17:55:00.000", "agency": "DEP", "incident_address": "40 EXCHANGE PLACE", "borough": "MANHATTAN", "source": "nyc_311_soda_76ig-c548", "hazard": "pluvial_311", "official_identity_verified": true}, "geometry": {"type": "Point", "coordinates": [-74.01028291064266, 40.705938321966826]}}, {"type": "Feature", "properties": {"unique_key": "23290246", "complaint_type": "Sewer", "descriptor": "Street Flooding (SJ)", "created_date": "2012-05-24T12:35:00.000", "agency": "DEP", "incident_address": null, "borough": "MANHATTAN", "source": "nyc_311_soda_76ig-c548", "hazard": "pluvial_311", "official_identity_verified": true}, "geometry": {"type": "Point", "coordinates": [-74.01255292828846, 40.71314584432086]}}, {"type": "Feature", "properties": {"unique_key": "23299393", "complaint_type": "Sewer", "descriptor": "Street Flooding (SJ)", "created_date": "2012-05-25T08:08:00.000", "agency": "DEP", "incident_address": null, "borough": "MANHATTAN", "source": "nyc_311_soda_76ig-c548", "hazard": "pluvial_311", "official_identity_verified": true}, "geometry": {"type": "Point", "coordinates": [-73.99248966793999, 40.71508134044143]}}, {"type": "Feature", "properties": {"unique_key": "23301050", "complaint_type": "Sewer", "descriptor": "Street Flooding (SJ)", "created_date": "2012-05-25T18:40:00.000", "agency": "DEP", "incident_address": null, "borough": "MANHATTAN", "source": "nyc_311_soda_76ig-c548", "hazard": "pluvial_311", "official_identity_verified": true}, "geometry": {"type": "Point", "coordinates": [-73.98797177444611, 40.72391359257348]}}, {"type": "Feature", "properties": {"unique_key": "23311616", "complaint_type": "Sewer", "descriptor": "Street Flooding (SJ)", "created_date": "2012-05-28T17:51:00.000", "agency": "DEP", "incident_address": null, "borough": "MANHATTAN", "source": "nyc_311_soda_76ig-c548", "hazard": "pluvial_311", "official_identity_verified": true}, "geometry": {"type": "Point", "coordinates": [-73.998487869284, 40.74529309693587]}}, {"type": "Feature", "properties": {"unique_key": "23347522", "complaint_type": "Sewer", "descriptor": "Street Flooding (SJ)", "created_date": "2012-06-02T16:53:00.000", "agency": "DEP", "incident_address": null, "borough": "MANHATTAN", "source": "nyc_311_soda_76ig-c548", "hazard": "pluvial_311", "official_identity_verified": true}, "geometry": {"type": "Point", "coordinates": [-73.97162018437542, 40.74387331944935]}}, {"type": "Feature", "properties": {"unique_key": "23356293", "complaint_type": "Sewer", "descriptor": "Street Flooding (SJ)", "created_date": "2012-06-04T13:44:00.000", "agency": "DEP", "incident_address": null, "borough": "MANHATTAN", "source": "nyc_311_soda_76ig-c548", "hazard": "pluvial_311", "official_identity_verified": true}, "geometry": {"type": "Point", "coordinates": [-73.99207740961194, 40.754092495854586]}}, {"type": "Feature", "properties": {"unique_key": "23356294", "complaint_type": "Sewer", "descriptor": "Street Flooding (SJ)", "created_date": "2012-06-04T13:13:00.000", "agency": "DEP", "incident_address": null, "borough": "MANHATTAN", "source": "nyc_311_soda_76ig-c548", "hazard": "pluvial_311", "official_identity_verified": true}, "geometry": {"type": "Point", "coordinates": [-73.99547346072606, 40.75962608520787]}}, {"type": "Feature", "properties": {"unique_key": "23400634", "complaint_type": "Sewer", "descriptor": "Street Flooding (SJ)", "created_date": "2012-06-11T08:57:00.000", "agency": "DEP", "incident_address": "519 HUDSON STREET", "borough": "MANHATTAN", "source": "nyc_311_soda_76ig-c548", "hazard": "pluvial_311", "official_identity_verified": true}, "geometry": {"type": "Point", "coordinates": [-74.00628563064242, 40.733847320571705]}}, {"type": "Feature", "properties": {"unique_key": "23404717", "complaint_type": "Sewer", "descriptor": "Street Flooding (SJ)", "created_date": "2012-06-12T18:18:00.000", "agency": "DEP", "incident_address": "40 WEST   17 STREET", "borough": "MANHATTAN", "source": "nyc_311_soda_76ig-c548", "hazard": "pluvial_311", "official_identity_verified": true}, "geometry": {"type": "Point", "coordinates": [-73.99360567544107, 40.73848869200169]}}, {"type": "Feature", "properties": {"unique_key": "23408998", "complaint_type": "Sewer", "descriptor": "Street Flooding (SJ)", "created_date": "2012-06-12T07:53:00.000", "agency": "DEP", "incident_address": "145 3 AVENUE", "borough": "MANHATTAN", "source": "nyc_311_soda_76ig-c548", "hazard": "pluvial_311", "official_identity_verified": true}, "geometry": {"type": "Point", "coordinates": [-73.9867431599283, 40.73387143183665]}}, {"type": "Feature", "properties": {"unique_key": "23417738", "complaint_type": "Sewer", "descriptor": "Street Flooding (SJ)", "created_date": "2012-06-13T08:26:00.000", "agency": "DEP", "incident_address": "22 WEST   26 STREET", "borough": "MANHATTAN", "source": "nyc_311_soda_76ig-c548", "hazard": "pluvial_311", "official_identity_verified": true}, "geometry": {"type": "Point", "coordinates": [-73.98960655305481, 40.744035542509266]}}, {"type": "Feature", "properties": {"unique_key": "23445257", "complaint_type": "Sewer", "descriptor": "Street Flooding (SJ)", "created_date": "2012-06-18T14:04:00.000", "agency": "DEP", "incident_address": "27 3 AVENUE", "borough": "MANHATTAN", "source": "nyc_311_soda_76ig-c548", "hazard": "pluvial_311", "official_identity_verified": true}, "geometry": {"type": "Point", "coordinates": [-73.98973145499056, 40.72975186023805]}}, {"type": "Feature", "properties": {"unique_key": "23446284", "complaint_type": "Sewer", "descriptor": "Street Flooding (SJ)", "created_date": "2012-06-18T14:06:00.000", "agency": "DEP", "incident_address": "95 EAST   10 STREET", "borough": "MANHATTAN", "source": "nyc_311_soda_76ig-c548", "hazard": "pluvial_311", "official_identity_verified": true}, "geometry": {"type": "Point", "coordinates": [-73.9893921180059, 40.73087717914658]}}, {"type": "Feature", "properties": {"unique_key": "23470389", "complaint_type": "Sewer", "descriptor": "Street Flooding (SJ)", "created_date": "2012-06-21T17:06:00.000", "agency": "DEP", "incident_address": "151 WEST   17 STREET", "borough": "MANHATTAN", "source": "nyc_311_soda_76ig-c548", "hazard": "pluvial_311", "official_identity_verified": true}, "geometry": {"type": "Point", "coordinates": [-73.99687855150695, 40.73988590592935]}}, {"type": "Feature", "properties": {"unique_key": "23505458", "complaint_type": "Sewer", "descriptor": "Street Flooding (SJ)", "created_date": "2012-06-27T17:44:00.000", "agency": "DEP", "incident_address": null, "borough": "MANHATTAN", "source": "nyc_311_soda_76ig-c548", "hazard": "pluvial_311", "official_identity_verified": true}, "geometry": {"type": "Point", "coordinates": [-73.99263277459292, 40.75842923013922]}}, {"type": "Feature", "properties": {"unique_key": "23591475", "complaint_type": "Sewer", "descriptor": "Street Flooding (SJ)", "created_date": "2012-07-10T15:18:00.000", "agency": "DEP", "incident_address": null, "borough": "MANHATTAN", "source": "nyc_311_soda_76ig-c548", "hazard": "pluvial_311", "official_identity_verified": true}, "geometry": {"type": "Point", "coordinates": [-73.98483656256414, 40.72426729609781]}}, {"type": "Feature", "properties": {"unique_key": "23611294", "complaint_type": "Sewer", "descriptor": "Street Flooding (SJ)", "created_date": "2012-07-13T14:17:00.000", "agency": "DEP", "incident_address": null, "borough": "MANHATTAN", "source": "nyc_311_soda_76ig-c548", "hazard": "pluvial_311", "official_identity_verified": true}, "geometry": {"type": "Point", "coordinates": [-74.00116543947316, 40.731775196703985]}}, {"type": "Feature", "properties": {"unique_key": "23641335", "complaint_type": "Sewer", "descriptor": "Street Flooding (SJ)", "created_date": "2012-07-18T15:36:00.000", "agency": "DEP", "incident_address": "50 WEST   24 STREET", "borough": "MANHATTAN", "source": "nyc_311_soda_76ig-c548", "hazard": "pluvial_311", "official_identity_verified": true}, "geometry": {"type": "Point", "coordinates": [-73.99080123267628, 40.74291304127145]}}, {"type": "Feature", "properties": {"unique_key": "23642343", "complaint_type": "Sewer", "descriptor": "Street Flooding (SJ)", "created_date": "2012-07-18T12:55:00.000", "agency": "DEP", "incident_address": null, "borough": "MANHATTAN", "source": "nyc_311_soda_76ig-c548", "hazard": "pluvial_311", "official_identity_verified": true}, "geometry": {"type": "Point", "coordinates": [-74.00116543947316, 40.731775196703985]}}, {"type": "Feature", "properties": {"unique_key": "23643300", "complaint_type": "Sewer", "descriptor": "Street Flooding (SJ)", "created_date": "2012-07-18T17:11:00.000", "agency": "DEP", "incident_address": null, "borough": "MANHATTAN", "source": "nyc_311_soda_76ig-c548", "hazard": "pluvial_311", "official_identity_verified": true}, "geometry": {"type": "Point", "coordinates": [-74.00376640056474, 40.72238532906574]}}, {"type": "Feature", "properties": {"unique_key": "23645112", "complaint_type": "Sewer", "descriptor": "Street Flooding (SJ)", "created_date": "2012-07-19T07:44:00.000", "agency": "DEP", "incident_address": "525 WEST STREET", "borough": "MANHATTAN", "source": "nyc_311_soda_76ig-c548", "hazard": "pluvial_311", "official_identity_verified": true}, "geometry": {"type": "Point", "coordinates": [-74.00966372957743, 40.73898526419177]}}, {"type": "Feature", "properties": {"unique_key": "23648619", "complaint_type": "Sewer", "descriptor": "Street Flooding (SJ)", "created_date": "2012-07-19T10:53:00.000", "agency": "DEP", "incident_address": "1 DOYERS STREET", "borough": "MANHATTAN", "source": "nyc_311_soda_76ig-c548", "hazard": "pluvial_311", "official_identity_verified": true}, "geometry": {"type": "Point", "coordinates": [-73.99763366724086, 40.714093447100595]}}, {"type": "Feature", "properties": {"unique_key": "23673601", "complaint_type": "Sewer", "descriptor": "Street Flooding (SJ)", "created_date": "2012-07-24T18:09:00.000", "agency": "DEP", "incident_address": null, "borough": "MANHATTAN", "source": "nyc_311_soda_76ig-c548", "hazard": "pluvial_311", "official_identity_verified": true}, "geometry": {"type": "Point", "coordinates": [-73.980744084693, 40.71618336885352]}}, {"type": "Feature", "properties": {"unique_key": "23692631", "complaint_type": "Sewer", "descriptor": "Street Flooding (SJ)", "created_date": "2012-07-26T14:23:00.000", "agency": "DEP", "incident_address": "365 PARK AVENUE SOUTH", "borough": "MANHATTAN", "source": "nyc_311_soda_76ig-c548", "hazard": "pluvial_311", "official_identity_verified": true}, "geometry": {"type": "Point", "coordinates": [-73.98487217321991, 40.74221799319669]}}, {"type": "Feature", "properties": {"unique_key": "23717876", "complaint_type": "Sewer", "descriptor": "Street Flooding (SJ)", "created_date": "2012-07-31T10:54:00.000", "agency": "DEP", "incident_address": "304 WEST   39 STREET", "borough": "MANHATTAN", "source": "nyc_311_soda_76ig-c548", "hazard": "pluvial_311", "official_identity_verified": true}, "geometry": {"type": "Point", "coordinates": [-73.99169102580728, 40.755536204915714]}}, {"type": "Feature", "properties": {"unique_key": "23727243", "complaint_type": "Sewer", "descriptor": "Street Flooding (SJ)", "created_date": "2012-08-01T12:42:00.000", "agency": "DEP", "incident_address": "1460 BROADWAY", "borough": "MANHATTAN", "source": "nyc_311_soda_76ig-c548", "hazard": "pluvial_311", "official_identity_verified": true}, "geometry": {"type": "Point", "coordinates": [-73.98642131391965, 40.75505537379265]}}, {"type": "Feature", "properties": {"unique_key": "23727244", "complaint_type": "Sewer", "descriptor": "Street Flooding (SJ)", "created_date": "2012-08-01T12:36:00.000", "agency": "DEP", "incident_address": "1514 BROADWAY", "borough": "MANHATTAN", "source": "nyc_311_soda_76ig-c548", "hazard": "pluvial_311", "official_identity_verified": true}, "geometry": {"type": "Point", "coordinates": [-73.98576751398342, 40.757360880883155]}}, {"type": "Feature", "properties": {"unique_key": "23734052", "complaint_type": "Sewer", "descriptor": "Street Flooding (SJ)", "created_date": "2012-08-02T12:48:00.000", "agency": "DEP", "incident_address": null, "borough": "MANHATTAN", "source": "nyc_311_soda_76ig-c548", "hazard": "pluvial_311", "official_identity_verified": true}, "geometry": {"type": "Point", "coordinates": [-73.9911785099207, 40.755330310892106]}}, {"type": "Feature", "properties": {"unique_key": "23744897", "complaint_type": "Sewer", "descriptor": "Street Flooding (SJ)", "created_date": "2012-08-04T19:03:00.000", "agency": "DEP", "incident_address": null, "borough": "MANHATTAN", "source": "nyc_311_soda_76ig-c548", "hazard": "pluvial_311", "official_identity_verified": true}, "geometry": {"type": "Point", "coordinates": [-73.98884266079277, 40.758533225689874]}}, {"type": "Feature", "properties": {"unique_key": "23778010", "complaint_type": "Sewer", "descriptor": "Street Flooding (SJ)", "created_date": "2012-08-10T13:26:00.000", "agency": "DEP", "incident_address": null, "borough": "MANHATTAN", "source": "nyc_311_soda_76ig-c548", "hazard": "pluvial_311", "official_identity_verified": true}, "geometry": {"type": "Point", "coordinates": [-73.98797177444611, 40.72391359257348]}}, {"type": "Feature", "properties": {"unique_key": "23807264", "complaint_type": "Sewer", "descriptor": "Street Flooding (SJ)", "created_date": "2012-08-15T18:43:00.000", "agency": "DEP", "incident_address": "211 EAST   13 STREET", "borough": "MANHATTAN", "source": "nyc_311_soda_76ig-c548", "hazard": "pluvial_311", "official_identity_verified": true}, "geometry": {"type": "Point", "coordinates": [-73.98718004548837, 40.732400293034004]}}, {"type": "Feature", "properties": {"unique_key": "23857783", "complaint_type": "Sewer", "descriptor": "Street Flooding (SJ)", "created_date": "2012-08-23T17:18:00.000", "agency": "DEP", "incident_address": null, "borough": "MANHATTAN", "source": "nyc_311_soda_76ig-c548", "hazard": "pluvial_311", "official_identity_verified": true}, "geometry": {"type": "Point", "coordinates": [-73.998487869284, 40.74529309693587]}}, {"type": "Feature", "properties": {"unique_key": "23882827", "complaint_type": "Sewer", "descriptor": "Street Flooding (SJ)", "created_date": "2012-08-28T07:24:00.000", "agency": "DEP", "incident_address": "JANE ST", "borough": "MANHATTAN", "source": "nyc_311_soda_76ig-c548", "hazard": "pluvial_311", "official_identity_verified": true}, "geometry": {"type": "Point", "coordinates": [-74.00386112737182, 40.73839548321892]}}, {"type": "Feature", "properties": {"unique_key": "23897790", "complaint_type": "Sewer", "descriptor": "Street Flooding (SJ)", "created_date": "2012-08-30T08:01:00.000", "agency": "DEP", "incident_address": null, "borough": "MANHATTAN", "source": "nyc_311_soda_76ig-c548", "hazard": "pluvial_311", "official_identity_verified": true}, "geometry": {"type": "Point", "coordinates": [-73.98994986610529, 40.71697228678662]}}, {"type": "Feature", "properties": {"unique_key": "23926509", "complaint_type": "Sewer", "descriptor": "Street Flooding (SJ)", "created_date": "2012-09-05T13:14:00.000", "agency": "DEP", "incident_address": null, "borough": "MANHATTAN", "source": "nyc_311_soda_76ig-c548", "hazard": "pluvial_311", "official_identity_verified": true}, "geometry": {"type": "Point", "coordinates": [-73.9941183677841, 40.735313040368794]}}, {"type": "Feature", "properties": {"unique_key": "24106057", "complaint_type": "Sewer", "descriptor": "Street Flooding (SJ)", "created_date": "2012-09-28T08:48:00.000", "agency": "DEP", "incident_address": null, "borough": "MANHATTAN", "source": "nyc_311_soda_76ig-c548", "hazard": "pluvial_311", "official_identity_verified": true}, "geometry": {"type": "Point", "coordinates": [-74.00863446734265, 40.73264222132682]}}, {"type": "Feature", "properties": {"unique_key": "24130730", "complaint_type": "Sewer", "descriptor": "Street Flooding (SJ)", "created_date": "2012-10-02T17:35:00.000", "agency": "DEP", "incident_address": null, "borough": "MANHATTAN", "source": "nyc_311_soda_76ig-c548", "hazard": "pluvial_311", "official_identity_verified": true}, "geometry": {"type": "Point", "coordinates": [-73.97860649327806, 40.74505781626459]}}, {"type": "Feature", "properties": {"unique_key": "24159924", "complaint_type": "Sewer", "descriptor": "Street Flooding (SJ)", "created_date": "2012-10-08T08:35:00.000", "agency": "DEP", "incident_address": null, "borough": "MANHATTAN", "source": "nyc_311_soda_76ig-c548", "hazard": "pluvial_311", "official_identity_verified": true}, "geometry": {"type": "Point", "coordinates": [-73.98085044954946, 40.74775081013395]}}, {"type": "Feature", "properties": {"unique_key": "24168247", "complaint_type": "Sewer", "descriptor": "Street Flooding (SJ)", "created_date": "2012-10-09T08:45:00.000", "agency": "DEP", "incident_address": null, "borough": "MANHATTAN", "source": "nyc_311_soda_76ig-c548", "hazard": "pluvial_311", "official_identity_verified": true}, "geometry": {"type": "Point", "coordinates": [-73.98674399475725, 40.71153733500604]}}, {"type": "Feature", "properties": {"unique_key": "24228535", "complaint_type": "Sewer", "descriptor": "Street Flooding (SJ)", "created_date": "2012-10-19T13:35:00.000", "agency": "DEP", "incident_address": null, "borough": "MANHATTAN", "source": "nyc_311_soda_76ig-c548", "hazard": "pluvial_311", "official_identity_verified": true}, "geometry": {"type": "Point", "coordinates": [-74.00311803396842, 40.744033224511604]}}, {"type": "Feature", "properties": {"unique_key": "24273491", "complaint_type": "Sewer", "descriptor": "Street Flooding (SJ)", "created_date": "2012-10-26T16:11:00.000", "agency": "DEP", "incident_address": "61 GRAND STREET", "borough": "MANHATTAN", "source": "nyc_311_soda_76ig-c548", "hazard": "pluvial_311", "official_identity_verified": true}, "geometry": {"type": "Point", "coordinates": [-74.00337676262929, 40.72218222904]}}, {"type": "Feature", "properties": {"unique_key": "24279386", "complaint_type": "Sewer", "descriptor": "Street Flooding (SJ)", "created_date": "2012-10-28T09:59:00.000", "agency": "DEP", "incident_address": "1540 BROADWAY", "borough": "MANHATTAN", "source": "nyc_311_soda_76ig-c548", "hazard": "pluvial_311", "official_identity_verified": true}, "geometry": {"type": "Point", "coordinates": [-73.98500939754636, 40.75784660453637]}}, {"type": "Feature", "properties": {"unique_key": "24279610", "complaint_type": "Sewer", "descriptor": "Street Flooding (SJ)", "created_date": "2012-10-28T10:18:00.000", "agency": "DEP", "incident_address": "1560 BROADWAY", "borough": "MANHATTAN", "source": "nyc_311_soda_76ig-c548", "hazard": "pluvial_311", "official_identity_verified": true}, "geometry": {"type": "Point", "coordinates": [-73.98484312622068, 40.758859393464085]}}, {"type": "Feature", "properties": {"unique_key": "24280391", "complaint_type": "Sewer", "descriptor": "Street Flooding (SJ)", "created_date": "2012-10-28T10:12:00.000", "agency": "DEP", "incident_address": "1535 BROADWAY", "borough": "MANHATTAN", "source": "nyc_311_soda_76ig-c548", "hazard": "pluvial_311", "official_identity_verified": true}, "geometry": {"type": "Point", "coordinates": [-73.98546772308859, 40.75826660917717]}}, {"type": "Feature", "properties": {"unique_key": "24280830", "complaint_type": "Sewer", "descriptor": "Street Flooding (SJ)", "created_date": "2012-10-28T09:46:00.000", "agency": "DEP", "incident_address": "1515 BROADWAY", "borough": "MANHATTAN", "source": "nyc_311_soda_76ig-c548", "hazard": "pluvial_311", "official_identity_verified": true}, "geometry": {"type": "Point", "coordinates": [-73.98580355106148, 40.75763535980379]}}, {"type": "Feature", "properties": {"unique_key": "24281102", "complaint_type": "Sewer", "descriptor": "Street Flooding (SJ)", "created_date": "2012-10-28T09:51:00.000", "agency": "DEP", "incident_address": "1501 BROADWAY", "borough": "MANHATTAN", "source": "nyc_311_soda_76ig-c548", "hazard": "pluvial_311", "official_identity_verified": true}, "geometry": {"type": "Point", "coordinates": [-73.98619349526301, 40.757102926709656]}}, {"type": "Feature", "properties": {"unique_key": "24287839", "complaint_type": "Sewer", "descriptor": "Street Flooding (SJ)", "created_date": "2012-10-29T11:19:00.000", "agency": "DEP", "incident_address": "59 MAIDEN LANE", "borough": "MANHATTAN", "source": "nyc_311_soda_76ig-c548", "hazard": "pluvial_311", "official_identity_verified": true}, "geometry": {"type": "Point", "coordinates": [-74.0082309440472, 40.708266046703514]}}, {"type": "Feature", "properties": {"unique_key": "24292591", "complaint_type": "Sewer", "descriptor": "Street Flooding (SJ)", "created_date": "2012-10-30T05:37:00.000", "agency": "DEP", "incident_address": "242 EAST    7 STREET", "borough": "MANHATTAN", "source": "nyc_311_soda_76ig-c548", "hazard": "pluvial_311", "official_identity_verified": true}, "geometry": {"type": "Point", "coordinates": [-73.9782128583021, 40.72379962444798]}}, {"type": "Feature", "properties": {"unique_key": "24293716", "complaint_type": "Sewer", "descriptor": "Street Flooding (SJ)", "created_date": "2012-10-30T18:56:00.000", "agency": "DEP", "incident_address": "520 WEST   19 STREET", "borough": "MANHATTAN", "source": "nyc_311_soda_76ig-c548", "hazard": "pluvial_311", "official_identity_verified": true}, "geometry": {"type": "Point", "coordinates": [-74.00685334003391, 40.745600314905744]}}, {"type": "Feature", "properties": {"unique_key": "24311808", "complaint_type": "Sewer", "descriptor": "Street Flooding (SJ)", "created_date": "2012-11-02T11:01:00.000", "agency": "DEP", "incident_address": "288 WEST STREET", "borough": "MANHATTAN", "source": "nyc_311_soda_76ig-c548", "hazard": "pluvial_311", "official_identity_verified": true}, "geometry": {"type": "Point", "coordinates": [-74.01125630419142, 40.72472062934354]}}, {"type": "Feature", "properties": {"unique_key": "24346622", "complaint_type": "Sewer", "descriptor": "Street Flooding (SJ)", "created_date": "2012-11-06T17:21:00.000", "agency": "DEP", "incident_address": "70 7 AVENUE", "borough": "MANHATTAN", "source": "nyc_311_soda_76ig-c548", "hazard": "pluvial_311", "official_identity_verified": true}, "geometry": {"type": "Point", "coordinates": [-73.9994442821283, 40.73890058099023]}}, {"type": "Feature", "properties": {"unique_key": "24381197", "complaint_type": "Sewer", "descriptor": "Street Flooding (SJ)", "created_date": "2012-11-10T14:27:00.000", "agency": "DEP", "incident_address": "15 WOOSTER STREET", "borough": "MANHATTAN", "source": "nyc_311_soda_76ig-c548", "hazard": "pluvial_311", "official_identity_verified": true}, "geometry": {"type": "Point", "coordinates": [-74.003434447867, 40.721460355861865]}}, {"type": "Feature", "properties": {"unique_key": "24446082", "complaint_type": "Sewer", "descriptor": "Street Flooding (SJ)", "created_date": "2012-11-20T01:35:00.000", "agency": "DEP", "incident_address": null, "borough": "MANHATTAN", "source": "nyc_311_soda_76ig-c548", "hazard": "pluvial_311", "official_identity_verified": true}, "geometry": {"type": "Point", "coordinates": [-74.00105398616749, 40.757065322824154]}}, {"type": "Feature", "properties": {"unique_key": "24481381", "complaint_type": "Sewer", "descriptor": "Street Flooding (SJ)", "created_date": "2012-11-27T17:31:00.000", "agency": "DEP", "incident_address": null, "borough": "MANHATTAN", "source": "nyc_311_soda_76ig-c548", "hazard": "pluvial_311", "official_identity_verified": true}, "geometry": {"type": "Point", "coordinates": [-74.00732049196499, 40.72732846589319]}}, {"type": "Feature", "properties": {"unique_key": "24483409", "complaint_type": "Sewer", "descriptor": "Street Flooding (SJ)", "created_date": "2012-11-27T11:53:00.000", "agency": "DEP", "incident_address": null, "borough": "MANHATTAN", "source": "nyc_311_soda_76ig-c548", "hazard": "pluvial_311", "official_identity_verified": true}, "geometry": {"type": "Point", "coordinates": [-73.98901164934453, 40.718794721647406]}}, {"type": "Feature", "properties": {"unique_key": "24484431", "complaint_type": "Sewer", "descriptor": "Street Flooding (SJ)", "created_date": "2012-11-27T16:23:00.000", "agency": "DEP", "incident_address": "100 7 AVENUE", "borough": "MANHATTAN", "source": "nyc_311_soda_76ig-c548", "hazard": "pluvial_311", "official_identity_verified": true}, "geometry": {"type": "Point", "coordinates": [-73.99865759494736, 40.73997377245845]}}, {"type": "Feature", "properties": {"unique_key": "24493486", "complaint_type": "Sewer", "descriptor": "Street Flooding (SJ)", "created_date": "2012-11-28T10:07:00.000", "agency": "DEP", "incident_address": null, "borough": "MANHATTAN", "source": "nyc_311_soda_76ig-c548", "hazard": "pluvial_311", "official_identity_verified": true}, "geometry": {"type": "Point", "coordinates": [-73.99032932220675, 40.73713255577926]}}, {"type": "Feature", "properties": {"unique_key": "24580258", "complaint_type": "Sewer", "descriptor": "Street Flooding (SJ)", "created_date": "2012-12-12T09:35:00.000", "agency": "DEP", "incident_address": null, "borough": "MANHATTAN", "source": "nyc_311_soda_76ig-c548", "hazard": "pluvial_311", "official_identity_verified": true}, "geometry": {"type": "Point", "coordinates": [-73.98245420652424, 40.74264583131978]}}, {"type": "Feature", "properties": {"unique_key": "24585791", "complaint_type": "Sewer", "descriptor": "Street Flooding (SJ)", "created_date": "2012-12-12T08:05:00.000", "agency": "DEP", "incident_address": null, "borough": "MANHATTAN", "source": "nyc_311_soda_76ig-c548", "hazard": "pluvial_311", "official_identity_verified": true}, "geometry": {"type": "Point", "coordinates": [-73.99034191604916, 40.72493212081157]}}, {"type": "Feature", "properties": {"unique_key": "24622665", "complaint_type": "Sewer", "descriptor": "Street Flooding (SJ)", "created_date": "2012-12-18T08:16:00.000", "agency": "DEP", "incident_address": null, "borough": "MANHATTAN", "source": "nyc_311_soda_76ig-c548", "hazard": "pluvial_311", "official_identity_verified": true}, "geometry": {"type": "Point", "coordinates": [-73.97031909796912, 40.748157545313795]}}, {"type": "Feature", "properties": {"unique_key": "24623569", "complaint_type": "Sewer", "descriptor": "Street Flooding (SJ)", "created_date": "2012-12-18T10:07:00.000", "agency": "DEP", "incident_address": null, "borough": "MANHATTAN", "source": "nyc_311_soda_76ig-c548", "hazard": "pluvial_311", "official_identity_verified": true}, "geometry": {"type": "Point", "coordinates": [-73.97031909796912, 40.748157545313795]}}, {"type": "Feature", "properties": {"unique_key": "24626024", "complaint_type": "Sewer", "descriptor": "Street Flooding (SJ)", "created_date": "2012-12-19T10:10:00.000", "agency": "DEP", "incident_address": "30 EAST   47 STREET", "borough": "MANHATTAN", "source": "nyc_311_soda_76ig-c548", "hazard": "pluvial_311", "official_identity_verified": true}, "geometry": {"type": "Point", "coordinates": [-73.97674774606625, 40.75587999574879]}}, {"type": "Feature", "properties": {"unique_key": "24641287", "complaint_type": "Sewer", "descriptor": "Street Flooding (SJ)", "created_date": "2012-12-21T16:27:00.000", "agency": "DEP", "incident_address": "1 MAIN STREET", "borough": "BROOKLYN", "source": "nyc_311_soda_76ig-c548", "hazard": "pluvial_311", "official_identity_verified": true}, "geometry": {"type": "Point", "coordinates": [-73.99055408749997, 40.70433819597782]}}, {"type": "Feature", "properties": {"unique_key": "24641289", "complaint_type": "Sewer", "descriptor": "Street Flooding (SJ)", "created_date": "2012-12-21T00:00:00.000", "agency": "DEP", "incident_address": null, "borough": "MANHATTAN", "source": "nyc_311_soda_76ig-c548", "hazard": "pluvial_311", "official_identity_verified": true}, "geometry": {"type": "Point", "coordinates": [-73.99034191604916, 40.72493212081157]}}, {"type": "Feature", "properties": {"unique_key": "24674738", "complaint_type": "Sewer", "descriptor": "Street Flooding (SJ)", "created_date": "2012-12-27T16:08:00.000", "agency": "DEP", "incident_address": "451 BROOME STREET", "borough": "MANHATTAN", "source": "nyc_311_soda_76ig-c548", "hazard": "pluvial_311", "official_identity_verified": true}, "geometry": {"type": "Point", "coordinates": [-74.00054114732264, 40.722116403086154]}}, {"type": "Feature", "properties": {"unique_key": "24675683", "complaint_type": "Sewer", "descriptor": "Street Flooding (SJ)", "created_date": "2012-12-27T08:04:00.000", "agency": "DEP", "incident_address": null, "borough": "MANHATTAN", "source": "nyc_311_soda_76ig-c548", "hazard": "pluvial_311", "official_identity_verified": true}, "geometry": {"type": "Point", "coordinates": [-74.01189072521957, 40.7216382023764]}}, {"type": "Feature", "properties": {"unique_key": "24686919", "complaint_type": "Sewer", "descriptor": "Street Flooding (SJ)", "created_date": "2012-12-29T12:46:00.000", "agency": "DEP", "incident_address": null, "borough": "MANHATTAN", "source": "nyc_311_soda_76ig-c548", "hazard": "pluvial_311", "official_identity_verified": true}, "geometry": {"type": "Point", "coordinates": [-73.97444325196058, 40.75076604483484]}}, {"type": "Feature", "properties": {"unique_key": "24788260", "complaint_type": "Sewer", "descriptor": "Street Flooding (SJ)", "created_date": "2013-01-15T16:54:00.000", "agency": "DEP", "incident_address": null, "borough": "MANHATTAN", "source": "nyc_311_soda_76ig-c548", "hazard": "pluvial_311", "official_identity_verified": true}, "geometry": {"type": "Point", "coordinates": [-73.98314805353145, 40.738830730568644]}}, {"type": "Feature", "properties": {"unique_key": "24813372", "complaint_type": "Sewer", "descriptor": "Street Flooding (SJ)", "created_date": "2013-01-18T08:03:00.000", "agency": "DEP", "incident_address": null, "borough": "MANHATTAN", "source": "nyc_311_soda_76ig-c548", "hazard": "pluvial_311", "official_identity_verified": true}, "geometry": {"type": "Point", "coordinates": [-74.00510668394942, 40.74640187237436]}}, {"type": "Feature", "properties": {"unique_key": "24917534", "complaint_type": "Sewer", "descriptor": "Street Flooding (SJ)", "created_date": "2013-02-01T11:06:00.000", "agency": "DEP", "incident_address": null, "borough": "MANHATTAN", "source": "nyc_311_soda_76ig-c548", "hazard": "pluvial_311", "official_identity_verified": true}, "geometry": {"type": "Point", "coordinates": [-73.99280410305454, 40.742910439074564]}}, {"type": "Feature", "properties": {"unique_key": "24971131", "complaint_type": "Sewer", "descriptor": "Street Flooding (SJ)", "created_date": "2013-02-09T15:57:00.000", "agency": "DEP", "incident_address": null, "borough": "MANHATTAN", "source": "nyc_311_soda_76ig-c548", "hazard": "pluvial_311", "official_identity_verified": true}, "geometry": {"type": "Point", "coordinates": [-74.00051236454519, 40.73231591812111]}}, {"type": "Feature", "properties": {"unique_key": "24979998", "complaint_type": "Sewer", "descriptor": "Street Flooding (SJ)", "created_date": "2013-02-11T11:38:00.000", "agency": "DEP", "incident_address": "34 EAST    3 STREET", "borough": "MANHATTAN", "source": "nyc_311_soda_76ig-c548", "hazard": "pluvial_311", "official_identity_verified": true}, "geometry": {"type": "Point", "coordinates": [-73.99029489511794, 40.725752799246784]}}, {"type": "Feature", "properties": {"unique_key": "24982341", "complaint_type": "Sewer", "descriptor": "Street Flooding (SJ)", "created_date": "2013-02-11T12:55:00.000", "agency": "DEP", "incident_address": null, "borough": "MANHATTAN", "source": "nyc_311_soda_76ig-c548", "hazard": "pluvial_311", "official_identity_verified": true}, "geometry": {"type": "Point", "coordinates": [-73.97899798843295, 40.728106294050185]}}, {"type": "Feature", "properties": {"unique_key": "24990096", "complaint_type": "Sewer", "descriptor": "Street Flooding (SJ)", "created_date": "2013-02-12T14:41:00.000", "agency": "DEP", "incident_address": null, "borough": "MANHATTAN", "source": "nyc_311_soda_76ig-c548", "hazard": "pluvial_311", "official_identity_verified": true}, "geometry": {"type": "Point", "coordinates": [-73.97816732752612, 40.74164326439986]}}, {"type": "Feature", "properties": {"unique_key": "25071412", "complaint_type": "Sewer", "descriptor": "Street Flooding (SJ)", "created_date": "2013-02-25T12:45:00.000", "agency": "DEP", "incident_address": null, "borough": "MANHATTAN", "source": "nyc_311_soda_76ig-c548", "hazard": "pluvial_311", "official_identity_verified": true}, "geometry": {"type": "Point", "coordinates": [-73.98071276883954, 40.7122089492322]}}, {"type": "Feature", "properties": {"unique_key": "25076116", "complaint_type": "Sewer", "descriptor": "Street Flooding (SJ)", "created_date": "2013-02-26T21:05:00.000", "agency": "DEP", "incident_address": "7 AVENUE", "borough": "MANHATTAN", "source": "nyc_311_soda_76ig-c548", "hazard": "pluvial_311", "official_identity_verified": true}, "geometry": {"type": "Point", "coordinates": [-73.98720082692289, 40.75570322299865]}}, {"type": "Feature", "properties": {"unique_key": "25081713", "complaint_type": "Sewer", "descriptor": "Street Flooding (SJ)", "created_date": "2013-02-27T09:13:00.000", "agency": "DEP", "incident_address": null, "borough": "MANHATTAN", "source": "nyc_311_soda_76ig-c548", "hazard": "pluvial_311", "official_identity_verified": true}, "geometry": {"type": "Point", "coordinates": [-73.98381155127129, 40.7407905784571]}}, {"type": "Feature", "properties": {"unique_key": "25084631", "complaint_type": "Sewer", "descriptor": "Street Flooding (SJ)", "created_date": "2013-02-27T11:47:00.000", "agency": "DEP", "incident_address": null, "borough": "MANHATTAN", "source": "nyc_311_soda_76ig-c548", "hazard": "pluvial_311", "official_identity_verified": true}, "geometry": {"type": "Point", "coordinates": [-74.00368846932793, 40.74835618760526]}}, {"type": "Feature", "properties": {"unique_key": "25143799", "complaint_type": "Sewer", "descriptor": "Street Flooding (SJ)", "created_date": "2013-03-08T11:28:00.000", "agency": "DEP", "incident_address": null, "borough": "MANHATTAN", "source": "nyc_311_soda_76ig-c548", "hazard": "pluvial_311", "official_identity_verified": true}, "geometry": {"type": "Point", "coordinates": [-73.97902527873018, 40.7560313939548]}}, {"type": "Feature", "properties": {"unique_key": "25161953", "complaint_type": "Sewer", "descriptor": "Street Flooding (SJ)", "created_date": "2013-03-12T13:30:00.000", "agency": "DEP", "incident_address": null, "borough": "MANHATTAN", "source": "nyc_311_soda_76ig-c548", "hazard": "pluvial_311", "official_identity_verified": true}, "geometry": {"type": "Point", "coordinates": [-73.97236197495663, 40.75649659469117]}}, {"type": "Feature", "properties": {"unique_key": "25166699", "complaint_type": "Sewer", "descriptor": "Street Flooding (SJ)", "created_date": "2013-03-12T12:43:00.000", "agency": "DEP", "incident_address": "525 WEST   24 STREET", "borough": "MANHATTAN", "source": "nyc_311_soda_76ig-c548", "hazard": "pluvial_311", "official_identity_verified": true}, "geometry": {"type": "Point", "coordinates": [-74.0047676143905, 40.7488200104448]}}, {"type": "Feature", "properties": {"unique_key": "25212018", "complaint_type": "Sewer", "descriptor": "Street Flooding (SJ)", "created_date": "2013-03-19T07:48:00.000", "agency": "DEP", "incident_address": null, "borough": "MANHATTAN", "source": "nyc_311_soda_76ig-c548", "hazard": "pluvial_311", "official_identity_verified": true}, "geometry": {"type": "Point", "coordinates": [-73.97053445526421, 40.75899934895229]}}, {"type": "Feature", "properties": {"unique_key": "25236568", "complaint_type": "Sewer", "descriptor": "Street Flooding (SJ)", "created_date": "2013-03-23T23:06:00.000", "agency": "DEP", "incident_address": null, "borough": "MANHATTAN", "source": "nyc_311_soda_76ig-c548", "hazard": "pluvial_311", "official_identity_verified": true}, "geometry": {"type": "Point", "coordinates": [-73.98381155127129, 40.7407905784571]}}, {"type": "Feature", "properties": {"unique_key": "25348178", "complaint_type": "Sewer", "descriptor": "Street Flooding (SJ)", "created_date": "2013-04-12T08:25:00.000", "agency": "DEP", "incident_address": null, "borough": "MANHATTAN", "source": "nyc_311_soda_76ig-c548", "hazard": "pluvial_311", "official_identity_verified": true}, "geometry": {"type": "Point", "coordinates": [-73.99186927462867, 40.74418668572297]}}, {"type": "Feature", "properties": {"unique_key": "25480597", "complaint_type": "Sewer", "descriptor": "Street Flooding (SJ)", "created_date": "2013-05-04T14:39:00.000", "agency": "DEP", "incident_address": null, "borough": "MANHATTAN", "source": "nyc_311_soda_76ig-c548", "hazard": "pluvial_311", "official_identity_verified": true}, "geometry": {"type": "Point", "coordinates": [-74.00864419959635, 40.72422130921706]}}, {"type": "Feature", "properties": {"unique_key": "25502638", "complaint_type": "Sewer", "descriptor": "Street Flooding (SJ)", "created_date": "2013-05-08T11:58:00.000", "agency": "DEP", "incident_address": "2 SOUTH END AVENUE", "borough": "MANHATTAN", "source": "nyc_311_soda_76ig-c548", "hazard": "pluvial_311", "official_identity_verified": true}, "geometry": {"type": "Point", "coordinates": [-74.0176557112128, 40.70803717159958]}}, {"type": "Feature", "properties": {"unique_key": "25503678", "complaint_type": "Sewer", "descriptor": "Street Flooding (SJ)", "created_date": "2013-05-08T08:34:00.000", "agency": "DEP", "incident_address": "337B WEST BROADWAY", "borough": "MANHATTAN", "source": "nyc_311_soda_76ig-c548", "hazard": "pluvial_311", "official_identity_verified": true}, "geometry": {"type": "Point", "coordinates": [-74.0036040653611, 40.72256374354509]}}, {"type": "Feature", "properties": {"unique_key": "25504649", "complaint_type": "Sewer", "descriptor": "Street Flooding (SJ)", "created_date": "2013-05-08T08:27:00.000", "agency": "DEP", "incident_address": null, "borough": "MANHATTAN", "source": "nyc_311_soda_76ig-c548", "hazard": "pluvial_311", "official_identity_verified": true}, "geometry": {"type": "Point", "coordinates": [-74.00573890585939, 40.71208965236975]}}, {"type": "Feature", "properties": {"unique_key": "25504656", "complaint_type": "Sewer", "descriptor": "Street Flooding (SJ)", "created_date": "2013-05-08T08:45:00.000", "agency": "DEP", "incident_address": "60 GRAND STREET", "borough": "MANHATTAN", "source": "nyc_311_soda_76ig-c548", "hazard": "pluvial_311", "official_identity_verified": true}, "geometry": {"type": "Point", "coordinates": [-74.00343448761339, 40.72223163298204]}}, {"type": "Feature", "properties": {"unique_key": "25505604", "complaint_type": "Sewer", "descriptor": "Street Flooding (SJ)", "created_date": "2013-05-08T09:05:00.000", "agency": "DEP", "incident_address": "111 HUDSON STREET", "borough": "MANHATTAN", "source": "nyc_311_soda_76ig-c548", "hazard": "pluvial_311", "official_identity_verified": true}, "geometry": {"type": "Point", "coordinates": [-74.00865802944006, 40.71959364547032]}}, {"type": "Feature", "properties": {"unique_key": "25506423", "complaint_type": "Sewer", "descriptor": "Street Flooding (SJ)", "created_date": "2013-05-08T10:46:00.000", "agency": "DEP", "incident_address": "601 WEST   26 STREET", "borough": "MANHATTAN", "source": "nyc_311_soda_76ig-c548", "hazard": "pluvial_311", "official_identity_verified": true}, "geometry": {"type": "Point", "coordinates": [-74.00595519554346, 40.75093341092195]}}, {"type": "Feature", "properties": {"unique_key": "25506516", "complaint_type": "Sewer", "descriptor": "Street Flooding (SJ)", "created_date": "2013-05-08T08:01:00.000", "agency": "DEP", "incident_address": null, "borough": "MANHATTAN", "source": "nyc_311_soda_76ig-c548", "hazard": "pluvial_311", "official_identity_verified": true}, "geometry": {"type": "Point", "coordinates": [-74.01355599096652, 40.71447968462415]}}, {"type": "Feature", "properties": {"unique_key": "25506543", "complaint_type": "Sewer", "descriptor": "Street Flooding (SJ)", "created_date": "2013-05-08T09:07:00.000", "agency": "DEP", "incident_address": "276 AVENUE C", "borough": "MANHATTAN", "source": "nyc_311_soda_76ig-c548", "hazard": "pluvial_311", "official_identity_verified": true}, "geometry": {"type": "Point", "coordinates": [-73.97462078030094, 40.73004046535144]}}, {"type": "Feature", "properties": {"unique_key": "25506550", "complaint_type": "Sewer", "descriptor": "Street Flooding (SJ)", "created_date": "2013-05-08T09:17:00.000", "agency": "DEP", "incident_address": "276 AVENUE C", "borough": "MANHATTAN", "source": "nyc_311_soda_76ig-c548", "hazard": "pluvial_311", "official_identity_verified": true}, "geometry": {"type": "Point", "coordinates": [-73.97462078030094, 40.73004046535144]}}, {"type": "Feature", "properties": {"unique_key": "25509364", "complaint_type": "Sewer", "descriptor": "Street Flooding (SJ)", "created_date": "2013-05-08T13:33:00.000", "agency": "DEP", "incident_address": null, "borough": "MANHATTAN", "source": "nyc_311_soda_76ig-c548", "hazard": "pluvial_311", "official_identity_verified": true}, "geometry": {"type": "Point", "coordinates": [-74.00116543947316, 40.731775196703985]}}, {"type": "Feature", "properties": {"unique_key": "25511108", "complaint_type": "Sewer", "descriptor": "Street Flooding (SJ)", "created_date": "2013-05-09T12:23:00.000", "agency": "DEP", "incident_address": null, "borough": "MANHATTAN", "source": "nyc_311_soda_76ig-c548", "hazard": "pluvial_311", "official_identity_verified": true}, "geometry": {"type": "Point", "coordinates": [-74.00743225670372, 40.72660109825021]}}, {"type": "Feature", "properties": {"unique_key": "25511919", "complaint_type": "Sewer", "descriptor": "Street Flooding (SJ)", "created_date": "2013-05-09T03:18:00.000", "agency": "DEP", "incident_address": "539 EAST   12 STREET", "borough": "MANHATTAN", "source": "nyc_311_soda_76ig-c548", "hazard": "pluvial_311", "official_identity_verified": true}, "geometry": {"type": "Point", "coordinates": [-73.98033998514924, 40.72868018501954]}}, {"type": "Feature", "properties": {"unique_key": "25514541", "complaint_type": "Sewer", "descriptor": "Street Flooding (SJ)", "created_date": "2013-05-09T10:45:00.000", "agency": "DEP", "incident_address": "475 BROADWAY", "borough": "MANHATTAN", "source": "nyc_311_soda_76ig-c548", "hazard": "pluvial_311", "official_identity_verified": true}, "geometry": {"type": "Point", "coordinates": [-74.00026696282403, 40.72132042408795]}}, {"type": "Feature", "properties": {"unique_key": "25523040", "complaint_type": "Sewer", "descriptor": "Street Flooding (SJ)", "created_date": "2013-05-11T23:30:00.000", "agency": "DEP", "incident_address": "50 EAST   12 STREET", "borough": "MANHATTAN", "source": "nyc_311_soda_76ig-c548", "hazard": "pluvial_311", "official_identity_verified": true}, "geometry": {"type": "Point", "coordinates": [-73.99169377996716, 40.733449203220836]}}, {"type": "Feature", "properties": {"unique_key": "25528889", "complaint_type": "Sewer", "descriptor": "Street Flooding (SJ)", "created_date": "2013-05-12T17:41:00.000", "agency": "DEP", "incident_address": "50 EAST   12 STREET", "borough": "MANHATTAN", "source": "nyc_311_soda_76ig-c548", "hazard": "pluvial_311", "official_identity_verified": true}, "geometry": {"type": "Point", "coordinates": [-73.99169377996716, 40.733449203220836]}}, {"type": "Feature", "properties": {"unique_key": "25590558", "complaint_type": "Sewer", "descriptor": "Street Flooding (SJ)", "created_date": "2013-05-19T17:34:00.000", "agency": "DEP", "incident_address": null, "borough": "MANHATTAN", "source": "nyc_311_soda_76ig-c548", "hazard": "pluvial_311", "official_identity_verified": true}, "geometry": {"type": "Point", "coordinates": [-73.99034191604916, 40.72493212081157]}}, {"type": "Feature", "properties": {"unique_key": "25590559", "complaint_type": "Sewer", "descriptor": "Street Flooding (SJ)", "created_date": "2013-05-22T16:19:00.000", "agency": "DEP", "incident_address": "1466 BROADWAY", "borough": "MANHATTAN", "source": "nyc_311_soda_76ig-c548", "hazard": "pluvial_311", "official_identity_verified": true}, "geometry": {"type": "Point", "coordinates": [-73.98646452281714, 40.75556864630674]}}, {"type": "Feature", "properties": {"unique_key": "25593140", "complaint_type": "Sewer", "descriptor": "Street Flooding (SJ)", "created_date": "2013-05-22T14:32:00.000", "agency": "DEP", "incident_address": null, "borough": "MANHATTAN", "source": "nyc_311_soda_76ig-c548", "hazard": "pluvial_311", "official_identity_verified": true}, "geometry": {"type": "Point", "coordinates": [-74.00095616452742, 40.731706579763554]}}, {"type": "Feature", "properties": {"unique_key": "25594863", "complaint_type": "Sewer", "descriptor": "Street Flooding (SJ)", "created_date": "2013-05-23T16:22:00.000", "agency": "DEP", "incident_address": "8 BARCLAY STREET", "borough": "MANHATTAN", "source": "nyc_311_soda_76ig-c548", "hazard": "pluvial_311", "official_identity_verified": true}, "geometry": {"type": "Point", "coordinates": [-74.00850556675701, 40.71217182405998]}}, {"type": "Feature", "properties": {"unique_key": "25597978", "complaint_type": "Sewer", "descriptor": "Street Flooding (SJ)", "created_date": "2013-05-23T19:17:00.000", "agency": "DEP", "incident_address": "36 WATER STREET", "borough": "MANHATTAN", "source": "nyc_311_soda_76ig-c548", "hazard": "pluvial_311", "official_identity_verified": true}, "geometry": {"type": "Point", "coordinates": [-74.01062151130486, 40.703201760784346]}}, {"type": "Feature", "properties": {"unique_key": "25634221", "complaint_type": "Sewer", "descriptor": "Street Flooding (SJ)", "created_date": "2013-05-30T09:39:00.000", "agency": "DEP", "incident_address": "2 SOUTH END AVENUE", "borough": "MANHATTAN", "source": "nyc_311_soda_76ig-c548", "hazard": "pluvial_311", "official_identity_verified": true}, "geometry": {"type": "Point", "coordinates": [-74.0176557112128, 40.70803717159958]}}, {"type": "Feature", "properties": {"unique_key": "25694018", "complaint_type": "Sewer", "descriptor": "Street Flooding (SJ)", "created_date": "2013-06-07T13:50:00.000", "agency": "DEP", "incident_address": "100 1 AVENUE", "borough": "MANHATTAN", "source": "nyc_311_soda_76ig-c548", "hazard": "pluvial_311", "official_identity_verified": true}, "geometry": {"type": "Point", "coordinates": [-73.9860916031564, 40.72647972881244]}}, {"type": "Feature", "properties": {"unique_key": "25694766", "complaint_type": "Sewer", "descriptor": "Street Flooding (SJ)", "created_date": "2013-06-07T11:59:00.000", "agency": "DEP", "incident_address": "526 EAST    5 STREET", "borough": "MANHATTAN", "source": "nyc_311_soda_76ig-c548", "hazard": "pluvial_311", "official_identity_verified": true}, "geometry": {"type": "Point", "coordinates": [-73.98362789784123, 40.72452513778596]}}, {"type": "Feature", "properties": {"unique_key": "25696671", "complaint_type": "Sewer", "descriptor": "Street Flooding (SJ)", "created_date": "2013-06-07T21:44:00.000", "agency": "DEP", "incident_address": "90 WEST WEST STREET", "borough": "MANHATTAN", "source": "nyc_311_soda_76ig-c548", "hazard": "pluvial_311", "official_identity_verified": true}, "geometry": {"type": "Point", "coordinates": [-74.01475981748165, 40.710008319289834]}}, {"type": "Feature", "properties": {"unique_key": "25707008", "complaint_type": "Sewer", "descriptor": "Street Flooding (SJ)", "created_date": "2013-06-10T13:22:00.000", "agency": "DEP", "incident_address": "36 WATER STREET", "borough": "MANHATTAN", "source": "nyc_311_soda_76ig-c548", "hazard": "pluvial_311", "official_identity_verified": true}, "geometry": {"type": "Point", "coordinates": [-74.01062151130486, 40.703201760784346]}}, {"type": "Feature", "properties": {"unique_key": "25711052", "complaint_type": "Sewer", "descriptor": "Street Flooding (SJ)", "created_date": "2013-06-10T18:05:00.000", "agency": "DEP", "incident_address": null, "borough": "MANHATTAN", "source": "nyc_311_soda_76ig-c548", "hazard": "pluvial_311", "official_identity_verified": true}, "geometry": {"type": "Point", "coordinates": [-73.98993630652562, 40.711211031632224]}}, {"type": "Feature", "properties": {"unique_key": "25730498", "complaint_type": "Sewer", "descriptor": "Street Flooding (SJ)", "created_date": "2013-06-12T21:06:00.000", "agency": "DEP", "incident_address": "1501 BROADWAY", "borough": "MANHATTAN", "source": "nyc_311_soda_76ig-c548", "hazard": "pluvial_311", "official_identity_verified": true}, "geometry": {"type": "Point", "coordinates": [-73.98619349526301, 40.757102926709656]}}, {"type": "Feature", "properties": {"unique_key": "25785412", "complaint_type": "Sewer", "descriptor": "Street Flooding (SJ)", "created_date": "2013-06-20T11:56:00.000", "agency": "DEP", "incident_address": null, "borough": "MANHATTAN", "source": "nyc_311_soda_76ig-c548", "hazard": "pluvial_311", "official_identity_verified": true}, "geometry": {"type": "Point", "coordinates": [-74.00116543947316, 40.731775196703985]}}, {"type": "Feature", "properties": {"unique_key": "25807405", "complaint_type": "Sewer", "descriptor": "Street Flooding (SJ)", "created_date": "2013-06-24T17:31:00.000", "agency": "DEP", "incident_address": "2 MOTT STREET", "borough": "MANHATTAN", "source": "nyc_311_soda_76ig-c548", "hazard": "pluvial_311", "official_identity_verified": true}, "geometry": {"type": "Point", "coordinates": [-73.99866894440024, 40.7137640923645]}}, {"type": "Feature", "properties": {"unique_key": "25827956", "complaint_type": "Sewer", "descriptor": "Street Flooding (SJ)", "created_date": "2013-06-27T21:29:00.000", "agency": "DEP", "incident_address": "222 EAST   35 STREET", "borough": "MANHATTAN", "source": "nyc_311_soda_76ig-c548", "hazard": "pluvial_311", "official_identity_verified": true}, "geometry": {"type": "Point", "coordinates": [-73.9765166454795, 40.745908281482905]}}, {"type": "Feature", "properties": {"unique_key": "25852261", "complaint_type": "Sewer", "descriptor": "Street Flooding (SJ)", "created_date": "2013-07-01T13:45:00.000", "agency": "DEP", "incident_address": "350 HUDSON STREET", "borough": "MANHATTAN", "source": "nyc_311_soda_76ig-c548", "hazard": "pluvial_311", "official_identity_verified": true}, "geometry": {"type": "Point", "coordinates": [-74.00727361282912, 40.72754804937303]}}, {"type": "Feature", "properties": {"unique_key": "25852263", "complaint_type": "Sewer", "descriptor": "Street Flooding (SJ)", "created_date": "2013-07-01T13:44:00.000", "agency": "DEP", "incident_address": null, "borough": "MANHATTAN", "source": "nyc_311_soda_76ig-c548", "hazard": "pluvial_311", "official_identity_verified": true}, "geometry": {"type": "Point", "coordinates": [-74.00732049196499, 40.72732846589319]}}, {"type": "Feature", "properties": {"unique_key": "25869810", "complaint_type": "Sewer", "descriptor": "Street Flooding (SJ)", "created_date": "2013-07-03T20:18:00.000", "agency": "DEP", "incident_address": "38 WATER STREET", "borough": "MANHATTAN", "source": "nyc_311_soda_76ig-c548", "hazard": "pluvial_311", "official_identity_verified": true}, "geometry": {"type": "Point", "coordinates": [-74.010520530131, 40.70322921771054]}}, {"type": "Feature", "properties": {"unique_key": "25870827", "complaint_type": "Sewer", "descriptor": "Street Flooding (SJ)", "created_date": "2013-07-03T14:56:00.000", "agency": "DEP", "incident_address": null, "borough": "MANHATTAN", "source": "nyc_311_soda_76ig-c548", "hazard": "pluvial_311", "official_identity_verified": true}, "geometry": {"type": "Point", "coordinates": [-74.00365494458795, 40.729343291507625]}}, {"type": "Feature", "properties": {"unique_key": "25986301", "complaint_type": "Sewer", "descriptor": "Street Flooding (SJ)", "created_date": "2013-07-22T13:50:00.000", "agency": "DEP", "incident_address": "242 CANAL STREET", "borough": "MANHATTAN", "source": "nyc_311_soda_76ig-c548", "hazard": "pluvial_311", "official_identity_verified": true}, "geometry": {"type": "Point", "coordinates": [-74.00012986759137, 40.71813101411069]}}, {"type": "Feature", "properties": {"unique_key": "26117149", "complaint_type": "Sewer", "descriptor": "Street Flooding (SJ)", "created_date": "2013-08-13T08:26:00.000", "agency": "DEP", "incident_address": null, "borough": "MANHATTAN", "source": "nyc_311_soda_76ig-c548", "hazard": "pluvial_311", "official_identity_verified": true}, "geometry": {"type": "Point", "coordinates": [-73.98929757361397, 40.75790746711998]}}, {"type": "Feature", "properties": {"unique_key": "26118063", "complaint_type": "Sewer", "descriptor": "Street Flooding (SJ)", "created_date": "2013-08-13T10:52:00.000", "agency": "DEP", "incident_address": "1466 BROADWAY", "borough": "MANHATTAN", "source": "nyc_311_soda_76ig-c548", "hazard": "pluvial_311", "official_identity_verified": true}, "geometry": {"type": "Point", "coordinates": [-73.98646452281714, 40.75556864630674]}}, {"type": "Feature", "properties": {"unique_key": "26300135", "complaint_type": "Sewer", "descriptor": "Street Flooding (SJ)", "created_date": "2013-09-12T20:25:00.000", "agency": "DEP", "incident_address": null, "borough": "MANHATTAN", "source": "nyc_311_soda_76ig-c548", "hazard": "pluvial_311", "official_identity_verified": true}, "geometry": {"type": "Point", "coordinates": [-74.00525554649693, 40.711999098304446]}}, {"type": "Feature", "properties": {"unique_key": "26342736", "complaint_type": "Sewer", "descriptor": "Street Flooding (SJ)", "created_date": "2013-09-19T12:53:00.000", "agency": "DEP", "incident_address": "560 BROADWAY", "borough": "MANHATTAN", "source": "nyc_311_soda_76ig-c548", "hazard": "pluvial_311", "official_identity_verified": true}, "geometry": {"type": "Point", "coordinates": [-73.99804820949959, 40.72390871479163]}}, {"type": "Feature", "properties": {"unique_key": "26346887", "complaint_type": "Sewer", "descriptor": "Street Flooding (SJ)", "created_date": "2013-09-19T13:48:00.000", "agency": "DEP", "incident_address": null, "borough": "MANHATTAN", "source": "nyc_311_soda_76ig-c548", "hazard": "pluvial_311", "official_identity_verified": true}, "geometry": {"type": "Point", "coordinates": [-73.99695145601993, 40.72388124339955]}}, {"type": "Feature", "properties": {"unique_key": "26348362", "complaint_type": "Sewer", "descriptor": "Street Flooding (SJ)", "created_date": "2013-09-20T12:09:00.000", "agency": "DEP", "incident_address": "139 FRANKLIN STREET", "borough": "MANHATTAN", "source": "nyc_311_soda_76ig-c548", "hazard": "pluvial_311", "official_identity_verified": true}, "geometry": {"type": "Point", "coordinates": [-74.00754686842588, 40.719176520246904]}}, {"type": "Feature", "properties": {"unique_key": "26378241", "complaint_type": "Sewer", "descriptor": "Street Flooding (SJ)", "created_date": "2013-09-25T16:02:00.000", "agency": "DEP", "incident_address": null, "borough": "MANHATTAN", "source": "nyc_311_soda_76ig-c548", "hazard": "pluvial_311", "official_identity_verified": true}, "geometry": {"type": "Point", "coordinates": [-73.98929757361397, 40.75790746711998]}}, {"type": "Feature", "properties": {"unique_key": "26467922", "complaint_type": "Sewer", "descriptor": "Street Flooding (SJ)", "created_date": "2013-10-10T19:33:00.000", "agency": "DEP", "incident_address": "207 WEST   10 STREET", "borough": "MANHATTAN", "source": "nyc_311_soda_76ig-c548", "hazard": "pluvial_311", "official_identity_verified": true}, "geometry": {"type": "Point", "coordinates": [-74.00400521053285, 40.73410268457704]}}, {"type": "Feature", "properties": {"unique_key": "26508989", "complaint_type": "Sewer", "descriptor": "Street Flooding (SJ)", "created_date": "2013-10-18T11:07:00.000", "agency": "DEP", "incident_address": null, "borough": "MANHATTAN", "source": "nyc_311_soda_76ig-c548", "hazard": "pluvial_311", "official_identity_verified": true}, "geometry": {"type": "Point", "coordinates": [-73.99695145601993, 40.72388124339955]}}, {"type": "Feature", "properties": {"unique_key": "26585286", "complaint_type": "Sewer", "descriptor": "Street Flooding (SJ)", "created_date": "2013-10-29T16:25:00.000", "agency": "DEP", "incident_address": null, "borough": "MANHATTAN", "source": "nyc_311_soda_76ig-c548", "hazard": "pluvial_311", "official_identity_verified": true}, "geometry": {"type": "Point", "coordinates": [-73.9873955961568, 40.718303244081405]}}, {"type": "Feature", "properties": {"unique_key": "26686179", "complaint_type": "Sewer", "descriptor": "Street Flooding (SJ)", "created_date": "2013-11-14T15:34:00.000", "agency": "DEP", "incident_address": null, "borough": "MANHATTAN", "source": "nyc_311_soda_76ig-c548", "hazard": "pluvial_311", "official_identity_verified": true}, "geometry": {"type": "Point", "coordinates": [-73.99630403340966, 40.75338730923498]}}, {"type": "Feature", "properties": {"unique_key": "26847904", "complaint_type": "Sewer", "descriptor": "Street Flooding (SJ)", "created_date": "2013-12-09T17:58:00.000", "agency": "DEP", "incident_address": null, "borough": "MANHATTAN", "source": "nyc_311_soda_76ig-c548", "hazard": "pluvial_311", "official_identity_verified": true}, "geometry": {"type": "Point", "coordinates": [-73.98957446267119, 40.74154879564148]}}, {"type": "Feature", "properties": {"unique_key": "26850871", "complaint_type": "Sewer", "descriptor": "Street Flooding (SJ)", "created_date": "2013-12-10T07:44:00.000", "agency": "DEP", "incident_address": null, "borough": "MANHATTAN", "source": "nyc_311_soda_76ig-c548", "hazard": "pluvial_311", "official_identity_verified": true}, "geometry": {"type": "Point", "coordinates": [-73.9854954103767, 40.74715313350962]}}, {"type": "Feature", "properties": {"unique_key": "26853793", "complaint_type": "Sewer", "descriptor": "Street Flooding (SJ)", "created_date": "2013-12-10T11:50:00.000", "agency": "DEP", "incident_address": null, "borough": "MANHATTAN", "source": "nyc_311_soda_76ig-c548", "hazard": "pluvial_311", "official_identity_verified": true}, "geometry": {"type": "Point", "coordinates": [-73.9882379049509, 40.74912966509562]}}, {"type": "Feature", "properties": {"unique_key": "26944249", "complaint_type": "Sewer", "descriptor": "Street Flooding (SJ)", "created_date": "2013-12-23T17:37:00.000", "agency": "DEP", "incident_address": null, "borough": "MANHATTAN", "source": "nyc_311_soda_76ig-c548", "hazard": "pluvial_311", "official_identity_verified": true}, "geometry": {"type": "Point", "coordinates": [-73.98399833588036, 40.72936968523056]}}, {"type": "Feature", "properties": {"unique_key": "27072494", "complaint_type": "Sewer", "descriptor": "Street Flooding (SJ)", "created_date": "2014-01-06T18:59:00.000", "agency": "DEP", "incident_address": null, "borough": "MANHATTAN", "source": "nyc_311_soda_76ig-c548", "hazard": "pluvial_311", "official_identity_verified": true}, "geometry": {"type": "Point", "coordinates": [-74.00667359125764, 40.7165333703795]}}, {"type": "Feature", "properties": {"unique_key": "27095593", "complaint_type": "Sewer", "descriptor": "Street Flooding (SJ)", "created_date": "2014-01-08T17:24:00.000", "agency": "DEP", "incident_address": null, "borough": "MANHATTAN", "source": "nyc_311_soda_76ig-c548", "hazard": "pluvial_311", "official_identity_verified": true}, "geometry": {"type": "Point", "coordinates": [-73.98595027519353, 40.74653562137812]}}, {"type": "Feature", "properties": {"unique_key": "27301966", "complaint_type": "Sewer", "descriptor": "Street Flooding (SJ)", "created_date": "2014-01-31T10:13:00.000", "agency": "DEP", "incident_address": null, "borough": "MANHATTAN", "source": "nyc_311_soda_76ig-c548", "hazard": "pluvial_311", "official_identity_verified": true}, "geometry": {"type": "Point", "coordinates": [-73.99739891123454, 40.7214493986705]}}, {"type": "Feature", "properties": {"unique_key": "27321838", "complaint_type": "Sewer", "descriptor": "Street Flooding (SJ)", "created_date": "2014-02-03T13:54:00.000", "agency": "DEP", "incident_address": "655 3 AVENUE", "borough": "MANHATTAN", "source": "nyc_311_soda_76ig-c548", "hazard": "pluvial_311", "official_identity_verified": true}, "geometry": {"type": "Point", "coordinates": [-73.97457686778714, 40.750568452580914]}}, {"type": "Feature", "properties": {"unique_key": "27337380", "complaint_type": "Sewer", "descriptor": "Street Flooding (SJ)", "created_date": "2014-02-05T09:57:00.000", "agency": "DEP", "incident_address": null, "borough": "MANHATTAN", "source": "nyc_311_soda_76ig-c548", "hazard": "pluvial_311", "official_identity_verified": true}, "geometry": {"type": "Point", "coordinates": [-73.98929757361397, 40.75790746711998]}}, {"type": "Feature", "properties": {"unique_key": "27337397", "complaint_type": "Sewer", "descriptor": "Street Flooding (SJ)", "created_date": "2014-02-05T11:13:00.000", "agency": "DEP", "incident_address": "234 WEST   29 STREET", "borough": "MANHATTAN", "source": "nyc_311_soda_76ig-c548", "hazard": "pluvial_311", "official_identity_verified": true}, "geometry": {"type": "Point", "coordinates": [-73.99403060201216, 40.74831766550164]}}, {"type": "Feature", "properties": {"unique_key": "27339276", "complaint_type": "Sewer", "descriptor": "Street Flooding (SJ)", "created_date": "2014-02-05T11:20:00.000", "agency": "DEP", "incident_address": "395 2 AVENUE", "borough": "MANHATTAN", "source": "nyc_311_soda_76ig-c548", "hazard": "pluvial_311", "official_identity_verified": true}, "geometry": {"type": "Point", "coordinates": [-73.98106263477966, 40.73768584481694]}}, {"type": "Feature", "properties": {"unique_key": "27341585", "complaint_type": "Sewer", "descriptor": "Street Flooding (SJ)", "created_date": "2014-02-05T10:13:00.000", "agency": "DEP", "incident_address": null, "borough": "MANHATTAN", "source": "nyc_311_soda_76ig-c548", "hazard": "pluvial_311", "official_identity_verified": true}, "geometry": {"type": "Point", "coordinates": [-73.98042462260725, 40.759898985367656]}}, {"type": "Feature", "properties": {"unique_key": "27342655", "complaint_type": "Sewer", "descriptor": "Street Flooding (SJ)", "created_date": "2014-02-05T09:37:00.000", "agency": "DEP", "incident_address": "221 EAST   37 STREET", "borough": "MANHATTAN", "source": "nyc_311_soda_76ig-c548", "hazard": "pluvial_311", "official_identity_verified": true}, "geometry": {"type": "Point", "coordinates": [-73.97565003711132, 40.747176175634884]}}, {"type": "Feature", "properties": {"unique_key": "27422268", "complaint_type": "Sewer", "descriptor": "Street Flooding (SJ)", "created_date": "2014-02-13T22:40:00.000", "agency": "DEP", "incident_address": "311 EAST   18 STREET", "borough": "MANHATTAN", "source": "nyc_311_soda_76ig-c548", "hazard": "pluvial_311", "official_identity_verified": true}, "geometry": {"type": "Point", "coordinates": [-73.98258621885549, 40.7346229408095]}}, {"type": "Feature", "properties": {"unique_key": "27422275", "complaint_type": "Sewer", "descriptor": "Street Flooding (SJ)", "created_date": "2014-02-13T16:54:00.000", "agency": "DEP", "incident_address": null, "borough": "MANHATTAN", "source": "nyc_311_soda_76ig-c548", "hazard": "pluvial_311", "official_identity_verified": true}, "geometry": {"type": "Point", "coordinates": [-73.9995561826455, 40.7336114424202]}}, {"type": "Feature", "properties": {"unique_key": "27424676", "complaint_type": "Sewer", "descriptor": "Street Flooding (SJ)", "created_date": "2014-02-13T20:25:00.000", "agency": "DEP", "incident_address": null, "borough": "MANHATTAN", "source": "nyc_311_soda_76ig-c548", "hazard": "pluvial_311", "official_identity_verified": true}, "geometry": {"type": "Point", "coordinates": [-73.98591024906226, 40.73101953301406]}}, {"type": "Feature", "properties": {"unique_key": "27424811", "complaint_type": "Sewer", "descriptor": "Street Flooding (SJ)", "created_date": "2014-02-13T15:43:00.000", "agency": "DEP", "incident_address": null, "borough": "MANHATTAN", "source": "nyc_311_soda_76ig-c548", "hazard": "pluvial_311", "official_identity_verified": true}, "geometry": {"type": "Point", "coordinates": [-73.99263277459292, 40.75842923013922]}}, {"type": "Feature", "properties": {"unique_key": "27424857", "complaint_type": "Sewer", "descriptor": "Street Flooding (SJ)", "created_date": "2014-02-13T23:12:00.000", "agency": "DEP", "incident_address": null, "borough": "MANHATTAN", "source": "nyc_311_soda_76ig-c548", "hazard": "pluvial_311", "official_identity_verified": true}, "geometry": {"type": "Point", "coordinates": [-73.99564413111167, 40.744099058348795]}}, {"type": "Feature", "properties": {"unique_key": "27427372", "complaint_type": "Sewer", "descriptor": "Street Flooding (SJ)", "created_date": "2014-02-13T21:59:00.000", "agency": "DEP", "incident_address": null, "borough": "MANHATTAN", "source": "nyc_311_soda_76ig-c548", "hazard": "pluvial_311", "official_identity_verified": true}, "geometry": {"type": "Point", "coordinates": [-74.01174654124661, 40.7223244067798]}}, {"type": "Feature", "properties": {"unique_key": "27428425", "complaint_type": "Sewer", "descriptor": "Street Flooding (SJ)", "created_date": "2014-02-14T13:36:00.000", "agency": "DEP", "incident_address": null, "borough": "MANHATTAN", "source": "nyc_311_soda_76ig-c548", "hazard": "pluvial_311", "official_identity_verified": true}, "geometry": {"type": "Point", "coordinates": [-74.00648805506913, 40.73754998145706]}}, {"type": "Feature", "properties": {"unique_key": "27430105", "complaint_type": "Sewer", "descriptor": "Street Flooding (SJ)", "created_date": "2014-02-14T13:38:00.000", "agency": "DEP", "incident_address": null, "borough": "MANHATTAN", "source": "nyc_311_soda_76ig-c548", "hazard": "pluvial_311", "official_identity_verified": true}, "geometry": {"type": "Point", "coordinates": [-74.00482815202, 40.73754731825787]}}, {"type": "Feature", "properties": {"unique_key": "27436935", "complaint_type": "Sewer", "descriptor": "Street Flooding (SJ)", "created_date": "2014-02-14T00:59:00.000", "agency": "DEP", "incident_address": "311 EAST   18 STREET", "borough": "MANHATTAN", "source": "nyc_311_soda_76ig-c548", "hazard": "pluvial_311", "official_identity_verified": true}, "geometry": {"type": "Point", "coordinates": [-73.98258621885549, 40.7346229408095]}}, {"type": "Feature", "properties": {"unique_key": "27437045", "complaint_type": "Sewer", "descriptor": "Street Flooding (SJ)", "created_date": "2014-02-14T07:38:00.000", "agency": "DEP", "incident_address": null, "borough": "MANHATTAN", "source": "nyc_311_soda_76ig-c548", "hazard": "pluvial_311", "official_identity_verified": true}, "geometry": {"type": "Point", "coordinates": [-73.98042462260725, 40.759898985367656]}}, {"type": "Feature", "properties": {"unique_key": "27440227", "complaint_type": "Sewer", "descriptor": "Street Flooding (SJ)", "created_date": "2014-02-14T13:40:00.000", "agency": "DEP", "incident_address": null, "borough": "MANHATTAN", "source": "nyc_311_soda_76ig-c548", "hazard": "pluvial_311", "official_identity_verified": true}, "geometry": {"type": "Point", "coordinates": [-74.00640823601, 40.73305407988208]}}, {"type": "Feature", "properties": {"unique_key": "27470003", "complaint_type": "Sewer", "descriptor": "Street Flooding (SJ)", "created_date": "2014-02-19T13:07:00.000", "agency": "DEP", "incident_address": null, "borough": "MANHATTAN", "source": "nyc_311_soda_76ig-c548", "hazard": "pluvial_311", "official_identity_verified": true}, "geometry": {"type": "Point", "coordinates": [-73.98672147252647, 40.715953653567944]}}, {"type": "Feature", "properties": {"unique_key": "27500816", "complaint_type": "Sewer", "descriptor": "Street Flooding (SJ)", "created_date": "2014-02-22T15:22:00.000", "agency": "DEP", "incident_address": null, "borough": "MANHATTAN", "source": "nyc_311_soda_76ig-c548", "hazard": "pluvial_311", "official_identity_verified": true}, "geometry": {"type": "Point", "coordinates": [-73.99630403340966, 40.75338730923498]}}, {"type": "Feature", "properties": {"unique_key": "27807409", "complaint_type": "Sewer", "descriptor": "Street Flooding (SJ)", "created_date": "2014-04-08T09:02:00.000", "agency": "DEP", "incident_address": null, "borough": "MANHATTAN", "source": "nyc_311_soda_76ig-c548", "hazard": "pluvial_311", "official_identity_verified": true}, "geometry": {"type": "Point", "coordinates": [-73.99647524407254, 40.72368635200795]}}, {"type": "Feature", "properties": {"unique_key": "27808218", "complaint_type": "Sewer", "descriptor": "Street Flooding (SJ)", "created_date": "2014-04-08T08:41:00.000", "agency": "DEP", "incident_address": null, "borough": "MANHATTAN", "source": "nyc_311_soda_76ig-c548", "hazard": "pluvial_311", "official_identity_verified": true}, "geometry": {"type": "Point", "coordinates": [-73.99263277459292, 40.75842923013922]}}, {"type": "Feature", "properties": {"unique_key": "27822648", "complaint_type": "Sewer", "descriptor": "Street Flooding (SJ)", "created_date": "2014-04-10T15:46:00.000", "agency": "DEP", "incident_address": "274 EAST   10 STREET", "borough": "MANHATTAN", "source": "nyc_311_soda_76ig-c548", "hazard": "pluvial_311", "official_identity_verified": true}, "geometry": {"type": "Point", "coordinates": [-73.98327700242703, 40.72827442513342]}}, {"type": "Feature", "properties": {"unique_key": "27943736", "complaint_type": "Sewer", "descriptor": "Street Flooding (SJ)", "created_date": "2014-04-30T19:21:00.000", "agency": "DEP", "incident_address": null, "borough": "MANHATTAN", "source": "nyc_311_soda_76ig-c548", "hazard": "pluvial_311", "official_identity_verified": true}, "geometry": {"type": "Point", "coordinates": [-73.98672147252647, 40.715953653567944]}}, {"type": "Feature", "properties": {"unique_key": "27947920", "complaint_type": "Sewer", "descriptor": "Street Flooding (SJ)", "created_date": "2014-04-30T15:44:00.000", "agency": "DEP", "incident_address": null, "borough": "MANHATTAN", "source": "nyc_311_soda_76ig-c548", "hazard": "pluvial_311", "official_identity_verified": true}, "geometry": {"type": "Point", "coordinates": [-74.00732049196499, 40.72732846589319]}}, {"type": "Feature", "properties": {"unique_key": "27950054", "complaint_type": "Sewer", "descriptor": "Street Flooding (SJ)", "created_date": "2014-04-30T10:36:00.000", "agency": "DEP", "incident_address": "330 HUDSON STREET", "borough": "MANHATTAN", "source": "nyc_311_soda_76ig-c548", "hazard": "pluvial_311", "official_identity_verified": true}, "geometry": {"type": "Point", "coordinates": [-74.00738177510488, 40.72686185337721]}}, {"type": "Feature", "properties": {"unique_key": "27979776", "complaint_type": "Sewer", "descriptor": "Street Flooding (SJ)", "created_date": "2014-05-05T17:32:00.000", "agency": "DEP", "incident_address": "242 EAST   10 STREET", "borough": "MANHATTAN", "source": "nyc_311_soda_76ig-c548", "hazard": "pluvial_311", "official_identity_verified": true}, "geometry": {"type": "Point", "coordinates": [-73.98485714766721, 40.72893887472053]}}, {"type": "Feature", "properties": {"unique_key": "28054637", "complaint_type": "Sewer", "descriptor": "Street Flooding (SJ)", "created_date": "2014-05-16T14:07:00.000", "agency": "DEP", "incident_address": "260 WEST   30 STREET", "borough": "MANHATTAN", "source": "nyc_311_soda_76ig-c548", "hazard": "pluvial_311", "official_identity_verified": true}, "geometry": {"type": "Point", "coordinates": [-73.9941063181297, 40.74915756234465]}}, {"type": "Feature", "properties": {"unique_key": "28062849", "complaint_type": "Sewer", "descriptor": "Street Flooding (SJ)", "created_date": "2014-05-17T00:16:00.000", "agency": "DEP", "incident_address": "210 BROADWAY", "borough": "MANHATTAN", "source": "nyc_311_soda_76ig-c548", "hazard": "pluvial_311", "official_identity_verified": true}, "geometry": {"type": "Point", "coordinates": [-74.00911498227278, 40.71081037534807]}}, {"type": "Feature", "properties": {"unique_key": "28098562", "complaint_type": "Sewer", "descriptor": "Street Flooding (SJ)", "created_date": "2014-05-22T04:57:00.000", "agency": "DEP", "incident_address": "360 WEST   23 STREET", "borough": "MANHATTAN", "source": "nyc_311_soda_76ig-c548", "hazard": "pluvial_311", "official_identity_verified": true}, "geometry": {"type": "Point", "coordinates": [-74.00013713975908, 40.74597929412808]}}, {"type": "Feature", "properties": {"unique_key": "28134305", "complaint_type": "Sewer", "descriptor": "Street Flooding (SJ)", "created_date": "2014-05-28T00:51:00.000", "agency": "DEP", "incident_address": "32 EAST    2 STREET", "borough": "MANHATTAN", "source": "nyc_311_soda_76ig-c548", "hazard": "pluvial_311", "official_identity_verified": true}, "geometry": {"type": "Point", "coordinates": [-73.99082894012994, 40.72514350694292]}}, {"type": "Feature", "properties": {"unique_key": "28191281", "complaint_type": "Sewer", "descriptor": "Street Flooding (SJ)", "created_date": "2014-06-05T11:30:00.000", "agency": "DEP", "incident_address": null, "borough": "MANHATTAN", "source": "nyc_311_soda_76ig-c548", "hazard": "pluvial_311", "official_identity_verified": true}, "geometry": {"type": "Point", "coordinates": [-73.98667818939326, 40.73397846974231]}}, {"type": "Feature", "properties": {"unique_key": "28191309", "complaint_type": "Sewer", "descriptor": "Street Flooding (SJ)", "created_date": "2014-06-05T08:33:00.000", "agency": "DEP", "incident_address": null, "borough": "MANHATTAN", "source": "nyc_311_soda_76ig-c548", "hazard": "pluvial_311", "official_identity_verified": true}, "geometry": {"type": "Point", "coordinates": [-73.99263277459292, 40.75842923013922]}}, {"type": "Feature", "properties": {"unique_key": "28194003", "complaint_type": "Sewer", "descriptor": "Street Flooding (SJ)", "created_date": "2014-06-05T09:35:00.000", "agency": "DEP", "incident_address": null, "borough": "MANHATTAN", "source": "nyc_311_soda_76ig-c548", "hazard": "pluvial_311", "official_identity_verified": true}, "geometry": {"type": "Point", "coordinates": [-73.99335942321805, 40.74723619782853]}}, {"type": "Feature", "properties": {"unique_key": "28195972", "complaint_type": "Sewer", "descriptor": "Street Flooding (SJ)", "created_date": "2014-06-05T11:52:00.000", "agency": "DEP", "incident_address": "30 EAST   47 STREET", "borough": "MANHATTAN", "source": "nyc_311_soda_76ig-c548", "hazard": "pluvial_311", "official_identity_verified": true}, "geometry": {"type": "Point", "coordinates": [-73.97674774606625, 40.75587999574879]}}, {"type": "Feature", "properties": {"unique_key": "28197843", "complaint_type": "Sewer", "descriptor": "Street Flooding (SJ)", "created_date": "2014-06-05T09:33:00.000", "agency": "DEP", "incident_address": null, "borough": "MANHATTAN", "source": "nyc_311_soda_76ig-c548", "hazard": "pluvial_311", "official_identity_verified": true}, "geometry": {"type": "Point", "coordinates": [-73.99335942321805, 40.74723619782853]}}, {"type": "Feature", "properties": {"unique_key": "28204437", "complaint_type": "Sewer", "descriptor": "Street Flooding (SJ)", "created_date": "2014-06-06T21:17:00.000", "agency": "DEP", "incident_address": "522 FIRST AVENUE", "borough": "MANHATTAN", "source": "nyc_311_soda_76ig-c548", "hazard": "pluvial_311", "official_identity_verified": true}, "geometry": {"type": "Point", "coordinates": [-73.97517215779105, 40.74149169635123]}}, {"type": "Feature", "properties": {"unique_key": "28220419", "complaint_type": "Sewer", "descriptor": "Street Flooding (SJ)", "created_date": "2014-06-09T15:27:00.000", "agency": "DEP", "incident_address": "2 CORNELIA STREET", "borough": "MANHATTAN", "source": "nyc_311_soda_76ig-c548", "hazard": "pluvial_311", "official_identity_verified": true}, "geometry": {"type": "Point", "coordinates": [-74.00142883377391, 40.731670893056894]}}, {"type": "Feature", "properties": {"unique_key": "28254407", "complaint_type": "Sewer", "descriptor": "Street Flooding (SJ)", "created_date": "2014-06-13T09:35:00.000", "agency": "DEP", "incident_address": "160 EAST   22 STREET", "borough": "MANHATTAN", "source": "nyc_311_soda_76ig-c548", "hazard": "pluvial_311", "official_identity_verified": true}, "geometry": {"type": "Point", "coordinates": [-73.984522982013, 40.7385317455709]}}, {"type": "Feature", "properties": {"unique_key": "28267066", "complaint_type": "Sewer", "descriptor": "Street Flooding (SJ)", "created_date": "2014-06-16T16:02:00.000", "agency": "DEP", "incident_address": null, "borough": "MANHATTAN", "source": "nyc_311_soda_76ig-c548", "hazard": "pluvial_311", "official_identity_verified": true}, "geometry": {"type": "Point", "coordinates": [-74.00708863170247, 40.7183723348158]}}, {"type": "Feature", "properties": {"unique_key": "28279398", "complaint_type": "Sewer", "descriptor": "Street Flooding (SJ)", "created_date": "2014-06-17T22:11:00.000", "agency": "DEP", "incident_address": null, "borough": "MANHATTAN", "source": "nyc_311_soda_76ig-c548", "hazard": "pluvial_311", "official_identity_verified": true}, "geometry": {"type": "Point", "coordinates": [-73.99190953813475, 40.709805868775554]}}, {"type": "Feature", "properties": {"unique_key": "28356076", "complaint_type": "Sewer", "descriptor": "Street Flooding (SJ)", "created_date": "2014-06-27T09:48:00.000", "agency": "DEP", "incident_address": "1370 BROADWAY", "borough": "MANHATTAN", "source": "nyc_311_soda_76ig-c548", "hazard": "pluvial_311", "official_identity_verified": true}, "geometry": {"type": "Point", "coordinates": [-73.98750470802945, 40.75204725445699]}}, {"type": "Feature", "properties": {"unique_key": "28369212", "complaint_type": "Sewer", "descriptor": "Street Flooding (SJ)", "created_date": "2014-06-30T21:08:00.000", "agency": "DEP", "incident_address": "7 WEST   35 STREET", "borough": "MANHATTAN", "source": "nyc_311_soda_76ig-c548", "hazard": "pluvial_311", "official_identity_verified": true}, "geometry": {"type": "Point", "coordinates": [-73.9846900933296, 40.74936804124357]}}, {"type": "Feature", "properties": {"unique_key": "28391027", "complaint_type": "Sewer", "descriptor": "Street Flooding (SJ)", "created_date": "2014-07-02T21:33:00.000", "agency": "DEP", "incident_address": "10 JAY STREET", "borough": "MANHATTAN", "source": "nyc_311_soda_76ig-c548", "hazard": "pluvial_311", "official_identity_verified": true}, "geometry": {"type": "Point", "coordinates": [-74.00974005246529, 40.718015322259916]}}, {"type": "Feature", "properties": {"unique_key": "28394056", "complaint_type": "Sewer", "descriptor": "Street Flooding (SJ)", "created_date": "2014-07-03T20:56:00.000", "agency": "DEP", "incident_address": "20 EAST   35 STREET", "borough": "MANHATTAN", "source": "nyc_311_soda_76ig-c548", "hazard": "pluvial_311", "official_identity_verified": true}, "geometry": {"type": "Point", "coordinates": [-73.98224699323775, 40.74832743103886]}}, {"type": "Feature", "properties": {"unique_key": "28444165", "complaint_type": "Sewer", "descriptor": "Street Flooding (SJ)", "created_date": "2014-07-10T13:37:00.000", "agency": "DEP", "incident_address": null, "borough": "MANHATTAN", "source": "nyc_311_soda_76ig-c548", "hazard": "pluvial_311", "official_identity_verified": true}, "geometry": {"type": "Point", "coordinates": [-73.99630403340966, 40.75338730923498]}}, {"type": "Feature", "properties": {"unique_key": "28457908", "complaint_type": "Sewer", "descriptor": "Street Flooding (SJ)", "created_date": "2014-07-12T21:40:00.000", "agency": "DEP", "incident_address": null, "borough": "MANHATTAN", "source": "nyc_311_soda_76ig-c548", "hazard": "pluvial_311", "official_identity_verified": true}, "geometry": {"type": "Point", "coordinates": [-73.99861084472359, 40.73221435496422]}}, {"type": "Feature", "properties": {"unique_key": "28473745", "complaint_type": "Sewer", "descriptor": "Street Flooding (SJ)", "created_date": "2014-07-14T22:38:00.000", "agency": "DEP", "incident_address": null, "borough": "MANHATTAN", "source": "nyc_311_soda_76ig-c548", "hazard": "pluvial_311", "official_identity_verified": true}, "geometry": {"type": "Point", "coordinates": [-73.99263277459292, 40.75842923013922]}}, {"type": "Feature", "properties": {"unique_key": "28508872", "complaint_type": "Sewer", "descriptor": "Street Flooding (SJ)", "created_date": "2014-07-19T10:43:00.000", "agency": "DEP", "incident_address": "227 WEST   42 STREET", "borough": "MANHATTAN", "source": "nyc_311_soda_76ig-c548", "hazard": "pluvial_311", "official_identity_verified": true}, "geometry": {"type": "Point", "coordinates": [-73.98811748290571, 40.756537723765355]}}, {"type": "Feature", "properties": {"unique_key": "28508925", "complaint_type": "Sewer", "descriptor": "Street Flooding (SJ)", "created_date": "2014-07-19T10:23:00.000", "agency": "DEP", "incident_address": "270 WEST   43 STREET", "borough": "MANHATTAN", "source": "nyc_311_soda_76ig-c548", "hazard": "pluvial_311", "official_identity_verified": true}, "geometry": {"type": "Point", "coordinates": [-73.98830862137434, 40.75748193557638]}}, {"type": "Feature", "properties": {"unique_key": "28510187", "complaint_type": "Sewer", "descriptor": "Street Flooding (SJ)", "created_date": "2014-07-19T09:39:00.000", "agency": "DEP", "incident_address": "680 8 AVENUE", "borough": "MANHATTAN", "source": "nyc_311_soda_76ig-c548", "hazard": "pluvial_311", "official_identity_verified": true}, "geometry": {"type": "Point", "coordinates": [-73.98921814803249, 40.7579980362835]}}, {"type": "Feature", "properties": {"unique_key": "28511059", "complaint_type": "Sewer", "descriptor": "Street Flooding (SJ)", "created_date": "2014-07-19T10:39:00.000", "agency": "DEP", "incident_address": "672 8 AVENUE", "borough": "MANHATTAN", "source": "nyc_311_soda_76ig-c548", "hazard": "pluvial_311", "official_identity_verified": true}, "geometry": {"type": "Point", "coordinates": [-73.98947809460088, 40.75764398826698]}}, {"type": "Feature", "properties": {"unique_key": "28511673", "complaint_type": "Sewer", "descriptor": "Street Flooding (SJ)", "created_date": "2014-07-19T10:48:00.000", "agency": "DEP", "incident_address": "263 WEST   42 STREET", "borough": "MANHATTAN", "source": "nyc_311_soda_76ig-c548", "hazard": "pluvial_311", "official_identity_verified": true}, "geometry": {"type": "Point", "coordinates": [-73.9890703285979, 40.75693855088533]}}, {"type": "Feature", "properties": {"unique_key": "28790664", "complaint_type": "Sewer", "descriptor": "Street Flooding (SJ)", "created_date": "2014-08-31T17:01:00.000", "agency": "DEP", "incident_address": null, "borough": "MANHATTAN", "source": "nyc_311_soda_76ig-c548", "hazard": "pluvial_311", "official_identity_verified": true}, "geometry": {"type": "Point", "coordinates": [-73.99263277459292, 40.75842923013922]}}, {"type": "Feature", "properties": {"unique_key": "28796603", "complaint_type": "Sewer", "descriptor": "Street Flooding (SJ)", "created_date": "2014-09-01T22:54:00.000", "agency": "DEP", "incident_address": "74 MACDOUGAL STREET", "borough": "MANHATTAN", "source": "nyc_311_soda_76ig-c548", "hazard": "pluvial_311", "official_identity_verified": true}, "geometry": {"type": "Point", "coordinates": [-74.00186172122311, 40.72836071187914]}}, {"type": "Feature", "properties": {"unique_key": "28805300", "complaint_type": "Sewer", "descriptor": "Street Flooding (SJ)", "created_date": "2014-09-03T22:01:00.000", "agency": "DEP", "incident_address": "1515 BROADWAY", "borough": "MANHATTAN", "source": "nyc_311_soda_76ig-c548", "hazard": "pluvial_311", "official_identity_verified": true}, "geometry": {"type": "Point", "coordinates": [-73.98580355106148, 40.75763535980379]}}, {"type": "Feature", "properties": {"unique_key": "28857533", "complaint_type": "Sewer", "descriptor": "Street Flooding (SJ)", "created_date": "2014-09-10T12:09:00.000", "agency": "DEP", "incident_address": "147 SULLIVAN STREET", "borough": "MANHATTAN", "source": "nyc_311_soda_76ig-c548", "hazard": "pluvial_311", "official_identity_verified": true}, "geometry": {"type": "Point", "coordinates": [-74.00188333191005, 40.72704322852554]}}, {"type": "Feature", "properties": {"unique_key": "28894766", "complaint_type": "Sewer", "descriptor": "Street Flooding (SJ)", "created_date": "2014-09-16T12:55:00.000", "agency": "DEP", "incident_address": null, "borough": "MANHATTAN", "source": "nyc_311_soda_76ig-c548", "hazard": "pluvial_311", "official_identity_verified": true}, "geometry": {"type": "Point", "coordinates": [-73.99108083276965, 40.73003193771921]}}, {"type": "Feature", "properties": {"unique_key": "28896760", "complaint_type": "Sewer", "descriptor": "Street Flooding (SJ)", "created_date": "2014-09-17T22:04:00.000", "agency": "DEP", "incident_address": null, "borough": "MANHATTAN", "source": "nyc_311_soda_76ig-c548", "hazard": "pluvial_311", "official_identity_verified": true}, "geometry": {"type": "Point", "coordinates": [-73.98945625556239, 40.735987917187984]}}, {"type": "Feature", "properties": {"unique_key": "29034705", "complaint_type": "Sewer", "descriptor": "Street Flooding (SJ)", "created_date": "2014-10-08T17:09:00.000", "agency": "DEP", "incident_address": null, "borough": "MANHATTAN", "source": "nyc_311_soda_76ig-c548", "hazard": "pluvial_311", "official_identity_verified": true}, "geometry": {"type": "Point", "coordinates": [-73.98929757361397, 40.75790746711998]}}, {"type": "Feature", "properties": {"unique_key": "29055116", "complaint_type": "Sewer", "descriptor": "Street Flooding (SJ)", "created_date": "2014-10-11T23:39:00.000", "agency": "DEP", "incident_address": null, "borough": "MANHATTAN", "source": "nyc_311_soda_76ig-c548", "hazard": "pluvial_311", "official_identity_verified": true}, "geometry": {"type": "Point", "coordinates": [-74.0040184651626, 40.71456001069013]}}, {"type": "Feature", "properties": {"unique_key": "29123040", "complaint_type": "Sewer", "descriptor": "Street Flooding (SJ)", "created_date": "2014-10-22T09:30:00.000", "agency": "DEP", "incident_address": "330 WEST BROADWAY", "borough": "MANHATTAN", "source": "nyc_311_soda_76ig-c548", "hazard": "pluvial_311", "official_identity_verified": true}, "geometry": {"type": "Point", "coordinates": [-74.00400809766849, 40.722113589834755]}}, {"type": "Feature", "properties": {"unique_key": "29151790", "complaint_type": "Sewer", "descriptor": "Street Flooding (SJ)", "created_date": "2014-10-26T15:38:00.000", "agency": "DEP", "incident_address": null, "borough": "MANHATTAN", "source": "nyc_311_soda_76ig-c548", "hazard": "pluvial_311", "official_identity_verified": true}, "geometry": {"type": "Point", "coordinates": [-73.99019920410063, 40.71405188280998]}}, {"type": "Feature", "properties": {"unique_key": "29161603", "complaint_type": "Sewer", "descriptor": "Street Flooding (SJ)", "created_date": "2014-10-27T17:44:00.000", "agency": "DEP", "incident_address": null, "borough": "MANHATTAN", "source": "nyc_311_soda_76ig-c548", "hazard": "pluvial_311", "official_identity_verified": true}, "geometry": {"type": "Point", "coordinates": [-73.9758818809488, 40.74478005822341]}}, {"type": "Feature", "properties": {"unique_key": "29237667", "complaint_type": "Sewer", "descriptor": "Street Flooding (SJ)", "created_date": "2014-11-06T20:58:00.000", "agency": "DEP", "incident_address": "1515 BROADWAY", "borough": "MANHATTAN", "source": "nyc_311_soda_76ig-c548", "hazard": "pluvial_311", "official_identity_verified": true}, "geometry": {"type": "Point", "coordinates": [-73.98580355106148, 40.75763535980379]}}, {"type": "Feature", "properties": {"unique_key": "29249922", "complaint_type": "Sewer", "descriptor": "Street Flooding (SJ)", "created_date": "2014-11-08T15:59:00.000", "agency": "DEP", "incident_address": null, "borough": "MANHATTAN", "source": "nyc_311_soda_76ig-c548", "hazard": "pluvial_311", "official_identity_verified": true}, "geometry": {"type": "Point", "coordinates": [-73.98533768299346, 40.75869477281765]}}, {"type": "Feature", "properties": {"unique_key": "29286296", "complaint_type": "Sewer", "descriptor": "Street Flooding (SJ)", "created_date": "2014-11-14T16:17:00.000", "agency": "DEP", "incident_address": "719 7 AVENUE", "borough": "MANHATTAN", "source": "nyc_311_soda_76ig-c548", "hazard": "pluvial_311", "official_identity_verified": true}, "geometry": {"type": "Point", "coordinates": [-73.98423288804848, 40.759743119134775]}}, {"type": "Feature", "properties": {"unique_key": "29307834", "complaint_type": "Sewer", "descriptor": "Street Flooding (SJ)", "created_date": "2014-11-17T15:13:00.000", "agency": "DEP", "incident_address": "82 WASHINGTON PLACE", "borough": "MANHATTAN", "source": "nyc_311_soda_76ig-c548", "hazard": "pluvial_311", "official_identity_verified": true}, "geometry": {"type": "Point", "coordinates": [-73.99991340356783, 40.7320139962256]}}, {"type": "Feature", "properties": {"unique_key": "29312029", "complaint_type": "Sewer", "descriptor": "Street Flooding (SJ)", "created_date": "2014-11-17T14:52:00.000", "agency": "DEP", "incident_address": null, "borough": "MANHATTAN", "source": "nyc_311_soda_76ig-c548", "hazard": "pluvial_311", "official_identity_verified": true}, "geometry": {"type": "Point", "coordinates": [-74.00132449156148, 40.74649255468646]}}, {"type": "Feature", "properties": {"unique_key": "29313113", "complaint_type": "Sewer", "descriptor": "Street Flooding (SJ)", "created_date": "2014-11-17T13:48:00.000", "agency": "DEP", "incident_address": null, "borough": "MANHATTAN", "source": "nyc_311_soda_76ig-c548", "hazard": "pluvial_311", "official_identity_verified": true}, "geometry": {"type": "Point", "coordinates": [-73.99263277459292, 40.75842923013922]}}, {"type": "Feature", "properties": {"unique_key": "29319060", "complaint_type": "Sewer", "descriptor": "Street Flooding (SJ)", "created_date": "2014-11-18T07:35:00.000", "agency": "DEP", "incident_address": null, "borough": "MANHATTAN", "source": "nyc_311_soda_76ig-c548", "hazard": "pluvial_311", "official_identity_verified": true}, "geometry": {"type": "Point", "coordinates": [-73.9784972859385, 40.7367906050123]}}, {"type": "Feature", "properties": {"unique_key": "29319115", "complaint_type": "Sewer", "descriptor": "Street Flooding (SJ)", "created_date": "2014-11-18T07:31:00.000", "agency": "DEP", "incident_address": null, "borough": "MANHATTAN", "source": "nyc_311_soda_76ig-c548", "hazard": "pluvial_311", "official_identity_verified": true}, "geometry": {"type": "Point", "coordinates": [-73.9784972859385, 40.7367906050123]}}, {"type": "Feature", "properties": {"unique_key": "29365094", "complaint_type": "Sewer", "descriptor": "Street Flooding (SJ)", "created_date": "2014-11-24T10:31:00.000", "agency": "DEP", "incident_address": "525 EAST   13 STREET", "borough": "MANHATTAN", "source": "nyc_311_soda_76ig-c548", "hazard": "pluvial_311", "official_identity_verified": true}, "geometry": {"type": "Point", "coordinates": [-73.98010885250032, 40.72941848463957]}}, {"type": "Feature", "properties": {"unique_key": "29366846", "complaint_type": "Sewer", "descriptor": "Street Flooding (SJ)", "created_date": "2014-11-24T22:27:00.000", "agency": "DEP", "incident_address": null, "borough": "MANHATTAN", "source": "nyc_311_soda_76ig-c548", "hazard": "pluvial_311", "official_identity_verified": true}, "geometry": {"type": "Point", "coordinates": [-73.97812268196289, 40.74572744427753]}}, {"type": "Feature", "properties": {"unique_key": "29377644", "complaint_type": "Sewer", "descriptor": "Street Flooding (SJ)", "created_date": "2014-11-26T18:22:00.000", "agency": "DEP", "incident_address": "279 AVENUE C", "borough": "MANHATTAN", "source": "nyc_311_soda_76ig-c548", "hazard": "pluvial_311", "official_identity_verified": true}, "geometry": {"type": "Point", "coordinates": [-73.97470379838718, 40.72995539619824]}}, {"type": "Feature", "properties": {"unique_key": "29379898", "complaint_type": "Sewer", "descriptor": "Street Flooding (SJ)", "created_date": "2014-11-26T12:19:00.000", "agency": "DEP", "incident_address": null, "borough": "MANHATTAN", "source": "nyc_311_soda_76ig-c548", "hazard": "pluvial_311", "official_identity_verified": true}, "geometry": {"type": "Point", "coordinates": [-73.99263277459292, 40.75842923013922]}}, {"type": "Feature", "properties": {"unique_key": "29437409", "complaint_type": "Sewer", "descriptor": "Street Flooding (SJ)", "created_date": "2014-12-05T23:55:00.000", "agency": "DEP", "incident_address": null, "borough": "BROOKLYN", "source": "nyc_311_soda_76ig-c548", "hazard": "pluvial_311", "official_identity_verified": true}, "geometry": {"type": "Point", "coordinates": [-73.99129741503246, 40.7016566188967]}}, {"type": "Feature", "properties": {"unique_key": "29445315", "complaint_type": "Sewer", "descriptor": "Street Flooding (SJ)", "created_date": "2014-12-06T14:50:00.000", "agency": "DEP", "incident_address": null, "borough": "MANHATTAN", "source": "nyc_311_soda_76ig-c548", "hazard": "pluvial_311", "official_identity_verified": true}, "geometry": {"type": "Point", "coordinates": [-73.99263277459292, 40.75842923013922]}}, {"type": "Feature", "properties": {"unique_key": "29447833", "complaint_type": "Sewer", "descriptor": "Street Flooding (SJ)", "created_date": "2014-12-07T20:12:00.000", "agency": "DEP", "incident_address": null, "borough": "MANHATTAN", "source": "nyc_311_soda_76ig-c548", "hazard": "pluvial_311", "official_identity_verified": true}, "geometry": {"type": "Point", "coordinates": [-73.98085044954946, 40.74775081013395]}}, {"type": "Feature", "properties": {"unique_key": "29450578", "complaint_type": "Sewer", "descriptor": "Street Flooding (SJ)", "created_date": "2014-12-07T00:57:00.000", "agency": "DEP", "incident_address": null, "borough": "MANHATTAN", "source": "nyc_311_soda_76ig-c548", "hazard": "pluvial_311", "official_identity_verified": true}, "geometry": {"type": "Point", "coordinates": [-73.99263277459292, 40.75842923013922]}}, {"type": "Feature", "properties": {"unique_key": "29465519", "complaint_type": "Sewer", "descriptor": "Street Flooding (SJ)", "created_date": "2014-12-09T07:55:00.000", "agency": "DEP", "incident_address": "123 ESSEX STREET", "borough": "MANHATTAN", "source": "nyc_311_soda_76ig-c548", "hazard": "pluvial_311", "official_identity_verified": true}, "geometry": {"type": "Point", "coordinates": [-73.9877200434564, 40.719510973346296]}}, {"type": "Feature", "properties": {"unique_key": "29465549", "complaint_type": "Sewer", "descriptor": "Street Flooding (SJ)", "created_date": "2014-12-09T09:36:00.000", "agency": "DEP", "incident_address": null, "borough": "MANHATTAN", "source": "nyc_311_soda_76ig-c548", "hazard": "pluvial_311", "official_identity_verified": true}, "geometry": {"type": "Point", "coordinates": [-73.98363176291305, 40.73816657030053]}}, {"type": "Feature", "properties": {"unique_key": "29466735", "complaint_type": "Sewer", "descriptor": "Street Flooding (SJ)", "created_date": "2014-12-09T16:04:00.000", "agency": "DEP", "incident_address": null, "borough": "MANHATTAN", "source": "nyc_311_soda_76ig-c548", "hazard": "pluvial_311", "official_identity_verified": true}, "geometry": {"type": "Point", "coordinates": [-74.00443990393069, 40.70542816947799]}}, {"type": "Feature", "properties": {"unique_key": "29467941", "complaint_type": "Sewer", "descriptor": "Street Flooding (SJ)", "created_date": "2014-12-09T12:38:00.000", "agency": "DEP", "incident_address": null, "borough": "MANHATTAN", "source": "nyc_311_soda_76ig-c548", "hazard": "pluvial_311", "official_identity_verified": true}, "geometry": {"type": "Point", "coordinates": [-73.98672147252647, 40.715953653567944]}}, {"type": "Feature", "properties": {"unique_key": "29467945", "complaint_type": "Sewer", "descriptor": "Street Flooding (SJ)", "created_date": "2014-12-09T12:08:00.000", "agency": "DEP", "incident_address": null, "borough": "MANHATTAN", "source": "nyc_311_soda_76ig-c548", "hazard": "pluvial_311", "official_identity_verified": true}, "geometry": {"type": "Point", "coordinates": [-73.97787428590465, 40.75472742445424]}}, {"type": "Feature", "properties": {"unique_key": "29467984", "complaint_type": "Sewer", "descriptor": "Street Flooding (SJ)", "created_date": "2014-12-09T11:30:00.000", "agency": "DEP", "incident_address": null, "borough": "MANHATTAN", "source": "nyc_311_soda_76ig-c548", "hazard": "pluvial_311", "official_identity_verified": true}, "geometry": {"type": "Point", "coordinates": [-74.00376640056474, 40.72238532906574]}}, {"type": "Feature", "properties": {"unique_key": "29469235", "complaint_type": "Sewer", "descriptor": "Street Flooding (SJ)", "created_date": "2014-12-09T14:09:00.000", "agency": "DEP", "incident_address": null, "borough": "MANHATTAN", "source": "nyc_311_soda_76ig-c548", "hazard": "pluvial_311", "official_identity_verified": true}, "geometry": {"type": "Point", "coordinates": [-73.98575320366534, 40.723010314091134]}}, {"type": "Feature", "properties": {"unique_key": "29470459", "complaint_type": "Sewer", "descriptor": "Street Flooding (SJ)", "created_date": "2014-12-09T13:10:00.000", "agency": "DEP", "incident_address": null, "borough": "MANHATTAN", "source": "nyc_311_soda_76ig-c548", "hazard": "pluvial_311", "official_identity_verified": true}, "geometry": {"type": "Point", "coordinates": [-73.98595027519353, 40.74653562137812]}}, {"type": "Feature", "properties": {"unique_key": "29484657", "complaint_type": "Sewer", "descriptor": "Street Flooding (SJ)", "created_date": "2014-12-11T16:08:00.000", "agency": "DEP", "incident_address": "662 8 AVENUE", "borough": "MANHATTAN", "source": "nyc_311_soda_76ig-c548", "hazard": "pluvial_311", "official_identity_verified": true}, "geometry": {"type": "Point", "coordinates": [-73.9896694428358, 40.75738051009254]}}, {"type": "Feature", "properties": {"unique_key": "29526137", "complaint_type": "Sewer", "descriptor": "Street Flooding (SJ)", "created_date": "2014-12-17T09:17:00.000", "agency": "DEP", "incident_address": null, "borough": "MANHATTAN", "source": "nyc_311_soda_76ig-c548", "hazard": "pluvial_311", "official_identity_verified": true}, "geometry": {"type": "Point", "coordinates": [-73.97350434354797, 40.752064098136685]}}, {"type": "Feature", "properties": {"unique_key": "29570702", "complaint_type": "Sewer", "descriptor": "Street Flooding (SJ)", "created_date": "2014-12-24T12:37:00.000", "agency": "DEP", "incident_address": "77 2 AVENUE", "borough": "MANHATTAN", "source": "nyc_311_soda_76ig-c548", "hazard": "pluvial_311", "official_identity_verified": true}, "geometry": {"type": "Point", "coordinates": [-73.9892160306798, 40.7264855533407]}}, {"type": "Feature", "properties": {"unique_key": "29580447", "complaint_type": "Sewer", "descriptor": "Street Flooding (SJ)", "created_date": "2014-12-26T12:37:00.000", "agency": "DEP", "incident_address": "74 7 AVENUE", "borough": "MANHATTAN", "source": "nyc_311_soda_76ig-c548", "hazard": "pluvial_311", "official_identity_verified": true}, "geometry": {"type": "Point", "coordinates": [-73.9993288066535, 40.73906252074122]}}, {"type": "Feature", "properties": {"unique_key": "33179507", "complaint_type": "Sewer", "descriptor": "Street Flooding (SJ)", "created_date": "2013-10-20T19:57:00.000", "agency": "DEP", "incident_address": "77A BAXTER STREET", "borough": "MANHATTAN", "source": "nyc_311_soda_76ig-c548", "hazard": "pluvial_311", "official_identity_verified": true}, "geometry": {"type": "Point", "coordinates": [-73.99980159533058, 40.71673667590109]}}]}