h3_index,elevation_m,impervious_frac,slope_deg,flow_accum_proxy,land_cover_urban,building_density,dist_stream_m,rainfall_mm_h,lon,lat,h3_resolution,feature_source,assembly_mode,observed_feature_cols,rainfall_source,data_mode,synthetic_value_count,null_value_count,flood_area_frac,flood_point_count,dep_area_frac,dep_nuisance_frac,dep_deep_frac,complaint_count,complaint_presence,ida_hwm_count,ida_hwm_presence,ida_hwm_quality,evidence_sources,observed_risk,flood_risk,flood_class,label_source,sandy_area_frac,sandy_class
892a1008803ffff,12.508090774010903,0.39940270111918663,5.861161301712893,9.615859030837004,0.0,141.5307992030145,155.93599323267378,75.0,-73.97475203687152,40.79782295730972,9,observed,opendata,"building_density,dist_stream_m,elevation_m,flow_accum_proxy,impervious_frac,slope_deg",event_raster,production,0,0,1.091353413075445e-05,0,1.091353413075445e-05,0.0,1.091353413075445e-05,0,0,0,0,,dep,1.091353413075445e-05,1.091353413075445e-05,1,open_public_evidence,0.0,0
892a1008807ffff,20.110297412365938,0.8319691065665895,3.0739885800707656,140.76637168141593,1.0,943.5868077646928,467.6781870988159,75.0,-73.97250902990328,40.79523794339454,9,observed,opendata,"building_density,dist_stream_m,elevation_m,flow_accum_proxy,impervious_frac,slope_deg",event_raster,production,0,0,0.04370473527537827,12,0.04370473527537827,0.04062405520863933,0.0030806800667389643,12,1,0,0,,dep+complaint,1.0,1.0,1,open_public_evidence,0.0,0
892a100880bffff,0.023050844005918683,0.016851355256710214,0.11546840367743305,1.452296819787986,0.0,0.0,167.27892702937095,75.0,-73.9790323113081,40.79770770779404,9,observed,opendata,"building_density,dist_stream_m,elevation_m,flow_accum_proxy,impervious_frac,slope_deg",event_raster,production,0,0,0.0,0,0.0,0.0,0.0,0,0,0,0,,none,0.0,0.0,0,open_public_evidence,0.0,0
892a100880fffff,10.7558353272811,0.49186039856341884,4.217394815553655,11.664014146772768,1.0,207.58850425984602,144.47562579127452,75.0,-73.97678906663745,40.795122776260655,9,observed,opendata,"building_density,dist_stream_m,elevation_m,flow_accum_proxy,impervious_frac,slope_deg",event_raster,production,0,0,0.016457844503425956,1,0.016457844503425956,0.0013595398333970266,0.01509830467002891,1,1,0,0,,dep+complaint,1.0,1.0,1,open_public_evidence,0.0,0
892a1008817ffff,29.311893286216385,0.7507141592645814,1.5823214354171242,32.540636042402824,1.0,1302.0870814004863,479.1541647285437,75.0,-73.97047175574073,40.79793804844384,9,observed,opendata,"building_density,dist_stream_m,elevation_m,flow_accum_proxy,impervious_frac,slope_deg",event_raster,production,0,0,0.0,3,0.0,0.0,0.0,3,1,0,0,,complaint,1.0,1.0,1,open_public_evidence,0.0,0
892a1008823ffff,32.043975772688874,0.7533392979507952,1.2773837630991387,17.999115044247787,1.0,1075.7956828790038,586.8807234910239,75.0,-73.97230333019724,40.789953046698166,9,observed,opendata,"building_density,dist_stream_m,elevation_m,flow_accum_proxy,impervious_frac,slope_deg",event_raster,production,0,0,0.0,1,0.0,0.0,0.0,1,1,0,0,,complaint,1.0,1.0,1,open_public_evidence,0.0,0
892a1008827ffff,33.12392423186504,0.6621043331606288,1.050379530369291,32.25352112676056,1.0,2198.887626488863,328.39866846164824,75.0,-73.97006083835718,40.78736824871378,9,observed,opendata,"building_density,dist_stream_m,elevation_m,flow_accum_proxy,impervious_frac,slope_deg",event_raster,production,0,0,0.0,3,0.0,0.0,0.0,3,1,0,0,,complaint,1.0,1.0,1,open_public_evidence,0.0,0
892a100882bffff,24.132110064478706,0.7541773381167867,1.1117827096520854,40.04862953138815,1.0,1217.344266537129,444.76984456082545,75.0,-73.97658288490179,40.78983788594548,9,observed,opendata,"building_density,dist_stream_m,elevation_m,flow_accum_proxy,impervious_frac,slope_deg",event_raster,production,0,0,0.0,1,0.0,0.0,0.0,1,1,0,0,,complaint,1.0,1.0,1,open_public_evidence,0.0,0
892a100882fffff,27.802228910822265,0.7905080103590875,1.0903459526073764,20.575704225352112,1.0,1594.8967589962247,684.0263437347863,75.0,-73.97434015542497,40.78725317030209,9,observed,opendata,"building_density,dist_stream_m,elevation_m,flow_accum_proxy,impervious_frac,slope_deg",event_raster,production,0,0,0.0,6,0.0,0.0,0.0,6,1,0,0,,complaint,1.0,1.0,1,open_public_evidence,0.0,0
892a1008833ffff,31.277079938790997,0.772027197338286,1.8296744674969814,12.44268077601411,1.0,1349.397998586674,660.0980678138135,75.0,-73.97026627390053,40.79265297399342,9,observed,opendata,"building_density,dist_stream_m,elevation_m,flow_accum_proxy,impervious_frac,slope_deg",event_raster,production,0,0,0.0,0,0.0,0.0,0.0,0,0,0,0,,none,0.0,0.0,0,open_public_evidence,0.0,0
892a1008837ffff,35.81720145726436,0.7367864906972652,0.7883270373132799,8.201948627103631,1.0,1104.1092623602433,316.92301992254687,75.0,-73.96802376882803,40.79006804912875,9,observed,opendata,"building_density,dist_stream_m,elevation_m,flow_accum_proxy,impervious_frac,slope_deg",event_raster,production,0,0,0.0,0,0.0,0.0,0.0,0,0,0,0,,none,0.0,0.0,0,open_public_evidence,0.0,0
892a100883bffff,25.535322515057846,0.7548806191566335,1.8012018725275993,30.138204225352112,1.0,1321.0851667710037,456.21674795189625,75.0,-73.97454607294559,40.792537889221244,9,observed,opendata,"building_density,dist_stream_m,elevation_m,flow_accum_proxy,impervious_frac,slope_deg",event_raster,production,0,0,0.0,0,0.0,0.0,0.0,0,0,0,0,,none,0.0,0.0,0,open_public_evidence,0.0,0
892a1008847ffff,0.0,0.0,0.0,1.0,0.0,0.0,112.13171446827182,75.0,-73.98331257900263,40.79759229989786,9,observed,opendata,"building_density,dist_stream_m,elevation_m,flow_accum_proxy,impervious_frac,slope_deg",event_raster,production,0,0,0.0,0,0.0,0.0,0.0,0,0,0,0,,none,0.0,0.0,0,open_public_evidence,0.0,0
892a100884fffff,0.02759426830947015,0.0,0.040850302337925117,1.267667844522968,0.0,0.0,208.04751770433296,75.0,-73.98759283990744,40.797476733622176,9,observed,opendata,"building_density,dist_stream_m,elevation_m,flow_accum_proxy,impervious_frac,slope_deg",event_raster,production,0,0,0.0,0,0.0,0.0,0.0,0,0,0,0,,none,0.0,0.0,0,open_public_evidence,0.0,0
892a1008863ffff,0.018909396812096205,0.008474340277127559,0.12123383386774142,1.5730735163861824,0.0,0.0,190.15390172125487,75.0,-73.98310565091663,40.79230724465316,9,observed,opendata,"building_density,dist_stream_m,elevation_m,flow_accum_proxy,impervious_frac,slope_deg",event_raster,production,0,0,0.0,0,0.0,0.0,0.0,0,0,0,0,,none,0.0,0.0,0,open_public_evidence,0.0,0
892a1008867ffff,13.928963167898743,0.40211649159346974,4.22664091449912,7.473127753303965,0.0,566.2050224937012,121.5985015015075,75.0,-73.98086243289394,40.7897225668717,9,observed,opendata,"building_density,dist_stream_m,elevation_m,flow_accum_proxy,impervious_frac,slope_deg",event_raster,production,0,0,0.0,0,0.0,0.0,0.0,0,0,0,0,,none,0.0,0.0,0,open_public_evidence,0.0,0
892a100886bffff,0.0,0.0,0.0,1.0,0.0,0.0,101.82477752564277,75.0,-73.98738542974714,40.79219168485932,9,observed,opendata,"building_density,dist_stream_m,elevation_m,flow_accum_proxy,impervious_frac,slope_deg",event_raster,production,0,0,0.0,0,0.0,0.0,0.0,0,0,0,0,,none,0.0,0.0,0,open_public_evidence,0.0,0
892a100886fffff,0.0025329119857879436,0.0020643036965646414,0.033198818882507544,1.1346830985915493,0.0,0.0,201.569586203273,75.0,-73.98514197412598,40.78960708947785,9,observed,opendata,"building_density,dist_stream_m,elevation_m,flow_accum_proxy,impervious_frac,slope_deg",event_raster,production,0,0,0.0,0,0.0,0.0,0.0,0,0,0,0,,none,0.0,0.0,0,open_public_evidence,0.0,0
892a1008873ffff,0.030075413738200663,0.003973128536300173,0.19455278297353598,1.2418358340688438,0.0,0.0,178.72368290661262,75.0,-73.98106909665539,40.79500745076572,9,observed,opendata,"building_density,dist_stream_m,elevation_m,flow_accum_proxy,impervious_frac,slope_deg",event_raster,production,0,0,0.0,0,0.0,0.0,0.0,0,0,0,0,,none,0.0,0.0,0,open_public_evidence,0.0,0
892a1008877ffff,14.23940395257988,0.36022811502947644,5.399583089523907,33.80176991150442,0.0,424.63330604227076,133.02979612477301,75.0,-73.97882586530018,40.79242264610748,9,observed,opendata,"building_density,dist_stream_m,elevation_m,flow_accum_proxy,impervious_frac,slope_deg",event_raster,production,0,0,0.0,0,0.0,0.0,0.0,0,0,0,0,,none,0.0,0.0,0,open_public_evidence,0.0,0
892a100887bffff,0.0,0.0,0.0,1.0,0.0,0.0,106.97095638196902,75.0,-73.98534911990939,40.79489196691077,9,observed,opendata,"building_density,dist_stream_m,elevation_m,flow_accum_proxy,impervious_frac,slope_deg",event_raster,production,0,0,0.0,0,0.0,0.0,0.0,0,0,0,0,,none,0.0,0.0,0,open_public_evidence,0.0,0
892a10088a3ffff,28.09015389833156,0.709304461651174,2.092847809323524,33.7726872246696,1.0,556.7194156712067,203.24244200965157,75.0,-73.96394893647737,40.795467802575054,9,observed,opendata,"building_density,dist_stream_m,elevation_m,flow_accum_proxy,impervious_frac,slope_deg",event_raster,production,0,0,0.0,5,0.0,0.0,0.0,5,1,0,0,,complaint,1.0,1.0,1,open_public_evidence,0.0,0
892a10088a7ffff,25.57099256431107,0.20161940267523834,2.39785983285213,10.846017699115045,0.0,0.0,168.92311945050133,75.0,-73.96170665593014,40.792882668508945,9,observed,opendata,"building_density,dist_stream_m,elevation_m,flow_accum_proxy,impervious_frac,slope_deg",event_raster,production,0,0,0.0,0,0.0,0.0,0.0,0,0,0,0,,none,0.0,0.0,0,open_public_evidence,0.0,0
892a10088abffff,27.616282813007277,0.7618808650949379,0.8273283938533905,27.030061892130856,1.0,434.05117658797326,550.6192935122014,75.0,-73.96822898650066,40.79535295216633,9,observed,opendata,"building_density,dist_stream_m,elevation_m,flow_accum_proxy,impervious_frac,slope_deg",event_raster,production,0,0,0.0,0,0.0,0.0,0.0,0,0,0,0,,none,0.0,0.0,0,open_public_evidence,0.0,0
892a10088afffff,29.79600998369628,0.715529942312426,1.295637569926653,24.413427561837455,1.0,792.6556471595256,509.2795486791704,75.0,-73.9659864682128,40.792767900423,9,observed,opendata,"building_density,dist_stream_m,elevation_m,flow_accum_proxy,impervious_frac,slope_deg",event_raster,production,0,0,0.0,2,0.0,0.0,0.0,2,1,0,0,,complaint,1.0,1.0,1,open_public_evidence,0.0,0
892a10088b3ffff,28.57642082772768,0.7710020282622788,3.266543915219329,11.528218694885362,1.0,1641.7714224381243,355.55681274894613,75.0,-73.9619111735875,40.79816775556336,9,observed,opendata,"building_density,dist_stream_m,elevation_m,flow_accum_proxy,impervious_frac,slope_deg",event_raster,production,0,0,0.0,1,0.0,0.0,0.0,1,1,0,0,,complaint,1.0,1.0,1,open_public_evidence,0.0,0
892a10088b7ffff,26.434682607650757,0.11523191647006811,6.875345605481482,11.42756183745583,0.0,9.43594954643333,85.16290324976745,75.0,-73.95966887988108,40.79558249461964,9,observed,opendata,"building_density,dist_stream_m,elevation_m,flow_accum_proxy,impervious_frac,slope_deg",event_raster,production,0,0,0.0,0,0.0,0.0,0.0,0,0,0,0,,none,0.0,0.0,0,open_public_evidence,0.0,0
892a10088bbffff,31.868581943714155,0.6574149039893185,0.8737951796699328,15.252650176678445,1.0,471.77203719207745,517.1530696025234,75.0,-73.96619146796348,40.798052981195404,9,observed,opendata,"building_density,dist_stream_m,elevation_m,flow_accum_proxy,impervious_frac,slope_deg",event_raster,production,0,0,0.020743108200828995,2,0.020743108200828995,0.014296732128710934,0.006446376072118066,2,1,0,0,,dep+complaint,1.0,1.0,1,open_public_evidence,0.0,0
892a1008903ffff,28.561085076979648,0.8009367017256099,0.7902782583047473,13.746031746031745,1.0,792.8557507995936,330.0340988838519,75.0,-73.95905625713571,40.77972879548113,9,observed,opendata,"building_density,dist_stream_m,elevation_m,flow_accum_proxy,impervious_frac,slope_deg",event_raster,production,0,0,0.0,5,0.0,0.0,0.0,5,1,0,0,,complaint,1.0,1.0,1,open_public_evidence,0.0,0
892a1008907ffff,24.449222151522715,0.7692131990094189,1.3670203671267769,19.099911582670202,1.0,1576.3532627287861,673.0181175902729,75.0,-73.9568150061859,40.77714409363365,9,observed,opendata,"building_density,dist_stream_m,elevation_m,flow_accum_proxy,impervious_frac,slope_deg",event_raster,production,0,0,0.009914355048427078,5,0.009914355048427078,0.009914355048427078,0.0,5,1,0,0,,dep+complaint,1.0,1.0,1,open_public_evidence,0.0,0
892a100890bffff,28.060125498965093,0.6909509095834729,1.686375522335915,10.425044091710758,1.0,151.0197070139859,294.9340963224059,75.0,-73.96333486793449,40.77961412221612,9,observed,opendata,"building_density,dist_stream_m,elevation_m,flow_accum_proxy,impervious_frac,slope_deg",event_raster,production,0,0,0.0,2,0.0,0.0,0.0,2,1,0,0,,complaint,1.0,1.0,1,open_public_evidence,0.0,0
892a100890fffff,24.804739143445786,0.7576191885928787,1.0102169276021624,22.694076038903624,1.0,1699.058483770492,559.5762271027359,75.0,-73.96109337937528,40.77702950260986,9,observed,opendata,"building_density,dist_stream_m,elevation_m,flow_accum_proxy,impervious_frac,slope_deg",event_raster,production,0,0,0.06570813032274958,2,0.06570813032274958,0.04904710741816753,0.016661022904582046,1,1,0,0,,dep+complaint+floodnet,1.0,1.0,1,open_public_evidence,0.0,0
892a1008913ffff,31.476371195804134,0.757891575750574,1.252818090077308,15.798937112488929,1.0,830.5707674334982,290.3652227811372,75.0,-73.95701890387848,40.78242813923825,9,observed,opendata,"building_density,dist_stream_m,elevation_m,flow_accum_proxy,impervious_frac,slope_deg",event_raster,production,0,0,0.0,2,0.0,0.0,0.0,2,1,0,0,,complaint,1.0,1.0,1,open_public_evidence,0.0,0
892a1008917ffff,25.741987827604852,0.8039541739278135,1.1139264001255542,37.28761061946903,1.0,1009.9501317959977,604.9295774533634,75.0,-73.95477763982299,40.77984331050087,9,observed,opendata,"building_density,dist_stream_m,elevation_m,flow_accum_proxy,impervious_frac,slope_deg",event_raster,production,0,0,0.0027671285776669423,7,0.0027671285776669423,0.0027671285776669423,0.0,7,1,0,0,,dep+complaint,1.0,1.0,1,open_public_evidence,0.0,0
892a100891bffff,33.30822440350974,0.20184641270184736,2.556699666062065,11.33215234720992,0.0,132.13587633094517,0.0,75.0,-73.9612977588396,40.7823135419767,9,observed,opendata,"building_density,dist_stream_m,elevation_m,flow_accum_proxy,impervious_frac,slope_deg",event_raster,production,0,0,0.0,0,0.0,0.0,0.0,0,0,0,0,,none,0.0,0.0,0,open_public_evidence,0.0,0
892a1008923ffff,13.318978187993526,0.7037554208529112,0.7646649519197702,64.25066430469442,1.0,1765.3133451137248,785.1745883190604,75.0,-73.95661115441823,40.77186039737063,9,observed,opendata,"building_density,dist_stream_m,elevation_m,flow_accum_proxy,impervious_frac,slope_deg",event_raster,production,0,0,0.04612038384577468,2,0.04612038384577468,0.026109716715691587,0.020010667130083083,2,1,0,0,,dep+complaint,1.0,1.0,1,open_public_evidence,0.0,0
892a1008927ffff,9.773898893283807,0.7678468929361602,0.9409815000549657,303.12732095490713,1.0,1548.268358600074,455.87554115807853,75.0,-73.95437041794992,40.76927591178231,9,observed,opendata,"building_density,dist_stream_m,elevation_m,flow_accum_proxy,impervious_frac,slope_deg",event_raster,production,0,0,0.018340785720537857,0,0.018340785720537857,0.016647013449563854,0.0016937722709746542,0,0,0,0,,dep,0.018340785720537857,0.018340785720537857,1,open_public_evidence,0.0,0
892a100892bffff,17.77522315252556,0.7078878997542142,0.9583231688760043,78.58547387068202,1.0,1680.3468815095057,565.6282293315516,75.0,-73.96088904594423,40.77174581258311,9,observed,opendata,"building_density,dist_stream_m,elevation_m,flow_accum_proxy,impervious_frac,slope_deg",event_raster,production,0,0,0.0,3,0.0,0.0,0.0,3,1,0,0,,complaint,1.0,1.0,1,open_public_evidence,0.0,0
892a100892fffff,15.95043399804075,0.7454592240056102,1.5447419793148276,78.38116197183099,1.0,1321.6886733285783,758.6037189621144,75.0,-73.95864807193213,40.76916140919525,9,observed,opendata,"building_density,dist_stream_m,elevation_m,flow_accum_proxy,impervious_frac,slope_deg",event_raster,production,0,0,0.0,6,0.0,0.0,0.0,6,1,0,0,,complaint,1.0,1.0,1,open_public_evidence,0.0,0
892a1008933ffff,16.436580326833802,0.745425297001804,1.1304001810806215,54.987599645704165,1.0,1897.3843932052612,790.4270957694376,75.0,-73.954574005955,40.7745594364566,9,observed,opendata,"building_density,dist_stream_m,elevation_m,flow_accum_proxy,impervious_frac,slope_deg",event_raster,production,0,0,0.0268238171063084,1,0.0268238171063084,0.026212668252786533,0.0006111488535218643,1,1,0,0,,dep+complaint,1.0,1.0,1,open_public_evidence,0.0,0
892a1008937ffff,11.772696046020453,0.7691233648586189,0.8093297230112679,65.07243816254417,1.0,1425.4710611886608,468.55007262777434,75.0,-73.95233325640773,40.771974823972286,9,observed,opendata,"building_density,dist_stream_m,elevation_m,flow_accum_proxy,impervious_frac,slope_deg",event_raster,production,0,0,0.06668907621087501,2,0.06668907621087501,0.04964935348117532,0.017039722729699787,1,1,0,0,,dep+complaint+floodnet,1.0,1.0,1,open_public_evidence,0.0,0
892a100893bffff,18.42459472958737,0.6987629699024335,1.3735289691040695,27.90396475770925,1.0,1519.7910572900046,649.8952233839093,75.0,-73.95885214154829,40.77444492765391,9,observed,opendata,"building_density,dist_stream_m,elevation_m,flow_accum_proxy,impervious_frac,slope_deg",event_raster,production,0,0,0.020617207490746907,5,0.020617207490746907,0.020164279405918147,0.0004529280848287394,5,1,0,0,,dep+complaint,1.0,1.0,1,open_public_evidence,0.0,0
892a1008943ffff,31.543944037013116,0.22461834437324613,3.4047774275015046,12.480176211453745,0.0,18.876445127439695,244.3942629288515,75.0,-73.96985544909506,40.782083872660436,9,observed,opendata,"building_density,dist_stream_m,elevation_m,flow_accum_proxy,impervious_frac,slope_deg",event_raster,production,0,0,0.0,0,0.0,0.0,0.0,0,0,0,0,,none,0.0,0.0,0,open_public_evidence,0.0,0
892a1008947ffff,31.40095197626975,0.2575592629974131,2.541602876380218,14.821238938053098,0.0,66.07093170575051,0.0,75.0,-73.96761347217155,40.779499290706866,9,observed,opendata,"building_density,dist_stream_m,elevation_m,flow_accum_proxy,impervious_frac,slope_deg",event_raster,production,0,0,0.0,0,0.0,0.0,0.0,0,0,0,0,,none,0.0,0.0,0,open_public_evidence,0.0,0
892a100894bffff,26.764497908334885,0.6768183795311463,0.42579318037112696,9.907407407407407,1.0,490.7861681442875,410.4175479396019,75.0,-73.974134284294,40.78196880060776,9,observed,opendata,"building_density,dist_stream_m,elevation_m,flow_accum_proxy,impervious_frac,slope_deg",event_raster,production,0,0,0.0,0,0.0,0.0,0.0,0,0,0,0,,none,0.0,0.0,0,open_public_evidence,0.0,0
892a100894fffff,24.386857845508946,0.21020038826877882,5.403136032678813,16.32212389380531,0.0,18.877354922227568,51.35172318189242,75.0,-73.97189206979928,40.779384300954376,9,observed,opendata,"building_density,dist_stream_m,elevation_m,flow_accum_proxy,impervious_frac,slope_deg",event_raster,production,0,0,0.0,3,0.0,0.0,0.0,3,1,0,0,,complaint,1.0,1.0,1,open_public_evidence,0.0,0
892a1008953ffff,35.88177420461569,0.25052651527672437,1.965627491798238,7.99822852081488,0.0,18.875535528638498,105.28601591417447,75.0,-73.9678185973902,40.78478349529043,9,observed,opendata,"building_density,dist_stream_m,elevation_m,flow_accum_proxy,impervious_frac,slope_deg",event_raster,production,0,0,0.0,0,0.0,0.0,0.0,0,0,0,0,,none,0.0,0.0,0,open_public_evidence,0.0,0
892a1008957ffff,33.55786093955973,0.3293878878602895,1.4300048583516303,10.548272807794508,0.0,28.314749030710832,228.97866229032257,75.0,-73.96557660726104,40.78219878645043,9,observed,opendata,"building_density,dist_stream_m,elevation_m,flow_accum_proxy,impervious_frac,slope_deg",event_raster,production,0,0,0.0,0,0.0,0.0,0.0,0,0,0,0,,none,0.0,0.0,0,open_public_evidence,0.0,0
892a100895bffff,29.053637719977946,0.7598070712270095,1.3410872308235446,64.19663418954828,1.0,2132.9293975000387,461.99741173548574,75.0,-73.97209767683444,40.78466849919962,9,observed,opendata,"building_density,dist_stream_m,elevation_m,flow_accum_proxy,impervious_frac,slope_deg",event_raster,production,0,0,0.06467574947299243,13,0.06467574947299243,0.02463024709174812,0.04004550238124469,13,1,0,0,,dep+complaint,1.0,1.0,1,open_public_evidence,0.0,0
892a1008963ffff,17.05641923656075,0.2250215921260621,2.8470518744449183,42.8104517271922,0.0,122.71534076787967,0.0,75.0,-73.96740839315652,40.77421543543356,9,observed,opendata,"building_density,dist_stream_m,elevation_m,flow_accum_proxy,impervious_frac,slope_deg",event_raster,production,0,0,0.0,0,0.0,0.0,0.0,0,0,0,0,,none,0.0,0.0,0,open_public_evidence,0.0,0
892a1008967ffff,21.47089637944728,0.7276508536130663,0.9665863725309124,18.715167548500883,1.0,1227.2160958243142,299.27464613882063,75.0,-73.96516693093803,40.771631069610756,9,observed,opendata,"building_density,dist_stream_m,elevation_m,flow_accum_proxy,impervious_frac,slope_deg",event_raster,production,0,0,0.0,1,0.0,0.0,0.0,1,1,0,0,,complaint,1.0,1.0,1,open_public_evidence,0.0,0
892a100896bffff,20.292968915416076,0.2310256949811736,3.659354760319786,10.450442477876106,0.0,28.318843584913665,74.28461762956132,75.0,-73.97168650907608,40.77410045201793,9,observed,opendata,"building_density,dist_stream_m,elevation_m,flow_accum_proxy,impervious_frac,slope_deg",event_raster,production,0,0,0.0,0,0.0,0.0,0.0,0,0,0,0,,none,0.0,0.0,0,open_public_evidence,0.0,0
892a100896fffff,23.995628750166706,0.18953212051599036,2.9702764416712495,8.399118942731278,0.0,37.7603867963029,285.46674908029354,75.0,-73.96944480935198,40.77151616845453,9,observed,opendata,"building_density,dist_stream_m,elevation_m,flow_accum_proxy,impervious_frac,slope_deg",event_raster,production,0,0,0.0,0,0.0,0.0,0.0,0,0,0,0,,none,0.0,0.0,0,open_public_evidence,0.0,0
892a1008973ffff,23.288475623172996,0.25432151950961723,3.3500279368882158,27.41592920353982,0.0,132.1486123147751,260.48899950050424,75.0,-73.96537174602872,40.776914753361254,9,observed,opendata,"building_density,dist_stream_m,elevation_m,flow_accum_proxy,impervious_frac,slope_deg",event_raster,production,0,0,0.05613931522523782,1,0.05613931522523782,0.04587717224502186,0.010262142980214795,1,1,0,0,,dep+complaint,1.0,1.0,1,open_public_evidence,0.0,0
892a1008977ffff,20.439535849290436,0.7334132936151548,0.7519953079541419,43.63041556145004,1.0,1529.2263386933964,290.0065125381518,75.0,-73.96313027063135,40.77433026064589,9,observed,opendata,"building_density,dist_stream_m,elevation_m,flow_accum_proxy,impervious_frac,slope_deg",event_raster,production,0,0,0.08566377336574006,3,0.08566377336574006,0.05288287997625116,0.03278089338949001,3,1,0,0,,dep+complaint,1.0,1.0,1,open_public_evidence,0.0,0
892a100897bffff,25.068805800543892,0.04527093829854195,5.362871961052179,11.488536155202821,0.0,9.439159479805213,73.67928336299065,75.0,-73.96965010609853,40.77679984588887,9,observed,opendata,"building_density,dist_stream_m,elevation_m,flow_accum_proxy,impervious_frac,slope_deg",event_raster,production,0,0,0.0,0,0.0,0.0,0.0,0,0,0,0,,none,0.0,0.0,0,open_public_evidence,0.0,0
892a1008983ffff,19.355860882311795,0.7142209433480702,3.4923933330890353,20.19734513274336,1.0,1387.3679103065579,616.9230522724532,75.0,-73.95070221395892,40.78524189681172,9,observed,opendata,"building_density,dist_stream_m,elevation_m,flow_accum_proxy,impervious_frac,slope_deg",event_raster,production,0,0,0.0,1,0.0,0.0,0.0,1,1,0,0,,complaint,1.0,1.0,1,open_public_evidence,0.0,0
892a1008987ffff,8.613428773804449,0.7244559711396275,2.3767230013306713,142.8855633802817,1.0,1349.685342248381,402.3331665329019,75.0,-73.94846117452802,40.78265685896313,9,observed,opendata,"building_density,dist_stream_m,elevation_m,flow_accum_proxy,impervious_frac,slope_deg",event_raster,production,0,0,0.0,0,0.0,0.0,0.0,0,0,0,0,,none,0.0,0.0,0,open_public_evidence,0.05890129662558151,1
892a100898bffff,32.158707449921465,0.7226108937136895,1.6201081442704375,7.251327433628319,1.0,1594.9965673049817,287.2093784471655,75.0,-73.95498131956944,40.78512753385969,9,observed,opendata,"building_density,dist_stream_m,elevation_m,flow_accum_proxy,impervious_frac,slope_deg",event_raster,production,0,0,0.0,2,0.0,0.0,0.0,2,1,0,0,,complaint,1.0,1.0,1,open_public_evidence,0.0,0
892a100898fffff,25.431136002003306,0.7447753941614024,2.153793160134638,21.41461267605634,1.0,1661.146354686643,610.8295391264977,75.0,-73.95274004242538,40.78254257823405,9,observed,opendata,"building_density,dist_stream_m,elevation_m,flow_accum_proxy,impervious_frac,slope_deg",event_raster,production,0,0,0.0,6,0.0,0.0,0.0,6,1,0,0,,complaint,1.0,1.0,1,open_public_evidence,0.0,0
892a1008993ffff,12.817146194044245,0.7323461610699037,2.6845127927431776,18.92063492063492,1.0,943.7422419042765,682.0268305830575,75.0,-73.94866415438945,40.78794126621234,9,observed,opendata,"building_density,dist_stream_m,elevation_m,flow_accum_proxy,impervious_frac,slope_deg",event_raster,production,0,0,0.0,0,0.0,0.0,0.0,0,0,0,0,,none,0.0,0.0,0,open_public_evidence,0.0,0
892a1008997ffff,5.288060708421854,0.6920913300015844,0.9738616544367256,45.32860938883968,1.0,368.0782740102656,348.18129213556256,75.0,-73.94642310192611,40.785356101476545,9,observed,opendata,"building_density,dist_stream_m,elevation_m,flow_accum_proxy,impervious_frac,slope_deg",event_raster,production,0,0,0.0,0,0.0,0.0,0.0,0,0,0,0,,none,0.0,0.0,0,open_public_evidence,0.26900235056254784,1
892a100899bffff,22.024838834922218,0.8161806899808052,2.244618182941155,19.068722466960352,1.0,792.7411752939249,385.37838387033906,75.0,-73.95294350417441,40.787826979323974,9,observed,opendata,"building_density,dist_stream_m,elevation_m,flow_accum_proxy,impervious_frac,slope_deg",event_raster,production,0,0,0.0,1,0.0,0.0,0.0,1,1,0,0,,complaint,1.0,1.0,1,open_public_evidence,0.0,0
892a10089a3ffff,12.428621377053505,0.7031389447799645,1.7140144045075412,18.69400352733686,1.0,1519.7266491371893,483.003798193072,75.0,-73.94825824039015,40.77737280100291,9,observed,opendata,"building_density,dist_stream_m,elevation_m,flow_accum_proxy,impervious_frac,slope_deg",event_raster,production,0,0,0.0,0,0.0,0.0,0.0,0,0,0,0,,none,0.0,0.0,0,open_public_evidence,0.0,0
892a10089a7ffff,12.425024050753976,0.6514759775782392,2.2169935959725384,11.720106288751108,1.0,1519.80430694695,228.52500580801114,75.0,-73.94601771542852,40.774787979442024,9,observed,opendata,"building_density,dist_stream_m,elevation_m,flow_accum_proxy,impervious_frac,slope_deg",event_raster,production,0,0,0.0,2,0.0,0.0,0.0,2,1,0,0,,complaint,1.0,1.0,1,open_public_evidence,0.0,0
892a10089abffff,19.472708901576205,0.748586217991988,1.1960619261055947,45.796999117387465,1.0,1727.38613192042,846.4857831776142,75.0,-73.9525366265083,40.77725852643167,9,observed,opendata,"building_density,dist_stream_m,elevation_m,flow_accum_proxy,impervious_frac,slope_deg",event_raster,production,0,0,0.0010276998651502747,4,0.0010276998651502747,0.0010276998651502747,0.0,4,1,0,0,,dep+complaint,1.0,1.0,1,open_public_evidence,0.0,0
892a10089afffff,16.49597224111801,0.6809986170318836,1.238670801180797,25.34245366284201,1.0,1897.38990703409,505.74601460179747,75.0,-73.95029586389916,40.77467378705297,9,observed,opendata,"building_density,dist_stream_m,elevation_m,flow_accum_proxy,impervious_frac,slope_deg",event_raster,production,0,0,0.0,0,0.0,0.0,0.0,0,0,0,0,,none,0.0,0.0,0,open_public_evidence,0.0,0
892a10089b3ffff,5.86303355331649,0.7772859517349618,1.4009520830677293,33.20106288751107,1.0,981.6394880665886,220.15043279450276,75.0,-73.94622038584649,40.780071865800586,9,observed,opendata,"building_density,dist_stream_m,elevation_m,flow_accum_proxy,impervious_frac,slope_deg",event_raster,production,0,0,0.0,2,0.0,0.0,0.0,2,1,0,0,,complaint,1.0,1.0,1,open_public_evidence,0.06754510180010265,1
892a10089b7ffff,4.411602802554545,0.6478903333340211,1.928165944586137,49.69203539823009,1.0,632.4346761728241,124.13807771968958,75.0,-73.94397984787912,40.77748691734635,9,observed,opendata,"building_density,dist_stream_m,elevation_m,flow_accum_proxy,impervious_frac,slope_deg",event_raster,production,0,0,0.0,5,0.0,0.0,0.0,5,1,0,0,,complaint,1.0,1.0,1,open_public_evidence,0.1837085509685162,1
892a10089bbffff,15.452586395128638,0.6793889829542784,2.2739402948227605,105.5858407079646,1.0,1897.201555624437,576.3819855942368,75.0,-73.95049901604402,40.77995766727436,9,observed,opendata,"building_density,dist_stream_m,elevation_m,flow_accum_proxy,impervious_frac,slope_deg",event_raster,production,0,0,0.0,2,0.0,0.0,0.0,2,1,0,0,,complaint,1.0,1.0,1,open_public_evidence,0.0,0
892a10089c3ffff,36.73248947690925,0.022584973146016665,0.46521772423903873,1.7254207263064658,0.0,18.874680531719275,0.0,75.0,-73.96150218435267,40.78759793062823,9,observed,opendata,"building_density,dist_stream_m,elevation_m,flow_accum_proxy,impervious_frac,slope_deg",event_raster,production,0,0,0.0,0,0.0,0.0,0.0,0,0,0,0,,none,0.0,0.0,0,open_public_evidence,0.0,0
892a10089c7ffff,35.63751696447969,0.159897289244255,1.0762670228312152,5.022026431718062,0.0,75.50257736939606,0.0,75.0,-73.95926041870996,40.78501301262148,9,observed,opendata,"building_density,dist_stream_m,elevation_m,flow_accum_proxy,impervious_frac,slope_deg",event_raster,production,0,0,0.0,1,0.0,0.0,0.0,1,1,0,0,,complaint,1.0,1.0,1,open_public_evidence,0.0,0
892a10089cbffff,36.427767783113545,0.15651768585183237,0.4676183164185468,5.517241379310345,0.0,18.874626125862562,0.0,75.0,-73.96578151465052,40.78748316882283,9,observed,opendata,"building_density,dist_stream_m,elevation_m,flow_accum_proxy,impervious_frac,slope_deg",event_raster,production,0,0,0.0,0,0.0,0.0,0.0,0,0,0,0,,none,0.0,0.0,0,open_public_evidence,0.0,0
892a10089cfffff,36.72933823841784,0.01846823849638879,0.41465026708319785,1.570044052863436,0.0,0.0,0.0,75.0,-73.9635395113328,40.784898333098056,9,observed,opendata,"building_density,dist_stream_m,elevation_m,flow_accum_proxy,impervious_frac,slope_deg",event_raster,production,0,0,0.0,0,0.0,0.0,0.0,0,0,0,0,,none,0.0,0.0,0,open_public_evidence,0.0,0
892a10089d3ffff,28.21298953801446,0.2162164598801937,3.105688904203488,18.68430335097002,0.0,9.436885707343281,184.55269683923865,75.0,-73.95946462628658,40.790297579019466,9,observed,opendata,"building_density,dist_stream_m,elevation_m,flow_accum_proxy,impervious_frac,slope_deg",event_raster,production,0,0,0.0,0,0.0,0.0,0.0,0,0,0,0,,none,0.0,0.0,0,open_public_evidence,0.0,0
892a10089d7ffff,31.102176217273275,0.1966686750528175,3.1366997711366635,13.94424778761062,0.0,169.87261607237136,37.225192298532285,75.0,-73.95722284751143,40.787712534128936,9,observed,opendata,"building_density,dist_stream_m,elevation_m,flow_accum_proxy,impervious_frac,slope_deg",event_raster,production,0,0,0.0,1,0.0,0.0,0.0,1,1,0,0,,complaint,1.0,1.0,1,open_public_evidence,0.0,0
892a10089dbffff,31.392120947816824,0.2751421717130928,1.5813858114707715,19.604405286343614,0.0,28.310575378223064,208.64195798049323,75.0,-73.9637442008419,40.79018289323618,9,observed,opendata,"building_density,dist_stream_m,elevation_m,flow_accum_proxy,impervious_frac,slope_deg",event_raster,production,0,0,0.0,0,0.0,0.0,0.0,0,0,0,0,,none,0.0,0.0,0,open_public_evidence,0.0,0
892a1008a03ffff,58.63339891442148,0.7626324447776025,2.4498260031947514,13.076038903625111,1.0,0.0,815.517761994288,75.0,-74.00471381467393,40.79701288474543,9,observed,opendata,"building_density,dist_stream_m,elevation_m,flow_accum_proxy,impervious_frac,slope_deg",event_raster,production,0,0,0.0,0,0.0,0.0,0.0,0,0,0,0,,none,0.0,0.0,0,open_public_evidence,0.0,0
892a1008a07ffff,56.80089201101566,0.794838525697115,1.964251642428049,6.204946996466431,1.0,0.0,478.1179058143177,75.0,-74.00246914433073,40.794428447911535,9,observed,opendata,"building_density,dist_stream_m,elevation_m,flow_accum_proxy,impervious_frac,slope_deg",event_raster,production,0,0,0.0,0,0.0,0.0,0.0,0,0,0,0,,none,0.0,0.0,0,open_public_evidence,0.0,0
892a1008a0bffff,71.2424961473576,0.8185465106152563,2.518446936145609,9.05731922398589,1.0,0.0,1082.341805107021,75.0,-74.00899404091359,40.79689652658798,9,observed,opendata,"building_density,dist_stream_m,elevation_m,flow_accum_proxy,impervious_frac,slope_deg",event_raster,production,0,0,0.0,0,0.0,0.0,0.0,0,0,0,0,,none,0.0,0.0,0,open_public_evidence,0.0,0
892a1008a0fffff,61.689731658451144,0.8175649475273422,3.404475699968938,17.701940035273367,1.0,0.0,778.6203212570974,75.0,-74.00674913304867,40.79431217227211,9,observed,opendata,"building_density,dist_stream_m,elevation_m,flow_accum_proxy,impervious_frac,slope_deg",event_raster,production,0,0,0.0,0,0.0,0.0,0.0,0,0,0,0,,none,0.0,0.0,0,open_public_evidence,0.0,0
892a1008a13ffff,59.364279955409884,0.5762037807258786,2.1500283694150824,7.397973950795948,1.0,0.0,701.0839005952175,75.0,-74.00267826528169,40.799713648232206,9,observed,opendata,"building_density,dist_stream_m,elevation_m,flow_accum_proxy,impervious_frac,slope_deg",event_raster,production,0,0,0.0,0,0.0,0.0,0.0,0,0,0,0,,none,0.0,0.0,0,open_public_evidence,0.0,0
892a1008a17ffff,59.915657865706265,0.676992625754998,3.0802061183233302,7.508833922261484,1.0,0.0,467.70239032403714,75.0,-74.00043358140573,40.79712908452861,9,observed,opendata,"building_density,dist_stream_m,elevation_m,flow_accum_proxy,impervious_frac,slope_deg",event_raster,production,0,0,0.0,0,0.0,0.0,0.0,0,0,0,0,,none,0.0,0.0,0,open_public_evidence,0.0,0
892a1008a1bffff,68.61210151878564,0.7204148325162965,2.378496257487584,7.504054054054054,1.0,0.0,1156.7829919858507,75.0,-74.00695873611068,40.79959736593036,9,observed,opendata,"building_density,dist_stream_m,elevation_m,flow_accum_proxy,impervious_frac,slope_deg",event_raster,production,0,0,0.0,0,0.0,0.0,0.0,0,0,0,0,,none,0.0,0.0,0,open_public_evidence,0.0,0
892a1008a23ffff,40.12903738609502,0.6816254391066048,9.930939526716903,14.672535211267606,1.0,0.0,314.07943216051217,75.0,-74.00226007049807,40.789143596722646,9,observed,opendata,"building_density,dist_stream_m,elevation_m,flow_accum_proxy,impervious_frac,slope_deg",event_raster,production,0,0,0.0,0,0.0,0.0,0.0,0,0,0,0,,none,0.0,0.0,0,open_public_evidence,0.0,0
892a1008a27ffff,2.1484530220089986,0.4100416280166452,1.9635267458859196,6.230088495575221,0.0,0.0,9.266829771103337,75.0,-74.00001591574195,40.786559375533805,9,observed,opendata,"building_density,dist_stream_m,elevation_m,flow_accum_proxy,impervious_frac,slope_deg",event_raster,production,0,0,0.0,0,0.0,0.0,0.0,0,0,0,0,,none,0.0,0.0,0,open_public_evidence,0.0,0
892a1008a2bffff,57.5396396293842,0.8372847191871159,3.9165197890350427,8.61111111111111,1.0,0.0,638.9000489011894,75.0,-74.00653957721343,40.78902732774414,9,observed,opendata,"building_density,dist_stream_m,elevation_m,flow_accum_proxy,impervious_frac,slope_deg",event_raster,production,0,0,0.0,0,0.0,0.0,0.0,0,0,0,0,,none,0.0,0.0,0,open_public_evidence,0.0,0
892a1008a2fffff,38.931969649806476,0.5883863628714302,10.396414062606087,8.724137931034482,1.0,0.0,323.3848886482567,75.0,-74.00429518500107,40.786443189032475,9,observed,opendata,"building_density,dist_stream_m,elevation_m,flow_accum_proxy,impervious_frac,slope_deg",event_raster,production,0,0,0.0,0,0.0,0.0,0.0,0,0,0,0,,none,0.0,0.0,0,open_public_evidence,0.0,0
892a1008a33ffff,34.34048450254234,0.6447132023133799,10.519288807665616,16.53274336283186,1.0,0.0,169.4263844584457,75.0,-74.0002247250458,40.791844055451044,9,observed,opendata,"building_density,dist_stream_m,elevation_m,flow_accum_proxy,impervious_frac,slope_deg",event_raster,production,0,0,0.0,0,0.0,0.0,0.0,0,0,0,0,,none,0.0,0.0,0,open_public_evidence,0.0,0
892a1008a37ffff,1.7300281059394231,0.2486452940332882,1.7699802127616542,5.228116710875332,0.0,0.0,9.65120522984798,75.0,-73.99798055678392,40.78925970738634,9,observed,opendata,"building_density,dist_stream_m,elevation_m,flow_accum_proxy,impervious_frac,slope_deg",event_raster,production,0,0,0.0,0,0.0,0.0,0.0,0,0,0,0,,none,0.0,0.0,0,open_public_evidence,0.0,0
892a1008a3bffff,59.71049282637241,0.8306197675322137,2.2759160564621133,5.583554376657825,1.0,0.0,526.9019587725825,75.0,-74.00450447625522,40.791727862309536,9,observed,opendata,"building_density,dist_stream_m,elevation_m,flow_accum_proxy,impervious_frac,slope_deg",event_raster,production,0,0,0.0,0,0.0,0.0,0.0,0,0,0,0,,none,0.0,0.0,0,open_public_evidence,0.0,0
892a1008a43ffff,70.63479879053405,0.7487805248232583,3.8828991875319496,10.516129032258064,1.0,0.0,986.8828205773609,75.0,-74.01551965655773,40.79936432614664,9,observed,opendata,"building_density,dist_stream_m,elevation_m,flow_accum_proxy,impervious_frac,slope_deg",event_raster,production,0,0,0.0,0,0.0,0.0,0.0,0,0,0,0,,none,0.0,0.0,0,open_public_evidence,0.0,0
892a1008a47ffff,77.13151664969986,0.8370305819916156,2.1844078091382455,9.909814323607428,1.0,0.0,1228.445151788366,75.0,-74.01327426007698,40.79678001005738,9,observed,opendata,"building_density,dist_stream_m,elevation_m,flow_accum_proxy,impervious_frac,slope_deg",event_raster,production,0,0,0.0,0,0.0,0.0,0.0,0,0,0,0,,none,0.0,0.0,0,open_public_evidence,0.0,0
892a1008a4bffff,53.97859841337086,0.7727529020692956,8.177152447243241,16.894263217097862,1.0,0.0,631.2263353913887,75.0,-74.01980010608028,40.79924756866692,9,observed,opendata,"building_density,dist_stream_m,elevation_m,flow_accum_proxy,impervious_frac,slope_deg",event_raster,production,0,0,0.0,0,0.0,0.0,0.0,0,0,0,0,,none,0.0,0.0,0,open_public_evidence,0.0,0
892a1008a4fffff,70.77111733726468,0.793154191629477,3.243487694084907,13.66079295154185,1.0,0.0,896.2351223049789,75.0,-74.01755447211627,40.796663335154676,9,observed,opendata,"building_density,dist_stream_m,elevation_m,flow_accum_proxy,impervious_frac,slope_deg",event_raster,production,0,0,0.0,0,0.0,0.0,0.0,0,0,0,0,,none,0.0,0.0,0,open_public_evidence,0.0,0
892a1008a57ffff,73.57774768824511,0.7869455444948755,2.8084322415972163,19.309252217997464,1.0,0.0,1404.7392402583323,75.0,-74.0112391998853,40.7994809252348,9,observed,opendata,"building_density,dist_stream_m,elevation_m,flow_accum_proxy,impervious_frac,slope_deg",event_raster,production,0,0,0.0,0,0.0,0.0,0.0,0,0,0,0,,none,0.0,0.0,0,open_public_evidence,0.0,0
892a1008a63ffff,59.11670525419417,0.8395234906104765,2.7841654571740766,23.864840989399294,1.0,0.0,1302.7394283119902,75.0,-74.01306395755249,40.79149500102476,9,observed,opendata,"building_density,dist_stream_m,elevation_m,flow_accum_proxy,impervious_frac,slope_deg",event_raster,production,0,0,0.0,0,0.0,0.0,0.0,0,0,0,0,,none,0.0,0.0,0,open_public_evidence,0.0,0
892a1008a67ffff,52.28017347286909,0.8503144599503906,1.6935288574773848,9.128205128205128,1.0,0.0,962.1341427935699,75.0,-74.01081907688226,40.78891090045185,9,observed,opendata,"building_density,dist_stream_m,elevation_m,flow_accum_proxy,impervious_frac,slope_deg",event_raster,production,0,0,0.0,0,0.0,0.0,0.0,0,0,0,0,,none,0.0,0.0,0,open_public_evidence,0.0,0
892a1008a6bffff,62.0326915148915,0.832015481785702,2.866554625506465,15.220458553791888,1.0,0.0,1176.1521378520536,75.0,-74.01734368754487,40.79137833288363,9,observed,opendata,"building_density,dist_stream_m,elevation_m,flow_accum_proxy,impervious_frac,slope_deg",event_raster,production,0,0,0.0,0,0.0,0.0,0.0,0,0,0,0,,none,0.0,0.0,0,open_public_evidence,0.0,0
892a1008a6fffff,54.64750730074369,0.8354906432403072,1.389871210577897,6.628647214854111,1.0,0.0,1146.9866854594143,75.0,-74.01509856945685,40.78879431484687,9,observed,opendata,"building_density,dist_stream_m,elevation_m,flow_accum_proxy,impervious_frac,slope_deg",event_raster,production,0,0,0.0,0,0.0,0.0,0.0,0,0,0,0,,none,0.0,0.0,0,open_public_evidence,0.0,0
892a1008a73ffff,72.75885363553478,0.8469081689298681,3.0073540920737836,10.315044247787611,1.0,0.0,1115.285745363353,75.0,-74.01102911471615,40.79419573827896,9,observed,opendata,"building_density,dist_stream_m,elevation_m,flow_accum_proxy,impervious_frac,slope_deg",event_raster,production,0,0,0.0,0,0.0,0.0,0.0,0,0,0,0,,none,0.0,0.0,0,open_public_evidence,0.0,0
892a1008a77ffff,61.132404236325534,0.8361938783386763,3.7703719933037205,10.79840848806366,1.0,0.0,964.896653429134,75.0,-74.00878422044005,40.791611510833754,9,observed,opendata,"building_density,dist_stream_m,elevation_m,flow_accum_proxy,impervious_frac,slope_deg",event_raster,production,0,0,0.0,0,0.0,0.0,0.0,0,0,0,0,,none,0.0,0.0,0,open_public_evidence,0.0,0
892a1008a7bffff,75.59499611985021,0.8207730226356796,3.79761157038195,7.337157987643424,1.0,0.0,1150.2309568115177,75.0,-74.01530908928542,40.79407914593317,9,observed,opendata,"building_density,dist_stream_m,elevation_m,flow_accum_proxy,impervious_frac,slope_deg",event_raster,production,0,0,0.0,0,0.0,0.0,0.0,0,0,0,0,,none,0.0,0.0,0,open_public_evidence,0.0,0
892a1008a87ffff,6.656452345418716,0.2171465917214082,6.360556577816671,7.515358361774744,0.0,0.0,90.76985704178766,75.0,-73.99411730265162,40.799945737650596,9,observed,opendata,"building_density,dist_stream_m,elevation_m,flow_accum_proxy,impervious_frac,slope_deg",event_raster,production,0,0,0.0,0,0.0,0.0,0.0,0,0,0,0,,none,0.0,0.0,0,open_public_evidence,0.0,0
892a1008a8fffff,55.995330121865265,0.33894268759004365,3.286601837072375,9.45839874411303,0.0,0.0,357.96024219383094,75.0,-73.99839778744607,40.79982977213931,9,observed,opendata,"building_density,dist_stream_m,elevation_m,flow_accum_proxy,impervious_frac,slope_deg",event_raster,production,0,0,0.0,0,0.0,0.0,0.0,0,0,0,0,,none,0.0,0.0,0,open_public_evidence,0.0,0
892a1008aa3ffff,0.7575470986675092,0.3397603032698925,1.0771029593805737,3.1097345132743364,0.0,0.0,7.452172878574924,75.0,-73.99390914593447,40.79466052412495,9,observed,opendata,"building_density,dist_stream_m,elevation_m,flow_accum_proxy,impervious_frac,slope_deg",event_raster,production,0,0,0.0,0,0.0,0.0,0.0,0,0,0,0,,none,0.0,0.0,0,open_public_evidence,0.0,0
892a1008aa7ffff,0.0,0.0,0.00048164058361809686,1.0035242290748898,0.0,0.0,218.32237983682396,75.0,-73.99166520174401,40.79207596672698,9,observed,opendata,"building_density,dist_stream_m,elevation_m,flow_accum_proxy,impervious_frac,slope_deg",event_raster,production,0,0,0.0,0,0.0,0.0,0.0,0,0,0,0,,none,0.0,0.0,0,open_public_evidence,0.0,0
892a1008aabffff,27.64488242550789,0.5663878777814707,10.126818065093863,8.445229681978798,1.0,0.0,238.88471559892315,75.0,-73.99818914861008,40.79454456519616,9,observed,opendata,"building_density,dist_stream_m,elevation_m,flow_accum_proxy,impervious_frac,slope_deg",event_raster,production,0,0,0.0,0,0.0,0.0,0.0,0,0,0,0,,none,0.0,0.0,0,open_public_evidence,0.0,0
892a1008aafffff,0.6591781110101224,0.21546734255284178,0.9667490206921608,3.518942731277533,0.0,0.0,55.779115846466105,75.0,-73.99594496685947,40.79196009025721,9,observed,opendata,"building_density,dist_stream_m,elevation_m,flow_accum_proxy,impervious_frac,slope_deg",event_raster,production,0,0,0.0,0,0.0,0.0,0.0,0,0,0,0,,none,0.0,0.0,0,open_public_evidence,0.0,0
892a1008ab3ffff,0.4896358028439375,0.12323549377272076,0.8096828964442614,1.627208480565371,0.0,0.0,14.839405474739495,75.0,-73.99187309397473,40.797361008968046,9,observed,opendata,"building_density,dist_stream_m,elevation_m,flow_accum_proxy,impervious_frac,slope_deg",event_raster,production,0,0,0.0,0,0.0,0.0,0.0,0,0,0,0,,none,0.0,0.0,0,open_public_evidence,0.0,0
892a1008ab7ffff,0.025679166666799202,0.0,0.04032916194772896,1.251105216622458,0.0,0.0,213.19223797284485,75.0,-73.98962913635167,40.79477632469684,9,observed,opendata,"building_density,dist_stream_m,elevation_m,flow_accum_proxy,impervious_frac,slope_deg",event_raster,production,0,0,0.0,0,0.0,0.0,0.0,0,0,0,0,,none,0.0,0.0,0,open_public_evidence,0.0,0
892a1008abbffff,16.95297625903237,0.40440981410948795,10.017021228290412,14.507922535211268,0.0,0.0,167.04133928737744,75.0,-73.99615334115676,40.797245125936506,9,observed,opendata,"building_density,dist_stream_m,elevation_m,flow_accum_proxy,impervious_frac,slope_deg",event_raster,production,0,0,0.0,0,0.0,0.0,0.0,0,0,0,0,,none,0.0,0.0,0,open_public_evidence,0.0,0
892a1008b03ffff,2.5488166314868854,0.3741858751112307,2.358935882331519,42.46017699115044,0.0,75.50856076037475,47.09393733912022,75.0,-73.98900639326243,40.77892275953245,9,observed,opendata,"building_density,dist_stream_m,elevation_m,flow_accum_proxy,impervious_frac,slope_deg",event_raster,production,0,0,0.0,3,0.0,0.0,0.0,3,1,0,0,,complaint,1.0,1.0,1,open_public_evidence,0.1692328754444654,1
892a1008b07ffff,13.613344955107646,0.7187303504581906,2.5268730788186704,120.00706090026479,1.0,113.26862316764351,346.6970874514361,75.0,-73.98676347958751,40.77633863378197,9,observed,opendata,"building_density,dist_stream_m,elevation_m,flow_accum_proxy,impervious_frac,slope_deg",event_raster,production,0,0,0.08188967390317027,5,0.08188967390317027,0.06025974171081168,0.02162993219235861,5,1,0,0,,dep+complaint,1.0,1.0,1,open_public_evidence,0.0,0
892a1008b0bffff,0.0036588022811730138,0.0,0.01593421178043344,1.078830823737821,0.0,0.0,169.49630771707731,75.0,-73.99328495712778,40.77880697857914,9,observed,opendata,"building_density,dist_stream_m,elevation_m,flow_accum_proxy,impervious_frac,slope_deg",event_raster,production,0,0,0.0,0,0.0,0.0,0.0,0,0,0,0,,none,0.0,0.0,0,open_public_evidence,0.0,0
892a1008b0fffff,1.7864507518545631,0.4522870369623062,1.067418195956265,90.6137566137566,1.0,37.756101080224,66.96246760817287,75.0,-73.99104180602372,40.77622293520602,9,observed,opendata,"building_density,dist_stream_m,elevation_m,flow_accum_proxy,impervious_frac,slope_deg",event_raster,production,0,0,0.0,0,0.0,0.0,0.0,0,0,0,0,,none,0.0,0.0,0,open_public_evidence,0.21594191401614607,1
892a1008b13ffff,8.444215148519044,0.37779767065308784,4.099861453506547,68.40937223695845,0.0,75.50492014418506,86.74846571059102,75.0,-73.98697074960296,40.78162263488372,9,observed,opendata,"building_density,dist_stream_m,elevation_m,flow_accum_proxy,impervious_frac,slope_deg",event_raster,production,0,0,0.0,0,0.0,0.0,0.0,0,0,0,0,,none,0.0,0.0,0,open_public_evidence,0.08318933474622202,1
892a1008b17ffff,19.596408098225876,0.7748648771804092,1.2542239658383278,139.03353927625773,1.0,1670.6316336918062,387.99033376465184,75.0,-73.98472782254923,40.77903838224767,9,observed,opendata,"building_density,dist_stream_m,elevation_m,flow_accum_proxy,impervious_frac,slope_deg",event_raster,production,0,0,0.0,0,0.0,0.0,0.0,0,0,0,0,,none,0.0,0.0,0,open_public_evidence,0.0,0
892a1008b1bffff,0.00034056876992649384,0.0,0.0026625870730281925,1.0264084507042253,0.0,0.0,192.76515710804102,75.0,-73.99124955778431,40.78150692979048,9,observed,opendata,"building_density,dist_stream_m,elevation_m,flow_accum_proxy,impervious_frac,slope_deg",event_raster,production,0,0,0.0,0,0.0,0.0,0.0,0,0,0,0,,none,0.0,0.0,0,open_public_evidence,0.0,0
892a1008b23ffff,22.918575966978956,0.818022041618561,1.7072201984920534,7.855251544571933,1.0,188.79978292446754,662.6193071951967,75.0,-73.98655625625547,40.77105498201154,9,observed,opendata,"building_density,dist_stream_m,elevation_m,flow_accum_proxy,impervious_frac,slope_deg",event_raster,production,0,0,0.0,1,0.0,0.0,0.0,1,1,0,0,,complaint,1.0,1.0,1,open_public_evidence,0.0,0
892a1008b27ffff,24.608192837132815,0.7545824756664512,0.39917514686971345,6.482300884955753,1.0,443.70214793530215,751.8636413434568,75.0,-73.98431385752089,40.76847107223482,9,observed,opendata,"building_density,dist_stream_m,elevation_m,flow_accum_proxy,impervious_frac,slope_deg",event_raster,production,0,0,0.0,1,0.0,0.0,0.0,1,1,0,0,,complaint,1.0,1.0,1,open_public_evidence,0.0,0
892a1008b2bffff,8.653900483050531,0.8807951334613793,2.735830679437139,10.925795053003533,1.0,151.03939975736444,336.16569914608914,75.0,-73.99083410105492,40.77093928995142,9,observed,opendata,"building_density,dist_stream_m,elevation_m,flow_accum_proxy,impervious_frac,slope_deg",event_raster,production,0,0,0.0,4,0.0,0.0,0.0,4,1,0,0,,complaint,1.0,1.0,1,open_public_evidence,0.0,0
892a1008b2fffff,16.787140946683632,0.8630337254663484,2.923730306657015,37.96017699115044,1.0,1095.0915649512133,655.32437348314,75.0,-73.98859146495666,40.76835546251128,9,observed,opendata,"building_density,dist_stream_m,elevation_m,flow_accum_proxy,impervious_frac,slope_deg",event_raster,production,0,0,0.0,4,0.0,0.0,0.0,4,1,0,0,,complaint,1.0,1.0,1,open_public_evidence,0.0,0
892a1008b33ffff,20.02599223989301,0.834212646653167,1.2303910463784649,68.33716814159293,1.0,198.23021116529446,659.8063343686445,75.0,-73.98452081672437,40.77375455256135,9,observed,opendata,"building_density,dist_stream_m,elevation_m,flow_accum_proxy,impervious_frac,slope_deg",event_raster,production,0,0,0.06588736023819325,3,0.06588736023819325,0.06531705286876648,0.0005703073694267765,3,1,0,0,,dep+complaint,1.0,1.0,1,open_public_evidence,0.0,0
892a1008b37ffff,23.660745772371865,0.7632974756374797,0.6062959295519802,13.217314487632509,1.0,358.72060413820816,746.5068472201933,75.0,-73.9822784046378,40.771170515892955,9,observed,opendata,"building_density,dist_stream_m,elevation_m,flow_accum_proxy,impervious_frac,slope_deg",event_raster,production,0,0,0.04127586954379201,5,0.04127586954379201,0.03314217544867214,0.00813369409511988,5,1,0,0,,dep+complaint,1.0,1.0,1,open_public_evidence,0.0,0
892a1008b3bffff,10.233461467987668,0.76266281288282,2.6154066839049346,30.069026548672568,1.0,283.1852147611308,341.44266147874475,75.0,-73.9887989057447,40.773638936342735,9,observed,opendata,"building_density,dist_stream_m,elevation_m,flow_accum_proxy,impervious_frac,slope_deg",event_raster,production,0,0,0.0,0,0.0,0.0,0.0,0,0,0,0,,none,0.0,0.0,0,open_public_evidence,0.0,0
892a1008b43ffff,-0.30647788005592547,0.0,0.18991738148117324,1.024778761061947,0.0,0.0,238.69722006657292,75.0,-73.99980715347836,40.78127504483244,9,observed,opendata,"building_density,dist_stream_m,elevation_m,flow_accum_proxy,impervious_frac,slope_deg",event_raster,production,0,0,0.0,0,0.0,0.0,0.0,0,0,0,0,,none,0.0,0.0,0,open_public_evidence,0.0,0
892a1008b47ffff,0.0,0.0,0.0,1.0,0.0,0.0,76.31247228346584,75.0,-73.99756351409754,40.778691039388775,9,observed,opendata,"building_density,dist_stream_m,elevation_m,flow_accum_proxy,impervious_frac,slope_deg",event_raster,production,0,0,0.0,0,0.0,0.0,0.0,0,0,0,0,,none,0.0,0.0,0,open_public_evidence,0.0,0
892a1008b4bffff,-0.19837335015160848,0.15939231310467303,0.9799750646497989,2.7672566371681415,0.0,0.0,8.603727576655114,75.0,-74.00408594089559,40.781158864969726,9,observed,opendata,"building_density,dist_stream_m,elevation_m,flow_accum_proxy,impervious_frac,slope_deg",event_raster,production,0,0,0.0,0,0.0,0.0,0.0,0,0,0,0,,none,0.0,0.0,0,open_public_evidence,0.0,0
892a1008b4fffff,-0.9303444699502327,0.0,0.16802660080327153,1.0669014084507042,0.0,0.0,221.2457733966568,75.0,-74.001842064124,40.77857494196242,9,observed,opendata,"building_density,dist_stream_m,elevation_m,flow_accum_proxy,impervious_frac,slope_deg",event_raster,production,0,0,0.0,0,0.0,0.0,0.0,0,0,0,0,,none,0.0,0.0,0,open_public_evidence,0.0,0
892a1008b53ffff,0.0,0.0,0.0,1.0,0.0,0.0,190.9908535643911,75.0,-73.9977720119517,40.783975198765376,9,observed,opendata,"building_density,dist_stream_m,elevation_m,flow_accum_proxy,impervious_frac,slope_deg",event_raster,production,0,0,0.0,0,0.0,0.0,0.0,0,0,0,0,,none,0.0,0.0,0,open_public_evidence,0.0,0
892a1008b57ffff,0.0,0.0,0.0,1.0,0.0,0.0,81.38579758668935,75.0,-73.99552835909202,40.7813910664397,9,observed,opendata,"building_density,dist_stream_m,elevation_m,flow_accum_proxy,impervious_frac,slope_deg",event_raster,production,0,0,0.0,0,0.0,0.0,0.0,0,0,0,0,,none,0.0,0.0,0,open_public_evidence,0.0,0
892a1008b5bffff,1.1476928510007933,0.39168412637964123,1.4523284725229375,3.4172535211267605,0.0,0.0,3.7327808757029017,75.0,-74.00205104376779,40.78385909472111,9,observed,opendata,"building_density,dist_stream_m,elevation_m,flow_accum_proxy,impervious_frac,slope_deg",event_raster,production,0,0,0.0,0,0.0,0.0,0.0,0,0,0,0,,none,0.0,0.0,0,open_public_evidence,0.0,0
892a1008b63ffff,0.010399923645886629,0.03207179142274718,0.04715339265122346,1.1922398589065255,0.0,0.0,70.80728989836453,75.0,-73.99735506320562,40.77340722931203,9,observed,opendata,"building_density,dist_stream_m,elevation_m,flow_accum_proxy,impervious_frac,slope_deg",event_raster,production,0,0,0.0,0,0.0,0.0,0.0,0,0,0,0,,none,0.0,0.0,0,open_public_evidence,0.0,0
892a1008b67ffff,1.9986619639628243,0.6221573774754858,1.0466371716324396,17.500883392226147,1.0,66.07955139868533,36.01747944387481,75.0,-73.99511193898837,40.77082343971361,9,observed,opendata,"building_density,dist_stream_m,elevation_m,flow_accum_proxy,impervious_frac,slope_deg",event_raster,production,0,0,0.0,0,0.0,0.0,0.0,0,0,0,0,,none,0.0,0.0,0,open_public_evidence,0.0,0
892a1008b6bffff,-0.8889429341978661,0.0,0.18518135538050373,1.1924095322153574,0.0,0.0,66.20950542900808,75.0,-74.00163313155082,40.77329113850204,9,observed,opendata,"building_density,dist_stream_m,elevation_m,flow_accum_proxy,impervious_frac,slope_deg",event_raster,production,0,0,0.0,0,0.0,0.0,0.0,0,0,0,0,,none,0.0,0.0,0,open_public_evidence,0.0,0
892a1008b6fffff,-0.18655478008208484,0.023447604404088666,0.21498314309516403,1.250886524822695,0.0,0.0,42.187090758262926,75.0,-73.99938977000828,40.77070743129917,9,observed,opendata,"building_density,dist_stream_m,elevation_m,flow_accum_proxy,impervious_frac,slope_deg",event_raster,production,0,0,0.0,0,0.0,0.0,0.0,0,0,0,0,,none,0.0,0.0,0,open_public_evidence,0.0,0
892a1008b73ffff,0.0020521298041007753,0.0,0.009565034697561233,1.0459363957597174,0.0,0.0,233.00776770327028,75.0,-73.99532012559017,40.7761070784125,9,observed,opendata,"building_density,dist_stream_m,elevation_m,flow_accum_proxy,impervious_frac,slope_deg",event_raster,production,0,0,0.0,0,0.0,0.0,0.0,0,0,0,0,,none,0.0,0.0,0,open_public_evidence,0.0,0
892a1008b77ffff,1.3153653234358569,0.5805617978617612,0.8461862658500875,24.12322695035461,1.0,56.636883258607355,46.3499486493918,75.0,-73.99307698792103,40.77352316192592,9,observed,opendata,"building_density,dist_stream_m,elevation_m,flow_accum_proxy,impervious_frac,slope_deg",event_raster,production,0,0,0.0,0,0.0,0.0,0.0,0,0,0,0,,none,0.0,0.0,0,open_public_evidence,0.0,0
892a1008b7bffff,-0.2515048949036374,0.0,0.18258043567660745,1.049601417183348,0.0,0.0,71.25370917791724,75.0,-73.99959843823908,40.775991063402394,9,observed,opendata,"building_density,dist_stream_m,elevation_m,flow_accum_proxy,impervious_frac,slope_deg",event_raster,production,0,0,0.0,0,0.0,0.0,0.0,0,0,0,0,,none,0.0,0.0,0,open_public_evidence,0.0,0
892a1008b83ffff,20.148252254640553,0.786604233794439,1.8124868102686507,35.99295774647887,1.0,1264.650035794071,421.9196341200709,75.0,-73.98065581569266,40.78443803217255,9,observed,opendata,"building_density,dist_stream_m,elevation_m,flow_accum_proxy,impervious_frac,slope_deg",event_raster,production,0,0,0.07732536908938212,5,0.07732536908938212,0.046821918221906594,0.03050345086747593,5,1,0,0,,dep+complaint,1.0,1.0,1,open_public_evidence,0.0,0
892a1008b87ffff,25.126979949303585,0.7849244645851887,0.9017703055166767,9.068965517241379,1.0,1547.859651951023,639.0416735152522,75.0,-73.97841311281007,40.78185357029338,9,observed,opendata,"building_density,dist_stream_m,elevation_m,flow_accum_proxy,impervious_frac,slope_deg",event_raster,production,0,0,0.0,2,0.0,0.0,0.0,2,1,0,0,,complaint,1.0,1.0,1,open_public_evidence,0.0,0
892a1008b8bffff,10.733072771378362,0.4425542242686051,5.267217573987952,11.23876651982379,0.0,311.44278128599694,98.77950646878668,75.0,-73.98493487501118,40.784322561238326,9,observed,opendata,"building_density,dist_stream_m,elevation_m,flow_accum_proxy,impervious_frac,slope_deg",event_raster,production,0,0,0.0,0,0.0,0.0,0.0,0,0,0,0,,none,0.0,0.0,0,open_public_evidence,0.04393010043624805,1
892a1008b8fffff,23.884437829652015,0.7685002448075212,0.9293223503190225,6.140832595217006,1.0,1500.6645411691893,410.5163216142468,75.0,-73.98269193459566,40.781738181718346,9,observed,opendata,"building_density,dist_stream_m,elevation_m,flow_accum_proxy,impervious_frac,slope_deg",event_raster,production,0,0,0.0,2,0.0,0.0,0.0,2,1,0,0,,complaint,1.0,1.0,1,open_public_evidence,0.0,0
892a1008b93ffff,20.2419976672839,0.743566742610678,1.3661221714543494,171.56244464127548,1.0,1207.9656957632103,433.33747419143805,75.0,-73.9786194658061,40.78713793358875,9,observed,opendata,"building_density,dist_stream_m,elevation_m,flow_accum_proxy,impervious_frac,slope_deg",event_raster,production,0,0,0.02484022092895074,9,0.02484022092895074,0.013735620737181974,0.011104600191768583,9,1,0,0,,dep+complaint,1.0,1.0,1,open_public_evidence,0.0,0
892a1008b97ffff,24.715241394178122,0.7999245631050704,1.0968850752465804,148.80070859167404,1.0,2312.2398614554963,750.4608605960586,75.0,-73.97637674961783,40.784553344826655,9,observed,opendata,"building_density,dist_stream_m,elevation_m,flow_accum_proxy,impervious_frac,slope_deg",event_raster,production,0,0,0.055128781851822906,5,0.055128781851822906,0.03673185198180342,0.018396929870017585,5,1,0,0,,dep+complaint,1.0,1.0,1,open_public_evidence,0.0,0
892a1008b9bffff,10.263181180919029,0.3076191437821996,4.861596168767482,173.16386182462355,0.0,103.80925673744869,110.18173919270777,75.0,-73.98289876945287,40.78702253857483,9,observed,opendata,"building_density,dist_stream_m,elevation_m,flow_accum_proxy,impervious_frac,slope_deg",event_raster,production,0,0,0.017830080341357375,1,0.017830080341357375,0.009555635051248242,0.00827444529011039,0,0,0,0,,dep+floodnet,1.0,1.0,1,open_public_evidence,0.0,0
892a1008ba3ffff,26.0000753267915,0.7671536801665916,0.4401013733615092,12.859540636042404,1.0,2067.164109713821,364.55564202469344,75.0,-73.97820680629646,40.77656955627684,9,observed,opendata,"building_density,dist_stream_m,elevation_m,flow_accum_proxy,impervious_frac,slope_deg",event_raster,production,0,0,0.0,1,0.0,0.0,0.0,1,1,0,0,,complaint,1.0,1.0,1,open_public_evidence,0.0,0
892a1008ba7ffff,25.16193826459743,0.2611886432753093,2.8728182293843254,10.019434628975265,0.0,75.51670039879978,210.81319792899134,75.0,-73.97596461834239,40.773985310399986,9,observed,opendata,"building_density,dist_stream_m,elevation_m,flow_accum_proxy,impervious_frac,slope_deg",event_raster,production,0,0,0.0,1,0.0,0.0,0.0,1,1,0,0,,complaint,1.0,1.0,1,open_public_evidence,0.0,0
892a1008babffff,22.94576529172588,0.7621872019619937,0.795459726038393,13.12577502214349,1.0,792.882609274784,648.1495254268389,75.0,-73.9824851463292,40.77645417413926,9,observed,opendata,"building_density,dist_stream_m,elevation_m,flow_accum_proxy,impervious_frac,slope_deg",event_raster,production,0,0,0.0,4,0.0,0.0,0.0,4,1,0,0,,complaint,1.0,1.0,1,open_public_evidence,0.0,0
892a1008bafffff,24.111550595184273,0.7908105485969119,0.72106681436274,19.882716049382715,1.0,1066.6703548183748,565.3281608808109,75.0,-73.98024272090768,40.773870010580794,9,observed,opendata,"building_density,dist_stream_m,elevation_m,flow_accum_proxy,impervious_frac,slope_deg",event_raster,production,0,0,0.0,5,0.0,0.0,0.0,5,1,0,0,,complaint,1.0,1.0,1,open_public_evidence,0.0,0
892a1008bb3ffff,26.423894469027598,0.7165954041333455,0.4027304942847273,12.249336870026525,1.0,1859.414145258528,297.11454819009816,75.0,-73.97617066076994,40.77926915295966,9,observed,opendata,"building_density,dist_stream_m,elevation_m,flow_accum_proxy,impervious_frac,slope_deg",event_raster,production,0,0,0.0,11,0.0,0.0,0.0,11,1,0,0,,complaint,1.0,1.0,1,open_public_evidence,0.0,0
892a1008bb7ffff,20.771394138842556,0.19063459360581592,2.856127834722268,20.217699115044248,0.0,66.07392719512256,7.410787427191906,75.0,-73.97392845953702,40.77668478019372,9,observed,opendata,"building_density,dist_stream_m,elevation_m,flow_accum_proxy,impervious_frac,slope_deg",event_raster,production,0,0,0.0,2,0.0,0.0,0.0,2,1,0,0,,complaint,1.0,1.0,1,open_public_evidence,0.0,0
892a1008bbbffff,23.96099059823326,0.7968480639520721,0.598575871099722,54.841409691629956,1.0,2057.6199440791074,597.0051703704374,75.0,-73.98044924503581,40.77915384672375,9,observed,opendata,"building_density,dist_stream_m,elevation_m,flow_accum_proxy,impervious_frac,slope_deg",event_raster,production,0,0,0.0,6,0.0,0.0,0.0,6,1,0,0,,complaint,1.0,1.0,1,open_public_evidence,0.0,0
892a1008bc3ffff,0.0,0.0,0.0,1.0,0.0,0.0,91.5761461340956,75.0,-73.99145735635247,40.7867912736493,9,observed,opendata,"building_density,dist_stream_m,elevation_m,flow_accum_proxy,impervious_frac,slope_deg",event_raster,production,0,0,0.0,0,0.0,0.0,0.0,0,0,0,0,,none,0.0,0.0,0,open_public_evidence,0.0,0
892a1008bc7ffff,0.00022282438646371752,9.173522575488652e-05,0.00199159180813125,1.0930026572187777,0.0,0.0,201.37862488059787,75.0,-73.98921392752564,40.78420693202503,9,observed,opendata,"building_density,dist_stream_m,elevation_m,flow_accum_proxy,impervious_frac,slope_deg",event_raster,production,0,0,0.0,0,0.0,0.0,0.0,0,0,0,0,,none,0.0,0.0,0,open_public_evidence,0.0,0
892a1008bcbffff,0.0,0.0,0.0,1.0,0.0,0.0,228.53893971899555,75.0,-73.99573663950984,40.78667540373976,9,observed,opendata,"building_density,dist_stream_m,elevation_m,flow_accum_proxy,impervious_frac,slope_deg",event_raster,production,0,0,0.0,0,0.0,0.0,0.0,0,0,0,0,,none,0.0,0.0,0,open_public_evidence,0.0,0
892a1008bcfffff,0.0,0.0,0.0,1.0,0.0,0.0,86.4736879245677,75.0,-73.99349297318838,40.784091144533704,9,observed,opendata,"building_density,dist_stream_m,elevation_m,flow_accum_proxy,impervious_frac,slope_deg",event_raster,production,0,0,0.0,0,0.0,0.0,0.0,0,0,0,0,,none,0.0,0.0,0,open_public_evidence,0.0,0
892a1008bd3ffff,0.0,0.0,0.0,1.0,0.0,0.0,96.69317505471363,75.0,-73.98942150855012,40.789491453764995,9,observed,opendata,"building_density,dist_stream_m,elevation_m,flow_accum_proxy,impervious_frac,slope_deg",event_raster,production,0,0,0.0,0,0.0,0.0,0.0,0,0,0,0,,none,0.0,0.0,0,open_public_evidence,0.0,0
892a1008bd7ffff,0.002381881124597163,0.04129864078541897,0.016699627329903387,1.1098317094774137,0.0,0.0,212.97073907887153,75.0,-73.98717806631758,40.78690698526131,9,observed,opendata,"building_density,dist_stream_m,elevation_m,flow_accum_proxy,impervious_frac,slope_deg",event_raster,production,0,0,0.0,0,0.0,0.0,0.0,0,0,0,0,,none,0.0,0.0,0,open_public_evidence,0.0,0
892a1008bdbffff,0.0,0.0,0.0,1.0,0.0,0.0,223.43794614165395,75.0,-73.9937010361187,40.789375659734134,9,observed,opendata,"building_density,dist_stream_m,elevation_m,flow_accum_proxy,impervious_frac,slope_deg",event_raster,production,0,0,0.0,0,0.0,0.0,0.0,0,0,0,0,,none,0.0,0.0,0,open_public_evidence,0.0,0
892a1008d03ffff,7.347907025373832,0.7033307392701806,0.7423821800031701,10.571297989031079,1.0,547.2635040961752,506.5230106735089,75.0,-73.94478993105159,40.79862526917925,9,observed,opendata,"building_density,dist_stream_m,elevation_m,flow_accum_proxy,impervious_frac,slope_deg",event_raster,production,0,0,0.00012112029555013832,0,0.00012112029555013832,0.00012112029555013832,0.0,0,0,0,0,,dep,0.00012112029555013832,0.00012112029555013832,1,open_public_evidence,0.0,0
892a1008d07ffff,5.36795682663863,0.7002838542037819,0.4061018156597068,12.36235708003518,1.0,849.2453497299905,643.4265748031181,75.0,-73.9425485887215,40.7960396791369,9,observed,opendata,"building_density,dist_stream_m,elevation_m,flow_accum_proxy,impervious_frac,slope_deg",event_raster,production,0,0,0.0,0,0.0,0.0,0.0,0,0,0,0,,none,0.0,0.0,0,open_public_evidence,0.0,0
892a1008d0bffff,6.161396403287001,0.663188956397012,0.35628033890760935,13.854578096947936,1.0,264.19540259847673,211.8947711979211,75.0,-73.94907025134482,40.79851112835567,9,observed,opendata,"building_density,dist_stream_m,elevation_m,flow_accum_proxy,impervious_frac,slope_deg",event_raster,production,0,0,0.0,2,0.0,0.0,0.0,2,1,0,0,,complaint,1.0,1.0,1,open_public_evidence,0.0,0
892a1008d0fffff,5.107189062729622,0.7713366808453599,0.224537554368708,9.72109443954104,1.0,575.5979417300936,289.4362814903285,75.0,-73.94682867113205,40.795925620558734,9,observed,opendata,"building_density,dist_stream_m,elevation_m,flow_accum_proxy,impervious_frac,slope_deg",event_raster,production,0,0,0.19728230126239826,3,0.19728230126239826,0.15266609756630609,0.04461620369609384,1,1,0,0,,dep+complaint+floodnet,1.0,1.0,1,open_public_evidence,0.0,0
892a1008d17ffff,6.6508453401208625,0.812496855375711,0.7158939644302192,13.68859649122807,1.0,1236.0642958007518,847.3962295926851,75.0,-73.94050960439843,40.79873925161426,9,observed,opendata,"building_density,dist_stream_m,elevation_m,flow_accum_proxy,impervious_frac,slope_deg",event_raster,production,0,0,0.02714831752601014,11,0.02714831752601014,0.021372129374246707,0.005776188151762828,11,1,0,0,,dep+complaint,1.0,1.0,1,open_public_evidence,0.0,0
892a1008d23ffff,5.128651820825585,0.733188430512004,0.4986114105489464,6.915418502202643,1.0,934.2625649921318,528.4177017542675,75.0,-73.94234626332815,40.79075473889112,9,observed,opendata,"building_density,dist_stream_m,elevation_m,flow_accum_proxy,impervious_frac,slope_deg",event_raster,production,0,0,0.0002992397109442452,0,0.0002992397109442452,0.0002992397109442452,0.0,0,0,0,0,,dep,0.0002992397109442452,0.0002992397109442452,1,open_public_evidence,0.4436655618164219,1
892a1008d27ffff,3.2032463617783478,0.8056232482442017,0.5792887299066752,24.970149253731343,1.0,377.4991056550345,209.0658244142256,75.0,-73.94010543566644,40.78816936506508,9,observed,opendata,"building_density,dist_stream_m,elevation_m,flow_accum_proxy,impervious_frac,slope_deg",event_raster,production,0,0,0.0,0,0.0,0.0,0.0,0,0,0,0,,none,0.0,0.0,0,open_public_evidence,0.49554910320121087,1
892a1008d2bffff,6.1465308906757725,0.7970977093529912,1.0654782895592714,3.943362831858407,1.0,1406.1082312889173,621.5873075756572,75.0,-73.94662586368284,40.79064068641442,9,observed,opendata,"building_density,dist_stream_m,elevation_m,flow_accum_proxy,impervious_frac,slope_deg",event_raster,production,0,0,0.09110053955363573,1,0.09110053955363573,0.05496296538043402,0.03613757417320168,0,0,0,0,,dep+floodnet,1.0,1.0,1,open_public_evidence,0.24653358087724167,1
892a1008d2fffff,4.83719837222479,0.7252827667029558,0.4184415182672066,19.02212389380531,1.0,405.8103493485731,483.34103833369096,75.0,-73.94438479820421,40.78805539479303,9,observed,opendata,"building_density,dist_stream_m,elevation_m,flow_accum_proxy,impervious_frac,slope_deg",event_raster,production,0,0,0.0,1,0.0,0.0,0.0,1,1,0,0,,complaint,1.0,1.0,1,open_public_evidence,0.16799117171806888,1
892a1008d33ffff,4.614653393470297,0.8579843364132538,0.46534050281071876,12.962630792227205,1.0,1160.6945829673643,708.5442940789221,75.0,-73.94030749726367,40.79345413374928,9,observed,opendata,"building_density,dist_stream_m,elevation_m,flow_accum_proxy,impervious_frac,slope_deg",event_raster,production,0,0,0.0,1,0.0,0.0,0.0,1,1,0,0,,complaint,1.0,1.0,1,open_public_evidence,0.06176155027620306,1
892a1008d3bffff,4.728583530831126,0.763645806961355,0.20131954237668306,7.061946902654867,1.0,1538.1517281020651,590.8011226011031,75.0,-73.94458734180492,40.79334015739645,9,observed,opendata,"building_density,dist_stream_m,elevation_m,flow_accum_proxy,impervious_frac,slope_deg",event_raster,production,0,0,0.11020561247752463,2,0.11020561247752463,0.06223795223088127,0.04796766024664902,2,1,0,0,,dep+complaint,1.0,1.0,1,open_public_evidence,0.10548496112382724,1
892a1008d47ffff,8.273423663697695,0.5067097585200991,2.269489929006009,12.769707705934456,1.0,528.3892666920088,73.27721399704716,75.0,-73.9533505652304,40.798396829144515,9,observed,opendata,"building_density,dist_stream_m,elevation_m,flow_accum_proxy,impervious_frac,slope_deg",event_raster,production,0,0,0.0,0,0.0,0.0,0.0,0,0,0,0,,none,0.0,0.0,0,open_public_evidence,0.0,0
892a1008d4fffff,28.056616862334128,0.12081243077707692,7.2452044426052185,14.704063604240282,0.0,56.6129714214736,323.22010563663605,75.0,-73.95763087266054,40.798282371546726,9,observed,opendata,"building_density,dist_stream_m,elevation_m,flow_accum_proxy,impervious_frac,slope_deg",event_raster,production,0,0,0.0,0,0.0,0.0,0.0,0,0,0,0,,none,0.0,0.0,0,open_public_evidence,0.0,0
892a1008d63ffff,14.81878452704697,0.31435457504037406,4.264168957685247,16.211640211640212,0.0,75.49166904221465,204.35381183958668,75.0,-73.95314701177097,40.79311172964596,9,observed,opendata,"building_density,dist_stream_m,elevation_m,flow_accum_proxy,impervious_frac,slope_deg",event_raster,production,0,0,0.0,0,0.0,0.0,0.0,0,0,0,0,,none,0.0,0.0,0,open_public_evidence,0.0,0
892a1008d67ffff,11.276277422062499,0.6855622072417829,2.4416126513445597,84.66696113074205,1.0,622.8380713651902,460.8287890265896,75.0,-73.9509054576593,40.7905264756096,9,observed,opendata,"building_density,dist_stream_m,elevation_m,flow_accum_proxy,impervious_frac,slope_deg",event_raster,production,0,0,0.0,0,0.0,0.0,0.0,0,0,0,0,,none,0.0,0.0,0,open_public_evidence,0.0,0
892a1008d6bffff,22.076237679371793,0.22898434128414477,2.955784202172561,15.213274336283186,0.0,0.0,151.31250134881208,75.0,-73.95742683710027,40.79299727825028,9,observed,opendata,"building_density,dist_stream_m,elevation_m,flow_accum_proxy,impervious_frac,slope_deg",event_raster,production,0,0,0.0,0,0.0,0.0,0.0,0,0,0,0,,none,0.0,0.0,0,open_public_evidence,0.0,0
892a1008d6fffff,21.281070468069494,0.2423604695780234,2.5029725737994903,41.172413793103445,0.0,75.49530436732611,277.37608985644687,75.0,-73.95518504520979,40.79041210647761,9,observed,opendata,"building_density,dist_stream_m,elevation_m,flow_accum_proxy,impervious_frac,slope_deg",event_raster,production,0,0,0.0,0,0.0,0.0,0.0,0,0,0,0,,none,0.0,0.0,0,open_public_evidence,0.0,0
892a1008d73ffff,6.958052998196225,0.3313537275575069,2.6116409961161575,13.008841732979665,0.0,113.23205175071726,0.0,75.0,-73.95110874716067,40.7958114036125,9,observed,opendata,"building_density,dist_stream_m,elevation_m,flow_accum_proxy,impervious_frac,slope_deg",event_raster,production,0,0,0.030928286859651256,2,0.030928286859651256,0.02777509522913958,0.003153191630511707,0,0,2,1,Fair: +/- 0.20 ft,dep+hwm,1.0,1.0,1,open_public_evidence,0.0,0
892a1008d77ffff,5.458438406563479,0.7522149320046809,0.32403940470110093,23.500883392226147,1.0,349.1499858653489,288.967517458556,75.0,-73.94886717998989,40.79322602269502,9,observed,opendata,"building_density,dist_stream_m,elevation_m,flow_accum_proxy,impervious_frac,slope_deg",event_raster,production,0,0,0.08276377918897068,3,0.08276377918897068,0.04840626163665231,0.03435751755231141,3,1,0,0,,dep+complaint,1.0,1.0,1,open_public_evidence,0.0,0
892a1008d7bffff,17.302470053327916,0.1800607299756598,8.63815117002301,10.10079575596817,0.0,9.435976884140038,25.165151345884926,75.0,-73.95538881675961,40.795697028299124,9,observed,opendata,"building_density,dist_stream_m,elevation_m,flow_accum_proxy,impervious_frac,slope_deg",event_raster,production,0,0,0.0,0,0.0,0.0,0.0,0,0,0,0,,none,0.0,0.0,0,open_public_evidence,0.0,0
892a1009927ffff,7.110436406160265,0.7294554431795662,3.468593474168697,37.119170984455955,1.0,0.0,1121.5285247522263,75.0,-74.02997065145077,40.78574274588116,9,observed,opendata,"building_density,dist_stream_m,elevation_m,flow_accum_proxy,impervious_frac,slope_deg",event_raster,production,0,0,0.0,0,0.0,0.0,0.0,0,0,0,0,,none,0.0,0.0,0,open_public_evidence,0.0,0
892a1009937ffff,13.244412954890024,0.4608191217634034,4.041728866101644,34.62432915921288,1.0,0.0,849.517144132977,75.0,-74.0279370041377,40.78844360816653,9,observed,opendata,"building_density,dist_stream_m,elevation_m,flow_accum_proxy,impervious_frac,slope_deg",event_raster,production,0,0,0.0,0,0.0,0.0,0.0,0,0,0,0,,none,0.0,0.0,0,open_public_evidence,0.0,0
892a1009987ffff,11.125154379083355,0.7708964499554487,6.307092514415863,45.117395944503734,1.0,0.0,282.9647186799657,75.0,-74.02408054840515,40.79913065279674,9,observed,opendata,"building_density,dist_stream_m,elevation_m,flow_accum_proxy,impervious_frac,slope_deg",event_raster,production,0,0,0.0,0,0.0,0.0,0.0,0,0,0,0,,none,0.0,0.0,0,open_public_evidence,0.0,0
892a100998fffff,1.5472548465334566,0.4888863117110374,1.435837703781083,3.9460067491563553,1.0,0.0,8.819488630146196,75.0,-74.0283609834846,40.799013578537185,9,observed,opendata,"building_density,dist_stream_m,elevation_m,flow_accum_proxy,impervious_frac,slope_deg",event_raster,production,0,0,0.0,0,0.0,0.0,0.0,0,0,0,0,,none,0.0,0.0,0,open_public_evidence,0.0,0
892a10099a3ffff,42.69000135661226,0.4970861483434467,9.93771761214438,13.306808134394341,1.0,0.0,528.6519437896252,75.0,-74.02386901693839,40.79384548618791,9,observed,opendata,"building_density,dist_stream_m,elevation_m,flow_accum_proxy,impervious_frac,slope_deg",event_raster,production,0,0,0.0,0,0.0,0.0,0.0,0,0,0,0,,none,0.0,0.0,0,open_public_evidence,0.0,0
892a10099a7ffff,57.43229743977721,0.8226221144883272,2.214312125132185,14.73080317740512,1.0,0.0,861.7070103682287,75.0,-74.02162341036937,40.791261506411445,9,observed,opendata,"building_density,dist_stream_m,elevation_m,flow_accum_proxy,impervious_frac,slope_deg",event_raster,production,0,0,0.0,0,0.0,0.0,0.0,0,0,0,0,,none,0.0,0.0,0,open_public_evidence,0.0,0
892a10099abffff,3.326686500400222,0.7248653685131302,2.094334715092512,13.820536540240518,1.0,0.0,301.36655200343506,75.0,-74.02814896992659,40.793728418790614,9,observed,opendata,"building_density,dist_stream_m,elevation_m,flow_accum_proxy,impervious_frac,slope_deg",event_raster,production,0,0,0.0,0,0.0,0.0,0.0,0,0,0,0,,none,0.0,0.0,0,open_public_evidence,0.0,0
892a10099afffff,27.521779047282397,0.2093999613340186,8.760613557683156,12.854867256637169,0.0,0.0,672.721499934314,75.0,-74.0259031259783,40.79114452160928,9,observed,opendata,"building_density,dist_stream_m,elevation_m,flow_accum_proxy,impervious_frac,slope_deg",event_raster,production,0,0,0.0,0,0.0,0.0,0.0,0,0,0,0,,none,0.0,0.0,0,open_public_evidence,0.0,0
892a10099b3ffff,52.03331485556378,0.6438824306098319,6.931909738919005,17.730803177405118,1.0,0.0,536.4534976357988,75.0,-74.02183467698379,40.79654650188095,9,observed,opendata,"building_density,dist_stream_m,elevation_m,flow_accum_proxy,impervious_frac,slope_deg",event_raster,production,0,0,0.0,0,0.0,0.0,0.0,0,0,0,0,,none,0.0,0.0,0,open_public_evidence,0.0,0
892a10099b7ffff,65.11391002631377,0.7958070702316278,3.108151526713333,21.237378210806025,1.0,0.0,846.9195145908261,75.0,-74.01958905670878,40.79396239523577,9,observed,opendata,"building_density,dist_stream_m,elevation_m,flow_accum_proxy,impervious_frac,slope_deg",event_raster,production,0,0,0.0,0,0.0,0.0,0.0,0,0,0,0,,none,0.0,0.0,0,open_public_evidence,0.0,0
892a10099bbffff,5.616412426052161,0.7964489881752237,4.204884919490955,20.800353356890458,1.0,0.0,247.16330040651795,75.0,-74.02611487463173,40.79642951023729,9,observed,opendata,"building_density,dist_stream_m,elevation_m,flow_accum_proxy,impervious_frac,slope_deg",event_raster,production,0,0,0.0,0,0.0,0.0,0.0,0,0,0,0,,none,0.0,0.0,0,open_public_evidence,0.0,0
892a100d003ffff,1.8907127675034638,0.86109194112077,0.5324392193725792,11.485411140583555,1.0,595.0554619509624,219.5860083839189,75.0,-73.95762841287763,40.74274905936816,9,observed,opendata,"building_density,dist_stream_m,elevation_m,flow_accum_proxy,impervious_frac,slope_deg",event_raster,production,0,0,0.012129105416157956,5,0.012129105416157956,0.01212910541615797,0.0,5,1,0,0,,dep+complaint,1.0,1.0,1,open_public_evidence,0.9140972482466252,1
892a100d007ffff,1.4346457343075039,0.7370816431725126,0.9285853781947326,15.836138175376439,1.0,85.01227211807975,53.42017252238468,75.0,-73.9553890073663,40.7401655590663,9,observed,opendata,"building_density,dist_stream_m,elevation_m,flow_accum_proxy,impervious_frac,slope_deg",event_raster,production,0,0,0.0,0,0.0,0.0,0.0,0,0,0,0,,none,0.0,0.0,0,open_public_evidence,0.6784605499352807,1
892a100d00bffff,0.07755175590685548,0.24149715870945773,0.09832368405109296,3.673758865248227,0.0,9.445297536838995,56.94601313618856,75.0,-73.96190365394064,40.74263442987183,9,observed,opendata,"building_density,dist_stream_m,elevation_m,flow_accum_proxy,impervious_frac,slope_deg",event_raster,production,0,0,0.0,0,0.0,0.0,0.0,0,0,0,0,,none,0.0,0.0,0,open_public_evidence,0.20344804761637333,1
892a100d00fffff,0.5826817441311319,0.7405478878440394,0.35335247073671266,14.190097259062776,1.0,122.79514924695371,148.58645259446445,75.0,-73.95966401118571,40.74005101166647,9,observed,opendata,"building_density,dist_stream_m,elevation_m,flow_accum_proxy,impervious_frac,slope_deg",event_raster,production,0,0,0.027303773889829835,1,0.027303773889829835,0.018468078606290246,0.00883569528353959,0,0,0,0,,dep+floodnet,1.0,1.0,1,open_public_evidence,0.6640009396934012,1
892a100d013ffff,2.8998775831456727,0.8519633459389633,0.6641594146061293,11.86613475177305,1.0,774.4792557376617,293.0275766893196,75.0,-73.9555925839102,40.74544715811733,9,observed,opendata,"building_density,dist_stream_m,elevation_m,flow_accum_proxy,impervious_frac,slope_deg",event_raster,production,0,0,0.0,0,0.0,0.0,0.0,0,0,0,0,,none,0.0,0.0,0,open_public_evidence,0.48897098471010175,1
892a100d017ffff,3.968430992658968,0.8488683149678067,1.9156282084243217,6.327753303964758,1.0,1596.2645115945684,345.52534017031616,75.0,-73.95335316532683,40.74286353089859,9,observed,opendata,"building_density,dist_stream_m,elevation_m,flow_accum_proxy,impervious_frac,slope_deg",event_raster,production,0,0,0.0,0,0.0,0.0,0.0,0,0,0,0,,none,0.0,0.0,0,open_public_evidence,0.09686388188959016,1
892a100d01bffff,0.10186413669514871,0.22618080614460756,0.20967756683742816,10.432360742705571,0.0,37.77936668580691,24.040241307631376,75.0,-73.95986806874355,40.74533260448981,9,observed,opendata,"building_density,dist_stream_m,elevation_m,flow_accum_proxy,impervious_frac,slope_deg",event_raster,production,0,0,0.0,0,0.0,0.0,0.0,0,0,0,0,,none,0.0,0.0,0,open_public_evidence,0.2153161515516457,1
892a100d023ffff,4.2842946941605495,0.8188366666106232,0.28925287413055717,4.845881310894597,1.0,2484.494554939809,461.42184288114447,75.0,-73.95518547663885,40.73488430974408,9,observed,opendata,"building_density,dist_stream_m,elevation_m,flow_accum_proxy,impervious_frac,slope_deg",event_raster,production,0,0,0.0,1,0.0,0.0,0.0,1,1,0,0,,complaint,1.0,1.0,1,open_public_evidence,0.007607462549008182,1
892a100d027ffff,5.041724323910732,0.8328521887706848,0.8544875998921291,12.395410414827891,1.0,2512.9634003870597,302.8353265421481,75.0,-73.95294658477665,40.73230102607157,9,observed,opendata,"building_density,dist_stream_m,elevation_m,flow_accum_proxy,impervious_frac,slope_deg",event_raster,production,0,0,0.09076604904061805,2,0.09076604904061805,0.06424577686239645,0.02652027217822521,2,1,0,0,,dep+complaint,1.0,1.0,1,open_public_evidence,0.35107516057428073,1
892a100d02bffff,3.0282033364696375,0.7289390630704143,0.6776779549060202,15.614840989399294,1.0,944.6720054412333,179.161953860921,75.0,-73.9594599995524,40.73476976857053,9,observed,opendata,"building_density,dist_stream_m,elevation_m,flow_accum_proxy,impervious_frac,slope_deg",event_raster,production,0,0,0.005359170540123511,4,0.005359170540123511,0.004430339901365379,0.0009288306387575939,4,1,0,0,,dep+complaint,1.0,1.0,1,open_public_evidence,0.4214184534921379,1
892a100d02fffff,4.934573524486945,0.7942755531185797,0.8739960691850291,15.551907719609583,1.0,2711.34739876376,378.73577837005485,75.0,-73.95722087051206,40.732186566953814,9,observed,opendata,"building_density,dist_stream_m,elevation_m,flow_accum_proxy,impervious_frac,slope_deg",event_raster,production,0,0,0.0,1,0.0,0.0,0.0,1,1,0,0,,complaint,1.0,1.0,1,open_public_evidence,0.07152149300536167,1
892a100d033ffff,2.195030307609699,0.8379792598136939,0.7681415785653056,29.083774250440918,1.0,925.7365505769868,154.47762115415495,75.0,-73.9531498521744,40.737582103606506,9,observed,opendata,"building_density,dist_stream_m,elevation_m,flow_accum_proxy,impervious_frac,slope_deg",event_raster,production,0,0,0.025620121090592373,1,0.025620121090592373,0.025620121090592387,0.0,1,1,0,0,,dep+complaint,1.0,1.0,1,open_public_evidence,0.718247689606663,1
892a100d037ffff,3.22271383665469,0.8660209429613128,0.275423813049955,9.778172138420585,1.0,1001.35812356931,151.69434294391888,75.0,-73.95091094726682,40.734998693011036,9,observed,opendata,"building_density,dist_stream_m,elevation_m,flow_accum_proxy,impervious_frac,slope_deg",event_raster,production,0,0,0.0,1,0.0,0.0,0.0,1,1,0,0,,complaint,1.0,1.0,1,open_public_evidence,0.47917268779689054,1
892a100d03bffff,2.671381550032532,0.7281565196076746,0.8444919629286759,11.531443755535873,1.0,340.0655034528133,112.09060215768011,75.0,-73.95742461876348,40.737467638283135,9,observed,opendata,"building_density,dist_stream_m,elevation_m,flow_accum_proxy,impervious_frac,slope_deg",event_raster,production,0,0,0.010727956069010947,4,0.010727956069010947,0.009807070047360448,0.0009208860216510367,4,1,0,0,,dep+complaint,1.0,1.0,1,open_public_evidence,0.40408436089409916,1
892a100d043ffff,0.07321592666803618,0.10130267093248718,0.174100199384666,4.198581560283688,0.0,0.0,129.7685061535204,75.0,-73.96841901882223,40.74510302327974,9,observed,opendata,"building_density,dist_stream_m,elevation_m,flow_accum_proxy,impervious_frac,slope_deg",event_raster,production,0,0,0.0,0,0.0,0.0,0.0,0,0,0,0,,none,0.0,0.0,0,open_public_evidence,0.0,0
892a100d047ffff,0.0,0.0,0.0,1.0,0.0,0.0,91.88647977792156,75.0,-73.96617888846824,40.742519642410606,9,observed,opendata,"building_density,dist_stream_m,elevation_m,flow_accum_proxy,impervious_frac,slope_deg",event_raster,production,0,0,0.0,0,0.0,0.0,0.0,0,0,0,0,,none,0.0,0.0,0,open_public_evidence,0.0,0
892a100d04bffff,3.344531323424001,0.7558853683355673,1.0351632101876131,78.36113575865129,1.0,273.8980490778987,163.09401281228267,75.0,-73.97269448397236,40.74498799569922,9,observed,opendata,"building_density,dist_stream_m,elevation_m,flow_accum_proxy,impervious_frac,slope_deg",event_raster,production,0,0,0.0,5,0.0,0.0,0.0,5,1,0,0,,complaint,1.0,1.0,1,open_public_evidence,0.0,0
892a100d04fffff,0.056082842864565934,0.12707568394697544,0.11809174725075451,25.66931216931217,0.0,18.890486593962265,123.51208336371393,75.0,-73.97045411641287,40.742404696985496,9,observed,opendata,"building_density,dist_stream_m,elevation_m,flow_accum_proxy,impervious_frac,slope_deg",event_raster,production,0,0,0.0,0,0.0,0.0,0.0,0,0,0,0,,none,0.0,0.0,0,open_public_evidence,0.0,0
892a100d053ffff,0.9138194361239762,0.12324113222589737,1.4455805938310722,3.854738706820195,0.0,9.44433148460133,124.34242055633054,75.0,-73.9663836905892,40.747801400659526,9,observed,opendata,"building_density,dist_stream_m,elevation_m,flow_accum_proxy,impervious_frac,slope_deg",event_raster,production,0,0,0.0,1,0.0,0.0,0.0,1,1,0,0,,complaint,1.0,1.0,1,open_public_evidence,0.0,0
892a100d057ffff,0.001587193675046591,0.0,0.0074979650540588074,1.0238305383936452,0.0,0.0,13.08471644753062,75.0,-73.96414354706343,40.74521789287694,9,observed,opendata,"building_density,dist_stream_m,elevation_m,flow_accum_proxy,impervious_frac,slope_deg",event_raster,production,0,0,0.0,0,0.0,0.0,0.0,0,0,0,0,,none,0.0,0.0,0,open_public_evidence,0.0,0
892a100d05bffff,9.47994061150372,0.8392099052641314,4.154554319282745,9.466902030008827,1.0,188.88608822016522,198.48620097001685,75.0,-73.97065939959245,40.747686448906286,9,observed,opendata,"building_density,dist_stream_m,elevation_m,flow_accum_proxy,impervious_frac,slope_deg",event_raster,production,0,0,0.0,3,0.0,0.0,0.0,3,1,0,0,,complaint,1.0,1.0,1,open_public_evidence,0.0,0
892a100d063ffff,0.0,0.0,0.0,1.0,0.0,0.0,18.52149003714155,75.0,-73.9659741324418,40.7372382338593,9,observed,opendata,"building_density,dist_stream_m,elevation_m,flow_accum_proxy,impervious_frac,slope_deg",event_raster,production,0,0,0.0,0,0.0,0.0,0.0,0,0,0,0,,none,0.0,0.0,0,open_public_evidence,0.0,0
892a100d067ffff,0.03852178550007763,0.024217678392406752,0.10212757160793332,1.6439929328621907,0.0,0.0,138.0990048501627,75.0,-73.96373451595996,40.73465506949137,9,observed,opendata,"building_density,dist_stream_m,elevation_m,flow_accum_proxy,impervious_frac,slope_deg",event_raster,production,0,0,0.0,0,0.0,0.0,0.0,0,0,0,0,,none,0.0,0.0,0,open_public_evidence,0.06112215855903556,1
892a100d06bffff,0.0,0.0034678812899795004,0.0,1.0,0.0,0.0,194.0519136502598,75.0,-73.9702488794359,40.737123294760856,9,observed,opendata,"building_density,dist_stream_m,elevation_m,flow_accum_proxy,impervious_frac,slope_deg",event_raster,production,0,0,0.0,0,0.0,0.0,0.0,0,0,0,0,,none,0.0,0.0,0,open_public_evidence,0.0,0
892a100d06fffff,0.0,0.0,0.0,1.0,0.0,0.0,87.18727826727954,75.0,-73.96800902581398,40.73454021250763,9,observed,opendata,"building_density,dist_stream_m,elevation_m,flow_accum_proxy,impervious_frac,slope_deg",event_raster,production,0,0,0.0,0,0.0,0.0,0.0,0,0,0,0,,none,0.0,0.0,0,open_public_evidence,0.0,0
892a100d073ffff,0.010735236333581616,0.0010792456516631882,0.02340763096644404,1.2488967343336275,0.0,0.0,131.8886590705438,75.0,-73.96393900849537,40.739936306321184,9,observed,opendata,"building_density,dist_stream_m,elevation_m,flow_accum_proxy,impervious_frac,slope_deg",event_raster,production,0,0,0.0,0,0.0,0.0,0.0,0,0,0,0,,none,0.0,0.0,0,open_public_evidence,0.0005447645454742042,1
892a100d077ffff,0.11250151428601977,0.08271959985615712,0.2565473258595027,3.220744680851064,0.0,9.446236727920326,2.334575605951974,75.0,-73.96169937886846,40.737353015033726,9,observed,opendata,"building_density,dist_stream_m,elevation_m,flow_accum_proxy,impervious_frac,slope_deg",event_raster,production,0,0,0.0,0,0.0,0.0,0.0,0,0,0,0,,none,0.0,0.0,0,open_public_evidence,0.09548714465654716,1
892a100d07bffff,0.0,0.0,0.0,1.0,0.0,0.0,196.84760926506968,75.0,-73.9682139992477,40.73982144303144,9,observed,opendata,"building_density,dist_stream_m,elevation_m,flow_accum_proxy,impervious_frac,slope_deg",event_raster,production,0,0,0.0,0,0.0,0.0,0.0,0,0,0,0,,none,0.0,0.0,0,open_public_evidence,0.0,0
892a100d083ffff,3.9693880934330927,0.8697759152725801,0.3879773984576573,18.300265721877768,1.0,897.221865216342,327.8957364671361,75.0,-73.94928078918477,40.74825962762468,9,observed,opendata,"building_density,dist_stream_m,elevation_m,flow_accum_proxy,impervious_frac,slope_deg",event_raster,production,0,0,0.0025613602292150596,1,0.0025613602292150596,0.0025612306916871896,1.2953752896020696e-07,1,1,0,0,,dep+complaint,1.0,1.0,1,open_public_evidence,0.2123454843465131,1
892a100d087ffff,3.8262521875504363,0.8655088427102576,0.44654107353027783,9.923212709620477,1.0,1010.6068515679378,570.5129301315861,75.0,-73.94704159489353,40.745675791412374,9,observed,opendata,"building_density,dist_stream_m,elevation_m,flow_accum_proxy,impervious_frac,slope_deg",event_raster,production,0,0,0.06897002402337825,1,0.06897002402337825,0.06285207931108713,0.006117944712291554,1,1,0,0,,dep+complaint,1.0,1.0,1,open_public_evidence,0.24586082344384955,1
892a100d08bffff,1.4822669400532962,0.8610000522574,0.89498293198517,37.39241622574956,1.0,339.99887699748575,7.785644330367629,75.0,-73.95355652424938,40.74814530789256,9,observed,opendata,"building_density,dist_stream_m,elevation_m,flow_accum_proxy,impervious_frac,slope_deg",event_raster,production,0,0,0.005956511484513979,5,0.005956511484513979,0.005206873211172852,0.0007496382733399875,4,1,0,0,,dep+complaint+floodnet,1.0,1.0,1,open_public_evidence,0.8753334578977876,1
892a100d08fffff,3.7930607012249498,0.8633044645045055,0.3790630662209124,11.242692648361382,1.0,1936.2037546262327,292.79162028169026,75.0,-73.95131709261102,40.74556155375853,9,observed,opendata,"building_density,dist_stream_m,elevation_m,flow_accum_proxy,impervious_frac,slope_deg",event_raster,production,0,0,0.04700589104257398,3,0.04700589104257398,0.045309224016860924,0.001696667025713041,3,1,0,0,,dep+complaint,1.0,1.0,1,open_public_evidence,0.22590421497906182,1
892a100d093ffff,5.243466657726012,0.8739405616040373,0.318176973629595,7.487654320987654,1.0,585.5270766340566,533.3449417709954,75.0,-73.94724425501407,40.7509577524756,9,observed,opendata,"building_density,dist_stream_m,elevation_m,flow_accum_proxy,impervious_frac,slope_deg",event_raster,production,0,0,0.0,0,0.0,0.0,0.0,0,0,0,0,,none,0.0,0.0,0,open_public_evidence,0.0,0
892a100d097ffff,5.019848371629065,0.8620640055282228,0.325212615231123,11.861824623560674,1.0,698.8906478190326,711.7749490982421,75.0,-73.94500504772388,40.74837378934902,9,observed,opendata,"building_density,dist_stream_m,elevation_m,flow_accum_proxy,impervious_frac,slope_deg",event_raster,production,0,0,0.0,0,0.0,0.0,0.0,0,0,0,0,,none,0.0,0.0,0,open_public_evidence,0.03037227251412915,1
892a100d09bffff,3.5510822731129665,0.8700700821288934,0.4345173004970073,8.433510638297872,1.0,481.6418389031395,235.49176919460865,75.0,-73.95152023386106,40.75084350867238,9,observed,opendata,"building_density,dist_stream_m,elevation_m,flow_accum_proxy,impervious_frac,slope_deg",event_raster,production,0,0,0.019324796544814525,3,0.019324796544814525,0.01928480854870917,3.99879961054103e-05,3,1,0,0,,dep+complaint,1.0,1.0,1,open_public_evidence,0.38914649951825153,1
892a100d0a3ffff,2.6381779691337592,0.8622453474198836,1.0236561993224955,6.586054721977052,1.0,188.91725778079427,264.9096289685276,75.0,-73.94683898038865,40.740394180025554,9,observed,opendata,"building_density,dist_stream_m,elevation_m,flow_accum_proxy,impervious_frac,slope_deg",event_raster,production,0,0,0.0,1,0.0,0.0,0.0,1,1,0,0,,complaint,1.0,1.0,1,open_public_evidence,0.8431881105075277,1
892a100d0a7ffff,0.8783101522862748,0.6368860530240728,1.230398205262646,5.4773735581189,1.0,113.35615559893316,27.093379073459964,75.0,-73.94460029973436,40.73781056047117,9,observed,opendata,"building_density,dist_stream_m,elevation_m,flow_accum_proxy,impervious_frac,slope_deg",event_raster,production,0,0,0.0,0,0.0,0.0,0.0,0,0,0,0,,none,0.0,0.0,0,open_public_evidence,0.5408015803980497,1
892a100d0abffff,1.6343465677174478,0.8189880181547274,0.687225126563865,20.27264653641208,1.0,160.57920189740608,105.49233857625894,75.0,-73.95111399708473,40.740279948519664,9,observed,opendata,"building_density,dist_stream_m,elevation_m,flow_accum_proxy,impervious_frac,slope_deg",event_raster,production,0,0,0.00013942184165898955,2,0.00013942184165898955,0.00013942184165898952,0.0,2,1,0,0,,dep+complaint,1.0,1.0,1,open_public_evidence,0.7449356936674446,1
892a100d0afffff,0.7907314499732593,0.7665219708585879,0.6285757354878886,11.725420726306465,1.0,66.12423139582087,7.280492717665909,75.0,-73.94887507914883,40.73769641100286,9,observed,opendata,"building_density,dist_stream_m,elevation_m,flow_accum_proxy,impervious_frac,slope_deg",event_raster,production,0,0,0.025412436337705638,0,0.025412436337705638,0.01697829427646286,0.008434142061242773,0,0,0,0,,dep,0.025412436337705638,0.025412436337705638,1,open_public_evidence,0.7087617160796575,1
892a100d0b3ffff,3.8615585598357502,0.7876633618294717,1.0817294167573692,6.428571428571429,1.0,94.45407105248341,474.30834578774517,75.0,-73.9448026509522,40.743092000057715,9,observed,opendata,"building_density,dist_stream_m,elevation_m,flow_accum_proxy,impervious_frac,slope_deg",event_raster,production,0,0,0.01580442949433961,0,0.01580442949433961,0.005493205464037529,0.010311224030301635,0,0,0,0,,dep,0.01580442949433961,0.01580442949433961,1,open_public_evidence,0.6138875573440608,1
892a100d0b7ffff,2.7064232930023704,0.8272720803395507,1.979269648052729,7.9354553492484525,1.0,207.80959018729504,109.20649126075553,75.0,-73.94256395732556,40.740508253583016,9,observed,opendata,"building_density,dist_stream_m,elevation_m,flow_accum_proxy,impervious_frac,slope_deg",event_raster,production,0,0,0.0009101708760563194,0,0.0009101708760563194,0.0009101708760563194,0.0,0,0,0,0,,dep,0.0009101708760563194,0.0009101708760563194,1,open_public_evidence,0.49901958811116226,1
892a100d0bbffff,4.075670363525039,0.8530523447572288,2.5929589226057335,5.193976970770594,1.0,415.5967013888192,454.4248001694945,75.0,-73.94907791133582,40.742977844462104,9,observed,opendata,"building_density,dist_stream_m,elevation_m,flow_accum_proxy,impervious_frac,slope_deg",event_raster,production,0,0,0.0025901135554853238,1,0.0025901135554853238,0.0025901135554853238,0.0,1,1,0,0,,dep+complaint,1.0,1.0,1,open_public_evidence,0.4082753187402099,1
892a100d0c3ffff,0.9319107649236066,0.07593404030971564,1.8478196147985693,2.6563330380868027,0.0,18.887805869543325,9.943290194051276,75.0,-73.96007217224151,40.7506145469853,9,observed,opendata,"building_density,dist_stream_m,elevation_m,flow_accum_proxy,impervious_frac,slope_deg",event_raster,production,0,0,0.0,0,0.0,0.0,0.0,0,0,0,0,,none,0.0,0.0,0,open_public_evidence,0.08271001890248027,1
892a100d0c7ffff,0.31615517272179416,0.4028856114560706,0.32383723735798997,8.34924845269673,0.0,37.77754361637152,5.617272627385628,75.0,-73.95783225287006,40.748030830153674,9,observed,opendata,"building_density,dist_stream_m,elevation_m,flow_accum_proxy,impervious_frac,slope_deg",event_raster,production,0,0,0.0,0,0.0,0.0,0.0,0,0,0,0,,none,0.0,0.0,0,open_public_evidence,0.32301133802619486,1
892a100d0cbffff,1.7512379234612652,0.09340414600290779,1.7853551299695525,3.0185185185185186,0.0,37.775502902029764,93.72990176350062,75.0,-73.9643481316797,40.750499829103404,9,observed,opendata,"building_density,dist_stream_m,elevation_m,flow_accum_proxy,impervious_frac,slope_deg",event_raster,production,0,0,0.0,0,0.0,0.0,0.0,0,0,0,0,,none,0.0,0.0,0,open_public_evidence,0.03662299069722957,1
892a100d0cfffff,0.005400030459071684,0.0,0.057435649324470046,1.7776793622674933,0.0,0.0,118.06597976423126,75.0,-73.9621079749992,40.74791619440899,9,observed,opendata,"building_density,dist_stream_m,elevation_m,flow_accum_proxy,impervious_frac,slope_deg",event_raster,production,0,0,0.0,0,0.0,0.0,0.0,0,0,0,0,,none,0.0,0.0,0,open_public_evidence,0.0,0
892a100d0d3ffff,2.299143006685236,0.301759473558661,1.9735841667409737,3.7239858906525574,0.0,9.443447318613169,79.6504409361782,75.0,-73.95803613875623,40.753312950584416,9,observed,opendata,"building_density,dist_stream_m,elevation_m,flow_accum_proxy,impervious_frac,slope_deg",event_raster,production,0,0,0.0,0,0.0,0.0,0.0,0,0,0,0,,none,0.0,0.0,0,open_public_evidence,0.19176393595828392,1
892a100d0d7ffff,0.30765319130680363,0.2200473922138943,0.49209007097497065,3.9,0.0,9.443930234800247,85.34754794304679,75.0,-73.95579620628607,40.75072910684195,9,observed,opendata,"building_density,dist_stream_m,elevation_m,flow_accum_proxy,impervious_frac,slope_deg",event_raster,production,0,0,0.0,0,0.0,0.0,0.0,0,0,0,0,,none,0.0,0.0,0,open_public_evidence,0.20584493960201414,1
892a100d0dbffff,1.5581612015450046,0.1916656591863444,1.7710993762641964,6.470744680851064,0.0,122.76446083672387,68.49390272041123,75.0,-73.96231234205968,40.75319830858994,9,observed,opendata,"building_density,dist_stream_m,elevation_m,flow_accum_proxy,impervious_frac,slope_deg",event_raster,production,0,0,0.0,0,0.0,0.0,0.0,0,0,0,0,,none,0.0,0.0,0,open_public_evidence,0.16439140160103444,1
892a100d103ffff,7.877001315490889,0.6608955585571502,0.7614089500047165,19.536851683348498,1.0,2182.6518744383584,652.1687774496443,75.0,-73.94195782977722,40.72466549971743,9,observed,opendata,"building_density,dist_stream_m,elevation_m,flow_accum_proxy,impervious_frac,slope_deg",event_raster,production,0,0,0.0,1,0.0,0.0,0.0,1,1,0,0,,complaint,1.0,1.0,1,open_public_evidence,0.0,0
892a100d10bffff,4.6793281217591955,0.822613176808948,0.5270355647648232,13.097345132743364,1.0,3373.1794156007118,482.16148692084124,75.0,-73.94623141041372,40.72455144447578,9,observed,opendata,"building_density,dist_stream_m,elevation_m,flow_accum_proxy,impervious_frac,slope_deg",event_raster,production,0,0,0.058649865221886664,0,0.058649865221886664,0.035337825964776436,0.023312039257111502,0,0,0,0,,dep,0.058649865221886664,0.058649865221886664,1,open_public_evidence,0.2513865209581617,1
892a100d10fffff,7.5320433411010095,0.8102184917377812,0.7981669006252723,12.74977817213842,1.0,2655.2155627052994,455.54467117759737,75.0,-73.94399351925026,40.72196834049191,9,observed,opendata,"building_density,dist_stream_m,elevation_m,flow_accum_proxy,impervious_frac,slope_deg",event_raster,production,0,0,0.0,0,0.0,0.0,0.0,0,0,0,0,,none,0.0,0.0,0,open_public_evidence,0.0,0
892a100d11bffff,4.4780764216226885,0.8594299275295955,0.45265405203547016,31.990248226950353,1.0,2749.4336493240517,547.7468605576153,75.0,-73.94419573389875,40.7272487306331,9,observed,opendata,"building_density,dist_stream_m,elevation_m,flow_accum_proxy,impervious_frac,slope_deg",event_raster,production,0,0,0.08174863026273467,2,0.08174863026273467,0.048669250362477275,0.0330793799002557,1,1,0,0,,dep+complaint+floodnet,1.0,1.0,1,open_public_evidence,0.3487118782477422,1
892a100d12bffff,8.557478046332541,0.8411116898059845,0.954325413698625,18.894316163410302,1.0,3024.033955661548,554.8371640417719,75.0,-73.94379135009413,40.71668830027612,9,observed,opendata,"building_density,dist_stream_m,elevation_m,flow_accum_proxy,impervious_frac,slope_deg",event_raster,production,0,0,0.0,1,0.0,0.0,0.0,1,1,0,0,,complaint,1.0,1.0,1,open_public_evidence,0.0,0
892a100d12fffff,11.817268018891825,0.843956229484528,0.589095914839258,14.696252465483235,1.0,2750.121756858605,607.0445948465533,75.0,-73.94155397200092,40.71410541320781,9,observed,opendata,"building_density,dist_stream_m,elevation_m,flow_accum_proxy,impervious_frac,slope_deg",event_raster,production,0,0,0.0,2,0.0,0.0,0.0,2,1,0,0,,complaint,1.0,1.0,1,open_public_evidence,0.0,0
892a100d13bffff,8.55015110766538,0.8382159855530413,0.7828789638001172,29.90066225165563,1.0,2438.009614798603,611.7779183791298,75.0,-73.9417558781737,40.7193852814858,9,observed,opendata,"building_density,dist_stream_m,elevation_m,flow_accum_proxy,impervious_frac,slope_deg",event_raster,production,0,0,0.011135361101659623,1,0.011135361101659623,0.011135361101659623,0.0,1,1,0,0,,dep+complaint,1.0,1.0,1,open_public_evidence,0.0,0
892a100d143ffff,6.599241480008096,0.8561736142582831,1.3417354580851903,10.605286343612335,1.0,2853.347529635518,496.9332156872742,75.0,-73.95274336311812,40.72702029834894,9,observed,opendata,"building_density,dist_stream_m,elevation_m,flow_accum_proxy,impervious_frac,slope_deg",event_raster,production,0,0,0.0,2,0.0,0.0,0.0,2,1,0,0,,complaint,1.0,1.0,1,open_public_evidence,0.02215092583093544,1
892a100d147ffff,4.81052765512001,0.8318957009459346,0.5113891032743396,8.815439219165928,1.0,3505.4507639786666,382.2421748341041,75.0,-73.95050498469426,40.72443723140525,9,observed,opendata,"building_density,dist_stream_m,elevation_m,flow_accum_proxy,impervious_frac,slope_deg",event_raster,production,0,0,0.0002184135054157946,5,0.0002184135054157946,0.0002184135054157946,0.0,5,1,0,0,,dep+complaint,1.0,1.0,1,open_public_evidence,0.1009486536845854,1
892a100d14bffff,3.6066546224533242,0.8471895316813854,0.5435361424923366,26.92109929078014,1.0,1908.5249422598151,212.39384170603688,75.0,-73.95701716810792,40.72690584543539,9,observed,opendata,"building_density,dist_stream_m,elevation_m,flow_accum_proxy,impervious_frac,slope_deg",event_raster,production,0,0,0.08064377039580198,2,0.08064377039580198,0.05497420777221982,0.02566956262358218,0,0,0,0,,dep+floodnet,1.0,1.0,1,open_public_evidence,0.4527070000479593,1
892a100d14fffff,3.3312352831213476,0.8515146257820231,0.33566136565224697,40.27684117125111,1.0,1199.9756232938714,268.886155139758,75.0,-73.95477855257137,40.72432286050684,9,observed,opendata,"building_density,dist_stream_m,elevation_m,flow_accum_proxy,impervious_frac,slope_deg",event_raster,production,0,0,0.012697162253359883,1,0.012697162253359883,0.012430076706551507,0.0002670855468083755,1,1,0,0,,dep+complaint,1.0,1.0,1,open_public_evidence,0.5719931604939161,1
892a100d153ffff,4.954061464599095,0.8661677433308396,1.0802707881323774,16.976042590949422,1.0,1521.082018212747,232.21750887400077,75.0,-73.9507079431418,40.72971778728786,9,observed,opendata,"building_density,dist_stream_m,elevation_m,flow_accum_proxy,impervious_frac,slope_deg",event_raster,production,0,0,0.05058471410951038,2,0.05058471410951038,0.023735796274208753,0.026848917835297446,1,1,0,0,,dep+complaint+floodnet,1.0,1.0,1,open_public_evidence,0.2993865431399487,1
892a100d157ffff,4.425439953276074,0.8511501897532292,0.5035750919169737,11.481842338352525,1.0,3354.1103141787626,489.6443990073944,75.0,-73.9484695516992,40.727134593415165,9,observed,opendata,"building_density,dist_stream_m,elevation_m,flow_accum_proxy,impervious_frac,slope_deg",event_raster,production,0,0,0.024888054755503895,7,0.024888054755503895,0.017282943268272805,0.007605111487231479,5,1,0,0,,dep+complaint+floodnet,1.0,1.0,1,open_public_evidence,0.27031541691944844,1
892a100d15bffff,8.283016054765552,0.8194754308631235,1.0123316968109208,6.316489361702128,1.0,2957.126032410159,554.0159410613622,75.0,-73.95498199171234,40.729603410205875,9,observed,opendata,"building_density,dist_stream_m,elevation_m,flow_accum_proxy,impervious_frac,slope_deg",event_raster,production,0,0,0.0,1,0.0,0.0,0.0,1,1,0,0,,complaint,1.0,1.0,1,open_public_evidence,0.0,0
892a100d163ffff,4.439925842674066,0.7484794190906464,0.1815383247268454,15.226063829787234,1.0,784.3163522274115,79.89741415799246,75.0,-73.95030207190884,40.7191570254184,9,observed,opendata,"building_density,dist_stream_m,elevation_m,flow_accum_proxy,impervious_frac,slope_deg",event_raster,production,0,0,0.04584511142983931,2,0.04584511142983931,0.022484808015199538,0.02336030341464155,2,1,0,0,,dep+complaint,1.0,1.0,1,open_public_evidence,0.32184989377081,1
892a100d167ffff,6.248520474640486,0.8368439389265923,0.725568869666655,37.854111405835546,1.0,2759.422944972449,348.1991233026977,75.0,-73.94806420671266,40.71657417530296,9,observed,opendata,"building_density,dist_stream_m,elevation_m,flow_accum_proxy,impervious_frac,slope_deg",event_raster,production,0,0,0.0009753561587426482,1,0.0009753561587426482,0.0009753561587426482,0.0,1,1,0,0,,dep+complaint,1.0,1.0,1,open_public_evidence,0.010240228861232738,1
892a100d16bffff,5.211344712592186,0.8142455884698012,0.7627017064421402,9.372340425531915,1.0,1266.2420059993303,415.6355218819728,75.0,-73.95457515920053,40.719042660702115,9,observed,opendata,"building_density,dist_stream_m,elevation_m,flow_accum_proxy,impervious_frac,slope_deg",event_raster,production,0,0,0.12093541572312402,11,0.12093541572312402,0.04667354800084037,0.07426186772228568,10,1,0,0,,dep+complaint+floodnet,1.0,1.0,1,open_public_evidence,0.5132445999481182,1
892a100d16fffff,4.547934383759975,0.8585511680517863,0.29742516701728944,14.187444739168876,1.0,1228.5066477605876,424.84655305408126,75.0,-73.95233705695705,40.71645989256116,9,observed,opendata,"building_density,dist_stream_m,elevation_m,flow_accum_proxy,impervious_frac,slope_deg",event_raster,production,0,0,0.1627421244790078,0,0.1627421244790078,0.08612526288300569,0.07661686159599831,0,0,0,0,,dep,0.1627421244790078,0.1627421244790078,1,open_public_evidence,0.5980402765554443,1
892a100d173ffff,4.955748895206282,0.8337438823375026,0.2503954075163527,10.995575221238939,1.0,1748.090561771274,137.00552311380346,75.0,-73.94826685640574,40.721854209397065,9,observed,opendata,"building_density,dist_stream_m,elevation_m,flow_accum_proxy,impervious_frac,slope_deg",event_raster,production,0,0,0.025475975540900465,1,0.025475975540900465,0.01747630021239485,0.007999675328505623,1,1,0,0,,dep+complaint,1.0,1.0,1,open_public_evidence,0.0,0
892a100d177ffff,5.049354254353976,0.8465290273546328,0.5447448231154972,33.60283687943262,1.0,1767.0793312174394,255.7538658671167,75.0,-73.9460289782174,40.71927123234662,9,observed,opendata,"building_density,dist_stream_m,elevation_m,flow_accum_proxy,impervious_frac,slope_deg",event_raster,production,0,0,0.07211713597853744,2,0.07211713597853744,0.05710053548080247,0.01501660049773491,2,1,0,0,,dep+complaint,1.0,1.0,1,open_public_evidence,0.0,0
892a100d17bffff,4.255515467362353,0.5654533403553726,0.1683700899332446,3.9231448763250882,1.0,122.83843949781759,249.74951094297316,75.0,-73.95254018718336,40.721739920493754,9,observed,opendata,"building_density,dist_stream_m,elevation_m,flow_accum_proxy,impervious_frac,slope_deg",event_raster,production,0,0,0.05739705303827741,2,0.05739705303827741,0.04769964298418498,0.00969741005409235,0,0,2,1,Fair: +/- 0.20 ft,dep+hwm,1.0,1.0,1,open_public_evidence,0.2325932420798994,1
892a100d1c3ffff,2.6600591427256877,0.8499677782046035,0.3628460851156649,14.159574468085106,1.0,113.36742957418468,221.82766610166726,75.0,-73.944397994055,40.73252947064457,9,observed,opendata,"building_density,dist_stream_m,elevation_m,flow_accum_proxy,impervious_frac,slope_deg",event_raster,production,0,0,0.0,0,0.0,0.0,0.0,0,0,0,0,,none,0.0,0.0,0,open_public_evidence,0.518198708163765,1
892a100d1c7ffff,3.865278400401766,0.8846619007549522,0.5662350347956688,19.4434628975265,1.0,151.1643113568307,238.66804125293388,75.0,-73.94215982682682,40.72994606784761,9,observed,opendata,"building_density,dist_stream_m,elevation_m,flow_accum_proxy,impervious_frac,slope_deg",event_raster,production,0,0,0.0,0,0.0,0.0,0.0,0,0,0,0,,none,0.0,0.0,0,open_public_evidence,0.14649484242232858,1
892a100d1cbffff,3.1237720780081197,0.8186386387046193,0.2215293056531203,4.879539415411869,1.0,406.2321055187786,0.0,75.0,-73.94867229260844,40.732415327302164,9,observed,opendata,"building_density,dist_stream_m,elevation_m,flow_accum_proxy,impervious_frac,slope_deg",event_raster,production,0,0,0.010951386226181473,0,0.010951386226181473,0.008387284642468686,0.002564101583712818,0,0,0,0,,dep,0.010951386226181473,0.010951386226181473,1,open_public_evidence,0.3519753019365782,1
892a100d1cfffff,3.2452645704097547,0.8696949669413347,0.2245128349822291,16.020318021201412,1.0,481.83483608299144,212.74757069987916,75.0,-73.94643388816412,40.72983200650209,9,observed,opendata,"building_density,dist_stream_m,elevation_m,flow_accum_proxy,impervious_frac,slope_deg",event_raster,production,0,0,0.03839724564002386,3,0.03839724564002386,0.029691748485871795,0.008705497154152697,3,1,0,0,,dep+complaint,1.0,1.0,1,open_public_evidence,0.46873044755831317,1
892a100d1d3ffff,0.8065968176505723,0.7414958688624651,0.7811132600815233,7.493816254416961,1.0,85.02146828847128,12.2151083457769,75.0,-73.9423618693378,40.735226985821186,9,observed,opendata,"building_density,dist_stream_m,elevation_m,flow_accum_proxy,impervious_frac,slope_deg",event_raster,production,0,0,0.0,0,0.0,0.0,0.0,0,0,0,0,,none,0.0,0.0,0,open_public_evidence,0.7260514591895494,1
892a100d1d7ffff,0.7093359299338057,0.7813575452712715,0.9128119964671673,25.30655737704918,1.0,66.13119393009212,3.5330294736413905,75.0,-73.9401236891639,40.73264345609784,9,observed,opendata,"building_density,dist_stream_m,elevation_m,flow_accum_proxy,impervious_frac,slope_deg",event_raster,production,0,0,0.0,0,0.0,0.0,0.0,0,0,0,0,,none,0.0,0.0,0,open_public_evidence,0.6595996619187897,1
892a100d1dbffff,1.1846103054845294,0.8245394328352419,0.8281921671548992,11.315371024734983,1.0,151.14883575764222,6.689701525701139,75.0,-73.94663641148394,40.73511291837041,9,observed,opendata,"building_density,dist_stream_m,elevation_m,flow_accum_proxy,impervious_frac,slope_deg",event_raster,production,0,0,0.0,0,0.0,0.0,0.0,0,0,0,0,,none,0.0,0.0,0,open_public_evidence,0.39506022208847835,1
892a100d203ffff,11.634066904948437,0.6190496429682619,0.2991045661578251,8.258605472197706,1.0,358.9151644292976,1266.5737016311396,75.0,-73.98755496140967,40.74194333566657,9,observed,opendata,"building_density,dist_stream_m,elevation_m,flow_accum_proxy,impervious_frac,slope_deg",event_raster,production,0,0,0.0,2,0.0,0.0,0.0,2,1,0,0,,complaint,1.0,1.0,1,open_public_evidence,0.0,0
892a100d207ffff,9.353697723953436,0.747485668299363,0.5567345691329622,71.84131205673759,1.0,859.5513113158171,975.5526610249375,75.0,-73.98531389573235,40.73936041044821,9,observed,opendata,"building_density,dist_stream_m,elevation_m,flow_accum_proxy,impervious_frac,slope_deg",event_raster,production,0,0,0.0,1,0.0,0.0,0.0,1,1,0,0,,complaint,1.0,1.0,1,open_public_evidence,0.0,0
892a100d20bffff,11.088975920706698,0.7844965711407278,0.3529188520218238,36.79133510167993,1.0,1086.187567788973,1463.6387175173063,75.0,-73.99183015572552,40.74182760043736,9,observed,opendata,"building_density,dist_stream_m,elevation_m,flow_accum_proxy,impervious_frac,slope_deg",event_raster,production,0,0,0.004536329424142445,11,0.004536329424142445,0.004536329424142445,0.0,11,1,0,0,,dep+complaint,1.0,1.0,1,open_public_evidence,0.0,0
892a100d20fffff,11.934826424314027,0.7935258094666805,0.27384380146493376,7.3294951284322405,1.0,1161.807833088293,1499.3428101295665,75.0,-73.98958885298438,40.73924475745148,9,observed,opendata,"building_density,dist_stream_m,elevation_m,flow_accum_proxy,impervious_frac,slope_deg",event_raster,production,0,0,0.0,1,0.0,0.0,0.0,1,1,0,0,,complaint,1.0,1.0,1,open_public_evidence,0.0,0
892a100d213ffff,11.98053725743526,0.7184812308836026,0.43742487604826347,28.16120460584588,1.0,906.6892580307322,1173.0858177057337,75.0,-73.98552083929478,40.744641965067935,9,observed,opendata,"building_density,dist_stream_m,elevation_m,flow_accum_proxy,impervious_frac,slope_deg",event_raster,production,0,0,0.0,4,0.0,0.0,0.0,4,1,0,0,,complaint,1.0,1.0,1,open_public_evidence,0.0,0
892a100d217ffff,10.582220157761823,0.8032682606664984,0.4631145770131116,20.195748449955712,1.0,1293.9872786212459,975.4258746330636,75.0,-73.98327976027291,40.74205891293701,9,observed,opendata,"building_density,dist_stream_m,elevation_m,flow_accum_proxy,impervious_frac,slope_deg",event_raster,production,0,0,0.0,5,0.0,0.0,0.0,4,1,0,0,,complaint+floodnet,1.0,1.0,1,open_public_evidence,0.0,0
892a100d21bffff,12.252244896922551,0.7485761337035092,0.2837055580858108,10.429078014184396,1.0,1388.3640064907381,1578.9310430266792,75.0,-73.98979627753427,40.744526305564385,9,observed,opendata,"building_density,dist_stream_m,elevation_m,flow_accum_proxy,impervious_frac,slope_deg",event_raster,production,0,0,0.0,4,0.0,0.0,0.0,4,1,0,0,,complaint,1.0,1.0,1,open_public_evidence,0.0,0
892a100d223ffff,9.008245406735218,0.720816329240693,0.5344144406845895,41.94582593250444,1.0,954.1023724858659,819.1962321332368,75.0,-73.98510699874309,40.73407920554712,9,observed,opendata,"building_density,dist_stream_m,elevation_m,flow_accum_proxy,impervious_frac,slope_deg",event_raster,production,0,0,0.0,5,0.0,0.0,0.0,5,1,0,0,,complaint,1.0,1.0,1,open_public_evidence,0.0,0
892a100d227ffff,6.7347384026153865,0.8084701029575577,0.6241866183639311,41.89389920424403,1.0,1313.1387398848888,486.8341392134863,75.0,-73.9828664471727,40.73149649667317,9,observed,opendata,"building_density,dist_stream_m,elevation_m,flow_accum_proxy,impervious_frac,slope_deg",event_raster,production,0,0,0.0,2,0.0,0.0,0.0,2,1,0,0,,complaint,1.0,1.0,1,open_public_evidence,0.0,0
892a100d22bffff,11.85943661175721,0.8114854443739069,0.29753219487753113,10.518617021276595,1.0,765.1690495389598,1001.4044155849699,75.0,-73.98938147511579,40.733963559055724,9,observed,opendata,"building_density,dist_stream_m,elevation_m,flow_accum_proxy,impervious_frac,slope_deg",event_raster,production,0,0,0.0,1,0.0,0.0,0.0,1,1,0,0,,complaint,1.0,1.0,1,open_public_evidence,0.0,0
892a100d22fffff,10.270036309009727,0.7336736165592611,0.5692366831162582,22.56713780918728,1.0,1728.8036682633165,667.4249199987013,75.0,-73.98714068654695,40.731380932373526,9,observed,opendata,"building_density,dist_stream_m,elevation_m,flow_accum_proxy,impervious_frac,slope_deg",event_raster,production,0,0,0.0,3,0.0,0.0,0.0,3,1,0,0,,complaint,1.0,1.0,1,open_public_evidence,0.0,0
892a100d233ffff,7.547986360014383,0.7718770690889248,0.4809291427864291,66.38795394154118,1.0,982.3945876476226,730.0682419982309,75.0,-73.98307308046714,40.736777529931615,9,observed,opendata,"building_density,dist_stream_m,elevation_m,flow_accum_proxy,impervious_frac,slope_deg",event_raster,production,0,0,0.038447532775699594,3,0.038447532775699594,0.022482892497362808,0.01596464027833678,3,1,0,0,,dep+complaint,1.0,1.0,1,open_public_evidence,0.0,0
892a100d237ffff,5.612585460475648,0.7343574503583259,0.576580292336926,64.6763925729443,1.0,1275.288961743088,556.1184228035374,75.0,-73.980832515579,40.73419469413901,9,observed,opendata,"building_density,dist_stream_m,elevation_m,flow_accum_proxy,impervious_frac,slope_deg",event_raster,production,0,0,0.06321244722717635,6,0.06321244722717635,0.0470756108872501,0.01613683633992632,6,1,0,0,,dep+complaint,1.0,1.0,1,open_public_evidence,0.0,0
892a100d23bffff,10.783638140685122,0.7322715440056693,0.5473718584850669,20.9181338028169,1.0,1369.6808883055724,1158.1946618869013,75.0,-73.98734780066862,40.7366619591473,9,observed,opendata,"building_density,dist_stream_m,elevation_m,flow_accum_proxy,impervious_frac,slope_deg",event_raster,production,0,0,0.0,2,0.0,0.0,0.0,2,1,0,0,,complaint,1.0,1.0,1,open_public_evidence,0.0,0
892a100d243ffff,6.8762026253621205,0.7748389768642513,0.39732090496446615,126.21781305114638,1.0,2276.1486110477867,877.1161512732444,75.0,-73.99834713342568,40.744294512623796,9,observed,opendata,"building_density,dist_stream_m,elevation_m,flow_accum_proxy,impervious_frac,slope_deg",event_raster,production,0,0,0.0,6,0.0,0.0,0.0,6,1,0,0,,complaint,1.0,1.0,1,open_public_evidence,0.0,0
892a100d247ffff,8.821203896929546,0.7937727434083013,0.41220105576271915,34.3469387755102,1.0,1171.1902616116129,1108.261406711697,75.0,-73.99610534317284,40.741711707250445,9,observed,opendata,"building_density,dist_stream_m,elevation_m,flow_accum_proxy,impervious_frac,slope_deg",event_raster,production,0,0,0.09764042245552627,9,0.09764042245552627,0.09022497732047156,0.007415445135053878,9,1,0,0,,dep+complaint,1.0,1.0,1,open_public_evidence,0.0,0
892a100d24bffff,4.700379843614539,0.7691621583388142,2.3813851185997463,6.778172138420586,1.0,1964.4713196446455,520.3990931172921,75.0,-74.00262255098242,40.744178379188874,9,observed,opendata,"building_density,dist_stream_m,elevation_m,flow_accum_proxy,impervious_frac,slope_deg",event_raster,production,0,0,0.022858412082728072,1,0.022858412082728072,0.019996551749137087,0.0028618603335910293,1,1,0,0,,dep+complaint,1.0,1.0,1,open_public_evidence,0.008174967023647568,1
892a100d24fffff,6.728941165630114,0.7909526805417321,1.0751935395670345,16.488042515500442,1.0,1794.5606999383997,747.5180237434405,75.0,-74.00038052370402,40.74159565610689,9,observed,opendata,"building_density,dist_stream_m,elevation_m,flow_accum_proxy,impervious_frac,slope_deg",event_raster,production,0,0,0.0858835475257528,0,0.0858835475257528,0.07897542095302333,0.006908126572729443,0,0,0,0,,dep,0.0858835475257528,0.0858835475257528,1,open_public_evidence,0.0,0
892a100d253ffff,8.19125848040712,0.7926414024808709,0.46209087588484693,37.9600709849157,1.0,698.8666466924884,1072.0699811748227,75.0,-73.99631351262427,40.74699342036505,9,observed,opendata,"building_density,dist_stream_m,elevation_m,flow_accum_proxy,impervious_frac,slope_deg",event_raster,production,0,0,0.0,0,0.0,0.0,0.0,0,0,0,0,,none,0.0,0.0,0,open_public_evidence,0.0,0
892a100d257ffff,9.688490660000692,0.8034272127446875,0.5476474682314206,71.08761061946903,1.0,1246.6907019885907,1235.9786083611982,75.0,-73.99407170892711,40.74441048808265,9,observed,opendata,"building_density,dist_stream_m,elevation_m,flow_accum_proxy,impervious_frac,slope_deg",event_raster,production,0,0,0.0,2,0.0,0.0,0.0,2,1,0,0,,complaint,1.0,1.0,1,open_public_evidence,0.0,0
892a100d25bffff,5.423203768983352,0.7607371873823943,1.322671698421174,58.7070796460177,1.0,1029.408800485988,720.8706663806116,75.0,-74.00058917418733,40.746877362614214,9,observed,opendata,"building_density,dist_stream_m,elevation_m,flow_accum_proxy,impervious_frac,slope_deg",event_raster,production,0,0,0.0,6,0.0,0.0,0.0,6,1,0,0,,complaint,1.0,1.0,1,open_public_evidence,0.0,0
892a100d263ffff,9.154166255436891,0.7820788841456809,0.4700686967773165,38.9281914893617,1.0,1246.8748959355855,1238.877200707424,75.0,-73.9958972205727,40.736430343823116,9,observed,opendata,"building_density,dist_stream_m,elevation_m,flow_accum_proxy,impervious_frac,slope_deg",event_raster,production,0,0,0.0,2,0.0,0.0,0.0,2,1,0,0,,complaint,1.0,1.0,1,open_public_evidence,0.0,0
892a100d267ffff,10.506262568149197,0.7763419447226919,0.5279300070090164,31.214285714285715,1.0,1501.99427893077,1343.721961589156,75.0,-73.99365594464955,40.7338477546659,9,observed,opendata,"building_density,dist_stream_m,elevation_m,flow_accum_proxy,impervious_frac,slope_deg",event_raster,production,0,0,0.0,4,0.0,0.0,0.0,4,1,0,0,,complaint,1.0,1.0,1,open_public_evidence,0.0,0
892a100d26bffff,7.429830409289462,0.7336941749200661,1.4909131600264958,18.392382639503985,1.0,2087.565005173888,923.0303055869796,75.0,-74.00017192018016,40.7363142992853,9,observed,opendata,"building_density,dist_stream_m,elevation_m,flow_accum_proxy,impervious_frac,slope_deg",event_raster,production,0,0,0.0,0,0.0,0.0,0.0,0,0,0,0,,none,0.0,0.0,0,open_public_evidence,0.0,0
892a100d26fffff,7.045459998170429,0.6573402445522902,0.5499619025186159,108.12201591511936,1.0,2456.084387329168,1078.8333389308132,75.0,-73.9979304072968,40.73373179237872,9,observed,opendata,"building_density,dist_stream_m,elevation_m,flow_accum_proxy,impervious_frac,slope_deg",event_raster,production,0,0,0.02760882770570438,2,0.02760882770570438,0.013970774829213493,0.013638052876490786,2,1,0,0,,dep+complaint,1.0,1.0,1,open_public_evidence,0.0,0
892a100d273ffff,10.541157568301413,0.8212952520895762,0.4165529779671912,16.70053003533569,1.0,1284.5969165645495,1333.3171330822556,75.0,-73.99386380339365,40.73912894651647,9,observed,opendata,"building_density,dist_stream_m,elevation_m,flow_accum_proxy,impervious_frac,slope_deg",event_raster,production,0,0,0.044973424861436836,4,0.044973424861436836,0.04150482233004267,0.003468602531394936,3,1,0,0,,dep+complaint+floodnet,1.0,1.0,1,open_public_evidence,0.0,0
892a100d277ffff,11.808286775837333,0.7810070274597359,0.2975268878690806,11.861824623560674,1.0,859.5904107653606,1342.2989351817935,75.0,-73.99162251405302,40.73654623044413,9,observed,opendata,"building_density,dist_stream_m,elevation_m,flow_accum_proxy,impervious_frac,slope_deg",event_raster,production,0,0,0.0,5,0.0,0.0,0.0,5,1,0,0,,complaint,1.0,1.0,1,open_public_evidence,0.0,0
892a100d27bffff,8.604641501979357,0.7988172016590307,0.340554414358148,8.759717314487633,1.0,1426.2764007331282,974.1444170252582,75.0,-73.9981387469125,40.739012977644194,9,observed,opendata,"building_density,dist_stream_m,elevation_m,flow_accum_proxy,impervious_frac,slope_deg",event_raster,production,0,0,0.02168950090328468,7,0.02168950090328468,0.02106224750459331,0.0006272533986913807,7,1,0,0,,dep+complaint,1.0,1.0,1,open_public_evidence,0.0,0
892a100d283ffff,16.917748117320418,0.7059835343894233,2.360525500658442,13.622458001768347,1.0,1728.2978480574743,776.0269698133535,75.0,-73.97921079764829,40.7474560713926,9,observed,opendata,"building_density,dist_stream_m,elevation_m,flow_accum_proxy,impervious_frac,slope_deg",event_raster,production,0,0,0.0,4,0.0,0.0,0.0,4,1,0,0,,complaint,1.0,1.0,1,open_public_evidence,0.0,0
892a100d287ffff,7.147121550129579,0.8039008917006771,0.9130134924323158,73.5070796460177,1.0,1501.7126066268452,490.555567141732,75.0,-73.97696994246623,40.744872810136386,9,observed,opendata,"building_density,dist_stream_m,elevation_m,flow_accum_proxy,impervious_frac,slope_deg",event_raster,production,0,0,0.0,7,0.0,0.0,0.0,7,1,0,0,,complaint,1.0,1.0,1,open_public_evidence,0.0,0
892a100d28bffff,15.509574750760047,0.725725418809666,1.2605948001410288,25.720106288751108,1.0,840.535912359148,1104.0295871678043,75.0,-73.98348648660567,40.74734064563417,9,observed,opendata,"building_density,dist_stream_m,elevation_m,flow_accum_proxy,impervious_frac,slope_deg",event_raster,production,0,0,0.0,4,0.0,0.0,0.0,4,1,0,0,,complaint,1.0,1.0,1,open_public_evidence,0.0,0
892a100d28fffff,11.092858950016463,0.7379329336867959,1.1110987279199176,21.730803177405118,1.0,1548.9318705468659,820.5675118317002,75.0,-73.98124539425626,40.74475746659229,9,observed,opendata,"building_density,dist_stream_m,elevation_m,flow_accum_proxy,impervious_frac,slope_deg",event_raster,production,0,0,0.0,1,0.0,0.0,0.0,1,1,0,0,,complaint,1.0,1.0,1,open_public_evidence,0.0,0
892a100d293ffff,17.053246227562006,0.7343941558654427,2.063926555876825,29.944148936170212,1.0,1095.4801784648826,823.0814838420272,75.0,-73.97717597041498,40.75015472731649,9,observed,opendata,"building_density,dist_stream_m,elevation_m,flow_accum_proxy,impervious_frac,slope_deg",event_raster,production,0,0,0.0,1,0.0,0.0,0.0,1,1,0,0,,complaint,1.0,1.0,1,open_public_evidence,0.0,0
892a100d297ffff,9.607814983428577,0.8091243255896619,1.2844312370889706,30.645759717314487,1.0,821.6521362411067,482.87354117127546,75.0,-73.97493510196136,40.747571339150305,9,observed,opendata,"building_density,dist_stream_m,elevation_m,flow_accum_proxy,impervious_frac,slope_deg",event_raster,production,0,0,0.0,1,0.0,0.0,0.0,1,1,0,0,,complaint,1.0,1.0,1,open_public_evidence,0.0,0
892a100d29bffff,22.765609919342175,0.7373028705561213,0.8658012339393998,5.829955947136564,1.0,934.9330117579996,1089.9753969507506,75.0,-73.9814519033082,40.75003937734384,9,observed,opendata,"building_density,dist_stream_m,elevation_m,flow_accum_proxy,impervious_frac,slope_deg",event_raster,production,0,0,0.0,0,0.0,0.0,0.0,0,0,0,0,,none,0.0,0.0,0,open_public_evidence,0.0,0
892a100d2a3ffff,5.74795115731209,0.7661340585498422,1.2680943575572525,29.223498233215548,1.0,245.58748269415776,404.0183071883975,75.0,-73.97676396089017,40.73959124262263,9,observed,opendata,"building_density,dist_stream_m,elevation_m,flow_accum_proxy,impervious_frac,slope_deg",event_raster,production,0,0,0.0,1,0.0,0.0,0.0,1,1,0,0,,complaint,1.0,1.0,1,open_public_evidence,0.0,0
892a100d2a7ffff,0.9807134715443706,0.7893562591271409,0.5174879660641656,102.49024822695036,1.0,113.35386601824062,65.13085222057768,75.0,-73.97452361980322,40.737008197739414,9,observed,opendata,"building_density,dist_stream_m,elevation_m,flow_accum_proxy,impervious_frac,slope_deg",event_raster,production,0,0,0.028634590228184764,1,0.028634590228184764,0.022015605489758432,0.006618984738426327,0,0,0,0,,dep+floodnet,1.0,1.0,1,open_public_evidence,0.0,0
892a100d2abffff,8.566205889091895,0.780882514091768,0.5765840555853852,21.454946996466433,1.0,1209.0426320833733,653.8960684238609,75.0,-73.98103893168508,40.73947590550561,9,observed,opendata,"building_density,dist_stream_m,elevation_m,flow_accum_proxy,impervious_frac,slope_deg",event_raster,production,0,0,0.0,4,0.0,0.0,0.0,3,1,0,0,,complaint+floodnet,1.0,1.0,1,open_public_evidence,0.0,0
892a100d2afffff,4.456356149193243,0.7479806257583571,0.741904615986009,85.96719858156028,1.0,661.2290025268504,375.79832370162484,75.0,-73.97879835349616,40.73689294279598,9,observed,opendata,"building_density,dist_stream_m,elevation_m,flow_accum_proxy,impervious_frac,slope_deg",event_raster,production,0,0,0.043562108735130736,4,0.043562108735130736,0.03421514800102725,0.009346960734103493,4,1,0,0,,dep+complaint,1.0,1.0,1,open_public_evidence,0.0,0
892a100d2b3ffff,4.7459736974102205,0.7524935029381145,1.3544540560878484,50.00265486725664,1.0,415.58951777937176,230.44783218415913,75.0,-73.97472933772691,40.74228959359751,9,observed,opendata,"building_density,dist_stream_m,elevation_m,flow_accum_proxy,impervious_frac,slope_deg",event_raster,production,0,0,0.0,2,0.0,0.0,0.0,2,1,0,0,,complaint,1.0,1.0,1,open_public_evidence,0.0,0
892a100d2b7ffff,0.4733200674942577,0.40876908168343773,0.39631350023920725,17.273291925465838,0.0,66.11989545174349,3.926838669706643,75.0,-73.97248898339517,40.739706421798246,9,observed,opendata,"building_density,dist_stream_m,elevation_m,flow_accum_proxy,impervious_frac,slope_deg",event_raster,production,0,0,0.0,1,0.0,0.0,0.0,0,0,0,0,,floodnet,1.0,1.0,1,open_public_evidence,0.0,0
892a100d2bbffff,9.50822014888902,0.7417094054160865,0.35263483015452474,9.99734278122232,1.0,1681.2437167749674,586.8958393699756,75.0,-73.97900455236277,40.74217433224768,9,observed,opendata,"building_density,dist_stream_m,elevation_m,flow_accum_proxy,impervious_frac,slope_deg",event_raster,production,0,0,0.0,2,0.0,0.0,0.0,2,1,0,0,,complaint,1.0,1.0,1,open_public_evidence,0.0,0
892a100d2c3ffff,12.497188469196887,0.8180809853241798,0.47105940727266016,60.326241134751776,1.0,443.85457562007167,1730.9887957782523,75.0,-73.99000374878119,40.74980820333916,9,observed,opendata,"building_density,dist_stream_m,elevation_m,flow_accum_proxy,impervious_frac,slope_deg",event_raster,production,0,0,0.030618350129820806,3,0.030618350129820806,0.03042348858615208,0.00019486154366876116,3,1,0,0,,dep+complaint,1.0,1.0,1,open_public_evidence,0.0,0
892a100d2c7ffff,13.313176553930253,0.7772917156721194,0.35123721997984,37.63572060123784,1.0,1048.305869617177,1428.2859869671115,75.0,-73.98776216878585,40.74722506187607,9,observed,opendata,"building_density,dist_stream_m,elevation_m,flow_accum_proxy,impervious_frac,slope_deg",event_raster,production,0,0,0.0,4,0.0,0.0,0.0,4,1,0,0,,complaint,1.0,1.0,1,open_public_evidence,0.0,0
892a100d2cbffff,9.850798211899479,0.8231508452807907,0.5050863715865345,110.2424778761062,1.0,953.8124678665314,1256.508365667982,75.0,-73.99427966126574,40.749692379309224,9,observed,opendata,"building_density,dist_stream_m,elevation_m,flow_accum_proxy,impervious_frac,slope_deg",event_raster,production,0,0,0.011028916033494695,3,0.011028916033494695,0.011028916033494695,0.0,3,1,0,0,,dep+complaint,1.0,1.0,1,open_public_evidence,0.0,0
892a100d2cfffff,11.001076699144948,0.7814383401033211,0.4878734652995274,72.09620476610768,1.0,1378.848878919033,1583.1508415342098,75.0,-73.99203784414127,40.74710932011937,9,observed,opendata,"building_density,dist_stream_m,elevation_m,flow_accum_proxy,impervious_frac,slope_deg",event_raster,production,0,0,0.010602603312911865,4,0.010602603312911865,0.010602603312911858,0.0,4,1,0,0,,dep+complaint,1.0,1.0,1,open_public_evidence,0.0,0
892a100d2d3ffff,15.342403719638114,0.7389229857004606,0.853552519774458,22.339522546419097,1.0,670.4713495470615,1573.0602435667201,75.0,-73.98796942281288,40.75250713772061,9,observed,opendata,"building_density,dist_stream_m,elevation_m,flow_accum_proxy,impervious_frac,slope_deg",event_raster,production,0,0,0.0,4,0.0,0.0,0.0,4,1,0,0,,complaint,1.0,1.0,1,open_public_evidence,0.0,0
892a100d2d7ffff,16.714672955369526,0.7223252578382998,1.281662243406857,19.675221238938054,1.0,1142.6926658239488,1414.4818386663335,75.0,-73.98572782944613,40.74992386935104,9,observed,opendata,"building_density,dist_stream_m,elevation_m,flow_accum_proxy,impervious_frac,slope_deg",event_raster,production,0,0,0.0,1,0.0,0.0,0.0,1,1,0,0,,complaint,1.0,1.0,1,open_public_evidence,0.0,0
892a100d2dbffff,11.560635549876928,0.7550748358073743,0.39724830489300295,19.67431597528685,1.0,642.1397641095709,1389.1776140598868,75.0,-73.99224557931602,40.75239138943488,9,observed,opendata,"building_density,dist_stream_m,elevation_m,flow_accum_proxy,impervious_frac,slope_deg",event_raster,production,0,0,0.0,2,0.0,0.0,0.0,2,1,0,0,,complaint,1.0,1.0,1,open_public_evidence,0.0,0
892a100d303ffff,0.31515235221302146,0.20628056766091674,0.3057249751832069,11.984942426926484,0.0,28.345554843976227,31.682309172678675,75.0,-73.97187275909451,40.72386379865436,9,observed,opendata,"building_density,dist_stream_m,elevation_m,flow_accum_proxy,impervious_frac,slope_deg",event_raster,production,0,0,0.0,0,0.0,0.0,0.0,0,0,0,0,,none,0.0,0.0,0,open_public_evidence,0.3900484831400644,1
892a100d307ffff,0.0,0.0,0.0,1.0,0.0,0.0,11.489351778321284,75.0,-73.96963344556495,40.721281186815915,9,observed,opendata,"building_density,dist_stream_m,elevation_m,flow_accum_proxy,impervious_frac,slope_deg",event_raster,production,0,0,0.0,0,0.0,0.0,0.0,0,0,0,0,,none,0.0,0.0,0,open_public_evidence,0.0,0
892a100d30bffff,3.0705552776023826,0.7373875516222057,0.3631527864159047,12.447971781305114,1.0,963.7461166542417,323.0559720806563,75.0,-73.9761462942413,40.723748638631584,9,observed,opendata,"building_density,dist_stream_m,elevation_m,flow_accum_proxy,impervious_frac,slope_deg",event_raster,production,0,0,0.005200843431309895,1,0.005200843431309895,0.003383625877325174,0.0018172175539846777,1,1,0,0,,dep+complaint,1.0,1.0,1,open_public_evidence,0.817129886330019,1
892a100d30fffff,1.018254448577907,0.3407503865480172,0.49568322291820843,34.141082519964506,0.0,66.14282420338893,83.30375447073753,75.0,-73.97390674374046,40.72116610888531,9,observed,opendata,"building_density,dist_stream_m,elevation_m,flow_accum_proxy,impervious_frac,slope_deg",event_raster,production,0,0,0.0,1,0.0,0.0,0.0,0,0,0,0,,floodnet,1.0,1.0,1,open_public_evidence,0.7617121366152384,1
892a100d313ffff,0.006007801597257771,0.05281134560345207,0.024284882147349317,2.9549071618037135,0.0,18.896123549024633,151.3303553505333,75.0,-73.96983854402754,40.726561539620896,9,observed,opendata,"building_density,dist_stream_m,elevation_m,flow_accum_proxy,impervious_frac,slope_deg",event_raster,production,0,0,0.0,0,0.0,0.0,0.0,0,0,0,0,,none,0.0,0.0,0,open_public_evidence,0.0,0
892a100d317ffff,0.0,0.0,0.0,1.0,0.0,0.0,62.08225361142424,75.0,-73.96759921730659,40.7239788008543,9,observed,opendata,"building_density,dist_stream_m,elevation_m,flow_accum_proxy,impervious_frac,slope_deg",event_raster,production,0,0,0.0,0,0.0,0.0,0.0,0,0,0,0,,none,0.0,0.0,0,open_public_evidence,0.0,0
892a100d31bffff,1.9389970005977408,0.8121149652399142,0.49393680279135527,14.87688219663419,1.0,245.64890448835345,205.5519253146131,75.0,-73.97411232282563,40.72644645532815,9,observed,opendata,"building_density,dist_stream_m,elevation_m,flow_accum_proxy,impervious_frac,slope_deg",event_raster,production,0,0,0.0,1,0.0,0.0,0.0,0,0,0,0,,floodnet,1.0,1.0,1,open_public_evidence,0.0,0
892a100d323ffff,0.04233457522668235,0.028760081236556184,0.13372063538528556,5.754432624113475,0.0,9.4499422759852,150.05752510718872,75.0,-73.9694283932427,40.71600118392775,9,observed,opendata,"building_density,dist_stream_m,elevation_m,flow_accum_proxy,impervious_frac,slope_deg",event_raster,production,0,0,0.0,0,0.0,0.0,0.0,0,0,0,0,,none,0.0,0.0,0,open_public_evidence,0.04335418857329242,1
892a100d327ffff,5.736870632392895,0.6823468899021842,2.255174827252192,21.675843694493782,1.0,737.1332373131266,118.40535435204275,75.0,-73.96718959317559,40.71341878876093,9,observed,opendata,"building_density,dist_stream_m,elevation_m,flow_accum_proxy,impervious_frac,slope_deg",event_raster,production,0,0,0.0,0,0.0,0.0,0.0,0,0,0,0,,none,0.0,0.0,0,open_public_evidence,0.14843214345668337,1
892a100d32bffff,0.10926882264773695,0.13018721905784345,0.13629124470025353,63.3114463176575,0.0,0.0,72.3900309775283,75.0,-73.9737012109036,40.715886112357865,9,observed,opendata,"building_density,dist_stream_m,elevation_m,flow_accum_proxy,impervious_frac,slope_deg",event_raster,production,0,0,0.0,0,0.0,0.0,0.0,0,0,0,0,,none,0.0,0.0,0,open_public_evidence,0.0,0
892a100d32fffff,0.00023659328805026022,0.06935206158512416,0.001822752631252941,1.0079505300353357,0.0,0.0,119.73072320516047,75.0,-73.97146217393056,40.713303799242574,9,observed,opendata,"building_density,dist_stream_m,elevation_m,flow_accum_proxy,impervious_frac,slope_deg",event_raster,production,0,0,0.0,0,0.0,0.0,0.0,0,0,0,0,,none,0.0,0.0,0,open_public_evidence,0.0,0
892a100d333ffff,0.23756908549046732,0.1417069328974244,0.3933690369188214,8.808510638297872,0.0,0.0,103.8213014289551,75.0,-73.96739438220185,40.71869861983505,9,observed,opendata,"building_density,dist_stream_m,elevation_m,flow_accum_proxy,impervious_frac,slope_deg",event_raster,production,0,0,0.011618975977282342,0,0.011618975977282342,0.011618975977282342,0.0,0,0,0,0,,dep,0.011618975977282342,0.011618975977282342,1,open_public_evidence,0.12082081477229697,1
892a100d337ffff,7.241438118499249,0.7961732611744043,2.135397407404638,21.384819064430715,1.0,1190.6961387329056,176.2596239543823,75.0,-73.96515556897008,40.71611609773404,9,observed,opendata,"building_density,dist_stream_m,elevation_m,flow_accum_proxy,impervious_frac,slope_deg",event_raster,production,0,0,0.00044081987507346726,0,0.00044081987507346726,0.00044081987507346726,0.0,0,0,0,0,,dep,0.00044081987507346726,0.00044081987507346726,1,open_public_evidence,0.03714624736070978,1
892a100d33bffff,0.00419954873068105,0.0026347097099999957,0.01797348263329282,2.1379310344827585,0.0,0.0,82.87500725416488,75.0,-73.97166744341928,40.71858362397663,9,observed,opendata,"building_density,dist_stream_m,elevation_m,flow_accum_proxy,impervious_frac,slope_deg",event_raster,production,0,0,0.0,0,0.0,0.0,0.0,0,0,0,0,,none,0.0,0.0,0,open_public_evidence,0.0326739239203715,1
892a100d343ffff,5.5866502148523765,0.5770207221879765,0.45089635975632564,160.69169611307422,1.0,1398.301200903703,126.79580135580306,75.0,-73.98265986037387,40.72621581321689,9,observed,opendata,"building_density,dist_stream_m,elevation_m,flow_accum_proxy,impervious_frac,slope_deg",event_raster,production,0,0,0.024566028174982338,0,0.024566028174982338,0.02436987853980914,0.00019614963517319993,0,0,0,0,,dep,0.024566028174982338,0.024566028174982338,1,open_public_evidence,0.0,0
892a100d347ffff,4.644717354000196,0.8011106262718986,0.392370892232474,68.01330967169477,1.0,1483.408924758386,378.6853043033939,75.0,-73.98041982269943,40.723633320786945,9,observed,opendata,"building_density,dist_stream_m,elevation_m,flow_accum_proxy,impervious_frac,slope_deg",event_raster,production,0,0,0.07581883579433955,4,0.07581883579433955,0.06505509748005003,0.010763738314288297,3,1,0,0,,dep+complaint+floodnet,1.0,1.0,1,open_public_evidence,0.0,0
892a100d34bffff,9.015767370252668,0.7244638253059353,0.6107439682559562,91.2316534040672,1.0,2059.654053282634,459.79442047179947,75.0,-73.98693361902893,40.72610025540042,9,observed,opendata,"building_density,dist_stream_m,elevation_m,flow_accum_proxy,impervious_frac,slope_deg",event_raster,production,0,0,0.0,3,0.0,0.0,0.0,3,1,0,0,,complaint,1.0,1.0,1,open_public_evidence,0.0,0
892a100d34fffff,7.623786851803391,0.7876910353616581,0.6168418981220835,42.08074534161491,1.0,1549.5437875207735,469.5322296464453,75.0,-73.98469334442134,40.72351784512154,9,observed,opendata,"building_density,dist_stream_m,elevation_m,flow_accum_proxy,impervious_frac,slope_deg",event_raster,production,0,0,0.0,5,0.0,0.0,0.0,5,1,0,0,,complaint,1.0,1.0,1,open_public_evidence,0.0,0
892a100d353ffff,4.521780591095443,0.7922351028011964,0.3845691822535169,163.48849557522124,1.0,2248.5108413934995,200.38229868338775,75.0,-73.98062614592236,40.728913832547754,9,observed,opendata,"building_density,dist_stream_m,elevation_m,flow_accum_proxy,impervious_frac,slope_deg",event_raster,production,0,0,0.015712854130893624,6,0.015712854130893624,0.015045151268528751,0.0006677028623648294,6,1,0,0,,dep+complaint,1.0,1.0,1,open_public_evidence,0.007188857908972571,1
892a100d357ffff,3.1141942793432333,0.7748897212103816,0.36685068744867355,204.97249334516414,1.0,1625.0573574649106,257.9424139814967,75.0,-73.9783860949569,40.726331213193134,9,observed,opendata,"building_density,dist_stream_m,elevation_m,flow_accum_proxy,impervious_frac,slope_deg",event_raster,production,0,0,0.13625654635512502,9,0.13625654635512502,0.099468531124398,0.03678801523072819,9,1,0,0,,dep+complaint,1.0,1.0,1,open_public_evidence,0.0,0
892a100d35bffff,7.43764604587098,0.7497775448087897,0.5961288569929755,67.59272404614019,1.0,2626.4043840731415,338.56530135478437,75.0,-73.98490014831133,40.72879835041982,9,observed,opendata,"building_density,dist_stream_m,elevation_m,flow_accum_proxy,impervious_frac,slope_deg",event_raster,production,0,0,0.0,5,0.0,0.0,0.0,5,1,0,0,,complaint,1.0,1.0,1,open_public_evidence,0.0,0
892a100d363ffff,4.558396402247309,0.6824059780445793,0.47968751806914545,96.99378881987577,1.0,151.19047579843632,124.81542844448423,75.0,-73.98021354589461,40.718353158911775,9,observed,opendata,"building_density,dist_stream_m,elevation_m,flow_accum_proxy,impervious_frac,slope_deg",event_raster,production,0,0,0.017735533968624755,0,0.017735533968624755,0.011988983374292854,0.0057465505943318975,0,0,0,0,,dep,0.017735533968624755,0.017735533968624755,1,open_public_evidence,0.0,0
892a100d367ffff,2.7580655020776312,0.7045963334762702,0.7062617109030934,44.11957484499557,1.0,103.94877229180514,271.0012512079337,75.0,-73.9779740219053,40.71577088302538,9,observed,opendata,"building_density,dist_stream_m,elevation_m,flow_accum_proxy,impervious_frac,slope_deg",event_raster,production,0,0,0.049444301307109556,3,0.049444301307109556,0.04254092487032073,0.006903376436788833,2,1,0,0,,dep+complaint+floodnet,1.0,1.0,1,open_public_evidence,0.0,0
892a100d36bffff,7.702208926068976,0.8444553578259252,0.5499889937011485,51.695035460992905,1.0,1152.824113120977,321.97051753564216,75.0,-73.98448658705743,40.718237689707394,9,observed,opendata,"building_density,dist_stream_m,elevation_m,flow_accum_proxy,impervious_frac,slope_deg",event_raster,production,0,0,0.012214621292510528,1,0.012214621292510528,0.005860982455693567,0.006353638836816963,1,1,0,0,,dep+complaint,1.0,1.0,1,open_public_evidence,0.0,0
892a100d36fffff,7.427478178349197,0.768602399019046,0.9245431802468991,29.728155339805824,1.0,321.29529383217175,452.59705991548077,75.0,-73.98224682620025,40.71565549593136,9,observed,opendata,"building_density,dist_stream_m,elevation_m,flow_accum_proxy,impervious_frac,slope_deg",event_raster,production,0,0,0.0,2,0.0,0.0,0.0,2,1,0,0,,complaint,1.0,1.0,1,open_public_evidence,0.0,0
892a100d373ffff,3.7008108685141226,0.754208492060696,0.3460111492655782,113.31532329495128,1.0,774.8137351400688,236.93944341847532,75.0,-73.97818003525298,40.72105087315231,9,observed,opendata,"building_density,dist_stream_m,elevation_m,flow_accum_proxy,impervious_frac,slope_deg",event_raster,production,0,0,0.032858430657410065,0,0.032858430657410065,0.02892019815184063,0.003938232505569788,0,0,0,0,,dep,0.032858430657410065,0.032858430657410065,1,open_public_evidence,0.305993022011695,1
892a100d377ffff,1.6780312110335243,0.6493918067765794,0.5231749569246867,225.40106007067138,1.0,113.39317906931772,191.99453178886296,75.0,-73.97594049799939,40.718468470335196,9,observed,opendata,"building_density,dist_stream_m,elevation_m,flow_accum_proxy,impervious_frac,slope_deg",event_raster,production,0,0,0.053533286323265594,2,0.053533286323265594,0.03516190122843155,0.018371385094833673,0,0,0,0,,dep+floodnet,1.0,1.0,1,open_public_evidence,0.8359824174649729,1
892a100d37bffff,6.074471894135438,0.8143881015407229,0.47054365431168177,124.49955869373345,1.0,1511.8273893730152,160.89249243065294,75.0,-73.98245332005494,40.7209354796179,9,observed,opendata,"building_density,dist_stream_m,elevation_m,flow_accum_proxy,impervious_frac,slope_deg",event_raster,production,0,0,0.0,4,0.0,0.0,0.0,4,1,0,0,,complaint,1.0,1.0,1,open_public_evidence,0.0,0
892a100d383ffff,0.009391239136077985,0.031870159538166735,0.04722361287112002,1.217006200177148,0.0,0.0,201.60928973504133,75.0,-73.9635300694417,40.72937418244271,9,observed,opendata,"building_density,dist_stream_m,elevation_m,flow_accum_proxy,impervious_frac,slope_deg",event_raster,production,0,0,0.0,0,0.0,0.0,0.0,0,0,0,0,,none,0.0,0.0,0,open_public_evidence,0.0,0
892a100d387ffff,0.6735979610518573,0.41850109641349725,0.5079303930952365,20.027506654835847,0.0,37.792464079113884,23.28143774090012,75.0,-73.96129096662116,40.726791234675545,9,observed,opendata,"building_density,dist_stream_m,elevation_m,flow_accum_proxy,impervious_frac,slope_deg",event_raster,production,0,0,0.01675102789560545,0,0.01675102789560545,0.015444431393529919,0.0013065965020755306,0,0,0,0,,dep,0.01675102789560545,0.01675102789560545,1,open_public_evidence,0.4708210133561629,1
892a100d38bffff,0.0,0.0,0.0,1.0,0.0,0.0,12.554366248153858,75.0,-73.96780409850547,40.72925933176353,9,observed,opendata,"building_density,dist_stream_m,elevation_m,flow_accum_proxy,impervious_frac,slope_deg",event_raster,production,0,0,0.0,0,0.0,0.0,0.0,0,0,0,0,,none,0.0,0.0,0,open_public_evidence,0.0,0
892a100d38fffff,0.0,0.0,0.0,1.0,0.0,0.0,203.8063132460607,75.0,-73.9655647586102,40.726676466070366,9,observed,opendata,"building_density,dist_stream_m,elevation_m,flow_accum_proxy,impervious_frac,slope_deg",event_raster,production,0,0,0.0,0,0.0,0.0,0.0,0,0,0,0,,none,0.0,0.0,0,open_public_evidence,0.0,0
892a100d393ffff,1.2473457559458532,0.51694614204534,0.7051803891084978,37.36024844720497,1.0,151.15481955499072,38.88525920478388,75.0,-73.96149514976712,40.732071949949905,9,observed,opendata,"building_density,dist_stream_m,elevation_m,flow_accum_proxy,impervious_frac,slope_deg",event_raster,production,0,0,0.0,0,0.0,0.0,0.0,0,0,0,0,,none,0.0,0.0,0,open_public_evidence,0.5428569115269721,1
892a100d397ffff,3.500645279433062,0.7354940711919281,0.947055322255377,15.874669020300088,1.0,840.8417133734779,158.80013555692722,75.0,-73.95925603382817,40.72948887525717,9,observed,opendata,"building_density,dist_stream_m,elevation_m,flow_accum_proxy,impervious_frac,slope_deg",event_raster,production,0,0,0.0,2,0.0,0.0,0.0,1,1,0,0,,complaint+floodnet,1.0,1.0,1,open_public_evidence,0.3513116911848545,1
892a100d39bffff,0.0002792986878142404,0.0,0.003397222684306892,1.0168141592920354,0.0,0.0,129.17827262526896,75.0,-73.96576942249429,40.731957175060835,9,observed,opendata,"building_density,dist_stream_m,elevation_m,flow_accum_proxy,impervious_frac,slope_deg",event_raster,production,0,0,0.0,0,0.0,0.0,0.0,0,0,0,0,,none,0.0,0.0,0,open_public_evidence,0.0,0
892a100d3a3ffff,4.065066894382476,0.7969899417067272,1.3708510463288799,16.4622892635315,1.0,529.1471427555596,178.36706336259425,75.0,-73.96108682941504,40.721510869265764,9,observed,opendata,"building_density,dist_stream_m,elevation_m,flow_accum_proxy,impervious_frac,slope_deg",event_raster,production,0,0,0.0,0,0.0,0.0,0.0,0,0,0,0,,none,0.0,0.0,0,open_public_evidence,0.24632860169422408,1
892a100d3a7ffff,9.42764544613147,0.8254347039383345,1.4194999411570752,11.873015873015873,1.0,3023.8527691144245,491.06577142405735,75.0,-73.95884824004496,40.71892813819881,9,observed,opendata,"building_density,dist_stream_m,elevation_m,flow_accum_proxy,impervious_frac,slope_deg",event_raster,production,0,0,0.0,0,0.0,0.0,0.0,0,0,0,0,,none,0.0,0.0,0,open_public_evidence,0.0,0
892a100d3abffff,0.08982067039606155,0.09907959277091496,0.19163955148887118,14.504862953138815,0.0,18.898057903482623,74.86598527000261,75.0,-73.96536014077398,40.72139610694307,9,observed,opendata,"building_density,dist_stream_m,elevation_m,flow_accum_proxy,impervious_frac,slope_deg",event_raster,production,0,0,0.0011081624880204363,0,0.0011081624880204363,0.0011081624880204363,0.0,0,0,0,0,,dep,0.0011081624880204363,0.0011081624880204363,1,open_public_evidence,0.08802559219163382,1
892a100d3afffff,3.969902114022906,0.8101423555020745,1.1915620276068688,56.30053191489362,1.0,529.17271057493,181.745046563627,75.0,-73.96312131439454,40.718813457909455,9,observed,opendata,"building_density,dist_stream_m,elevation_m,flow_accum_proxy,impervious_frac,slope_deg",event_raster,production,0,0,0.06804874925433156,0,0.06804874925433156,0.05868884259534828,0.009359906658983234,0,0,0,0,,dep,0.06804874925433156,0.06804874925433156,1,open_public_evidence,0.12129031013366735,1
892a100d3b3ffff,2.0110839619516008,0.8216640185120878,1.0031796907821122,21.5648720211827,1.0,66.14019755340607,41.46246775771186,75.0,-73.95905211399747,40.72420833178155,9,observed,opendata,"building_density,dist_stream_m,elevation_m,flow_accum_proxy,impervious_frac,slope_deg",event_raster,production,0,0,0.01718347832892766,0,0.01718347832892766,0.012974619054390353,0.004208859274537312,0,0,0,0,,dep,0.01718347832892766,0.01718347832892766,1,open_public_evidence,0.6069638027214539,1
892a100d3b7ffff,5.900845968342842,0.8502628404832056,1.0666900526150955,15.98404255319149,1.0,491.3523357740249,326.95855810677335,75.0,-73.95681351153566,40.721625473782986,9,observed,opendata,"building_density,dist_stream_m,elevation_m,flow_accum_proxy,impervious_frac,slope_deg",event_raster,production,0,0,0.0,0,0.0,0.0,0.0,0,0,0,0,,none,0.0,0.0,0,open_public_evidence,0.013813617628647946,1
892a100d3bbffff,0.102585863450626,0.2107920487980135,0.1771820344561512,11.120567375886525,0.0,0.0,94.39861951036904,75.0,-73.96332566892507,40.72409364523037,9,observed,opendata,"building_density,dist_stream_m,elevation_m,flow_accum_proxy,impervious_frac,slope_deg",event_raster,production,0,0,0.0,0,0.0,0.0,0.0,0,0,0,0,,none,0.0,0.0,0,open_public_evidence,0.15914106023370495,1
892a100d3c3ffff,0.6128655131696951,0.5629919687928882,0.3476127726219733,57.40832595217006,1.0,56.682569958746576,67.15467832874194,75.0,-73.97431794817466,40.73172715163123,9,observed,opendata,"building_density,dist_stream_m,elevation_m,flow_accum_proxy,impervious_frac,slope_deg",event_raster,production,0,0,0.05149012969241986,2,0.05149012969241986,0.04912743835138853,0.002362691341032366,0,0,0,0,,dep+floodnet,1.0,1.0,1,open_public_evidence,0.4267326503599804,1
892a100d3c7ffff,0.7446168636264122,0.5111635476848577,0.4973634331811574,4.519964507542148,1.0,75.58062667460685,54.20087971626806,75.0,-73.97207812097184,40.72914432322064,9,observed,opendata,"building_density,dist_stream_m,elevation_m,flow_accum_proxy,impervious_frac,slope_deg",event_raster,production,0,0,0.0,0,0.0,0.0,0.0,0,0,0,0,,none,0.0,0.0,0,open_public_evidence,0.5797334234718143,1
892a100d3cbffff,3.4916955958886424,0.5565334222085946,0.5259343179647494,77.14653641207815,1.0,113.36481717867224,426.1363964337621,75.0,-73.97859220103275,40.73161190309274,9,observed,opendata,"building_density,dist_stream_m,elevation_m,flow_accum_proxy,impervious_frac,slope_deg",event_raster,production,0,0,0.0,0,0.0,0.0,0.0,0,0,0,0,,none,0.0,0.0,0,open_public_evidence,0.06283970956238058,1
892a100d3cfffff,2.3551216452420283,0.7707773270430388,0.4282044649441978,53.17724867724868,1.0,368.4545043532385,352.6820235979495,75.0,-73.97635213679334,40.72902915681503,9,observed,opendata,"building_density,dist_stream_m,elevation_m,flow_accum_proxy,impervious_frac,slope_deg",event_raster,production,0,0,0.0697448917821931,6,0.0697448917821931,0.06741090222794821,0.0023339895542448734,6,1,0,0,,dep+complaint,1.0,1.0,1,open_public_evidence,0.6816755863262939,1
892a100d3d3ffff,0.015260853109045734,0.10776475644488787,0.05528112670389361,22.217198581560282,0.0,18.89327738137942,101.55067860390115,75.0,-73.97228352906686,40.73442519762032,9,observed,opendata,"building_density,dist_stream_m,elevation_m,flow_accum_proxy,impervious_frac,slope_deg",event_raster,production,0,0,0.0,0,0.0,0.0,0.0,0,0,0,0,,none,0.0,0.0,0,open_public_evidence,0.06924809076425668,1
892a100d3d7ffff,0.0,0.0,0.0,1.0,0.0,0.0,256.8315589246832,75.0,-73.970043688646,40.7318422422876,9,observed,opendata,"building_density,dist_stream_m,elevation_m,flow_accum_proxy,impervious_frac,slope_deg",event_raster,production,0,0,0.0,0,0.0,0.0,0.0,0,0,0,0,,none,0.0,0.0,0,open_public_evidence,0.0,0
892a100d3dbffff,1.9969931639230714,0.6234106497292805,0.5686586052837515,159.25706713780917,1.0,188.9322350168775,198.297405774136,75.0,-73.97655802567105,40.73431002483043,9,observed,opendata,"building_density,dist_stream_m,elevation_m,flow_accum_proxy,impervious_frac,slope_deg",event_raster,production,0,0,0.08190290001395448,0,0.08190290001395448,0.07576476409008305,0.006138135923870422,0,0,0,0,,dep,0.08190290001395448,0.08190290001395448,1,open_public_evidence,0.6466719297818095,1
892a100d403ffff,4.048231332192479,0.8390924411184881,0.8193778737593134,12.604074402125775,1.0,708.1602081102051,163.12482541845273,75.0,-73.94337276435115,40.761636821408395,9,observed,opendata,"building_density,dist_stream_m,elevation_m,flow_accum_proxy,impervious_frac,slope_deg",event_raster,production,0,0,0.0,0,0.0,0.0,0.0,0,0,0,0,,none,0.0,0.0,0,open_public_evidence,0.12841771897076998,1
892a100d407ffff,4.284880980360169,0.8470975059518668,0.2068230536029138,9.438730853391684,1.0,1010.3602283589214,506.4638396834478,75.0,-73.94113326769417,40.75905243272225,9,observed,opendata,"building_density,dist_stream_m,elevation_m,flow_accum_proxy,impervious_frac,slope_deg",event_raster,production,0,0,0.019560357600493364,0,0.019560357600493364,0.019335129344224832,0.00022522825626826974,0,0,0,0,,dep,0.019560357600493364,0.019560357600493364,1,open_public_evidence,0.013772544108216371,1
892a100d40bffff,1.598960485452029,0.2832437000202532,1.5472426878637762,9.024669603524229,0.0,84.97897683993479,69.1918705482252,75.0,-73.94764971216354,40.76152272341024,9,observed,opendata,"building_density,dist_stream_m,elevation_m,flow_accum_proxy,impervious_frac,slope_deg",event_raster,production,0,0,0.0,0,0.0,0.0,0.0,0,0,0,0,,none,0.0,0.0,0,open_public_evidence,0.040574595105653304,1
892a100d40fffff,3.3104670900881183,0.801711850694238,0.4436467008366587,33.888396811337465,1.0,396.588836298973,175.00023890247812,75.0,-73.9454099779903,40.758938416824826,9,observed,opendata,"building_density,dist_stream_m,elevation_m,flow_accum_proxy,impervious_frac,slope_deg",event_raster,production,0,0,0.05523026321138196,1,0.05523026321138196,0.052443973832522334,0.002786289378859623,0,0,0,0,,dep+floodnet,1.0,1.0,1,open_public_evidence,0.05398797705220966,1
892a100d413ffff,5.435166421127515,0.6126822131482487,0.8543751423914226,3.271221532091097,1.0,509.8507725866805,174.51064606280306,75.0,-73.9413353198141,40.76433527688922,9,observed,opendata,"building_density,dist_stream_m,elevation_m,flow_accum_proxy,impervious_frac,slope_deg",event_raster,production,0,0,0.0,1,0.0,0.0,0.0,1,1,0,0,,complaint,1.0,1.0,1,open_public_evidence,0.026749213460262197,1
892a100d41bffff,1.6549785128921515,0.36731300145480617,1.5508221938853175,4.290636042402827,0.0,28.324960075627946,46.701370483689715,75.0,-73.94561251151582,40.76422125489876,9,observed,opendata,"building_density,dist_stream_m,elevation_m,flow_accum_proxy,impervious_frac,slope_deg",event_raster,production,0,0,0.0,0,0.0,0.0,0.0,0,0,0,0,,none,0.0,0.0,0,open_public_evidence,0.0036811200307476795,1
892a100d423ffff,6.645956043859254,0.8307900192014847,0.7440566996568933,9.315911730545876,1.0,491.0649766174381,861.7436154917098,75.0,-73.94093126106601,40.75376993809561,9,observed,opendata,"building_density,dist_stream_m,elevation_m,flow_accum_proxy,impervious_frac,slope_deg",event_raster,production,0,0,0.04959996348181805,4,0.04959996348181805,0.032422202988073114,0.017177760493744913,4,1,0,0,,dep+complaint,1.0,1.0,1,open_public_evidence,0.079498162468516,1
892a100d42bffff,4.871759519086662,0.6508217248405125,0.26758270848464843,12.296099290780141,1.0,406.0717738965564,524.0376807235888,75.0,-73.94520749006477,40.75365592828981,9,observed,opendata,"building_density,dist_stream_m,elevation_m,flow_accum_proxy,impervious_frac,slope_deg",event_raster,production,0,0,0.0,0,0.0,0.0,0.0,0,0,0,0,,none,0.0,0.0,0,open_public_evidence,0.0,0
892a100d42fffff,5.571380280604405,0.8684398011296196,0.45760541539227145,8.038938053097345,1.0,217.2122916220106,909.6331539445899,75.0,-73.94296826979273,40.75107183825058,9,observed,opendata,"building_density,dist_stream_m,elevation_m,flow_accum_proxy,impervious_frac,slope_deg",event_raster,production,0,0,0.017030335948834695,2,0.017030335948834695,0.011941407648908043,0.005088928299926654,2,1,0,0,,dep+complaint,1.0,1.0,1,open_public_evidence,0.0,0
892a100d43bffff,4.707643601664603,0.7138109428233325,0.24724530009346973,23.98231653404067,1.0,1010.4089439040436,518.140678888617,75.0,-73.94317049430285,40.756354155045855,9,observed,opendata,"building_density,dist_stream_m,elevation_m,flow_accum_proxy,impervious_frac,slope_deg",event_raster,production,0,0,0.0030453113339235444,0,0.0030453113339235444,0.0030453113339235444,0.0,0,0,0,0,,dep,0.0030453113339235444,0.0030453113339235444,1,open_public_evidence,0.0,0
892a100d443ffff,6.911577876625519,0.6181982916357386,2.8582641080999807,21.106984969053933,1.0,198.2735664029613,100.02756941574225,75.0,-73.9541668757923,40.763992736533424,9,observed,opendata,"building_density,dist_stream_m,elevation_m,flow_accum_proxy,impervious_frac,slope_deg",event_raster,production,0,0,0.0,0,0.0,0.0,0.0,0,0,0,0,,none,0.0,0.0,0,open_public_evidence,0.09418661946192809,1
892a100d447ffff,2.806406999008904,0.26312911855094,1.6360972836703158,2.7599645704162974,0.0,94.42081058077106,15.960026543995141,75.0,-73.95192665359419,40.76140846730408,9,observed,opendata,"building_density,dist_stream_m,elevation_m,flow_accum_proxy,impervious_frac,slope_deg",event_raster,production,0,0,0.0,0,0.0,0.0,0.0,0,0,0,0,,none,0.0,0.0,0,open_public_evidence,0.0,0
892a100d44bffff,12.654807600394758,0.8126906190179223,1.4289179467965687,38.526455026455025,1.0,915.8323925321873,386.70003832640884,75.0,-73.95844404827174,40.76387824016054,9,observed,opendata,"building_density,dist_stream_m,elevation_m,flow_accum_proxy,impervious_frac,slope_deg",event_raster,production,0,0,0.0,4,0.0,0.0,0.0,4,1,0,0,,complaint,1.0,1.0,1,open_public_evidence,0.0,0
892a100d44fffff,4.683113779405952,0.5099706778230673,2.8836135831915217,64.61769911504425,1.0,217.1672343914406,46.224509736380256,75.0,-73.95620358859543,40.76129405309087,9,observed,opendata,"building_density,dist_stream_m,elevation_m,flow_accum_proxy,impervious_frac,slope_deg",event_raster,production,0,0,0.0,1,0.0,0.0,0.0,1,1,0,0,,complaint,1.0,1.0,1,open_public_evidence,0.17856462144210153,1
892a100d453ffff,5.434048608205423,0.7557501235985865,1.7464549236045657,251.04240282685512,1.0,462.6160182278805,126.59149213830882,75.0,-73.95212993210816,40.76669147091129,9,observed,opendata,"building_density,dist_stream_m,elevation_m,flow_accum_proxy,impervious_frac,slope_deg",event_raster,production,0,0,0.06527022327848207,3,0.06527022327848207,0.050058034802759784,0.015212188475721686,3,1,0,0,,dep+complaint,1.0,1.0,1,open_public_evidence,0.13348682972648568,1
892a100d457ffff,2.1176722381353734,0.21001836638916235,1.6346503358119973,3.8031914893617023,0.0,75.53300667216264,28.392252658952078,75.0,-73.94988969685778,40.76410707477983,9,observed,opendata,"building_density,dist_stream_m,elevation_m,flow_accum_proxy,impervious_frac,slope_deg",event_raster,production,0,0,0.0,0,0.0,0.0,0.0,0,0,0,0,,none,0.0,0.0,0,open_public_evidence,0.04568866232441331,1
892a100d45bffff,13.814638049123138,0.7834978334348323,1.0961931235131381,8.186005314437555,1.0,991.3171633183911,429.3081452867881,75.0,-73.9564073485599,40.76657705050458,9,observed,opendata,"building_density,dist_stream_m,elevation_m,flow_accum_proxy,impervious_frac,slope_deg",event_raster,production,0,0,0.0,4,0.0,0.0,0.0,4,1,0,0,,complaint,1.0,1.0,1,open_public_evidence,0.0,0
892a100d463ffff,0.7661269791064923,0.1792286503502185,1.2347932762531952,2.4561558901682905,0.0,9.443019190235669,125.15385507667122,75.0,-73.95172342085029,40.756125813206,9,observed,opendata,"building_density,dist_stream_m,elevation_m,flow_accum_proxy,impervious_frac,slope_deg",event_raster,production,0,0,0.0,0,0.0,0.0,0.0,0,0,0,0,,none,0.0,0.0,0,open_public_evidence,0.0946442437292219,1
892a100d467ffff,3.631836805700517,0.7893354664131854,0.3681752315340473,24.96279893711249,1.0,396.6270881656357,204.10304245021706,75.0,-73.94948371271116,40.75354176043535,9,observed,opendata,"building_density,dist_stream_m,elevation_m,flow_accum_proxy,impervious_frac,slope_deg",event_raster,production,0,0,0.0031710407163917783,2,0.0031710407163917783,0.003151806206788589,1.9234509601111356e-05,2,1,0,0,,dep+complaint,1.0,1.0,1,open_public_evidence,0.008029594449034502,1
892a100d46bffff,2.673194171253791,0.453230187476242,1.798153762852822,3.7648624667258206,1.0,75.54393440321672,47.08741650523681,75.0,-73.9559998745093,40.75601140518491,9,observed,opendata,"building_density,dist_stream_m,elevation_m,flow_accum_proxy,impervious_frac,slope_deg",event_raster,production,0,0,0.0,0,0.0,0.0,0.0,0,0,0,0,,none,0.0,0.0,0,open_public_evidence,0.08416055340089247,1
892a100d46fffff,0.5618156703170366,0.17837796424241614,0.7995341849566885,3.0706090026478376,0.0,28.330423990651795,96.91791149149458,75.0,-73.9537599289575,40.75342743453323,9,observed,opendata,"building_density,dist_stream_m,elevation_m,flow_accum_proxy,impervious_frac,slope_deg",event_raster,production,0,0,0.0,0,0.0,0.0,0.0,0,0,0,0,,none,0.0,0.0,0,open_public_evidence,0.047613754612306325,1
892a100d473ffff,0.806726173883517,0.12172912726488536,1.2561178042190908,3.798758865248227,0.0,47.212819075096334,113.11299558234418,75.0,-73.94968668193033,40.75882424283883,9,observed,opendata,"building_density,dist_stream_m,elevation_m,flow_accum_proxy,impervious_frac,slope_deg",event_raster,production,0,0,0.0,0,0.0,0.0,0.0,0,0,0,0,,none,0.0,0.0,0,open_public_evidence,0.025750869117926376,1
892a100d477ffff,3.440390372366815,0.4395801996038308,0.4105652054381544,23.026408450704224,0.0,302.17749346538125,199.3196172600918,75.0,-73.94744696076559,40.75624006315999,9,observed,opendata,"building_density,dist_stream_m,elevation_m,flow_accum_proxy,impervious_frac,slope_deg",event_raster,production,0,0,0.009867173487899537,1,0.009867173487899537,0.008248248936609765,0.0016189245512918504,1,1,0,0,,dep+complaint,1.0,1.0,1,open_public_evidence,0.02429511974589694,1
892a100d47bffff,3.266572740675642,0.2826674550362564,1.974054262983232,4.345984112974405,0.0,103.8679001830599,25.404116665673747,75.0,-73.95396337946666,40.758709910765276,9,observed,opendata,"building_density,dist_stream_m,elevation_m,flow_accum_proxy,impervious_frac,slope_deg",event_raster,production,0,0,0.0,0,0.0,0.0,0.0,0,0,0,0,,none,0.0,0.0,0,open_public_evidence,0.0,0
892a100d4c3ffff,1.1429209816662955,0.15729600523632106,1.104963999636516,14.387068201948628,0.0,18.881431359467992,32.11510237819525,75.0,-73.94581509065677,40.76950444245628,9,observed,opendata,"building_density,dist_stream_m,elevation_m,flow_accum_proxy,impervious_frac,slope_deg",event_raster,production,0,0,0.012063429030954979,0,0.012063429030954979,0.011106933853404919,0.0009564951775500586,0,0,0,0,,dep,0.012063429030954979,0.012063429030954979,1,open_public_evidence,0.15037659101701004,1
892a100d4c7ffff,1.7120366288592184,0.29142305639444777,1.2712618519076484,3.3315602836879434,0.0,37.76479310923037,36.96312463160477,75.0,-73.94357507995306,40.766919837282906,9,observed,opendata,"building_density,dist_stream_m,elevation_m,flow_accum_proxy,impervious_frac,slope_deg",event_raster,production,0,0,0.0,0,0.0,0.0,0.0,0,0,0,0,,none,0.0,0.0,0,open_public_evidence,0.024806840567914486,1
892a100d4cbffff,6.1834032402721855,0.7175409614004472,1.6373748026337436,36.201241134751776,1.0,557.0006012086955,146.6874284172355,75.0,-73.95009275750891,40.76939025620299,9,observed,opendata,"building_density,dist_stream_m,elevation_m,flow_accum_proxy,impervious_frac,slope_deg",event_raster,production,0,0,0.00037906621235610536,0,0.00037906621235610536,0.00037906621235610536,0.0,0,0,0,0,,dep,0.00037906621235610536,0.00037906621235610536,1,open_public_evidence,0.14314733965160195,1
892a100d4cfffff,1.4027438961802305,0.2059268870240176,1.0917774366063069,4.241409691629956,0.0,47.20585353944028,56.01137158127912,75.0,-73.94785250922335,40.766805733171054,9,observed,opendata,"building_density,dist_stream_m,elevation_m,flow_accum_proxy,impervious_frac,slope_deg",event_raster,production,0,0,0.0003673799542272994,0,0.0003673799542272994,9.765597937733026e-07,0.0003664033944335261,0,0,0,0,,dep,0.0003673799542272994,0.0003673799542272994,1,open_public_evidence,0.08292464881386596,1
892a100d4d3ffff,2.0342180232354132,0.20128720299152383,2.3688449999595687,5.050442477876106,0.0,66.08182524710165,9.871589402584629,75.0,-73.94377744112391,40.772203202614016,9,observed,opendata,"building_density,dist_stream_m,elevation_m,flow_accum_proxy,impervious_frac,slope_deg",event_raster,production,0,0,0.0,0,0.0,0.0,0.0,0,0,0,0,,none,0.0,0.0,0,open_public_evidence,0.1008359253395656,1
892a100d4d7ffff,2.586172798604418,0.4553983085411472,1.1787599625444158,3.8932806324110674,1.0,28.322229882213616,41.86239965135459,75.0,-73.94153741744117,40.76961847054118,9,observed,opendata,"building_density,dist_stream_m,elevation_m,flow_accum_proxy,impervious_frac,slope_deg",event_raster,production,0,0,0.0,0,0.0,0.0,0.0,0,0,0,0,,none,0.0,0.0,0,open_public_evidence,0.3733804624071164,1
892a100d4dbffff,9.983604824023462,0.7933632752330846,2.2448102490667656,56.48236331569665,1.0,944.0233181072025,171.73828907743584,75.0,-73.94805535196039,40.77208909238706,9,observed,opendata,"building_density,dist_stream_m,elevation_m,flow_accum_proxy,impervious_frac,slope_deg",event_raster,production,0,0,0.003359248990548676,0,0.003359248990548676,0.003359248990548676,0.0,0,0,0,0,,dep,0.003359248990548676,0.003359248990548676,1,open_public_evidence,0.04348620387620559,1
892a100d54bffff,4.474260107367283,0.8366522933800734,1.0235710369666557,10.00530035335689,1.0,349.4632025209395,368.8673593860754,75.0,-73.94276609080539,40.74578987107789,9,observed,opendata,"building_density,dist_stream_m,elevation_m,flow_accum_proxy,impervious_frac,slope_deg",event_raster,production,0,0,0.03325334801452915,3,0.03325334801452915,0.005341414190986229,0.02791193382354191,2,1,0,0,,dep+complaint+floodnet,1.0,1.0,1,open_public_evidence,0.24404366514382303,1
892a100d54fffff,3.6598330832138593,0.8456093098998391,1.1486082377333968,12.063342318059298,1.0,188.90869448347703,41.6545404925929,75.0,-73.94052738422353,40.74320599768447,9,observed,opendata,"building_density,dist_stream_m,elevation_m,flow_accum_proxy,impervious_frac,slope_deg",event_raster,production,0,0,0.004203347680774129,0,0.004203347680774129,0.004203347680774129,0.0,0,0,0,0,,dep,0.004203347680774129,0.004203347680774129,1,open_public_evidence,0.17154598605754628,1
892a100d55bffff,4.5584420037269595,0.8679931017011404,0.8781945838569664,21.78125,1.0,642.2257165654196,590.9196120918411,75.0,-73.94072929991425,40.74848779306459,9,observed,opendata,"building_density,dist_stream_m,elevation_m,flow_accum_proxy,impervious_frac,slope_deg",event_raster,production,0,0,0.01945082069706302,1,0.01945082069706302,0.01945082069706302,0.0,1,1,0,0,,dep+complaint,1.0,1.0,1,open_public_evidence,0.025343940257984435,1
892a100d56bffff,2.2267075107824166,0.8724764047642432,0.7849938297377673,8.309171597633137,1.0,85.0173652778103,189.73124283783358,75.0,-73.94032551397851,40.73792455201048,9,observed,opendata,"building_density,dist_stream_m,elevation_m,flow_accum_proxy,impervious_frac,slope_deg",event_raster,production,0,0,0.016488141551800846,0,0.016488141551800846,0.016488141551800846,0.0,0,0,0,0,,dep,0.016488141551800846,0.016488141551800846,1,open_public_evidence,0.8574869541387797,1
892a100d603ffff,16.502601225678113,0.6926184257276297,0.8314491873615288,22.072630646589904,1.0,632.6103163843583,492.91116295160947,75.0,-73.97331126335345,40.76083481518789,9,observed,opendata,"building_density,dist_stream_m,elevation_m,flow_accum_proxy,impervious_frac,slope_deg",event_raster,production,0,0,0.0,1,0.0,0.0,0.0,1,1,0,0,,complaint,1.0,1.0,1,open_public_evidence,0.0,0
892a100d607ffff,13.50195645022308,0.7332409754026905,0.9087281718310429,19.157243816254418,1.0,368.2546743909732,825.5152868213655,75.0,-73.97107010462192,40.75825100161534,9,observed,opendata,"building_density,dist_stream_m,elevation_m,flow_accum_proxy,impervious_frac,slope_deg",event_raster,production,0,0,0.0,3,0.0,0.0,0.0,3,1,0,0,,complaint,1.0,1.0,1,open_public_evidence,0.0,0
892a100d60bffff,19.853034288325208,0.7318019742238606,0.6278533148913555,9.934397163120567,1.0,434.3282319244134,575.6802604913249,75.0,-73.97758816549297,40.76071961045466,9,observed,opendata,"building_density,dist_stream_m,elevation_m,flow_accum_proxy,impervious_frac,slope_deg",event_raster,production,0,0,0.0,2,0.0,0.0,0.0,2,1,0,0,,complaint,1.0,1.0,1,open_public_evidence,0.0,0
892a100d60fffff,19.72242390804879,0.6652081506892973,1.0944623800803341,7.185022026431718,1.0,500.44723006896095,790.1485964881119,75.0,-73.97534676942504,40.75813587911897,9,observed,opendata,"building_density,dist_stream_m,elevation_m,flow_accum_proxy,impervious_frac,slope_deg",event_raster,production,0,0,0.0,7,0.0,0.0,0.0,7,1,0,0,,complaint,1.0,1.0,1,open_public_evidence,0.0,0
892a100d613ffff,14.818425629601423,0.7531804201400206,0.3461995397251433,29.400354295837023,1.0,557.0478847488349,293.90857538536375,75.0,-73.97127552650305,40.763533802293004,9,observed,opendata,"building_density,dist_stream_m,elevation_m,flow_accum_proxy,impervious_frac,slope_deg",event_raster,production,0,0,0.016632286005214575,3,0.016632286005214575,0.014858230482809983,0.0017740555224045901,3,1,0,0,,dep+complaint,1.0,1.0,1,open_public_evidence,0.0,0
892a100d617ffff,13.76472830329713,0.7703524304901362,0.8269052502331113,86.47745358090185,1.0,802.5676239676972,634.1624398928304,75.0,-73.96903435454628,40.76094986181916,9,observed,opendata,"building_density,dist_stream_m,elevation_m,flow_accum_proxy,impervious_frac,slope_deg",event_raster,production,0,0,0.0,2,0.0,0.0,0.0,2,1,0,0,,complaint,1.0,1.0,1,open_public_evidence,0.0,0
892a100d61bffff,16.67109112260203,0.7100428525995746,0.5969695318968657,70.2389770723104,1.0,896.9389462148571,223.24168751873574,75.0,-73.9755526726856,40.76341867342424,9,observed,opendata,"building_density,dist_stream_m,elevation_m,flow_accum_proxy,impervious_frac,slope_deg",event_raster,production,0,0,0.0,11,0.0,0.0,0.0,11,1,0,0,,complaint,1.0,1.0,1,open_public_evidence,0.0,0
892a100d623ffff,12.480629166107716,0.7506134363134842,1.695384518134773,63.564487632508836,1.0,925.4498511574617,524.9440332782773,75.0,-73.97086472899026,40.752968550468005,9,observed,opendata,"building_density,dist_stream_m,elevation_m,flow_accum_proxy,impervious_frac,slope_deg",event_raster,production,0,0,0.01668702761677745,6,0.01668702761677745,0.01355318026190287,0.0031338473548745806,6,1,0,0,,dep+complaint,1.0,1.0,1,open_public_evidence,0.0,0
892a100d627ffff,13.632432227008112,0.7556433427221744,2.1722798189923034,8.282300884955752,1.0,311.6470040280852,200.29349709336546,75.0,-73.96862408455311,40.750384953197305,9,observed,opendata,"building_density,dist_stream_m,elevation_m,flow_accum_proxy,impervious_frac,slope_deg",event_raster,production,0,0,0.0,0,0.0,0.0,0.0,0,0,0,0,,none,0.0,0.0,0,open_public_evidence,0.0,0
892a100d62bffff,14.418228563653216,0.7967663634716151,1.238599940563351,23.111013215859032,1.0,481.6102811513987,828.7974963164916,75.0,-73.97514091252218,40.752853434342555,9,observed,opendata,"building_density,dist_stream_m,elevation_m,flow_accum_proxy,impervious_frac,slope_deg",event_raster,production,0,0,0.0,2,0.0,0.0,0.0,2,1,0,0,,complaint,1.0,1.0,1,open_public_evidence,0.0,0
892a100d62fffff,13.633146318983524,0.8289348363400774,1.4106384048936889,13.218971631205674,1.0,424.97197105742754,494.5046670478846,75.0,-73.97290003081406,40.750269919268,9,observed,opendata,"building_density,dist_stream_m,elevation_m,flow_accum_proxy,impervious_frac,slope_deg",event_raster,production,0,0,0.0,2,0.0,0.0,0.0,2,1,0,0,,complaint,1.0,1.0,1,open_public_evidence,0.0,0
892a100d633ffff,9.890055015023831,0.7520285734560638,0.9141064899685108,79.72123893805309,1.0,2077.440238548466,551.4614575474634,75.0,-73.96882919645593,40.75566723272887,9,observed,opendata,"building_density,dist_stream_m,elevation_m,flow_accum_proxy,impervious_frac,slope_deg",event_raster,production,0,0,0.0071305805927268685,3,0.0071305805927268685,0.005797146098804847,0.0013334344939220201,3,1,0,0,,dep+complaint,1.0,1.0,1,open_public_evidence,0.0,0
892a100d637ffff,8.834467643541647,0.7533384256547065,2.1328064308944326,26.4281914893617,1.0,1048.2166120038898,222.9822002239371,75.0,-73.96658853882022,40.7530835085508,9,observed,opendata,"building_density,dist_stream_m,elevation_m,flow_accum_proxy,impervious_frac,slope_deg",event_raster,production,0,0,0.0,15,0.0,0.0,0.0,15,1,0,0,,complaint,1.0,1.0,1,open_public_evidence,0.0,0
892a100d63bffff,14.483056847085344,0.7337768375345156,1.0714250624391204,33.341312056737586,1.0,377.71532593222224,851.4040703412322,75.0,-73.97310562393588,40.75555219244933,9,observed,opendata,"building_density,dist_stream_m,elevation_m,flow_accum_proxy,impervious_frac,slope_deg",event_raster,production,0,0,0.0015588836829173904,1,0.0015588836829173904,0.0015588836829173904,0.0,1,1,0,0,,dep+complaint,1.0,1.0,1,open_public_evidence,0.0,0
892a100d643ffff,19.652620702770584,0.722059474320065,0.8013673015731446,30.79787234042553,1.0,557.0431253003073,764.1747157354134,75.0,-73.984106944923,40.763187941323494,9,observed,opendata,"building_density,dist_stream_m,elevation_m,flow_accum_proxy,impervious_frac,slope_deg",event_raster,production,0,0,0.0,7,0.0,0.0,0.0,7,1,0,0,,complaint,1.0,1.0,1,open_public_evidence,0.0,0
892a100d647ffff,17.76987526694793,0.6890215063368895,0.6214448879390639,36.42314487632509,1.0,254.93106349845493,784.8849291331567,75.0,-73.98186506091723,40.76060424762045,9,observed,opendata,"building_density,dist_stream_m,elevation_m,flow_accum_proxy,impervious_frac,slope_deg",event_raster,production,0,0,0.0,9,0.0,0.0,0.0,9,1,0,0,,complaint,1.0,1.0,1,open_public_evidence,0.0,0
892a100d64bffff,16.104645174092376,0.8223693584635576,0.7191978597252954,40.23737821080602,1.0,1944.9247322261392,879.5522064010682,75.0,-73.98838407088253,40.76307233809354,9,observed,opendata,"building_density,dist_stream_m,elevation_m,flow_accum_proxy,impervious_frac,slope_deg",event_raster,production,0,0,0.0,7,0.0,0.0,0.0,7,1,0,0,,complaint,1.0,1.0,1,open_public_evidence,0.0,0
892a100d64fffff,15.434453339673519,0.731029885670619,0.6796732094115845,49.24007060900265,1.0,868.6515327854363,1062.3849641991524,75.0,-73.98614194957854,40.76048872668631,9,observed,opendata,"building_density,dist_stream_m,elevation_m,flow_accum_proxy,impervious_frac,slope_deg",event_raster,production,0,0,0.0,10,0.0,0.0,0.0,10,1,0,0,,complaint,1.0,1.0,1,open_public_evidence,0.0,0
892a100d653ffff,23.365791445486117,0.6896557197922532,0.584610658956119,12.829505300353357,1.0,575.898158495993,527.4239999312537,75.0,-73.98207170950569,40.76588720703489,9,observed,opendata,"building_density,dist_stream_m,elevation_m,flow_accum_proxy,impervious_frac,slope_deg",event_raster,production,0,0,0.0,2,0.0,0.0,0.0,2,1,0,0,,complaint,1.0,1.0,1,open_public_evidence,0.0,0
892a100d657ffff,20.421856349432847,0.709477248493016,0.9792553754819577,14.030035335689046,1.0,453.18891370515536,450.0360785822807,75.0,-73.97982981217478,40.76330338643407,9,observed,opendata,"building_density,dist_stream_m,elevation_m,flow_accum_proxy,impervious_frac,slope_deg",event_raster,production,0,0,0.0,2,0.0,0.0,0.0,2,1,0,0,,complaint,1.0,1.0,1,open_public_evidence,0.0,0
892a100d65bffff,20.14980672844706,0.797116595690471,1.3045799956447752,20.87136563876652,1.0,1368.9343664200007,993.9736421996706,75.0,-73.98634907959108,40.76577167962786,9,observed,opendata,"building_density,dist_stream_m,elevation_m,flow_accum_proxy,impervious_frac,slope_deg",event_raster,production,0,0,0.0,3,0.0,0.0,0.0,3,1,0,0,,complaint,1.0,1.0,1,open_public_evidence,0.0,0
892a100d663ffff,19.63950660685365,0.7479781486876539,0.5656900548426285,11.427184466019417,1.0,708.2122024914353,1262.2183255777777,75.0,-73.98165845885663,40.75532163770499,9,observed,opendata,"building_density,dist_stream_m,elevation_m,flow_accum_proxy,impervious_frac,slope_deg",event_raster,production,0,0,0.0,3,0.0,0.0,0.0,3,1,0,0,,complaint,1.0,1.0,1,open_public_evidence,0.0,0
892a100d667ffff,19.985027186526356,0.7309804871295594,1.0680276484902416,22.732506643046943,1.0,481.60890969299186,1165.371035657946,75.0,-73.97941708936834,40.7527381601755,9,observed,opendata,"building_density,dist_stream_m,elevation_m,flow_accum_proxy,impervious_frac,slope_deg",event_raster,production,0,0,0.0,1,0.0,0.0,0.0,1,1,0,0,,complaint,1.0,1.0,1,open_public_evidence,0.0,0
892a100d66bffff,17.500070471557024,0.6932226776760516,0.6726768215760839,28.52608311229001,1.0,443.8117227518402,1469.6038701456976,75.0,-73.98593486620214,40.75520612324228,9,observed,opendata,"building_density,dist_stream_m,elevation_m,flow_accum_proxy,impervious_frac,slope_deg",event_raster,production,0,0,0.0,7,0.0,0.0,0.0,7,1,0,0,,complaint,1.0,1.0,1,open_public_evidence,0.0,0
892a100d66fffff,20.715400095527055,0.6178529677806911,0.7743551816447829,14.50709219858156,1.0,802.6792381051476,1419.70567322729,75.0,-73.98369325948109,40.752622727967825,9,observed,opendata,"building_density,dist_stream_m,elevation_m,flow_accum_proxy,impervious_frac,slope_deg",event_raster,production,0,0,0.0,0,0.0,0.0,0.0,0,0,0,0,,none,0.0,0.0,0,open_public_evidence,0.0,0
892a100d673ffff,19.184934780107323,0.7011803363760313,0.7276397321607706,20.11081560283688,1.0,745.9475204764619,918.0742863627506,75.0,-73.97962342753863,40.75802059854109,9,observed,opendata,"building_density,dist_stream_m,elevation_m,flow_accum_proxy,impervious_frac,slope_deg",event_raster,production,0,0,0.0,6,0.0,0.0,0.0,6,1,0,0,,complaint,1.0,1.0,1,open_public_evidence,0.0,0
892a100d677ffff,18.53936629797061,0.7161777546509086,0.5825590843474884,11.568523430592396,1.0,500.47137923878313,1115.6156239067482,75.0,-73.97738204475199,40.75543699410768,9,observed,opendata,"building_density,dist_stream_m,elevation_m,flow_accum_proxy,impervious_frac,slope_deg",event_raster,production,0,0,0.019317679211933843,6,0.019317679211933843,0.015286917460957419,0.004030761750976432,6,1,0,0,,dep+complaint,1.0,1.0,1,open_public_evidence,0.0,0
892a100d67bffff,16.20414668031755,0.7075797802942396,0.697826085992612,121.37754199823165,1.0,613.7525470184872,1126.2562140549103,75.0,-73.98390007891497,40.757905159882704,9,observed,opendata,"building_density,dist_stream_m,elevation_m,flow_accum_proxy,impervious_frac,slope_deg",event_raster,production,0,0,0.0,12,0.0,0.0,0.0,12,1,0,0,,complaint,1.0,1.0,1,open_public_evidence,0.0,0
892a100d683ffff,20.20422338366193,0.7946661091019175,1.2944498971591245,16.99470432480141,1.0,1586.0983046481035,837.1801443589478,75.0,-73.96496216197335,40.766347735254335,9,observed,opendata,"building_density,dist_stream_m,elevation_m,flow_accum_proxy,impervious_frac,slope_deg",event_raster,production,0,0,0.0,4,0.0,0.0,0.0,4,1,0,0,,complaint,1.0,1.0,1,open_public_evidence,0.0,0
892a100d687ffff,18.19703001010534,0.784131165735496,0.9944897414852926,16.92926613616269,1.0,934.7128366573687,668.355091663932,75.0,-73.96272121424846,40.76376358566216,9,observed,opendata,"building_density,dist_stream_m,elevation_m,flow_accum_proxy,impervious_frac,slope_deg",event_raster,production,0,0,0.0,4,0.0,0.0,0.0,4,1,0,0,,complaint,1.0,1.0,1,open_public_evidence,0.0,0
892a100d68bffff,16.366888602015,0.7678946597554105,0.4722320632777475,34.826584507042256,1.0,1765.4733993897146,368.3686187966475,75.0,-73.96923955883975,40.76623284041283,9,observed,opendata,"building_density,dist_stream_m,elevation_m,flow_accum_proxy,impervious_frac,slope_deg",event_raster,production,0,0,0.0,10,0.0,0.0,0.0,10,1,0,0,,complaint,1.0,1.0,1,open_public_evidence,0.0,0
892a100d68fffff,16.20314379666759,0.7453668766053377,0.7752534184736752,59.93805309734513,1.0,1756.122095589355,601.4720594456263,75.0,-73.96699837367477,40.763648773039314,9,observed,opendata,"building_density,dist_stream_m,elevation_m,flow_accum_proxy,impervious_frac,slope_deg",event_raster,production,0,0,0.0,6,0.0,0.0,0.0,6,1,0,0,,complaint,1.0,1.0,1,open_public_evidence,0.0,0
892a100d693ffff,23.449168417939042,0.6905571055095807,1.0170321428163422,5.9619469026548675,1.0,1491.615768451273,643.0254994040263,75.0,-73.96292571940788,40.76904674844277,9,observed,opendata,"building_density,dist_stream_m,elevation_m,flow_accum_proxy,impervious_frac,slope_deg",event_raster,production,0,0,0.0,0,0.0,0.0,0.0,0,0,0,0,,none,0.0,0.0,0,open_public_evidence,0.0,0
892a100d697ffff,19.51913856614566,0.7961836115899661,1.2488507541781622,17.634751773049647,1.0,1066.8430054537082,727.1912991499247,75.0,-73.96068475853083,40.766462471951925,9,observed,opendata,"building_density,dist_stream_m,elevation_m,flow_accum_proxy,impervious_frac,slope_deg",event_raster,production,0,0,0.0,2,0.0,0.0,0.0,2,1,0,0,,complaint,1.0,1.0,1,open_public_evidence,0.0,0
892a100d69bffff,21.37848282198534,0.8012765859854771,1.3126372721173978,12.305851063829786,1.0,1727.6259512651638,525.8455997591301,75.0,-73.96720336032945,40.768931929525905,9,observed,opendata,"building_density,dist_stream_m,elevation_m,flow_accum_proxy,impervious_frac,slope_deg",event_raster,production,0,0,0.0,0,0.0,0.0,0.0,0,0,0,0,,none,0.0,0.0,0,open_public_evidence,0.0,0
892a100d6a3ffff,15.68208544594901,0.7750246322779076,1.4823336780943908,11.454303460514641,1.0,1038.6729961242302,291.78717555849306,75.0,-73.96251675513759,40.75848077235944,9,observed,opendata,"building_density,dist_stream_m,elevation_m,flow_accum_proxy,impervious_frac,slope_deg",event_raster,production,0,0,0.0,1,0.0,0.0,0.0,1,1,0,0,,complaint,1.0,1.0,1,open_public_evidence,0.0,0
892a100d6a7ffff,2.9532998594124633,0.2941729409811545,2.136065301416892,8.776793622674933,0.0,113.3155740155595,31.975998149838862,75.0,-73.96027632169499,40.75589683909767,9,observed,opendata,"building_density,dist_stream_m,elevation_m,flow_accum_proxy,impervious_frac,slope_deg",event_raster,production,0,0,0.0,0,0.0,0.0,0.0,0,0,0,0,,none,0.0,0.0,0,open_public_evidence,0.048067822386143585,1
892a100d6abffff,12.820440031112508,0.8158128335015148,1.0192914672436586,35.36081560283688,1.0,868.7058250735445,576.1277102106683,75.0,-73.9667934331769,40.75836596602917,9,observed,opendata,"building_density,dist_stream_m,elevation_m,flow_accum_proxy,impervious_frac,slope_deg",event_raster,production,0,0,0.0,1,0.0,0.0,0.0,1,1,0,0,,complaint,1.0,1.0,1,open_public_evidence,0.0,0
892a100d6afffff,10.38821927140235,0.7607867122744927,1.8584839977953083,19.947229551451187,1.0,1180.3671616150816,247.64509750418497,75.0,-73.96455276235974,40.75578211494533,9,observed,opendata,"building_density,dist_stream_m,elevation_m,flow_accum_proxy,impervious_frac,slope_deg",event_raster,production,0,0,0.0,1,0.0,0.0,0.0,1,1,0,0,,complaint,1.0,1.0,1,open_public_evidence,0.0,0
892a100d6b3ffff,12.581874035944981,0.8029671530280493,2.213289067360152,47.3787610619469,1.0,1066.9489799202179,327.8693766448357,75.0,-73.96048051711962,40.76117948077166,9,observed,opendata,"building_density,dist_stream_m,elevation_m,flow_accum_proxy,impervious_frac,slope_deg",event_raster,production,0,0,0.0,5,0.0,0.0,0.0,5,1,0,0,,complaint,1.0,1.0,1,open_public_evidence,0.0,0
892a100d6b7ffff,3.665847493171822,0.4340092327050365,2.208103391189385,36.71844660194175,0.0,302.16028916047895,12.600606628890855,75.0,-73.95824007055161,40.758595420605154,9,observed,opendata,"building_density,dist_stream_m,elevation_m,flow_accum_proxy,impervious_frac,slope_deg",event_raster,production,0,0,0.0,1,0.0,0.0,0.0,1,1,0,0,,complaint,1.0,1.0,1,open_public_evidence,0.14303311404527783,1
892a100d6bbffff,17.966382058629705,0.7780177130165133,1.1259906506728434,7.185185185185185,1.0,1680.675851104029,615.5648934066738,75.0,-73.96475743911911,40.76106475034742,9,observed,opendata,"building_density,dist_stream_m,elevation_m,flow_accum_proxy,impervious_frac,slope_deg",event_raster,production,0,0,0.0,1,0.0,0.0,0.0,1,1,0,0,,complaint,1.0,1.0,1,open_public_evidence,0.0,0
892a100d6c3ffff,16.922276159110048,0.2669751366001394,4.2170761848992715,17.46696035242291,0.0,66.08367443491062,180.3610846271271,75.0,-73.97575862231947,40.76870181720305,9,observed,opendata,"building_density,dist_stream_m,elevation_m,flow_accum_proxy,impervious_frac,slope_deg",event_raster,production,0,0,0.0,0,0.0,0.0,0.0,0,0,0,0,,none,0.0,0.0,0,open_public_evidence,0.0,0
892a100d6c7ffff,13.205657153002983,0.24915706588267514,4.78876809303657,13.08141592920354,0.0,47.205035980635806,18.886026000399937,75.0,-73.9735169490824,40.76611778742839,9,observed,opendata,"building_density,dist_stream_m,elevation_m,flow_accum_proxy,impervious_frac,slope_deg",event_raster,production,0,0,0.0,2,0.0,0.0,0.0,2,1,0,0,,complaint,1.0,1.0,1,open_public_evidence,0.0,0
892a100d6cbffff,22.07466392382295,0.3639856842330035,2.3941940984342334,13.673144876325088,0.0,75.52398424486492,428.7063435886969,75.0,-73.9800362432926,40.76858652379909,9,observed,opendata,"building_density,dist_stream_m,elevation_m,flow_accum_proxy,impervious_frac,slope_deg",event_raster,production,0,0,0.0,1,0.0,0.0,0.0,1,1,0,0,,complaint,1.0,1.0,1,open_public_evidence,0.0,0
892a100d6cfffff,20.081580614790003,0.5104026219061186,2.5680802524426674,11.474290780141844,1.0,387.08019072984996,167.15405011603028,75.0,-73.9777943326536,40.766002576302085,9,observed,opendata,"building_density,dist_stream_m,elevation_m,flow_accum_proxy,impervious_frac,slope_deg",event_raster,production,0,0,0.0,2,0.0,0.0,0.0,2,1,0,0,,complaint,1.0,1.0,1,open_public_evidence,0.0,0
892a100d6d3ffff,22.423475630416398,0.07469728695141256,1.438999413477176,13.614703277236492,0.0,0.0,331.53529904113844,75.0,-73.97372268113838,40.77140110911548,9,observed,opendata,"building_density,dist_stream_m,elevation_m,flow_accum_proxy,impervious_frac,slope_deg",event_raster,production,0,0,0.0,0,0.0,0.0,0.0,0,0,0,0,,none,0.0,0.0,0,open_public_evidence,0.0,0
892a100d6d7ffff,17.561230021731003,0.31357926895150684,3.491771636103454,21.174490699734278,0.0,169.929934175209,281.91184953503966,75.0,-73.97148099464923,40.76881695244565,9,observed,opendata,"building_density,dist_stream_m,elevation_m,flow_accum_proxy,impervious_frac,slope_deg",event_raster,production,0,0,0.0,1,0.0,0.0,0.0,1,1,0,0,,complaint,1.0,1.0,1,open_public_evidence,0.0,0
892a100d6dbffff,21.026975655386632,0.34373163106745597,3.1705947860975088,15.53014184397163,0.0,66.08029918862081,544.5073276461162,75.0,-73.97800054624952,40.771285891594616,9,observed,opendata,"building_density,dist_stream_m,elevation_m,flow_accum_proxy,impervious_frac,slope_deg",event_raster,production,0,0,0.0,2,0.0,0.0,0.0,2,1,0,0,,complaint,1.0,1.0,1,open_public_evidence,0.0,0
892a100d803ffff,17.708936397649516,0.7169139201302764,0.5032462979575876,10.870147255689425,1.0,1683.042969368272,1197.1273821489883,75.0,-73.94054512206205,40.68771132304884,9,observed,opendata,"building_density,dist_stream_m,elevation_m,flow_accum_proxy,impervious_frac,slope_deg",event_raster,production,0,0,0.02181418548405446,1,0.02181418548405446,0.006282642956204538,0.015531542527848202,1,1,0,0,,dep+complaint,1.0,1.0,1,open_public_evidence,0.0,0
892a100d80bffff,17.125499214172365,0.7182423498100705,0.5649229871009787,11.018666666666666,1.0,2581.288709321969,995.7356044940451,75.0,-73.94481534081508,40.68759731049505,9,observed,opendata,"building_density,dist_stream_m,elevation_m,flow_accum_proxy,impervious_frac,slope_deg",event_raster,production,0,0,0.0013104439249587549,0,0.0013104439249587549,0.0013104439249587549,0.0,0,0,0,0,,dep,0.0013104439249587549,0.0013104439249587549,1,open_public_evidence,0.0,0
892a100d80fffff,16.60569817352295,0.680300592581431,0.687855032015178,18.333333333333332,1.0,3498.6293240446935,1338.0207817112866,75.0,-73.94257928963911,40.68501541049729,9,observed,opendata,"building_density,dist_stream_m,elevation_m,flow_accum_proxy,impervious_frac,slope_deg",event_raster,production,0,0,0.00018519841999713253,2,0.00018519841999713253,0.00018519841999713253,0.0,2,1,0,0,,dep+complaint,1.0,1.0,1,open_public_evidence,0.0,0
892a100d81bffff,15.29768512556288,0.6950553656684028,0.5948576435049375,25.223111111111113,1.0,2732.4408707452153,861.2476581026501,75.0,-73.94278118616282,40.69029335000501,9,observed,opendata,"building_density,dist_stream_m,elevation_m,flow_accum_proxy,impervious_frac,slope_deg",event_raster,production,0,0,0.028820457948383428,2,0.028820457948383428,0.015806110810362865,0.01301434713802229,1,1,0,0,,dep+complaint+floodnet,1.0,1.0,1,open_public_evidence,0.0,0
892a100d83bffff,15.218722650182178,0.6808173763647414,0.46317608120214,16.45614035087719,1.0,2023.6353517221862,1680.7768349825976,75.0,-73.94034348815212,40.68243355564809,9,observed,opendata,"building_density,dist_stream_m,elevation_m,flow_accum_proxy,impervious_frac,slope_deg",event_raster,production,0,0,0.09535198104632789,5,0.09535198104632789,0.06339624828429884,0.03195573276202908,4,1,0,0,,dep+complaint+floodnet,1.0,1.0,1,open_public_evidence,0.0,0
892a100d843ffff,13.045677579041069,0.7828178597574539,0.8166099656901672,43.426418439716315,1.0,2004.4086361351847,606.7341015244579,75.0,-73.95132209091159,40.690065003663825,9,observed,opendata,"building_density,dist_stream_m,elevation_m,flow_accum_proxy,impervious_frac,slope_deg",event_raster,production,0,0,0.0,4,0.0,0.0,0.0,4,1,0,0,,complaint,1.0,1.0,1,open_public_evidence,0.0,0
892a100d847ffff,17.055202877966167,0.7575214393767752,0.8854901898837587,9.543516873889876,1.0,2231.4372312134155,899.698213541612,75.0,-73.94908555323798,40.68748314039111,9,observed,opendata,"building_density,dist_stream_m,elevation_m,flow_accum_proxy,impervious_frac,slope_deg",event_raster,production,0,0,0.0,0,0.0,0.0,0.0,0,0,0,0,,none,0.0,0.0,0,open_public_evidence,0.0,0
892a100d84bffff,15.36620815609107,0.7408375920559119,1.0055736636819044,47.293960923623445,1.0,2533.8677369697234,748.4245713336588,75.0,-73.95559253370493,40.68995059413988,9,observed,opendata,"building_density,dist_stream_m,elevation_m,flow_accum_proxy,impervious_frac,slope_deg",event_raster,production,0,0,0.0,1,0.0,0.0,0.0,1,1,0,0,,complaint,1.0,1.0,1,open_public_evidence,0.0,0
892a100d84fffff,17.14097641422936,0.7095763726270272,0.7117014704455369,9.477453580901857,1.0,3337.6909315285466,933.5049647222819,75.0,-73.95335575928321,40.68736881273798,9,observed,opendata,"building_density,dist_stream_m,elevation_m,flow_accum_proxy,impervious_frac,slope_deg",event_raster,production,0,0,0.0022030026578696987,0,0.0022030026578696987,0.0021945064387293134,8.496219140074232e-06,0,0,0,0,,dep,0.0022030026578696987,0.0022030026578696987,1,open_public_evidence,0.0,0
892a100d853ffff,11.189553359985352,0.7220476418601142,0.5838871082518664,35.233777777777775,1.0,3044.284738425278,318.85511741543525,75.0,-73.9492881923741,40.69276124584751,9,observed,opendata,"building_density,dist_stream_m,elevation_m,flow_accum_proxy,impervious_frac,slope_deg",event_raster,production,0,0,0.0,1,0.0,0.0,0.0,1,1,0,0,,complaint,1.0,1.0,1,open_public_evidence,0.0,0
892a100d857ffff,13.792728261762615,0.6361276735888377,0.6293977567995036,47.70899470899471,1.0,1342.5794933205734,654.6787901490064,75.0,-73.94705164171508,40.6901792556192,9,observed,opendata,"building_density,dist_stream_m,elevation_m,flow_accum_proxy,impervious_frac,slope_deg",event_raster,production,0,0,0.0,0,0.0,0.0,0.0,0,0,0,0,,none,0.0,0.0,0,open_public_evidence,0.0,0
892a100d85bffff,11.17619017626332,0.7960898079175864,0.8753310894412277,80.07256637168142,1.0,1342.5067701363369,405.3302665406535,75.0,-73.95355887835751,40.692646912020734,9,observed,opendata,"building_density,dist_stream_m,elevation_m,flow_accum_proxy,impervious_frac,slope_deg",event_raster,production,0,0,0.0168461093840472,0,0.0168461093840472,0.016089751868773098,0.0007563575152741053,0,0,0,0,,dep,0.0168461093840472,0.0168461093840472,1,open_public_evidence,0.0,0
892a100d863ffff,15.355784323798286,0.6755517426199383,0.5825035037696361,17.86311111111111,1.0,3262.3837849476854,1483.8537699425622,75.0,-73.94888295965622,40.6822053852155,9,observed,opendata,"building_density,dist_stream_m,elevation_m,flow_accum_proxy,impervious_frac,slope_deg",event_raster,production,0,0,0.004901932925987092,3,0.004901932925987092,0.004901932925987092,0.0,2,1,0,0,,dep+complaint+floodnet,1.0,1.0,1,open_public_evidence,0.0,0
892a100d86bffff,19.128632708067606,0.6894361518402403,1.2530371847401238,17.0565371024735,1.0,2751.7418270670332,1505.967964331385,75.0,-73.95315268587109,40.6820910637346,9,observed,opendata,"building_density,dist_stream_m,elevation_m,flow_accum_proxy,impervious_frac,slope_deg",event_raster,production,0,0,0.012346293647119616,0,0.012346293647119616,0.0025447806776910486,0.009801512969428723,0,0,0,0,,dep,0.012346293647119616,0.012346293647119616,1,open_public_evidence,0.0,0
892a100d873ffff,16.42012462043594,0.724399285961439,0.756217161859513,9.440423654015888,1.0,2713.793761400993,1216.4643843409888,75.0,-73.94684926530158,40.68490132222476,9,observed,opendata,"building_density,dist_stream_m,elevation_m,flow_accum_proxy,impervious_frac,slope_deg",event_raster,production,0,0,0.00012301839373888226,0,0.00012301839373888226,0.00012301839373888226,0.0,0,0,0,0,,dep,0.00012301839373888226,0.00012301839373888226,1,open_public_evidence,0.0,0
892a100d877ffff,15.09187756059857,0.6796947572897337,0.3891468935400288,20.897686832740213,1.0,2609.9146161110352,1544.676181623665,75.0,-73.94461322706744,40.68231954918697,9,observed,opendata,"building_density,dist_stream_m,elevation_m,flow_accum_proxy,impervious_frac,slope_deg",event_raster,production,0,0,0.009850254601498673,3,0.009850254601498673,0.009123377958523053,0.0007268766429756237,3,1,0,0,,dep+complaint,1.0,1.0,1,open_public_evidence,0.0,0
892a100d87bffff,15.644579985724555,0.6768553229173024,0.6952498891899983,79.672,1.0,3300.039280517316,1191.0781430552277,75.0,-73.95111923461198,40.684787076422445,9,observed,opendata,"building_density,dist_stream_m,elevation_m,flow_accum_proxy,impervious_frac,slope_deg",event_raster,production,0,0,0.01059074916419818,5,0.01059074916419818,0.010590749164198174,0.0,5,1,0,0,,dep+complaint,1.0,1.0,1,open_public_evidence,0.0,0
892a100d8c3ffff,15.050014358764216,0.6898775451619116,1.1993842017841,8.82963620230701,1.0,1919.1357676621697,618.5713859874609,75.0,-73.94298312808696,40.69557163976815,9,observed,opendata,"building_density,dist_stream_m,elevation_m,flow_accum_proxy,impervious_frac,slope_deg",event_raster,production,0,0,0.0,0,0.0,0.0,0.0,0,0,0,0,,none,0.0,0.0,0,open_public_evidence,0.0,0
892a100d8c7ffff,15.79226989816999,0.7925691463542546,0.9294061222087125,17.686493184634447,1.0,1351.972837016846,854.7415284489838,75.0,-73.94074680131081,40.69298944073319,9,observed,opendata,"building_density,dist_stream_m,elevation_m,flow_accum_proxy,impervious_frac,slope_deg",event_raster,production,0,0,0.009439763595022627,0,0.009439763595022627,0.00776893327575279,0.0016708303192697366,0,0,0,0,,dep,0.009439763595022627,0.009439763595022627,1,open_public_evidence,0.0,0
892a100d8cbffff,10.565927618705164,0.7813023254078043,0.7992729275305086,11.906443071491616,1.0,1370.8072698312671,258.5713534184336,75.0,-73.94725406363679,40.695457539267665,9,observed,opendata,"building_density,dist_stream_m,elevation_m,flow_accum_proxy,impervious_frac,slope_deg",event_raster,production,0,0,0.0,1,0.0,0.0,0.0,1,1,0,0,,complaint,1.0,1.0,1,open_public_evidence,0.0,0
892a100d8cfffff,12.29545583428277,0.7394156489902073,0.5608248850504364,47.73244444444445,1.0,3034.839262755597,535.0898869306512,75.0,-73.94501750000939,40.692875422085336,9,observed,opendata,"building_density,dist_stream_m,elevation_m,flow_accum_proxy,impervious_frac,slope_deg",event_raster,production,0,0,0.07779937603493148,0,0.07779937603493148,0.03211988972618103,0.04567948630875047,0,0,0,0,,dep,0.07779937603493148,0.07779937603493148,1,open_public_evidence,0.0,0
892a100d8d3ffff,13.800208233960102,0.6813017612420066,1.7121788775989775,14.033526011560694,1.0,340.3228942791645,843.9462386229707,75.0,-73.94094852591381,40.69826790864624,9,observed,opendata,"building_density,dist_stream_m,elevation_m,flow_accum_proxy,impervious_frac,slope_deg",event_raster,production,0,0,0.0,2,0.0,0.0,0.0,2,1,0,0,,complaint,1.0,1.0,1,open_public_evidence,0.0,0
892a100d8dbffff,8.604626178741455,0.7244004809147088,1.2081739161673066,31.876554174067497,1.0,1049.325862502675,514.2683507222912,75.0,-73.94521970466566,40.6981538839029,9,observed,opendata,"building_density,dist_stream_m,elevation_m,flow_accum_proxy,impervious_frac,slope_deg",event_raster,production,0,0,0.0,0,0.0,0.0,0.0,0,0,0,0,,none,0.0,0.0,0,open_public_evidence,0.0,0
892a100da03ffff,26.417213085164423,0.685830219088665,1.215306221623802,6.518157661647476,1.0,2136.854047414315,1440.65863473835,75.0,-73.97043651873959,40.68690992665365,9,observed,opendata,"building_density,dist_stream_m,elevation_m,flow_accum_proxy,impervious_frac,slope_deg",event_raster,production,0,0,0.0,0,0.0,0.0,0.0,0,0,0,0,,none,0.0,0.0,0,open_public_evidence,0.0,0
892a100da07ffff,23.899915840996638,0.676093687163459,0.9897193240059746,13.352,1.0,1824.9290749321117,1742.6389584231197,75.0,-73.9681990473846,40.6843285179353,9,observed,opendata,"building_density,dist_stream_m,elevation_m,flow_accum_proxy,impervious_frac,slope_deg",event_raster,production,0,0,0.0,2,0.0,0.0,0.0,2,1,0,0,,complaint,1.0,1.0,1,open_public_evidence,0.0,0
892a100da0bffff,18.177253256470866,0.6962518480541863,1.6460598077803692,18.095914742451154,1.0,2713.607804060391,1257.5155254023412,75.0,-73.97470669218539,40.68679481126965,9,observed,opendata,"building_density,dist_stream_m,elevation_m,flow_accum_proxy,impervious_frac,slope_deg",event_raster,production,0,0,0.0,2,0.0,0.0,0.0,2,1,0,0,,complaint,1.0,1.0,1,open_public_evidence,0.0,0
892a100da0fffff,19.663305231910346,0.597256835038626,1.6363656823354236,21.813108945969883,1.0,1749.2793526116445,1242.8415575091033,75.0,-73.97246898422345,40.68421348449906,9,observed,opendata,"building_density,dist_stream_m,elevation_m,flow_accum_proxy,impervious_frac,slope_deg",event_raster,production,0,0,0.0,1,0.0,0.0,0.0,1,1,0,0,,complaint,1.0,1.0,1,open_public_evidence,0.0,0
892a100da13ffff,24.986346516444183,0.6678197451841545,1.0339605984242488,11.370008873114463,1.0,2278.57037018263,1160.3341009615372,75.0,-73.96840382319157,40.689606420166605,9,observed,opendata,"building_density,dist_stream_m,elevation_m,flow_accum_proxy,impervious_frac,slope_deg",event_raster,production,0,0,0.0,2,0.0,0.0,0.0,2,1,0,0,,complaint,1.0,1.0,1,open_public_evidence,0.0,0
892a100da17ffff,24.770515301673154,0.6706556641654275,1.3019737190815668,17.28875110717449,1.0,1730.289420082244,1483.3190039451085,75.0,-73.96616633867902,40.68702488449349,9,observed,opendata,"building_density,dist_stream_m,elevation_m,flow_accum_proxy,impervious_frac,slope_deg",event_raster,production,0,0,0.0,1,0.0,0.0,0.0,1,1,0,0,,complaint,1.0,1.0,1,open_public_evidence,0.0,0
892a100da1bffff,21.059964988248566,0.5869310125840682,1.345892799247043,32.419326241134755,1.0,2562.202520299822,1047.6774940900768,75.0,-73.9726742398979,40.6894913803784,9,observed,opendata,"building_density,dist_stream_m,elevation_m,flow_accum_proxy,impervious_frac,slope_deg",event_raster,production,0,0,0.0,1,0.0,0.0,0.0,1,1,0,0,,complaint,1.0,1.0,1,open_public_evidence,0.0,0
892a100da33ffff,23.74895242804231,0.7622083731464203,0.9422161323038994,15.79096545615589,1.0,1210.3777047345416,2057.670590512816,75.0,-73.96596182579799,40.68174715424552,9,observed,opendata,"building_density,dist_stream_m,elevation_m,flow_accum_proxy,impervious_frac,slope_deg",event_raster,production,0,0,0.0,0,0.0,0.0,0.0,0,0,0,0,,none,0.0,0.0,0,open_public_evidence,0.0,0
892a100da3bffff,19.25606879764133,0.817996485710144,2.9915387369261848,26.051555555555556,1.0,661.9234145126547,1396.2934245594934,75.0,-73.97023152604302,40.68163220273704,9,observed,opendata,"building_density,dist_stream_m,elevation_m,flow_accum_proxy,impervious_frac,slope_deg",event_raster,production,0,0,0.0,0,0.0,0.0,0.0,0,0,0,0,,none,0.0,0.0,0,open_public_evidence,0.0,0
892a100da43ffff,10.73048277586672,0.8747958908487233,0.8111600466436164,65.86601597160603,1.0,557.8195198395168,949.0964296818597,75.0,-73.98121505334214,40.68926082811238,9,observed,opendata,"building_density,dist_stream_m,elevation_m,flow_accum_proxy,impervious_frac,slope_deg",event_raster,production,0,0,0.03640739661550129,1,0.03640739661550129,0.03402068036880739,0.002386716246693901,0,0,0,0,,dep+floodnet,1.0,1.0,1,open_public_evidence,0.0,0
892a100da47ffff,12.099565329124363,0.8140730082777188,0.6823498002941841,18.393078970718722,1.0,945.5052599591289,869.9601202561455,75.0,-73.97897685896905,40.686679538342524,9,observed,opendata,"building_density,dist_stream_m,elevation_m,flow_accum_proxy,impervious_frac,slope_deg",event_raster,production,0,0,0.0,1,0.0,0.0,0.0,1,1,0,0,,complaint,1.0,1.0,1,open_public_evidence,0.0,0
892a100da4bffff,12.558204911126031,0.8377318903075324,0.4714423518822425,11.505777777777778,1.0,1304.726714903463,832.8361492659241,75.0,-73.98548544998519,40.68914531563664,9,observed,opendata,"building_density,dist_stream_m,elevation_m,flow_accum_proxy,impervious_frac,slope_deg",event_raster,production,0,0,0.0,1,0.0,0.0,0.0,1,1,0,0,,complaint,1.0,1.0,1,open_public_evidence,0.0,0
892a100da4fffff,11.076073819251448,0.7910003660003204,0.7347850347838246,10.276501766784452,1.0,2571.7670266376067,626.0283283232652,75.0,-73.98324701904316,40.686564107873295,9,observed,opendata,"building_density,dist_stream_m,elevation_m,flow_accum_proxy,impervious_frac,slope_deg",event_raster,production,0,0,0.0,0,0.0,0.0,0.0,0,0,0,0,,none,0.0,0.0,0,open_public_evidence,0.0,0
892a100da53ffff,10.863006485174902,0.6769302669572111,1.6999943446179566,12.108251996450754,1.0,217.44454220394465,632.9763411554457,75.0,-73.97918285759394,40.69195759974782,9,observed,opendata,"building_density,dist_stream_m,elevation_m,flow_accum_proxy,impervious_frac,slope_deg",event_raster,production,0,0,0.0,0,0.0,0.0,0.0,0,0,0,0,,none,0.0,0.0,0,open_public_evidence,0.0,0
892a100da57ffff,13.69313956192381,0.6645114160053083,2.507635234890524,108.96551724137932,1.0,1682.91790004875,934.5112591223407,75.0,-73.9769446499639,40.689376183026646,9,observed,opendata,"building_density,dist_stream_m,elevation_m,flow_accum_proxy,impervious_frac,slope_deg",event_raster,production,0,0,0.0,0,0.0,0.0,0.0,0,0,0,0,,none,0.0,0.0,0,open_public_evidence,0.0,0
892a100da5bffff,13.251936948730792,0.8426160660867447,1.1244137267510605,9.459841129744042,1.0,425.43376943102135,741.1534918665326,75.0,-73.98345349757994,40.69184216282642,9,observed,opendata,"building_density,dist_stream_m,elevation_m,flow_accum_proxy,impervious_frac,slope_deg",event_raster,production,0,0,0.0,0,0.0,0.0,0.0,0,0,0,0,,none,0.0,0.0,0,open_public_evidence,0.0,0
892a100da63ffff,10.77285954032905,0.7577778092273931,1.0647739781611816,43.03372835004558,1.0,2874.622471494226,676.4614901002054,75.0,-73.97877090665281,40.68140182720796,9,observed,opendata,"building_density,dist_stream_m,elevation_m,flow_accum_proxy,impervious_frac,slope_deg",event_raster,production,0,0,0.04749478816689313,10,0.04749478816689313,0.0461847682021686,0.0013100199647245174,10,1,0,0,,dep+complaint,1.0,1.0,1,open_public_evidence,0.0,0
892a100da6bffff,6.66372486025788,0.791135864091474,0.700885757436586,71.38325581395348,1.0,869.9490748398247,317.7349640434452,75.0,-73.98304058692273,40.681286403189425,9,observed,opendata,"building_density,dist_stream_m,elevation_m,flow_accum_proxy,impervious_frac,slope_deg",event_raster,production,0,0,0.0,0,0.0,0.0,0.0,0,0,0,0,,none,0.0,0.0,0,open_public_evidence,0.0,0
892a100da73ffff,14.334731123088735,0.7524194736923792,0.9020667454740857,19.113274336283187,1.0,595.6988414086519,892.9423915935323,75.0,-73.97673891442571,40.684098293539066,9,observed,opendata,"building_density,dist_stream_m,elevation_m,flow_accum_proxy,impervious_frac,slope_deg",event_raster,production,0,0,0.0,3,0.0,0.0,0.0,2,1,0,0,,complaint+floodnet,1.0,1.0,1,open_public_evidence,0.0,0
892a100da77ffff,16.515798734395382,0.8061102765514226,1.324316174861104,14.54095409540954,1.0,1418.4032744982349,1036.256361684207,75.0,-73.9745012196771,40.68151709372419,9,observed,opendata,"building_density,dist_stream_m,elevation_m,flow_accum_proxy,impervious_frac,slope_deg",event_raster,production,0,0,0.008578060503692019,0,0.008578060503692019,0.006287068417255192,0.002290992086436826,0,0,0,0,,dep,0.008578060503692019,0.008578060503692019,1,open_public_evidence,0.0,0
892a100da7bffff,9.853069146050347,0.823540314303504,0.94063368595971,21.277333333333335,1.0,1635.8032910885133,556.4417601863628,75.0,-73.981008837944,40.68398294505633,9,observed,opendata,"building_density,dist_stream_m,elevation_m,flow_accum_proxy,impervious_frac,slope_deg",event_raster,production,0,0,0.0012531759260245388,2,0.0012531759260245388,0.0012531759260245388,0.0,1,1,0,0,,dep+complaint+floodnet,1.0,1.0,1,open_public_evidence,0.0,0
892a100da83ffff,16.0420934919139,0.6816278652427676,1.152560232324524,49.28393966282165,1.0,642.8868579945221,1091.6951201709708,75.0,-73.96210023099064,40.692417771604255,9,observed,opendata,"building_density,dist_stream_m,elevation_m,flow_accum_proxy,impervious_frac,slope_deg",event_raster,production,0,0,0.0,1,0.0,0.0,0.0,1,1,0,0,,complaint,1.0,1.0,1,open_public_evidence,0.0,0
892a100da87ffff,20.742654560942444,0.6926237612725569,1.0900739740768066,9.12555260831123,1.0,983.289122060113,1005.861233232505,75.0,-73.95986297004765,40.689836027048365,9,observed,opendata,"building_density,dist_stream_m,elevation_m,flow_accum_proxy,impervious_frac,slope_deg",event_raster,production,0,0,0.0,0,0.0,0.0,0.0,0,0,0,0,,none,0.0,0.0,0,open_public_evidence,0.0,0
892a100da8bffff,19.551085013463208,0.7117736664300697,1.3150544870502672,13.118899733806566,1.0,1871.9298915486288,935.8425256644938,75.0,-73.96637089754549,40.692302965016566,9,observed,opendata,"building_density,dist_stream_m,elevation_m,flow_accum_proxy,impervious_frac,slope_deg",event_raster,production,0,0,0.0,1,0.0,0.0,0.0,1,1,0,0,,complaint,1.0,1.0,1,open_public_evidence,0.0,0
892a100da8fffff,21.359533662711623,0.6760020782198526,1.3313705551116604,12.607964601769911,1.0,718.55537010715,1278.7121821666544,75.0,-73.96413339989236,40.68972130239029,9,observed,opendata,"building_density,dist_stream_m,elevation_m,flow_accum_proxy,impervious_frac,slope_deg",event_raster,production,0,0,0.0,0,0.0,0.0,0.0,0,0,0,0,,none,0.0,0.0,0,open_public_evidence,0.0,0
892a100da93ffff,12.044435865167394,0.7721242874834366,1.1749457830977292,57.242692648361384,1.0,1852.9371904015347,799.25350275412,75.0,-73.9600668319399,40.695114292114084,9,observed,opendata,"building_density,dist_stream_m,elevation_m,flow_accum_proxy,impervious_frac,slope_deg",event_raster,production,0,0,0.0,0,0.0,0.0,0.0,0,0,0,0,,none,0.0,0.0,0,open_public_evidence,0.0,0
892a100da97ffff,16.522236987908823,0.7670320518730592,1.236051708697428,9.055801594331266,1.0,1862.4864066722876,698.8185337409764,75.0,-73.95782955791216,40.69253242060599,9,observed,opendata,"building_density,dist_stream_m,elevation_m,flow_accum_proxy,impervious_frac,slope_deg",event_raster,production,0,0,0.0,1,0.0,0.0,0.0,1,1,0,0,,complaint,1.0,1.0,1,open_public_evidence,0.0,0
892a100da9bffff,12.520867507225644,0.7891932477465773,1.2384659300863214,31.594690265486726,1.0,1834.0243964123185,748.3500553033421,75.0,-73.96433774176735,40.694999561182144,9,observed,opendata,"building_density,dist_stream_m,elevation_m,flow_accum_proxy,impervious_frac,slope_deg",event_raster,production,0,0,0.0,0,0.0,0.0,0.0,0,0,0,0,,none,0.0,0.0,0,open_public_evidence,0.0,0
892a100daa3ffff,21.599040285240328,0.7271018237745098,0.9949813172218405,5.632183908045977,1.0,2855.6048871063604,1437.8702384534881,75.0,-73.95965915398693,40.68455811223245,9,observed,opendata,"building_density,dist_stream_m,elevation_m,flow_accum_proxy,impervious_frac,slope_deg",event_raster,production,0,0,0.012333199966812968,2,0.012333199966812968,0.009607685058707188,0.0027255149081057816,1,1,0,0,,dep+complaint+floodnet,1.0,1.0,1,open_public_evidence,0.0,0
892a100daa7ffff,21.411650347096156,0.722478962595101,1.1349696343465512,8.635314995563443,1.0,2260.015110520961,1610.476579322422,75.0,-73.95742240566462,40.68197658474531,9,observed,opendata,"building_density,dist_stream_m,elevation_m,flow_accum_proxy,impervious_frac,slope_deg",event_raster,production,0,0,0.11229780329349599,1,0.11229780329349599,0.08461790692838697,0.027679896365108758,1,1,0,0,,dep+complaint,1.0,1.0,1,open_public_evidence,0.0,0
892a100daabffff,21.887836716468616,0.6853446334574052,0.7509641436294078,32.0903454384411,1.0,3073.0758975464123,1831.724698523478,75.0,-73.96392910395663,40.68444339384676,9,observed,opendata,"building_density,dist_stream_m,elevation_m,flow_accum_proxy,impervious_frac,slope_deg",event_raster,production,0,0,0.0,0,0.0,0.0,0.0,0,0,0,0,,none,0.0,0.0,0,open_public_evidence,0.0,0
892a100daafffff,22.582412777370877,0.7332778868675232,0.9954543285727915,13.340444444444444,1.0,2080.342648670887,1782.9496394460107,75.0,-73.96169211898936,40.68186194824862,9,observed,opendata,"building_density,dist_stream_m,elevation_m,flow_accum_proxy,impervious_frac,slope_deg",event_raster,production,0,0,0.003697955732915081,2,0.003697955732915081,0.003697955732915081,0.0,2,1,0,0,,dep+complaint,1.0,1.0,1,open_public_evidence,0.0,0
892a100dab3ffff,20.34742326093904,0.7401560114841934,0.8958458167575927,11.664893617021276,1.0,2779.825211034932,1092.9500294501286,75.0,-73.95762595890342,40.68725432753668,9,observed,opendata,"building_density,dist_stream_m,elevation_m,flow_accum_proxy,impervious_frac,slope_deg",event_raster,production,0,0,0.0,1,0.0,0.0,0.0,1,1,0,0,,complaint,1.0,1.0,1,open_public_evidence,0.0,0
892a100dab7ffff,18.710177243708717,0.713878233998114,0.8212231773482784,29.849023090586147,1.0,2902.8914843389675,1270.1477849662197,75.0,-73.95538919752289,40.68467267309135,9,observed,opendata,"building_density,dist_stream_m,elevation_m,flow_accum_proxy,impervious_frac,slope_deg",event_raster,production,0,0,0.11854744026663562,3,0.11854744026663562,0.04932867881519743,0.06921876145143856,1,1,0,0,,dep+complaint+floodnet,1.0,1.0,1,open_public_evidence,0.0,0
892a100dabbffff,19.481398579915364,0.7233645887904697,1.1295762559804652,52.48533333333334,1.0,2675.8104420057944,1333.1333603310684,75.0,-73.96189615205115,40.68713968478818,9,observed,opendata,"building_density,dist_stream_m,elevation_m,flow_accum_proxy,impervious_frac,slope_deg",event_raster,production,0,0,0.0,4,0.0,0.0,0.0,3,1,0,0,,complaint+floodnet,1.0,1.0,1,open_public_evidence,0.0,0
892a100dac3ffff,14.400249008598802,0.7054204973880182,1.3774216228146536,43.12433392539965,1.0,1361.3299095736793,590.0693543288337,75.0,-73.97287954172715,40.694769626503195,9,observed,opendata,"building_density,dist_stream_m,elevation_m,flow_accum_proxy,impervious_frac,slope_deg",event_raster,production,0,0,0.0,0,0.0,0.0,0.0,0,0,0,0,,none,0.0,0.0,0,open_public_evidence,0.0,0
892a100dac7ffff,19.695528663365188,0.7054916392912907,0.835040444926878,33.08495575221239,1.0,1853.0162094184145,853.5097067207785,75.0,-73.97064155752928,40.69218800084391,9,observed,opendata,"building_density,dist_stream_m,elevation_m,flow_accum_proxy,impervious_frac,slope_deg",event_raster,production,0,0,0.0,0,0.0,0.0,0.0,0,0,0,0,,none,0.0,0.0,0,open_public_evidence,0.0,0
892a100dacbffff,10.002701673482438,0.7391740984077066,1.6810671800002785,27.563989408649604,1.0,170.1657544761638,363.9487754727516,75.0,-73.97715043176464,40.69465442275823,9,observed,opendata,"building_density,dist_stream_m,elevation_m,flow_accum_proxy,impervious_frac,slope_deg",event_raster,production,0,0,0.0,0,0.0,0.0,0.0,0,0,0,0,,none,0.0,0.0,0,open_public_evidence,0.0,0
892a100dacfffff,22.572990430184834,0.33698879151239486,4.87132518741155,11.743339253996448,0.0,614.5189301419043,705.0154553496444,75.0,-73.97491221089459,40.69207287908733,9,observed,opendata,"building_density,dist_stream_m,elevation_m,flow_accum_proxy,impervious_frac,slope_deg",event_raster,production,0,0,0.0,0,0.0,0.0,0.0,0,0,0,0,,none,0.0,0.0,0,open_public_evidence,0.0,0
892a100dad3ffff,6.261246167518225,0.7975336167658597,1.3887877207012458,43.40371024734982,1.0,1106.0270402791632,266.3248742629239,75.0,-73.9708466424277,40.6974664252529,9,observed,opendata,"building_density,dist_stream_m,elevation_m,flow_accum_proxy,impervious_frac,slope_deg",event_raster,production,0,0,0.008242743852207912,1,0.008242743852207912,0.008242743852207912,0.0,0,0,0,0,,dep+floodnet,1.0,1.0,1,open_public_evidence,0.2630001532445326,1
892a100dad7ffff,13.71104035707816,0.7340869028286654,1.750835532616976,41.38898756660746,1.0,2278.343367590413,587.6728015461916,75.0,-73.9686086450456,40.69488467264484,9,observed,opendata,"building_density,dist_stream_m,elevation_m,flow_accum_proxy,impervious_frac,slope_deg",event_raster,production,0,0,0.0,0,0.0,0.0,0.0,0,0,0,0,,none,0.0,0.0,0,open_public_evidence,0.0,0
892a100dadbffff,6.651700265441381,0.7642716174905605,1.601469645818286,53.02925531914894,1.0,964.2259532828739,248.10864120220867,75.0,-73.97511777582025,40.697351297122275,9,observed,opendata,"building_density,dist_stream_m,elevation_m,flow_accum_proxy,impervious_frac,slope_deg",event_raster,production,0,0,0.02236912551382189,0,0.02236912551382189,0.021297926757937867,0.001071198755882499,0,0,0,0,,dep,0.02236912551382189,0.02236912551382189,1,open_public_evidence,0.15041987823403194,1
892a100dc4bffff,11.507971449331803,0.7664469967573142,0.9146532435893766,22.573347107438018,1.0,1332.6658841278002,244.57983333344467,75.0,-73.94135211124357,40.708825894938535,9,observed,opendata,"building_density,dist_stream_m,elevation_m,flow_accum_proxy,impervious_frac,slope_deg",event_raster,production,0,0,0.0054723222627057365,1,0.0054723222627057365,0.0054723222627057365,0.0,1,1,0,0,,dep+complaint,1.0,1.0,1,open_public_evidence,0.0,0
892a100de03ffff,14.923650025050975,0.7699574159051343,2.4457799574992163,6.0968028419182945,1.0,2882.83117922926,971.7010137833876,75.0,-73.95620281665518,40.70578645857305,9,observed,opendata,"building_density,dist_stream_m,elevation_m,flow_accum_proxy,impervious_frac,slope_deg",event_raster,production,0,0,0.0,1,0.0,0.0,0.0,1,1,0,0,,complaint,1.0,1.0,1,open_public_evidence,0.0,0
892a100de07ffff,6.888202588959078,0.813168655243595,1.3424485108229967,25.04778761061947,1.0,2259.1211600103543,889.4912519819854,75.0,-73.95396525355416,40.70320416120472,9,observed,opendata,"building_density,dist_stream_m,elevation_m,flow_accum_proxy,impervious_frac,slope_deg",event_raster,production,0,0,0.0,0,0.0,0.0,0.0,0,0,0,0,,none,0.0,0.0,0,open_public_evidence,0.0,0
892a100de0bffff,15.051779162799212,0.803823563699604,1.8761803527281733,6.538120567375887,1.0,1852.5681356979944,620.3161016617147,75.0,-73.96047469328077,40.70567187277512,9,observed,opendata,"building_density,dist_stream_m,elevation_m,flow_accum_proxy,impervious_frac,slope_deg",event_raster,production,0,0,0.0,1,0.0,0.0,0.0,1,1,0,0,,complaint,1.0,1.0,1,open_public_evidence,0.0,0
892a100de0fffff,9.185725034075146,0.7828056790112815,2.7824281442999523,13.097431355181577,1.0,2788.4469323847857,783.1404349271977,75.0,-73.95823689330112,40.70308965735881,9,observed,opendata,"building_density,dist_stream_m,elevation_m,flow_accum_proxy,impervious_frac,slope_deg",event_raster,production,0,0,0.0,1,0.0,0.0,0.0,1,1,0,0,,complaint,1.0,1.0,1,open_public_evidence,0.0,0
892a100de13ffff,8.602848397431176,0.7768566592091696,1.09929523567406,19.75419982316534,1.0,2429.022297084197,815.7647244386714,75.0,-73.95416850970733,40.708483310995994,9,observed,opendata,"building_density,dist_stream_m,elevation_m,flow_accum_proxy,impervious_frac,slope_deg",event_raster,production,0,0,0.01704233047276577,0,0.01704233047276577,0.01704233047276577,0.0,0,0,0,0,,dep,0.01704233047276577,0.01704233047276577,1,open_public_evidence,0.0,0
892a100de17ffff,7.46278934630807,0.8224294449609396,1.1000694760556133,17.315323294951284,1.0,1465.049593110475,711.4966831153986,75.0,-73.95193093356782,40.70590088668403,9,observed,opendata,"building_density,dist_stream_m,elevation_m,flow_accum_proxy,impervious_frac,slope_deg",event_raster,production,0,0,0.0003453618635689655,2,0.0003453618635689655,0.0003453618635689655,0.0,2,1,0,0,,dep+complaint,1.0,1.0,1,open_public_evidence,0.0,0
892a100de1bffff,12.635910276810609,0.7058538416723059,2.5301054644302954,40.38427561837456,1.0,888.4336040402289,906.5364099669616,75.0,-73.95844062971221,40.70836880093239,9,observed,opendata,"building_density,dist_stream_m,elevation_m,flow_accum_proxy,impervious_frac,slope_deg",event_raster,production,0,0,0.0,1,0.0,0.0,0.0,1,1,0,0,,complaint,1.0,1.0,1,open_public_evidence,0.0,0
892a100de23ffff,4.853213485419276,0.7626134749011168,0.5775814903661226,94.20335985853227,1.0,463.2132316549552,369.22371924596416,75.0,-73.95376204310934,40.69792536152797,9,observed,opendata,"building_density,dist_stream_m,elevation_m,flow_accum_proxy,impervious_frac,slope_deg",event_raster,production,0,0,0.17627492347331364,1,0.17627492347331364,0.1356788346855665,0.04059608878774396,0,0,0,0,,dep+floodnet,1.0,1.0,1,open_public_evidence,0.0,0
892a100de27ffff,7.902331756361833,0.71065114079215,0.6648724008193041,69.57801418439716,1.0,1285.7189480601992,83.05009921120329,75.0,-73.95152499282717,40.69534328115783,9,observed,opendata,"building_density,dist_stream_m,elevation_m,flow_accum_proxy,impervious_frac,slope_deg",event_raster,production,0,0,0.09221052010607193,0,0.09221052010607193,0.07136765957883966,0.020842860527232446,0,0,0,0,,dep,0.09221052010607193,0.09221052010607193,1,open_public_evidence,0.0,0
892a100de2bffff,6.598762865615102,0.8253113929149324,1.1501436553631736,16.994690265486724,1.0,1191.1162975984016,671.5563290387274,75.0,-73.95803320270625,40.697810863898354,9,observed,opendata,"building_density,dist_stream_m,elevation_m,flow_accum_proxy,impervious_frac,slope_deg",event_raster,production,0,0,0.009603810630263436,6,0.009603810630263436,0.006960532099745108,0.002643278530519549,6,1,0,0,,dep+complaint,1.0,1.0,1,open_public_evidence,0.006799048376666709,1
892a100de2fffff,9.92599097010928,0.7799810211429392,1.0951818510943037,30.112989323843415,1.0,1890.7576879297521,439.3642226256187,75.0,-73.9557959156107,40.695228865439645,9,observed,opendata,"building_density,dist_stream_m,elevation_m,flow_accum_proxy,impervious_frac,slope_deg",event_raster,production,0,0,0.0,2,0.0,0.0,0.0,2,1,0,0,,complaint,1.0,1.0,1,open_public_evidence,0.0,0
892a100de33ffff,3.7620875163876555,0.7965436304059041,0.23556553230713104,31.340124003542957,1.0,1484.1012454674437,564.1153479367977,75.0,-73.95172794037413,40.70062190884956,9,observed,opendata,"building_density,dist_stream_m,elevation_m,flow_accum_proxy,impervious_frac,slope_deg",event_raster,production,0,0,0.3447634894597338,10,0.3447634894597338,0.17421435809978397,0.17054913135995975,4,1,5,1,Excellent: +/- 0.05 ft; Fair: +/- 0.20 ft; Poor: +/- 0.40 ft; Good: +/- 0.10 ft; Fair: +/- 0.20 ft,dep+complaint+hwm+floodnet,1.0,1.0,1,open_public_evidence,0.12143089532897147,1
892a100de37ffff,5.417893658504418,0.7452994500227431,0.7961858997281628,41.52925531914894,1.0,879.1623552006889,276.27005171193395,75.0,-73.94949087708,40.69803970152982,9,observed,opendata,"building_density,dist_stream_m,elevation_m,flow_accum_proxy,impervious_frac,slope_deg",event_raster,production,0,0,0.06608616458506417,4,0.06608616458506417,0.031014846019749985,0.035071318565314466,1,1,0,0,,dep+complaint+floodnet,1.0,1.0,1,open_public_evidence,0.0,0
892a100de3bffff,4.11938794023402,0.8552025110852867,0.424967395467601,21.428952042628776,1.0,1710.965274594691,708.3617619203886,75.0,-73.95599934325563,40.700507486935706,9,observed,opendata,"building_density,dist_stream_m,elevation_m,flow_accum_proxy,impervious_frac,slope_deg",event_raster,production,0,0,0.12696466321947153,8,0.12696466321947153,0.059651344640072275,0.06731331857939915,7,1,0,0,,dep+complaint+floodnet,1.0,1.0,1,open_public_evidence,0.07957155968857807,1
892a100de43ffff,8.1881805009935,0.7154627552631162,1.6089092554407196,88.96539485359361,1.0,1049.1017344773988,231.3494066599142,75.0,-73.9669848502124,40.70813930768699,9,observed,opendata,"building_density,dist_stream_m,elevation_m,flow_accum_proxy,impervious_frac,slope_deg",event_raster,production,0,0,0.0,0,0.0,0.0,0.0,0,0,0,0,,none,0.0,0.0,0,open_public_evidence,0.0033191078890092707,1
892a100de47ffff,12.347791223534418,0.6656024491665958,1.8152155400067238,7.707855251544572,1.0,1039.7036178984615,291.61095001971705,75.0,-73.96474656339716,40.70555712929119,9,observed,opendata,"building_density,dist_stream_m,elevation_m,flow_accum_proxy,impervious_frac,slope_deg",event_raster,production,0,0,0.0,0,0.0,0.0,0.0,0,0,0,0,,none,0.0,0.0,0,open_public_evidence,0.0,0
892a100de4bffff,0.16477323498949367,0.18522049129278328,0.3456657443831341,2.208480565371025,0.0,28.354019826779545,0.0,75.0,-73.97125695061276,40.70802432450722,9,observed,opendata,"building_density,dist_stream_m,elevation_m,flow_accum_proxy,impervious_frac,slope_deg",event_raster,production,0,0,0.0,0,0.0,0.0,0.0,0,0,0,0,,none,0.0,0.0,0,open_public_evidence,0.2256974533786374,1
892a100de4fffff,2.002051676869846,0.5881258310141376,1.334994429923622,10.257548845470692,1.0,85.0664159185531,22.89192491686132,75.0,-73.96901842695685,40.70544222812229,9,observed,opendata,"building_density,dist_stream_m,elevation_m,flow_accum_proxy,impervious_frac,slope_deg",event_raster,production,0,0,0.0,0,0.0,0.0,0.0,0,0,0,0,,none,0.0,0.0,0,open_public_evidence,0.4006323629279564,1
892a100de53ffff,12.34058902040781,0.8031098432641811,1.3709205818318186,12.380952380952381,1.0,1408.1855991964374,377.68933211950537,75.0,-73.96495104318296,40.7108364384984,9,observed,opendata,"building_density,dist_stream_m,elevation_m,flow_accum_proxy,impervious_frac,slope_deg",event_raster,production,0,0,0.0,4,0.0,0.0,0.0,4,1,0,0,,complaint,1.0,1.0,1,open_public_evidence,0.0,0
892a100de57ffff,13.889644500102845,0.771380115528496,0.6009492910770368,22.643300798580302,1.0,2041.5011262450853,625.240021496395,75.0,-73.9627127432297,40.70825413316238,9,observed,opendata,"building_density,dist_stream_m,elevation_m,flow_accum_proxy,impervious_frac,slope_deg",event_raster,production,0,0,0.0,0,0.0,0.0,0.0,0,0,0,0,,none,0.0,0.0,0,open_public_evidence,0.0,0
892a100de5bffff,2.3607604372056477,0.4420929570568408,1.4573428952378709,37.486702127659576,0.0,396.93708523388284,30.800453376699622,75.0,-73.96922338704516,40.71072153101152,9,observed,opendata,"building_density,dist_stream_m,elevation_m,flow_accum_proxy,impervious_frac,slope_deg",event_raster,production,0,0,0.016383396375229592,0,0.016383396375229592,0.016383396375229592,0.0,0,0,0,0,,dep,0.016383396375229592,0.016383396375229592,1,open_public_evidence,0.1227810179092355,1
892a100de63ffff,5.68663897122249,0.6733607391173813,2.221240525801726,17.146772767462423,1.0,141.7918857782086,428.7970763588172,75.0,-73.96454212959712,40.70027817016743,9,observed,opendata,"building_density,dist_stream_m,elevation_m,flow_accum_proxy,impervious_frac,slope_deg",event_raster,production,0,0,0.06367548437137349,0,0.06367548437137349,0.02977703255665604,0.033898451814735935,0,0,0,0,,dep,0.06367548437137349,0.06367548437137349,1,open_public_evidence,0.3790621750673432,1
892a100de67ffff,7.347221389108775,0.7701244115723692,2.274339906395328,127.73469387755102,1.0,510.47694346465477,680.2691069784472,75.0,-73.96230435582322,40.697696208641965,9,observed,opendata,"building_density,dist_stream_m,elevation_m,flow_accum_proxy,impervious_frac,slope_deg",event_raster,production,0,0,0.0011574909705995094,0,0.0011574909705995094,0.0005628293478483454,0.0005946616227511637,0,0,0,0,,dep,0.0011574909705995094,0.0011574909705995094,1,open_public_evidence,0.009727243449445587,1
892a100de6bffff,2.017975040565737,0.7884733694083724,0.9266325674591097,51.40425531914894,1.0,122.88594894519801,67.02625272741916,75.0,-73.96881351296217,40.70016327531506,9,observed,opendata,"building_density,dist_stream_m,elevation_m,flow_accum_proxy,impervious_frac,slope_deg",event_raster,production,0,0,0.0,0,0.0,0.0,0.0,0,0,0,0,,none,0.0,0.0,0,open_public_evidence,0.6465952568302678,1
892a100de6fffff,6.891355949053218,0.7804018699472313,1.6644724424012804,54.52085181898846,1.0,605.0079746113718,405.27912603465336,75.0,-73.96657550241285,40.6975813957598,9,observed,opendata,"building_density,dist_stream_m,elevation_m,flow_accum_proxy,impervious_frac,slope_deg",event_raster,production,0,0,0.0,0,0.0,0.0,0.0,0,0,0,0,,none,0.0,0.0,0,open_public_evidence,0.0007641872624319215,1
892a100de73ffff,7.8453588572530935,0.7945822156820161,1.7297884342831362,22.00088809946714,1.0,661.6634685681307,424.3731078832196,75.0,-73.9625085265644,40.70297499584633,9,observed,opendata,"building_density,dist_stream_m,elevation_m,flow_accum_proxy,impervious_frac,slope_deg",event_raster,production,0,0,0.01204402082741597,2,0.01204402082741597,0.0043079597621561395,0.007736061065264201,2,1,0,0,,dep+complaint,1.0,1.0,1,open_public_evidence,0.019165638601995258,1
892a100de77ffff,4.9543421158651215,0.8238330067418338,2.383424859180505,70.36403897254208,1.0,1247.7721816165563,696.3938104896906,75.0,-73.96027073967913,40.70039290737465,9,observed,opendata,"building_density,dist_stream_m,elevation_m,flow_accum_proxy,impervious_frac,slope_deg",event_raster,production,0,0,0.22062234401017977,6,0.22062234401017977,0.09146044531018903,0.12916189869996783,4,1,0,0,,dep+complaint+floodnet,1.0,1.0,1,open_public_evidence,0.25061230966348746,1
892a100de7bffff,2.846056495695497,0.6843465312112192,1.1822328460520546,37.952085181898845,1.0,548.233872037987,86.73503230786633,75.0,-73.96678015329665,40.70286017666829,9,observed,opendata,"building_density,dist_stream_m,elevation_m,flow_accum_proxy,impervious_frac,slope_deg",event_raster,production,0,0,0.03916196547562144,0,0.03916196547562144,0.029509742892572768,0.009652222583047033,0,0,0,0,,dep,0.03916196547562144,0.03916196547562144,1,open_public_evidence,0.6750260994111835,1
892a100de83ffff,10.290498870121073,0.7942309054940491,0.7864575816615247,23.69584438549956,1.0,3147.189423214142,375.29845638395363,75.0,-73.9478616026046,40.71129449118792,9,observed,opendata,"building_density,dist_stream_m,elevation_m,flow_accum_proxy,impervious_frac,slope_deg",event_raster,production,0,0,0.0,0,0.0,0.0,0.0,0,0,0,0,,none,0.0,0.0,0,open_public_evidence,0.0,0
892a100de87ffff,10.777836531612044,0.7867537440983117,0.7613503244552987,7.695035460992908,1.0,1550.0465762339243,97.58123061760605,75.0,-73.94562425042554,40.708711858000065,9,observed,opendata,"building_density,dist_stream_m,elevation_m,flow_accum_proxy,impervious_frac,slope_deg",event_raster,production,0,0,0.0013588355775969977,0,0.0013588355775969977,0.0013588355775969977,0.0,0,0,0,0,,dep,0.0013588355775969977,0.0013588355775969977,1,open_public_evidence,0.0,0
892a100de8bffff,6.405287950412693,0.8243296173845803,0.9143496098919079,41.95925597874225,1.0,2003.6102713606385,684.9339686063411,75.0,-73.95213397242364,40.711180214606244,9,observed,opendata,"building_density,dist_stream_m,elevation_m,flow_accum_proxy,impervious_frac,slope_deg",event_raster,production,0,0,0.09167427827628823,4,0.09167427827628823,0.07194421437344989,0.01973006390283839,4,1,0,0,,dep+complaint,1.0,1.0,1,open_public_evidence,0.0,0
892a100de8fffff,9.145303177008506,0.8119185020041445,1.070232782807092,11.349600709849158,1.0,1786.3289686940007,455.70326721223284,75.0,-73.94989638326261,40.708597663352236,9,observed,opendata,"building_density,dist_stream_m,elevation_m,flow_accum_proxy,impervious_frac,slope_deg",event_raster,production,0,0,0.0,1,0.0,0.0,0.0,1,1,0,0,,complaint,1.0,1.0,1,open_public_evidence,0.0,0
892a100de93ffff,10.405543747150972,0.8193701017842661,0.5628184184986369,19.575730735163862,1.0,2882.421608601907,556.5290300220956,75.0,-73.9458265915598,40.71399137016968,9,observed,opendata,"building_density,dist_stream_m,elevation_m,flow_accum_proxy,impervious_frac,slope_deg",event_raster,production,0,0,0.0,1,0.0,0.0,0.0,1,1,0,0,,complaint,1.0,1.0,1,open_public_evidence,0.0,0
892a100de97ffff,12.155045449204385,0.7898900503057782,0.49104961150219967,10.402309058614565,1.0,1975.2687859266543,269.02868562047644,75.0,-73.94358922641511,40.711408610040806,9,observed,opendata,"building_density,dist_stream_m,elevation_m,flow_accum_proxy,impervious_frac,slope_deg",event_raster,production,0,0,0.0,0,0.0,0.0,0.0,0,0,0,0,,none,0.0,0.0,0,open_public_evidence,0.0,0
892a100de9bffff,6.430637860784725,0.7993344075402646,0.9680159610581272,46.93700088731145,1.0,3147.028209381791,632.5085411396407,75.0,-73.95009920477008,40.71387716938236,9,observed,opendata,"building_density,dist_stream_m,elevation_m,flow_accum_proxy,impervious_frac,slope_deg",event_raster,production,0,0,0.021612549280049794,1,0.021612549280049794,0.021342285734672898,0.00027026354537689986,1,1,0,0,,dep+complaint,1.0,1.0,1,open_public_evidence,0.00031536223737268956,1
892a100dea3ffff,4.329183618933439,0.8102103045101064,0.3503834927674498,49.47158081705151,1.0,519.8844573661679,618.2934671460255,75.0,-73.94542195479927,40.7034326958928,9,observed,opendata,"building_density,dist_stream_m,elevation_m,flow_accum_proxy,impervious_frac,slope_deg",event_raster,production,0,0,0.12678192009494085,10,0.12678192009494085,0.07547199969419123,0.05130992040074988,7,1,2,1,Fair: +/- 0.20 ft,dep+complaint+hwm+floodnet,1.0,1.0,1,open_public_evidence,0.0,0
892a100dea7ffff,6.665961003663165,0.8496491975136954,0.8975415828884864,35.463176574977815,1.0,1077.6339236962613,907.5455849807423,75.0,-73.94318511542686,40.70085027973182,9,observed,opendata,"building_density,dist_stream_m,elevation_m,flow_accum_proxy,impervious_frac,slope_deg",event_raster,production,0,0,0.0,1,0.0,0.0,0.0,1,1,0,0,,complaint,1.0,1.0,1,open_public_evidence,0.0,0
892a100deabffff,4.578407249450684,0.8136357432471382,0.33894875719222345,16.889777777777777,1.0,1427.3149956516493,763.5679472250653,75.0,-73.94969360737106,40.703318507383045,9,observed,opendata,"building_density,dist_stream_m,elevation_m,flow_accum_proxy,impervious_frac,slope_deg",event_raster,production,0,0,0.16064989481905195,1,0.16064989481905195,0.11093601124855232,0.04971388357050614,1,1,0,0,,dep+complaint,1.0,1.0,1,open_public_evidence,0.0,0
892a100deafffff,4.153896223951144,0.8260942651189258,0.3475035483767476,30.858657243816253,1.0,879.1198506330834,616.6065457792151,75.0,-73.94745653108204,40.70073617311529,9,observed,opendata,"building_density,dist_stream_m,elevation_m,flow_accum_proxy,impervious_frac,slope_deg",event_raster,production,0,0,0.2446502491937431,5,0.2446502491937431,0.12489894385917046,0.11975130533456357,2,1,2,1,Good: +/- 0.10 ft,dep+complaint+hwm+floodnet,1.0,1.0,1,open_public_evidence,0.0,0
892a100deb3ffff,7.5984588807519815,0.8296529611551138,0.8626588198580277,30.188110026619345,1.0,1682.453835023646,329.79203785604136,75.0,-73.94338714819779,40.70612926984102,9,observed,opendata,"building_density,dist_stream_m,elevation_m,flow_accum_proxy,impervious_frac,slope_deg",event_raster,production,0,0,0.05708347344908204,0,0.05708347344908204,0.05708347344908204,0.0,0,0,0,0,,dep,0.05708347344908204,0.05708347344908204,1,open_public_evidence,0.0,0
892a100deb7ffff,6.220243011982126,0.8141223448963436,0.42782153548508267,17.955288985823337,1.0,992.509587281275,664.0292767403225,75.0,-73.94115029588629,40.70354672673301,9,observed,opendata,"building_density,dist_stream_m,elevation_m,flow_accum_proxy,impervious_frac,slope_deg",event_raster,production,0,0,0.013545982803856898,0,0.013545982803856898,0.013400403183993796,0.00014557961986318317,0,0,0,0,,dep,0.013545982803856898,0.013545982803856898,1,open_public_evidence,0.0,0
892a100debbffff,5.3585427963691545,0.7732163306997016,0.8018166243786473,32.53445229681979,1.0,434.79017392258305,420.6592925005922,75.0,-73.9476590440662,40.706015157107004,9,observed,opendata,"building_density,dist_stream_m,elevation_m,flow_accum_proxy,impervious_frac,slope_deg",event_raster,production,0,0,0.049648818835967695,6,0.049648818835967695,0.04072181066850838,0.008927008167455112,6,1,0,0,,dep+complaint,1.0,1.0,1,open_public_evidence,0.0,0
892a100dec3ffff,10.459660070087672,0.8116447019135121,1.318863847722864,21.571932921447484,1.0,2060.204740246297,832.8851333714623,75.0,-73.95864441195499,40.713648294564074,9,observed,opendata,"building_density,dist_stream_m,elevation_m,flow_accum_proxy,impervious_frac,slope_deg",event_raster,production,0,0,0.0,2,0.0,0.0,0.0,2,1,0,0,,complaint,1.0,1.0,1,open_public_evidence,0.0,0
892a100dec7ffff,8.52362100530115,0.770550114767892,1.5255406445095574,11.737355811889973,1.0,1143.5667037544201,1115.7026661923135,75.0,-73.95640633582471,40.711065780296764,9,observed,opendata,"building_density,dist_stream_m,elevation_m,flow_accum_proxy,impervious_frac,slope_deg",event_raster,production,0,0,0.07493547088882756,0,0.07493547088882756,0.045718716746005944,0.029216754142821613,0,0,0,0,,dep,0.07493547088882756,0.07493547088882756,1,open_public_evidence,0.0,0
892a100decbffff,14.700338882371822,0.7468966152039691,0.8336777334079186,7.711623779946762,1.0,2466.568296748584,485.24940733731813,75.0,-73.9629170058346,40.713533620535095,9,observed,opendata,"building_density,dist_stream_m,elevation_m,flow_accum_proxy,impervious_frac,slope_deg",event_raster,production,0,0,0.0,0,0.0,0.0,0.0,0,0,0,0,,none,0.0,0.0,0,open_public_evidence,0.0,0
892a100decfffff,14.503180919332427,0.8049214737755912,0.901222347371948,8.088731144631765,1.0,1153.0143423590566,693.8240438435973,75.0,-73.96067869276034,40.710951188260466,9,observed,opendata,"building_density,dist_stream_m,elevation_m,flow_accum_proxy,impervious_frac,slope_deg",event_raster,production,0,0,0.0,0,0.0,0.0,0.0,0,0,0,0,,none,0.0,0.0,0,open_public_evidence,0.0,0
892a100ded3ffff,6.7463488088431935,0.8474795063759418,0.826566143496398,51.573581560283685,1.0,2268.005708486605,691.2527081441773,75.0,-73.95660990077972,40.716345452051755,9,observed,opendata,"building_density,dist_stream_m,elevation_m,flow_accum_proxy,impervious_frac,slope_deg",event_raster,production,0,0,0.0,2,0.0,0.0,0.0,2,1,0,0,,complaint,1.0,1.0,1,open_public_evidence,0.0,0
892a100ded7ffff,5.456618886589476,0.8007918750954688,1.527278406870534,38.5022143489814,1.0,1370.3236261042377,770.2630920600618,75.0,-73.95437181158431,40.713762810846816,9,observed,opendata,"building_density,dist_stream_m,elevation_m,flow_accum_proxy,impervious_frac,slope_deg",event_raster,production,0,0,0.09084756745280306,0,0.09084756745280306,0.053388550394938554,0.03745901705786448,0,0,0,0,,dep,0.09084756745280306,0.09084756745280306,1,open_public_evidence,0.0010766634907021905,1
892a100dedbffff,9.398518668938868,0.8266168243079028,1.2143157469877228,19.65927240461402,1.0,1880.5493084500401,522.2715204120805,75.0,-73.96088273813326,40.716230853775706,9,observed,opendata,"building_density,dist_stream_m,elevation_m,flow_accum_proxy,impervious_frac,slope_deg",event_raster,production,0,0,0.0,0,0.0,0.0,0.0,0,0,0,0,,none,0.0,0.0,0,open_public_evidence,0.0,0
892a100f24bffff,1.4703587519757257,0.588323814086649,0.7296821819577098,221.6829052258636,1.0,235.95966508472523,45.5261582424887,75.0,-73.9441823002341,40.7827709814245,9,observed,opendata,"building_density,dist_stream_m,elevation_m,flow_accum_proxy,impervious_frac,slope_deg",event_raster,production,0,0,0.027808190465609266,3,0.027808190465609266,0.027489884109160617,0.00031830635644864943,3,1,0,0,,dep+complaint,1.0,1.0,1,open_public_evidence,0.6337472815329598,1
892a100f24fffff,0.15477808671777085,0.11600994297932199,0.2889549053039356,6.199453551912568,0.0,9.438868843919826,96.17091577707917,75.0,-73.94194174927812,40.78018590607857,9,observed,opendata,"building_density,dist_stream_m,elevation_m,flow_accum_proxy,impervious_frac,slope_deg",event_raster,production,0,0,0.0,0,0.0,0.0,0.0,0,0,0,0,,none,0.0,0.0,0,open_public_evidence,0.11817111517366405,1
892a100f25bffff,2.179511727001682,0.7682928174762835,0.6950874517684072,41.58942731277533,1.0,160.44484524799384,130.63452003457775,75.0,-73.94214398351879,40.78547014785318,9,observed,opendata,"building_density,dist_stream_m,elevation_m,flow_accum_proxy,impervious_frac,slope_deg",event_raster,production,0,0,0.0,13,0.0,0.0,0.0,13,1,0,0,,complaint,1.0,1.0,1,open_public_evidence,0.7899358979885326,1
892a100f26bffff,2.040655136358868,0.08992360759464535,2.2935663828075947,1.8948863636363635,0.0,9.439805917507611,51.84431275406938,75.0,-73.94173956059069,40.77490201362278,9,observed,opendata,"building_density,dist_stream_m,elevation_m,flow_accum_proxy,impervious_frac,slope_deg",event_raster,production,0,0,0.0,0,0.0,0.0,0.0,0,0,0,0,,none,0.0,0.0,0,open_public_evidence,9.878143881270221e-05,1
892a1072017ffff,5.988810322772674,0.7601180279148831,5.949943647289999,7.812013348164627,1.0,0.0,271.0148043293755,75.0,-74.02891045374903,40.75932482207998,9,observed,opendata,"building_density,dist_stream_m,elevation_m,flow_accum_proxy,impervious_frac,slope_deg",event_raster,production,0,0,0.0,0,0.0,0.0,0.0,0,0,0,0,,none,0.0,0.0,0,open_public_evidence,0.0,0
892a1072027ffff,4.769624253213109,0.7421983638527624,1.6025153656294227,5.5423728813559325,1.0,0.0,415.081943400984,75.0,-74.02848670881053,40.7487600985467,9,observed,opendata,"building_density,dist_stream_m,elevation_m,flow_accum_proxy,impervious_frac,slope_deg",event_raster,production,0,0,0.0,0,0.0,0.0,0.0,0,0,0,0,,none,0.0,0.0,0,open_public_evidence,0.0,0
892a1072033ffff,2.7817190421152964,0.8539290369995494,1.3816323899014111,4.435466946484785,1.0,0.0,204.04662122277682,75.0,-74.0286985574286,40.7540422855446,9,observed,opendata,"building_density,dist_stream_m,elevation_m,flow_accum_proxy,impervious_frac,slope_deg",event_raster,production,0,0,0.0,0,0.0,0.0,0.0,0,0,0,0,,none,0.0,0.0,0,open_public_evidence,0.0,0
892a1072037ffff,4.693068842530776,0.8007634733216878,1.553826751344989,3.829955947136564,1.0,0.0,248.3266067424704,75.0,-74.02645457979632,40.75145971388882,9,observed,opendata,"building_density,dist_stream_m,elevation_m,flow_accum_proxy,impervious_frac,slope_deg",event_raster,production,0,0,0.0,0,0.0,0.0,0.0,0,0,0,0,,none,0.0,0.0,0,open_public_evidence,0.0,0
892a1072083ffff,27.03435986808743,0.7693730789921882,9.802127563927142,30.87577092511013,1.0,0.0,279.2750428472052,75.0,-74.02484509799145,40.764724816844925,9,observed,opendata,"building_density,dist_stream_m,elevation_m,flow_accum_proxy,impervious_frac,slope_deg",event_raster,production,0,0,0.0,0,0.0,0.0,0.0,0,0,0,0,,none,0.0,0.0,0,open_public_evidence,0.0,0
892a1072087ffff,2.907964903040402,0.8325286925102757,1.4547777772458956,5.123008849557523,1.0,0.0,180.95285889864962,75.0,-74.02260082844836,40.76214182008288,9,observed,opendata,"building_density,dist_stream_m,elevation_m,flow_accum_proxy,impervious_frac,slope_deg",event_raster,production,0,0,0.0,0,0.0,0.0,0.0,0,0,0,0,,none,0.0,0.0,0,open_public_evidence,0.0,0
892a107208bffff,57.900444796419485,0.5640331520158021,2.085058224560068,8.565320665083135,1.0,0.0,12.489903604545256,75.0,-74.02912239778796,40.7646077080975,9,observed,opendata,"building_density,dist_stream_m,elevation_m,flow_accum_proxy,impervious_frac,slope_deg",event_raster,production,0,0,0.0,0,0.0,0.0,0.0,0,0,0,0,,none,0.0,0.0,0,open_public_evidence,0.0,0
892a107208fffff,28.431848463437237,0.6756725719740205,9.840938707562627,10.145390070921986,1.0,0.0,168.7084300078995,75.0,-74.02687789116555,40.762024793826136,9,observed,opendata,"building_density,dist_stream_m,elevation_m,flow_accum_proxy,impervious_frac,slope_deg",event_raster,production,0,0,0.0,0,0.0,0.0,0.0,0,0,0,0,,none,0.0,0.0,0,open_public_evidence,0.0,0
892a1072093ffff,33.080498573002195,0.7010847506641182,11.686244044337622,18.27232537577365,1.0,0.0,438.2255797546872,75.0,-74.02281207419254,40.76742489111492,9,observed,opendata,"building_density,dist_stream_m,elevation_m,flow_accum_proxy,impervious_frac,slope_deg",event_raster,production,0,0,0.0,0,0.0,0.0,0.0,0,0,0,0,,none,0.0,0.0,0,open_public_evidence,0.0,0
892a1072097ffff,12.59559810793442,0.6579538529225405,10.021543423577736,6.561837455830389,1.0,0.0,103.35376400060672,75.0,-74.02056779095156,40.76484176746316,9,observed,opendata,"building_density,dist_stream_m,elevation_m,flow_accum_proxy,impervious_frac,slope_deg",event_raster,production,0,0,0.0,0,0.0,0.0,0.0,0,0,0,0,,none,0.0,0.0,0,open_public_evidence,0.0,0
892a107209bffff,55.670763262620206,0.8354761651221742,1.8776169243856524,13.055851063829786,1.0,0.0,363.4711628147035,75.0,-74.02708961835073,40.767307858005346,9,observed,opendata,"building_density,dist_stream_m,elevation_m,flow_accum_proxy,impervious_frac,slope_deg",event_raster,production,0,0,0.0,0,0.0,0.0,0.0,0,0,0,0,,none,0.0,0.0,0,open_public_evidence,0.0,0
892a10720a3ffff,-1.0495048981120294,0.04780954551768071,0.4079910046165043,1.3980496453900708,0.0,0.0,118.09960501016492,75.0,-74.02238963026838,40.756859098507654,9,observed,opendata,"building_density,dist_stream_m,elevation_m,flow_accum_proxy,impervious_frac,slope_deg",event_raster,production,0,0,0.0,0,0.0,0.0,0.0,0,0,0,0,,none,0.0,0.0,0,open_public_evidence,0.0,0
892a10720a7ffff,-1.1997057413928722,0.012304129949738016,0.0008929470903856099,1.054673721340388,0.0,0.0,48.60290524162574,75.0,-74.02014587592328,40.75427631750523,9,observed,opendata,"building_density,dist_stream_m,elevation_m,flow_accum_proxy,impervious_frac,slope_deg",event_raster,production,0,0,0.0,0,0.0,0.0,0.0,0,0,0,0,,none,0.0,0.0,0,open_public_evidence,0.0,0
892a10720abffff,0.46240667292420373,0.4249300765421002,1.9803312143460376,2.630511463844797,0.0,0.0,48.36254214258626,75.0,-74.02666621165277,40.75674207910219,9,observed,opendata,"building_density,dist_stream_m,elevation_m,flow_accum_proxy,impervious_frac,slope_deg",event_raster,production,0,0,0.0,0,0.0,0.0,0.0,0,0,0,0,,none,0.0,0.0,0,open_public_evidence,0.0,0
892a10720afffff,1.372801083143372,0.6004593570234534,1.9935627789877404,3.679646017699115,1.0,0.0,38.96595093263124,75.0,-74.02442222029362,40.75415938054962,9,observed,opendata,"building_density,dist_stream_m,elevation_m,flow_accum_proxy,impervious_frac,slope_deg",event_raster,production,0,0,0.0,0,0.0,0.0,0.0,0,0,0,0,,none,0.0,0.0,0,open_public_evidence,0.0,0
892a10720b3ffff,-0.908761936528477,0.16585979368735126,0.5249168543916927,1.904049295774648,0.0,0.0,90.30961860454849,75.0,-74.02035680968643,40.75955886774155,9,observed,opendata,"building_density,dist_stream_m,elevation_m,flow_accum_proxy,impervious_frac,slope_deg",event_raster,production,0,0,0.0,0,0.0,0.0,0.0,0,0,0,0,,none,0.0,0.0,0,open_public_evidence,0.0,0
892a10720b7ffff,-1.1901157285938873,0.00017854439074847293,0.0006754779709331321,1.0274822695035462,0.0,0.0,149.35651737919665,75.0,-74.0181130416704,40.75697595984327,9,observed,opendata,"building_density,dist_stream_m,elevation_m,flow_accum_proxy,impervious_frac,slope_deg",event_raster,production,0,0,0.0,0,0.0,0.0,0.0,0,0,0,0,,none,0.0,0.0,0,open_public_evidence,0.0,0
892a10720bbffff,2.4940776272903746,0.8150533889140358,1.9739085887814027,3.7038019451812554,1.0,0.0,138.45992382641975,75.0,-74.0246336353374,40.759441923955414,9,observed,opendata,"building_density,dist_stream_m,elevation_m,flow_accum_proxy,impervious_frac,slope_deg",event_raster,production,0,0,0.0,0,0.0,0.0,0.0,0,0,0,0,,none,0.0,0.0,0,open_public_evidence,0.0,0
892a1072103ffff,-1.2399753847266048,0.0,0.00023242917916710228,1.0275066548358474,0.0,0.0,43.666089717683846,75.0,-74.01748117571599,40.741129871987226,9,observed,opendata,"building_density,dist_stream_m,elevation_m,flow_accum_proxy,impervious_frac,slope_deg",event_raster,production,0,0,0.0,0,0.0,0.0,0.0,0,0,0,0,,none,0.0,0.0,0,open_public_evidence,0.0,0
892a1072107ffff,-1.244210231430539,0.0,0.001968905035169407,1.1139575971731448,0.0,0.0,276.3955847946114,75.0,-74.0152384511325,40.73854752280379,9,observed,opendata,"building_density,dist_stream_m,elevation_m,flow_accum_proxy,impervious_frac,slope_deg",event_raster,production,0,0,0.0,0,0.0,0.0,0.0,0,0,0,0,,none,0.0,0.0,0,open_public_evidence,0.0,0
892a107210bffff,-1.2400000095367432,0.0,0.0,1.0,0.0,0.0,292.00618061504787,75.0,-74.02175632095282,40.74101303107632,9,observed,opendata,"building_density,dist_stream_m,elevation_m,flow_accum_proxy,impervious_frac,slope_deg",event_raster,production,0,0,0.0,0,0.0,0.0,0.0,0,0,0,0,,none,0.0,0.0,0,open_public_evidence,0.0,0
892a107210fffff,-1.2463594235036897,0.0,0.002379896560107038,1.1330967169476487,0.0,0.0,70.55081157722066,75.0,-74.01951335948576,40.73843076426119,9,observed,opendata,"building_density,dist_stream_m,elevation_m,flow_accum_proxy,impervious_frac,slope_deg",event_raster,production,0,0,0.0,0,0.0,0.0,0.0,0,0,0,0,,none,0.0,0.0,0,open_public_evidence,0.0,0
892a1072113ffff,-1.2310538851249386,0.0,0.0020333540244241127,1.102112676056338,0.0,0.0,157.89230281875084,75.0,-74.01544876152556,40.74382903103832,9,observed,opendata,"building_density,dist_stream_m,elevation_m,flow_accum_proxy,impervious_frac,slope_deg",event_raster,production,0,0,0.0,0,0.0,0.0,0.0,0,0,0,0,,none,0.0,0.0,0,open_public_evidence,0.0,0
892a1072117ffff,-1.1877672159961894,0.04511516695096265,0.181517210969108,1.120353982300885,0.0,9.44497754143648,69.75746297148929,75.0,-74.01320602332508,40.741246554946805,9,observed,opendata,"building_density,dist_stream_m,elevation_m,flow_accum_proxy,impervious_frac,slope_deg",event_raster,production,0,0,0.0,0,0.0,0.0,0.0,0,0,0,0,,none,0.0,0.0,0,open_public_evidence,0.0,0
892a107211bffff,-1.2325257351168286,0.0,0.0022656074550829373,1.1638618246235606,0.0,0.0,196.78179905057013,75.0,-74.01972415083898,40.74371226570976,9,observed,opendata,"building_density,dist_stream_m,elevation_m,flow_accum_proxy,impervious_frac,slope_deg",event_raster,production,0,0,0.0,0,0.0,0.0,0.0,0,0,0,0,,none,0.0,0.0,0,open_public_evidence,0.0,0
892a1072123ffff,-1.1687535791666106,0.0009008712097137045,0.38947613199315634,1.1725663716814159,0.0,0.0,85.56397640721428,75.0,-74.01502818806925,40.73326636427724,9,observed,opendata,"building_density,dist_stream_m,elevation_m,flow_accum_proxy,impervious_frac,slope_deg",event_raster,production,0,0,0.0,0,0.0,0.0,0.0,0,0,0,0,,none,0.0,0.0,0,open_public_evidence,0.0,0
892a1072127ffff,0.31741507852066914,0.41555844351973037,1.1516272234179308,2.019503546099291,0.0,28.340568616711487,10.769277976547698,75.0,-74.01278597804964,40.73068423115304,9,observed,opendata,"building_density,dist_stream_m,elevation_m,flow_accum_proxy,impervious_frac,slope_deg",event_raster,production,0,0,0.0,0,0.0,0.0,0.0,0,0,0,0,,none,0.0,0.0,0,open_public_evidence,0.0,0
892a107212bffff,-1.2622192672547035,0.0,0.0019741367756581285,1.1142604074402125,0.0,0.0,55.68654828373531,75.0,-74.01930261557044,40.733149612519036,9,observed,opendata,"building_density,dist_stream_m,elevation_m,flow_accum_proxy,impervious_frac,slope_deg",event_raster,production,0,0,0.0,0,0.0,0.0,0.0,0,0,0,0,,none,0.0,0.0,0,open_public_evidence,0.0,0
892a107212fffff,-1.2719176585760563,0.0,0.0020710803273574522,1.1103265666372462,0.0,0.0,281.9912208068408,75.0,-74.01706016873243,40.73056756172238,9,observed,opendata,"building_density,dist_stream_m,elevation_m,flow_accum_proxy,impervious_frac,slope_deg",event_raster,production,0,0,0.0,0,0.0,0.0,0.0,0,0,0,0,,none,0.0,0.0,0,open_public_evidence,0.0,0
892a1072133ffff,-1.2547325967474188,0.011688449912735903,0.014541282515757361,1.2198581560283688,0.0,0.0,201.69411041138994,75.0,-74.01299597705345,40.73596521818175,9,observed,opendata,"building_density,dist_stream_m,elevation_m,flow_accum_proxy,impervious_frac,slope_deg",event_raster,production,0,0,0.0,0,0.0,0.0,0.0,0,0,0,0,,none,0.0,0.0,0,open_public_evidence,0.0,0
892a1072137ffff,1.1742191271022016,0.5746522394995077,2.5185783936180557,2.621693121693122,1.0,425.0879774447582,5.37697386660939,75.0,-74.01075375344374,40.73338295814338,9,observed,opendata,"building_density,dist_stream_m,elevation_m,flow_accum_proxy,impervious_frac,slope_deg",event_raster,production,0,0,0.06776051723488537,1,0.06776051723488537,0.04525312530477469,0.022507391930111566,1,1,0,0,,dep+complaint,1.0,1.0,1,open_public_evidence,0.0,0
892a107213bffff,-1.2532459888838035,0.0,0.0019723898133642112,1.1141592920353982,0.0,0.0,169.89203746611597,75.0,-74.01727064853625,40.735848541987394,9,observed,opendata,"building_density,dist_stream_m,elevation_m,flow_accum_proxy,impervious_frac,slope_deg",event_raster,production,0,0,0.0,0,0.0,0.0,0.0,0,0,0,0,,none,0.0,0.0,0,open_public_evidence,0.0,0
892a1072143ffff,10.156917566808911,0.7502691805815969,3.7017294038016306,6.5389733840304185,1.0,0.0,320.95127318003307,75.0,-74.02827490787871,40.74347826114158,9,observed,opendata,"building_density,dist_stream_m,elevation_m,flow_accum_proxy,impervious_frac,slope_deg",event_raster,production,0,0,0.0,0,0.0,0.0,0.0,0,0,0,0,,none,0.0,0.0,0,open_public_evidence,0.0,0
892a1072147ffff,1.9411075066362995,0.5217263178504278,2.1292323113734235,4.123893805309734,1.0,0.0,23.323273009322783,75.0,-74.02603145898802,40.740896032215176,9,observed,opendata,"building_density,dist_stream_m,elevation_m,flow_accum_proxy,impervious_frac,slope_deg",event_raster,production,0,0,0.0,0,0.0,0.0,0.0,0,0,0,0,,none,0.0,0.0,0,open_public_evidence,0.0,0
892a1072153ffff,16.266943159878466,0.655542494367163,4.678824112401755,12.364840989399294,1.0,0.0,303.28746112316736,75.0,-74.02624299558009,40.74617769824138,9,observed,opendata,"building_density,dist_stream_m,elevation_m,flow_accum_proxy,impervious_frac,slope_deg",event_raster,production,0,0,0.0,0,0.0,0.0,0.0,0,0,0,0,,none,0.0,0.0,0,open_public_evidence,0.0,0
892a1072157ffff,8.124376466684208,0.35241244878816974,5.675372764498714,4.525243578387954,0.0,0.0,24.26876853526783,75.0,-74.02399953297254,40.74359534241048,9,observed,opendata,"building_density,dist_stream_m,elevation_m,flow_accum_proxy,impervious_frac,slope_deg",event_raster,production,0,0,0.0,0,0.0,0.0,0.0,0,0,0,0,,none,0.0,0.0,0,open_public_evidence,0.0,0
892a1072163ffff,-0.2572047626129471,0.2637844218656361,1.423165622814946,2.257750221434898,0.0,0.0,36.15483268610507,75.0,-74.02581997000402,40.73561471586541,9,observed,opendata,"building_density,dist_stream_m,elevation_m,flow_accum_proxy,impervious_frac,slope_deg",event_raster,production,0,0,0.0,0,0.0,0.0,0.0,0,0,0,0,,none,0.0,0.0,0,open_public_evidence,0.0,0
892a1072167ffff,-1.2650801426341347,0.0,0.0023753080749884248,1.1329787234042554,0.0,0.0,191.4242125602471,75.0,-74.0235770358997,40.733032702869856,9,observed,opendata,"building_density,dist_stream_m,elevation_m,flow_accum_proxy,impervious_frac,slope_deg",event_raster,production,0,0,0.0,0,0.0,0.0,0.0,0,0,0,0,,none,0.0,0.0,0,open_public_evidence,0.0,0
892a107216fffff,-1.0138415375470065,0.08279094385959634,0.6661882607849762,1.330396475770925,0.0,0.0,68.51016167196066,75.0,-74.02785144900955,40.73291563533078,9,observed,opendata,"building_density,dist_stream_m,elevation_m,flow_accum_proxy,impervious_frac,slope_deg",event_raster,production,0,0,0.0,0,0.0,0.0,0.0,0,0,0,0,,none,0.0,0.0,0,open_public_evidence,0.0,0
892a1072173ffff,-1.237334539672089,0.004896370850603347,0.13071777244100136,1.2322695035460993,0.0,0.0,163.93892843540286,75.0,-74.02378826066312,40.738313847787744,9,observed,opendata,"building_density,dist_stream_m,elevation_m,flow_accum_proxy,impervious_frac,slope_deg",event_raster,production,0,0,0.0,0,0.0,0.0,0.0,0,0,0,0,,none,0.0,0.0,0,open_public_evidence,0.0,0
892a1072177ffff,-1.2571832957987437,0.0,0.0024645057486720376,1.1412180052956753,0.0,0.0,184.75840115356888,75.0,-74.02154531286897,40.735731707881605,9,observed,opendata,"building_density,dist_stream_m,elevation_m,flow_accum_proxy,impervious_frac,slope_deg",event_raster,production,0,0,0.0,0,0.0,0.0,0.0,0,0,0,0,,none,0.0,0.0,0,open_public_evidence,0.0,0
892a107217bffff,3.232321400093204,0.705157224406123,2.3447536618092952,4.312614259597806,1.0,0.0,77.17680786503763,75.0,-74.02806315461709,40.73819677338453,9,observed,opendata,"building_density,dist_stream_m,elevation_m,flow_accum_proxy,impervious_frac,slope_deg",event_raster,production,0,0,0.0,0,0.0,0.0,0.0,0,0,0,0,,none,0.0,0.0,0,open_public_evidence,0.0,0
892a1072183ffff,1.0928821473585215,0.7522775879343264,2.5901664215962357,3.022968197879859,1.0,122.77284279812328,20.558985472725286,75.0,-74.00914047636303,40.74664477312714,9,observed,opendata,"building_density,dist_stream_m,elevation_m,flow_accum_proxy,impervious_frac,slope_deg",event_raster,production,0,0,0.007690142282034507,0,0.007690142282034507,0.0072756053167933,0.00041453696524120496,0,0,0,0,,dep,0.007690142282034507,0.007690142282034507,1,open_public_evidence,0.5256821456965631,1
892a1072187ffff,2.865856485918125,0.8612008066278733,1.6097468929357028,5.015057573073516,1.0,453.3382727626233,166.45323368612412,75.0,-74.0068979615497,40.74406208777896,9,observed,opendata,"building_density,dist_stream_m,elevation_m,flow_accum_proxy,impervious_frac,slope_deg",event_raster,production,0,0,0.0534535650571137,1,0.0534535650571137,0.02701258879485638,0.026440976262257335,1,1,0,0,,dep+complaint,1.0,1.0,1,open_public_evidence,0.6925689666860825,1
892a107218bffff,-1.1457178324645927,0.025607254065726785,0.28817527277741073,1.1799645390070923,0.0,0.0,157.60838712812293,75.0,-74.0134161168805,40.74652824139304,9,observed,opendata,"building_density,dist_stream_m,elevation_m,flow_accum_proxy,impervious_frac,slope_deg",event_raster,production,0,0,0.0,0,0.0,0.0,0.0,0,0,0,0,,none,0.0,0.0,0,open_public_evidence,0.0,0
892a107218fffff,-0.7697109869788442,0.2137088759849672,1.2654424895678722,1.5761061946902655,0.0,9.444521136991822,11.135642759976284,75.0,-74.01117336507996,40.74394563839507,9,observed,opendata,"building_density,dist_stream_m,elevation_m,flow_accum_proxy,impervious_frac,slope_deg",event_raster,production,0,0,0.0,0,0.0,0.0,0.0,0,0,0,0,,none,0.0,0.0,0,open_public_evidence,0.04380544500789129,1
892a1072193ffff,2.473319009725133,0.8853500230952213,1.8664733222277423,5.219663418954827,1.0,254.97743280222926,192.81507905427813,75.0,-74.00710735714024,40.7493439591216,9,observed,opendata,"building_density,dist_stream_m,elevation_m,flow_accum_proxy,impervious_frac,slope_deg",event_raster,production,0,0,0.045247565441296864,3,0.045247565441296864,0.035060226884657326,0.01018733855663954,2,1,0,0,,dep+complaint+floodnet,1.0,1.0,1,open_public_evidence,0.0,0
892a1072197ffff,2.7614139458370435,0.7942082141744258,2.3126214762752717,3.7453580901856762,1.0,1539.386847311681,387.0105599950392,75.0,-74.00486482878279,40.74676114686789,9,observed,opendata,"building_density,dist_stream_m,elevation_m,flow_accum_proxy,impervious_frac,slope_deg",event_raster,production,0,0,0.0023152265929479083,12,0.0023152265929479083,0.0023152265929479083,0.0,12,1,0,0,,dep+complaint,1.0,1.0,1,open_public_evidence,0.7863441193431547,1
892a107219bffff,-0.6537524257383659,0.1574081276264372,1.3626548001488608,1.398936170212766,0.0,0.0,32.52877152924296,75.0,-74.01138324174666,40.74922750302998,9,observed,opendata,"building_density,dist_stream_m,elevation_m,flow_accum_proxy,impervious_frac,slope_deg",event_raster,production,0,0,0.0,0,0.0,0.0,0.0,0,0,0,0,,none,0.0,0.0,0,open_public_evidence,0.0,0
892a10721a3ffff,4.316668988264938,0.810046624022384,1.8139546329645995,3.891843971631206,1.0,1926.8792213874592,316.72234136691196,75.0,-74.00668861308876,40.73878056609214,9,observed,opendata,"building_density,dist_stream_m,elevation_m,flow_accum_proxy,impervious_frac,slope_deg",event_raster,production,0,0,0.012275752340474583,2,0.012275752340474583,0.011996005395277577,0.0002797469451970078,2,1,0,0,,dep+complaint,1.0,1.0,1,open_public_evidence,0.0,0
892a10721a7ffff,7.05263900798848,0.6748227886954068,2.4550661471446706,3.2634361233480176,1.0,3202.1835414914995,521.7561786592265,75.0,-74.00444661282785,40.736198096831764,9,observed,opendata,"building_density,dist_stream_m,elevation_m,flow_accum_proxy,impervious_frac,slope_deg",event_raster,production,0,0,0.0,1,0.0,0.0,0.0,1,1,0,0,,complaint,1.0,1.0,1,open_public_evidence,0.0,0
892a10721abffff,0.3745056635393019,0.45319763895296195,1.5649824490866218,2.828470380194518,1.0,85.00914149665785,30.192978640630226,75.0,-74.01096353565099,40.73866412341445,9,observed,opendata,"building_density,dist_stream_m,elevation_m,flow_accum_proxy,impervious_frac,slope_deg",event_raster,production,0,0,0.09097008567193449,1,0.09097008567193449,0.045747856133502345,0.04522222953843362,1,1,0,0,,dep+complaint,1.0,1.0,1,open_public_evidence,0.0,0
892a10721afffff,3.490323403640299,0.7717079916107861,2.5656654196018693,3.836734693877551,1.0,1492.458976622331,162.56907783617552,75.0,-74.00872129846812,40.73608173646356,9,observed,opendata,"building_density,dist_stream_m,elevation_m,flow_accum_proxy,impervious_frac,slope_deg",event_raster,production,0,0,0.035380195274403906,0,0.035380195274403906,0.02331471678638936,0.012065478488012617,0,0,0,0,,dep,0.035380195274403906,0.035380195274403906,1,open_public_evidence,0.0,0
892a10721b3ffff,4.681846095969498,0.8373537887298063,1.762737986826982,4.843171806167401,1.0,906.7228768061028,392.89882762041617,75.0,-74.00465569727152,40.74147944700771,9,observed,opendata,"building_density,dist_stream_m,elevation_m,flow_accum_proxy,impervious_frac,slope_deg",event_raster,production,0,0,0.05003488607671151,1,0.05003488607671151,0.04337966885212019,0.006655217224591343,1,1,0,0,,dep+complaint,1.0,1.0,1,open_public_evidence,0.0007266486874783153,1
892a10721b7ffff,6.6616377350283384,0.7675786898690404,2.268444602734293,4.209405501330967,1.0,2144.1313790759446,628.2887068966103,75.0,-74.0024136834934,40.73889685083574,9,observed,opendata,"building_density,dist_stream_m,elevation_m,flow_accum_proxy,impervious_frac,slope_deg",event_raster,production,0,0,0.01591338090548714,2,0.01591338090548714,0.01591338090548714,0.0,2,1,0,0,,dep+complaint,1.0,1.0,1,open_public_evidence,0.0,0
892a10721bbffff,1.6251960538850996,0.7373390202433164,1.64934012722347,3.8576480990274096,1.0,198.34507788339744,46.99043715979457,75.0,-74.00893086382774,40.74136307995401,9,observed,opendata,"building_density,dist_stream_m,elevation_m,flow_accum_proxy,impervious_frac,slope_deg",event_raster,production,0,0,0.0,1,0.0,0.0,0.0,1,1,0,0,,complaint,1.0,1.0,1,open_public_evidence,0.6227787838215154,1
892a10721c3ffff,-1.2144520694865895,0.00011428302297225365,0.002983279251612914,1.121131741821397,0.0,0.0,171.19462277188163,75.0,-74.01993498964616,40.74899411680954,9,observed,opendata,"building_density,dist_stream_m,elevation_m,flow_accum_proxy,impervious_frac,slope_deg",event_raster,production,0,0,0.0,0,0.0,0.0,0.0,0,0,0,0,,none,0.0,0.0,0,open_public_evidence,0.0,0
892a10721c7ffff,-1.2224848367729966,0.0,0.0019776401595074516,1.1144631765749777,0.0,0.0,82.55348248343721,75.0,-74.01769175028757,40.746411551666675,9,observed,opendata,"building_density,dist_stream_m,elevation_m,flow_accum_proxy,impervious_frac,slope_deg",event_raster,production,0,0,0.0,0,0.0,0.0,0.0,0,0,0,0,,none,0.0,0.0,0,open_public_evidence,0.0,0
892a10721cbffff,3.971867521264023,0.6635913758863,3.0728709084990746,9.28470380194518,1.0,0.0,70.27554481660468,75.0,-74.02421085284402,40.74887718668287,9,observed,opendata,"building_density,dist_stream_m,elevation_m,flow_accum_proxy,impervious_frac,slope_deg",event_raster,production,0,0,0.0,0,0.0,0.0,0.0,0,0,0,0,,none,0.0,0.0,0,open_public_evidence,0.0,0
892a10721cfffff,2.4624132620505033,0.2357678530845784,3.936042319265195,3.1998231653404066,0.0,0.0,33.98391238840055,75.0,-74.02196737653665,40.74629470394908,9,observed,opendata,"building_density,dist_stream_m,elevation_m,flow_accum_proxy,impervious_frac,slope_deg",event_raster,production,0,0,0.0,0,0.0,0.0,0.0,0,0,0,0,,none,0.0,0.0,0,open_public_evidence,0.0,0
892a10721d3ffff,-1.2041969756109525,0.0,0.002354118312849144,1.1309734513274337,0.0,0.0,210.92578207751475,75.0,-74.01790237226705,40.75169358097044,9,observed,opendata,"building_density,dist_stream_m,elevation_m,flow_accum_proxy,impervious_frac,slope_deg",event_raster,production,0,0,0.0,0,0.0,0.0,0.0,0,0,0,0,,none,0.0,0.0,0,open_public_evidence,0.0,0
892a10721d7ffff,-1.211878742114394,0.0,0.0020797267307213906,1.1130742049469964,0.0,0.0,31.68414717354232,75.0,-74.0156591192645,40.74911088892559,9,observed,opendata,"building_density,dist_stream_m,elevation_m,flow_accum_proxy,impervious_frac,slope_deg",event_raster,production,0,0,0.0,0,0.0,0.0,0.0,0,0,0,0,,none,0.0,0.0,0,open_public_evidence,0.0,0
892a10721dbffff,-0.38718553974478115,0.3281433344947142,1.2335221604353266,1.74822695035461,0.0,0.0,12.313944366533063,75.0,-74.02217847963647,40.75157672644464,9,observed,opendata,"building_density,dist_stream_m,elevation_m,flow_accum_proxy,impervious_frac,slope_deg",event_raster,production,0,0,0.0,0,0.0,0.0,0.0,0,0,0,0,,none,0.0,0.0,0,open_public_evidence,0.0,0
892a1072403ffff,49.05877238422606,0.8304472670866553,2.3011052371228784,12.662842012356576,1.0,0.0,657.2031582757401,75.0,-74.01895619384307,40.77810896991825,9,observed,opendata,"building_density,dist_stream_m,elevation_m,flow_accum_proxy,impervious_frac,slope_deg",event_raster,production,0,0,0.0,0,0.0,0.0,0.0,0,0,0,0,,none,0.0,0.0,0,open_public_evidence,0.0,0
892a1072407ffff,52.75102608610739,0.7551562920489425,2.73140512940422,6.650751547303272,1.0,0.0,521.753022632744,75.0,-74.01671161870603,40.77552542121764,9,observed,opendata,"building_density,dist_stream_m,elevation_m,flow_accum_proxy,impervious_frac,slope_deg",event_raster,production,0,0,0.0,0,0.0,0.0,0.0,0,0,0,0,,none,0.0,0.0,0,open_public_evidence,0.0,0
892a107240bffff,52.69810195613097,0.842507738564147,1.5532804554343118,7.112974404236541,1.0,0.0,1065.4441216634239,75.0,-74.02323470843766,40.777992081327874,9,observed,opendata,"building_density,dist_stream_m,elevation_m,flow_accum_proxy,impervious_frac,slope_deg",event_raster,production,0,0,0.0,0,0.0,0.0,0.0,0,0,0,0,,none,0.0,0.0,0,open_public_evidence,0.0,0
892a107240fffff,48.649561359145345,0.8416002214852427,2.0331553257325377,16.847652790079717,1.0,0.0,731.715838013766,75.0,-74.02098989605211,40.775408615140684,9,observed,opendata,"building_density,dist_stream_m,elevation_m,flow_accum_proxy,impervious_frac,slope_deg",event_raster,production,0,0,0.0,0,0.0,0.0,0.0,0,0,0,0,,none,0.0,0.0,0,open_public_evidence,0.0,0
892a1072413ffff,48.14639460808408,0.8328803600990666,2.055869143944135,8.167256637168142,1.0,0.0,685.1259934630972,75.0,-74.01692226085575,40.780809375859604,9,observed,opendata,"building_density,dist_stream_m,elevation_m,flow_accum_proxy,impervious_frac,slope_deg",event_raster,production,0,0,0.0,0,0.0,0.0,0.0,0,0,0,0,,none,0.0,0.0,0,open_public_evidence,0.0,0
892a1072417ffff,46.768832370731076,0.7682451151515614,5.1299424112291065,7.893015030946065,1.0,0.0,352.9922389101654,75.0,-74.01467767206674,40.778225700277964,9,observed,opendata,"building_density,dist_stream_m,elevation_m,flow_accum_proxy,impervious_frac,slope_deg",event_raster,production,0,0,0.0,0,0.0,0.0,0.0,0,0,0,0,,none,0.0,0.0,0,open_public_evidence,0.0,0
892a107241bffff,54.081229880003804,0.8431039329651183,1.252490752454089,5.290265486725664,1.0,0.0,956.8422349825082,75.0,-74.02120101991962,40.780692562985806,9,observed,opendata,"building_density,dist_stream_m,elevation_m,flow_accum_proxy,impervious_frac,slope_deg",event_raster,production,0,0,0.0,0,0.0,0.0,0.0,0,0,0,0,,none,0.0,0.0,0,open_public_evidence,0.0,0
892a1072423ffff,26.72454868745949,0.4998629400669391,9.340409935769971,8.404424778761062,1.0,0.0,123.89129501841644,75.0,-74.0165010239981,40.77024181589631,9,observed,opendata,"building_density,dist_stream_m,elevation_m,flow_accum_proxy,impervious_frac,slope_deg",event_raster,production,0,0,0.0,0,0.0,0.0,0.0,0,0,0,0,,none,0.0,0.0,0,open_public_evidence,0.0,0
892a1072427ffff,-0.9451006578952139,0.05587628946933095,0.5186346307683622,1.2420774647887325,0.0,0.0,150.9144431914177,75.0,-74.01425696425929,40.767658482883824,9,observed,opendata,"building_density,dist_stream_m,elevation_m,flow_accum_proxy,impervious_frac,slope_deg",event_raster,production,0,0,0.0,0,0.0,0.0,0.0,0,0,0,0,,none,0.0,0.0,0,open_public_evidence,0.0,0
892a107242bffff,46.714389067819624,0.6649244355880866,7.2766476557288975,15.561558901682906,1.0,0.0,493.2785818005569,75.0,-74.02077881973479,40.770125016614664,9,observed,opendata,"building_density,dist_stream_m,elevation_m,flow_accum_proxy,impervious_frac,slope_deg",event_raster,production,0,0,0.0,0,0.0,0.0,0.0,0,0,0,0,,none,0.0,0.0,0,open_public_evidence,0.0,0
892a107242fffff,20.186880359994323,0.5792048429192482,9.39881380339121,6.742705570291777,1.0,0.0,151.93916428113883,75.0,-74.01853452281286,40.767541766074764,9,observed,opendata,"building_density,dist_stream_m,elevation_m,flow_accum_proxy,impervious_frac,slope_deg",event_raster,production,0,0,0.0,0,0.0,0.0,0.0,0,0,0,0,,none,0.0,0.0,0,open_public_evidence,0.0,0
892a1072433ffff,18.642330520466587,0.6250950335035889,8.866768249411658,8.532215357458076,1.0,0.0,194.1446980225434,75.0,-74.01446729447319,40.77294191690633,9,observed,opendata,"building_density,dist_stream_m,elevation_m,flow_accum_proxy,impervious_frac,slope_deg",event_raster,production,0,0,0.0,0,0.0,0.0,0.0,0,0,0,0,,none,0.0,0.0,0,open_public_evidence,0.0,0
892a1072437ffff,-0.9560317376758853,0.0749744624066504,0.5351966495241164,1.588131089459699,0.0,0.0,124.62240805535427,75.0,-74.01222322110942,40.770358457006665,9,observed,opendata,"building_density,dist_stream_m,elevation_m,flow_accum_proxy,impervious_frac,slope_deg",event_raster,production,0,0,0.0,0,0.0,0.0,0.0,0,0,0,0,,none,0.0,0.0,0,open_public_evidence,0.0,0
892a107243bffff,50.49888588321367,0.7527420800162832,3.3335588726965866,11.65022026431718,1.0,0.0,465.472357203651,75.0,-74.01874533458398,40.77282519332272,9,observed,opendata,"building_density,dist_stream_m,elevation_m,flow_accum_proxy,impervious_frac,slope_deg",event_raster,production,0,0,0.0,0,0.0,0.0,0.0,0,0,0,0,,none,0.0,0.0,0,open_public_evidence,0.0,0
892a1072443ffff,24.771591211427374,0.5959692323056783,8.117139126847967,29.127496159754223,1.0,0.0,1709.3594427976097,75.0,-74.02975851637672,40.780458462489065,9,observed,opendata,"building_density,dist_stream_m,elevation_m,flow_accum_proxy,impervious_frac,slope_deg",event_raster,production,0,0,0.0,0,0.0,0.0,0.0,0,0,0,0,,none,0.0,0.0,0,open_public_evidence,0.0,0
892a1072447ffff,49.61256871663087,0.7189782514164211,2.673461159975235,14.62854609929078,1.0,0.0,1451.462679076926,75.0,-74.02751321580274,40.77787503450795,9,observed,opendata,"building_density,dist_stream_m,elevation_m,flow_accum_proxy,impervious_frac,slope_deg",event_raster,production,0,0,0.0,0,0.0,0.0,0.0,0,0,0,0,,none,0.0,0.0,0,open_public_evidence,0.0,0
892a1072453ffff,20.500771254380123,0.46539379786090657,6.713535134292724,25.05923961096375,1.0,0.0,1427.4893630804638,75.0,-74.02772508610178,40.783159146720486,9,observed,opendata,"building_density,dist_stream_m,elevation_m,flow_accum_proxy,impervious_frac,slope_deg",event_raster,production,0,0,0.0,0,0.0,0.0,0.0,0,0,0,0,,none,0.0,0.0,0,open_public_evidence,0.0,0
892a1072457ffff,48.290813565887184,0.6963160488985282,4.19215267992257,10.512389380530973,1.0,0.0,1269.4519281889816,75.0,-74.02547977177582,40.78057559186193,9,observed,opendata,"building_density,dist_stream_m,elevation_m,flow_accum_proxy,impervious_frac,slope_deg",event_raster,production,0,0,0.0,0,0.0,0.0,0.0,0,0,0,0,,none,0.0,0.0,0,open_public_evidence,0.0,0
892a1072463ffff,57.45673262819331,0.8143892495344717,1.8829214118870226,6.36790780141844,1.0,0.0,893.5615564979853,75.0,-74.02730139322445,40.772591271584425,9,observed,opendata,"building_density,dist_stream_m,elevation_m,flow_accum_proxy,impervious_frac,slope_deg",event_raster,production,0,0,0.0,0,0.0,0.0,0.0,0,0,0,0,,none,0.0,0.0,0,open_public_evidence,0.0,0
892a1072467ffff,50.55528106554896,0.8384226388716823,4.799579901945969,23.746913580246915,1.0,0.0,705.7301309821522,75.0,-74.02505660827178,40.77000805916279,9,observed,opendata,"building_density,dist_stream_m,elevation_m,flow_accum_proxy,impervious_frac,slope_deg",event_raster,production,0,0,0.0,0,0.0,0.0,0.0,0,0,0,0,,none,0.0,0.0,0,open_public_evidence,0.0,0
892a107246fffff,56.28827215431594,0.8494442589914906,3.203800331109541,6.888604353393085,1.0,0.0,550.5973022719853,75.0,-74.02933438956146,40.769890943541796,9,observed,opendata,"building_density,dist_stream_m,elevation_m,flow_accum_proxy,impervious_frac,slope_deg",event_raster,production,0,0,0.0,0,0.0,0.0,0.0,0,0,0,0,,none,0.0,0.0,0,open_public_evidence,0.0,0
892a1072473ffff,52.31461169970552,0.8455214234815036,1.4192690730430877,9.370468611847922,1.0,0.0,1226.889477659641,75.0,-74.02526816619458,40.775291650853596,9,observed,opendata,"building_density,dist_stream_m,elevation_m,flow_accum_proxy,impervious_frac,slope_deg",event_raster,production,0,0,0.0,0,0.0,0.0,0.0,0,0,0,0,,none,0.0,0.0,0,open_public_evidence,0.0,0
892a1072477ffff,51.948522168065885,0.8382713345170126,2.143890103837434,10.506631299734748,1.0,0.0,733.1240088974706,75.0,-74.02302336751694,40.772708311548385,9,observed,opendata,"building_density,dist_stream_m,elevation_m,flow_accum_proxy,impervious_frac,slope_deg",event_raster,production,0,0,0.0,0,0.0,0.0,0.0,0,0,0,0,,none,0.0,0.0,0,open_public_evidence,0.0,0
892a107247bffff,53.221591556851486,0.8336828033516238,1.738581492367391,8.297635605006954,1.0,0.0,1131.3731038360875,75.0,-74.02954642908567,40.77517452835746,9,observed,opendata,"building_density,dist_stream_m,elevation_m,flow_accum_proxy,impervious_frac,slope_deg",event_raster,production,0,0,0.0,0,0.0,0.0,0.0,0,0,0,0,,none,0.0,0.0,0,open_public_evidence,0.0,0
892a1072483ffff,42.488403330009454,0.6057471971840299,6.255196192114886,7.829354553492484,1.0,0.0,483.95772675593304,75.0,-74.01060908636767,40.78362641180902,9,observed,opendata,"building_density,dist_stream_m,elevation_m,flow_accum_proxy,impervious_frac,slope_deg",event_raster,production,0,0,0.0,0,0.0,0.0,0.0,0,0,0,0,,none,0.0,0.0,0,open_public_evidence,0.0,0
892a1072487ffff,4.984786602785906,0.556243394249582,4.409068000239461,8.26984126984127,1.0,0.0,165.739221441038,75.0,-74.00836472129603,40.781042526852644,9,observed,opendata,"building_density,dist_stream_m,elevation_m,flow_accum_proxy,impervious_frac,slope_deg",event_raster,production,0,0,0.0,0,0.0,0.0,0.0,0,0,0,0,,none,0.0,0.0,0,open_public_evidence,0.0,0
892a107248bffff,48.11733975397813,0.8038290453947929,1.928156807159002,8.404951370468611,1.0,0.0,758.1770818608466,75.0,-74.01488809705594,40.78350983294331,9,observed,opendata,"building_density,dist_stream_m,elevation_m,flow_accum_proxy,impervious_frac,slope_deg",event_raster,production,0,0,0.0,0,0.0,0.0,0.0,0,0,0,0,,none,0.0,0.0,0,open_public_evidence,0.0,0
892a107248fffff,46.54218184043911,0.6995044917071885,5.474233973659641,7.693121693121693,1.0,0.0,415.5172461930345,75.0,-74.012643494632,40.78092603048224,9,observed,opendata,"building_density,dist_stream_m,elevation_m,flow_accum_proxy,impervious_frac,slope_deg",event_raster,production,0,0,0.0,0,0.0,0.0,0.0,0,0,0,0,,none,0.0,0.0,0,open_public_evidence,0.0,0
892a1072493ffff,47.813069416796964,0.8272744843971382,2.4870455776919123,10.527802294792586,1.0,0.0,625.1791113801562,75.0,-74.00857444723952,40.7863268442368,9,observed,opendata,"building_density,dist_stream_m,elevation_m,flow_accum_proxy,impervious_frac,slope_deg",event_raster,production,0,0,0.0,0,0.0,0.0,0.0,0,0,0,0,,none,0.0,0.0,0,open_public_evidence,0.0,0
892a1072497ffff,15.686929782196485,0.541350377707091,8.786211936563188,19.61150442477876,1.0,0.0,256.4742747214292,75.0,-74.00633006858901,40.783742832401984,9,observed,opendata,"building_density,dist_stream_m,elevation_m,flow_accum_proxy,impervious_frac,slope_deg",event_raster,production,0,0,0.0,0,0.0,0.0,0.0,0,0,0,0,,none,0.0,0.0,0,open_public_evidence,0.0,0
892a107249bffff,49.81269940034843,0.844708830591232,1.9495554014012164,7.149911816578483,1.0,0.0,813.4539992758779,75.0,-74.0128537024095,40.78621034114787,9,observed,opendata,"building_density,dist_stream_m,elevation_m,flow_accum_proxy,impervious_frac,slope_deg",event_raster,production,0,0,0.0,0,0.0,0.0,0.0,0,0,0,0,,none,0.0,0.0,0,open_public_evidence,0.0,0
892a10724a3ffff,-1.1352860654983588,8.795335395351747e-06,0.006438918862444338,1.1627088830255057,0.0,0.0,177.44531262602757,75.0,-74.00815504259369,40.775758558736776,9,observed,opendata,"building_density,dist_stream_m,elevation_m,flow_accum_proxy,impervious_frac,slope_deg",event_raster,production,0,0,0.0,0,0.0,0.0,0.0,0,0,0,0,,none,0.0,0.0,0,open_public_evidence,0.0,0
892a10724a7ffff,-1.1393524419955177,0.0,0.0015272287086008712,1.054030115146147,0.0,0.0,253.82541612041396,75.0,-74.00591119290894,40.77317488949708,9,observed,opendata,"building_density,dist_stream_m,elevation_m,flow_accum_proxy,impervious_frac,slope_deg",event_raster,production,0,0,0.0,0,0.0,0.0,0.0,0,0,0,0,,none,0.0,0.0,0,open_public_evidence,0.0,0
892a10724abffff,10.10067973245451,0.5189212769237829,7.95148000337118,8.628647214854112,1.0,0.0,78.81295369161643,75.0,-74.01243333420399,40.775642069083354,9,observed,opendata,"building_density,dist_stream_m,elevation_m,flow_accum_proxy,impervious_frac,slope_deg",event_raster,production,0,0,0.0,0,0.0,0.0,0.0,0,0,0,0,,none,0.0,0.0,0,open_public_evidence,0.0,0
892a10724afffff,0.12986585144860158,0.24707656537933856,1.3665052374149054,1.9902654867256637,0.0,0.0,12.904630741088932,75.0,-74.01018924723229,40.77305848229813,9,observed,opendata,"building_density,dist_stream_m,elevation_m,flow_accum_proxy,impervious_frac,slope_deg",event_raster,production,0,0,0.0,0,0.0,0.0,0.0,0,0,0,0,,none,0.0,0.0,0,open_public_evidence,0.0,0
892a10724b3ffff,-0.9229109167291282,0.03598068857279279,0.4974492996875601,1.3534100974313552,0.0,0.0,154.63028991633172,75.0,-74.0061206071595,40.77845868630112,9,observed,opendata,"building_density,dist_stream_m,elevation_m,flow_accum_proxy,impervious_frac,slope_deg",event_raster,production,0,0,0.0,0,0.0,0.0,0.0,0,0,0,0,,none,0.0,0.0,0,open_public_evidence,0.0,0
892a10724b7ffff,-1.1284223805495972,0.0,0.0026323303270530687,1.1319751992914082,0.0,0.0,248.79724357982874,75.0,-74.00387674392283,40.7758748901768,9,observed,opendata,"building_density,dist_stream_m,elevation_m,flow_accum_proxy,impervious_frac,slope_deg",event_raster,production,0,0,0.0,0,0.0,0.0,0.0,0,0,0,0,,none,0.0,0.0,0,open_public_evidence,0.0,0
892a10724bbffff,5.97209204183809,0.3966848522177959,5.898402849442235,7.933628318584071,0.0,0.0,83.66730831273524,75.0,-74.01039914315632,40.77834227240595,9,observed,opendata,"building_density,dist_stream_m,elevation_m,flow_accum_proxy,impervious_frac,slope_deg",event_raster,production,0,0,0.0,0,0.0,0.0,0.0,0,0,0,0,,none,0.0,0.0,0,open_public_evidence,0.0,0
892a10724c3ffff,53.441709901251485,0.8434594856965447,2.087772762707569,7.423519009725906,1.0,0.0,1353.0971993471037,75.0,-74.02141219135333,40.785976860094564,9,observed,opendata,"building_density,dist_stream_m,elevation_m,flow_accum_proxy,impervious_frac,slope_deg",event_raster,production,0,0,0.0,0,0.0,0.0,0.0,0,0,0,0,,none,0.0,0.0,0,open_public_evidence,0.0,0
892a10724c7ffff,53.00423650969245,0.8397238470620544,1.507108256429974,7.212201591511937,1.0,0.0,993.7530009390877,75.0,-74.01916710060624,40.78339309580593,9,observed,opendata,"building_density,dist_stream_m,elevation_m,flow_accum_proxy,impervious_frac,slope_deg",event_raster,production,0,0,0.0,0,0.0,0.0,0.0,0,0,0,0,,none,0.0,0.0,0,open_public_evidence,0.0,0
892a10724cbffff,30.550779462282637,0.4870719905711908,8.684519126826682,17.53362831858407,1.0,0.0,1179.3771100097422,75.0,-74.02569142503172,40.78585988213233,9,observed,opendata,"building_density,dist_stream_m,elevation_m,flow_accum_proxy,impervious_frac,slope_deg",event_raster,production,0,0,0.0,0,0.0,0.0,0.0,0,0,0,0,,none,0.0,0.0,0,open_public_evidence,0.0,0
892a10724cfffff,46.01807294093387,0.6510794186295653,5.905828143548693,25.933978873239436,1.0,0.0,1278.9535222663246,75.0,-74.02344609697074,40.78327620039796,9,observed,opendata,"building_density,dist_stream_m,elevation_m,flow_accum_proxy,impervious_frac,slope_deg",event_raster,production,0,0,0.0,0,0.0,0.0,0.0,0,0,0,0,,none,0.0,0.0,0,open_public_evidence,0.0,0
892a10724d3ffff,55.403431779304434,0.7536739133891807,2.0505485212512777,8.32212389380531,1.0,0.0,1200.9011327949247,75.0,-74.01937805488944,40.788677570930275,9,observed,opendata,"building_density,dist_stream_m,elevation_m,flow_accum_proxy,impervious_frac,slope_deg",event_raster,production,0,0,0.0,0,0.0,0.0,0.0,0,0,0,0,,none,0.0,0.0,0,open_public_evidence,0.0,0
892a10724d7ffff,53.84307232290954,0.8382876419472969,1.164253104593404,5.81078691423519,1.0,0.0,1101.61611420531,75.0,-74.01713295046336,40.78609367976678,9,observed,opendata,"building_density,dist_stream_m,elevation_m,flow_accum_proxy,impervious_frac,slope_deg",event_raster,production,0,0,0.0,0,0.0,0.0,0.0,0,0,0,0,,none,0.0,0.0,0,open_public_evidence,0.0,0
892a10724dbffff,50.45473566189618,0.5766339505707819,5.323097355178439,11.32306338028169,1.0,0.0,1011.6527863070658,75.0,-74.02365753313228,40.78856066870313,9,observed,opendata,"building_density,dist_stream_m,elevation_m,flow_accum_proxy,impervious_frac,slope_deg",event_raster,production,0,0,0.0,0,0.0,0.0,0.0,0,0,0,0,,none,0.0,0.0,0,open_public_evidence,0.0,0
892a1072503ffff,1.2461224184318196,0.6190176683673964,1.6929119136053166,5.687224669603524,1.0,84.97582540509227,31.95420590363109,75.0,-74.00324943564168,40.76002506197137,9,observed,opendata,"building_density,dist_stream_m,elevation_m,flow_accum_proxy,impervious_frac,slope_deg",event_raster,production,0,0,0.01916979898255776,1,0.01916979898255776,0.011004647848524694,0.008165151134032888,1,1,0,0,,dep+complaint,1.0,1.0,1,open_public_evidence,0.48739778810172996,1
892a1072507ffff,6.045594999236418,0.8499440135738106,2.996865446360597,7.914007092198582,1.0,151.0758493684931,327.30121004922245,75.0,-74.00100661609572,40.757441824465054,9,observed,opendata,"building_density,dist_stream_m,elevation_m,flow_accum_proxy,impervious_frac,slope_deg",event_raster,production,0,0,0.0,1,0.0,0.0,0.0,1,1,0,0,,complaint,1.0,1.0,1,open_public_evidence,0.10694543621105204,1
892a107250bffff,-0.8298434341719013,0.08601848066675553,0.5711638835490581,1.3560673162090346,0.0,0.0,76.08523843317637,75.0,-74.0075262897737,40.759908750553265,9,observed,opendata,"building_density,dist_stream_m,elevation_m,flow_accum_proxy,impervious_frac,slope_deg",event_raster,production,0,0,0.0,0,0.0,0.0,0.0,0,0,0,0,,none,0.0,0.0,0,open_public_evidence,0.0,0
892a107250fffff,1.0902016298888344,0.569851808267392,1.391138824584509,5.543439716312057,1.0,18.884428478775728,4.22137800358911,75.0,-74.00528323307157,40.757325595419836,9,observed,opendata,"building_density,dist_stream_m,elevation_m,flow_accum_proxy,impervious_frac,slope_deg",event_raster,production,0,0,0.0,0,0.0,0.0,0.0,0,0,0,0,,none,0.0,0.0,0,open_public_evidence,0.3983925568713587,1
892a1072513ffff,1.2232550291131696,0.6491237262478268,2.253720396949,12.631532329495128,1.0,75.53042092185365,20.242686724289964,75.0,-74.00121540755254,40.76272457969797,9,observed,opendata,"building_density,dist_stream_m,elevation_m,flow_accum_proxy,impervious_frac,slope_deg",event_raster,production,0,0,0.1473797824129643,0,0.1473797824129643,0.10483675597958257,0.04254302643338013,0,0,0,0,,dep,0.1473797824129643,0.1473797824129643,1,open_public_evidence,0.5387891253406307,1
892a1072517ffff,4.993447874205814,0.8809119189976592,0.6834330719701738,15.724137931034482,1.0,160.51034107901586,373.57793908672954,75.0,-73.99897257450851,40.76014121529478,9,observed,opendata,"building_density,dist_stream_m,elevation_m,flow_accum_proxy,impervious_frac,slope_deg",event_raster,production,0,0,0.2156620654406723,4,0.2156620654406723,0.1356626830482434,0.07999938239243179,3,1,0,0,,dep+complaint+floodnet,1.0,1.0,1,open_public_evidence,0.048230270860012164,1
892a107251bffff,-1.0939479195352257,0.037536224196862616,0.40320146403387214,1.2122015915119364,0.0,0.0,80.28823594750345,75.0,-74.00549250588087,40.76260834400102,9,observed,opendata,"building_density,dist_stream_m,elevation_m,flow_accum_proxy,impervious_frac,slope_deg",event_raster,production,0,0,0.0,0,0.0,0.0,0.0,0,0,0,0,,none,0.0,0.0,0,open_public_evidence,0.0,0
892a1072523ffff,5.199998814391355,0.8566568510752197,2.671698970621095,12.481382978723405,1.0,217.19311375770351,679.0165030648308,75.0,-74.00079787164594,40.75215941875203,9,observed,opendata,"building_density,dist_stream_m,elevation_m,flow_accum_proxy,impervious_frac,slope_deg",event_raster,production,0,0,0.0959206565074805,0,0.0959206565074805,0.059903153040238195,0.03601750346724156,0,0,0,0,,dep,0.0959206565074805,0.0959206565074805,1,open_public_evidence,0.07443176872981307,1
892a1072527ffff,8.02425549040807,0.7638562700559389,0.6980485919895808,21.63964757709251,1.0,557.17601771214,952.3438837705331,75.0,-73.99855556685219,40.74957639726228,9,observed,opendata,"building_density,dist_stream_m,elevation_m,flow_accum_proxy,impervious_frac,slope_deg",event_raster,production,0,0,0.0,0,0.0,0.0,0.0,0,0,0,0,,none,0.0,0.0,0,open_public_evidence,0.0,0
892a107252bffff,2.9207114512356536,0.8889311911048248,1.0454355961386612,5.62621789193977,1.0,273.8514228478726,278.96931947887134,75.0,-74.00507400737747,40.75204319635703,9,observed,opendata,"building_density,dist_stream_m,elevation_m,flow_accum_proxy,impervious_frac,slope_deg",event_raster,production,0,0,0.1475243257045163,2,0.1475243257045163,0.10708758469296469,0.0404367410115488,2,1,0,0,,dep+complaint,1.0,1.0,1,open_public_evidence,0.717388832122175,1
892a107252fffff,3.831076872926666,0.8015977727650754,1.5456610130205382,8.916961130742049,1.0,916.0325876624108,545.1570060063358,75.0,-74.00283146549287,40.749460257199395,9,observed,opendata,"building_density,dist_stream_m,elevation_m,flow_accum_proxy,impervious_frac,slope_deg",event_raster,production,0,0,0.018561077224888367,2,0.018561077224888367,0.014661257356044972,0.0038998198688427587,2,1,0,0,,dep+complaint,1.0,1.0,1,open_public_evidence,0.0,0
892a1072533ffff,10.129730641472982,0.8491542145122373,2.8985881885327562,7.006189213085765,1.0,406.03708434312045,605.1242342959185,75.0,-73.99876404720786,40.75485863150437,9,observed,opendata,"building_density,dist_stream_m,elevation_m,flow_accum_proxy,impervious_frac,slope_deg",event_raster,production,0,0,0.0,0,0.0,0.0,0.0,0,0,0,0,,none,0.0,0.0,0,open_public_evidence,0.012732320453331742,1
892a1072537ffff,11.283054737334556,0.8598460360621729,1.0457777473570367,4.88563829787234,1.0,254.96654301127882,930.0209004306128,75.0,-73.9965217289429,40.75227548311166,9,observed,opendata,"building_density,dist_stream_m,elevation_m,flow_accum_proxy,impervious_frac,slope_deg",event_raster,production,0,0,0.0,3,0.0,0.0,0.0,3,1,0,0,,complaint,1.0,1.0,1,open_public_evidence,0.0,0
892a107253bffff,4.110419118476597,0.83294709461376,3.8013700129156565,3.756828193832599,1.0,84.9842684980743,335.25454090656655,75.0,-74.0030404270407,40.754742484811985,9,observed,opendata,"building_density,dist_stream_m,elevation_m,flow_accum_proxy,impervious_frac,slope_deg",event_raster,production,0,0,0.0010263238457858136,0,0.0010263238457858136,0.00025145952105069363,0.0007748643247352705,0,0,0,0,,dep,0.0010263238457858136,0.0010263238457858136,1,open_public_evidence,0.6835818736090123,1
892a1072543ffff,-1.1719838040815274,0.0,0.002352586821666271,1.119718309859155,0.0,0.0,273.7925776975853,75.0,-74.01404668140908,40.762375398265874,9,observed,opendata,"building_density,dist_stream_m,elevation_m,flow_accum_proxy,impervious_frac,slope_deg",event_raster,production,0,0,0.0,0,0.0,0.0,0.0,0,0,0,0,,none,0.0,0.0,0,open_public_evidence,0.0,0
892a1072547ffff,-1.177139223887857,0.0,0.005169294490731338,1.227433628318584,0.0,0.0,41.20677778398168,75.0,-74.01180313685693,40.759792281041555,9,observed,opendata,"building_density,dist_stream_m,elevation_m,flow_accum_proxy,impervious_frac,slope_deg",event_raster,production,0,0,0.0,0,0.0,0.0,0.0,0,0,0,0,,none,0.0,0.0,0,open_public_evidence,0.0,0
892a107254bffff,-0.745007982357109,0.17954856643421893,0.78230729122482,1.6386182462356067,0.0,0.0,120.5017939533445,75.0,-74.01832375851366,40.76225868822983,9,observed,opendata,"building_density,dist_stream_m,elevation_m,flow_accum_proxy,impervious_frac,slope_deg",event_raster,production,0,0,0.0,0,0.0,0.0,0.0,0,0,0,0,,none,0.0,0.0,0,open_public_evidence,0.0,0
892a107254fffff,-1.1812719191144905,0.0,0.005179993725714127,1.1558901682905225,0.0,0.0,187.35326562693288,75.0,-74.01607997684373,40.75967565343729,9,observed,opendata,"building_density,dist_stream_m,elevation_m,flow_accum_proxy,impervious_frac,slope_deg",event_raster,production,0,0,0.0,0,0.0,0.0,0.0,0,0,0,0,,none,0.0,0.0,0,open_public_evidence,0.0,0
892a1072553ffff,-1.1681818871210652,0.0,0.0021562530147345204,1.122340425531915,0.0,0.0,268.8226109155244,75.0,-74.01201315533241,40.7650751943076,9,observed,opendata,"building_density,dist_stream_m,elevation_m,flow_accum_proxy,impervious_frac,slope_deg",event_raster,production,0,0,0.0,0,0.0,0.0,0.0,0,0,0,0,,none,0.0,0.0,0,open_public_evidence,0.0,0
892a1072557ffff,-1.169414788009846,0.0,0.0015357556485002283,1.0805309734513275,0.0,0.0,46.17822729078112,75.0,-74.00976959718226,40.76249195018997,9,observed,opendata,"building_density,dist_stream_m,elevation_m,flow_accum_proxy,impervious_frac,slope_deg",event_raster,production,0,0,0.0,0,0.0,0.0,0.0,0,0,0,0,,none,0.0,0.0,0,open_public_evidence,0.0,0
892a107255bffff,-0.17368041014760338,0.19472838299736508,0.8625627990282528,2.0716814159292034,0.0,0.0,60.973959875097634,75.0,-74.016290476716,40.76495855995107,9,observed,opendata,"building_density,dist_stream_m,elevation_m,flow_accum_proxy,impervious_frac,slope_deg",event_raster,production,0,0,0.0,0,0.0,0.0,0.0,0,0,0,0,,none,0.0,0.0,0,open_public_evidence,0.0,0
892a1072563ffff,-1.1932794187508575,0.0,0.0023306766082161166,1.0904255319148937,0.0,0.0,210.35436320837707,75.0,-74.01159316566697,40.75450971726391,9,observed,opendata,"building_density,dist_stream_m,elevation_m,flow_accum_proxy,impervious_frac,slope_deg",event_raster,production,0,0,0.0,0,0.0,0.0,0.0,0,0,0,0,,none,0.0,0.0,0,open_public_evidence,0.0,0
892a1072567ffff,-0.12428534306109469,0.3021432922968172,1.7131732274529883,2.137323943661972,0.0,28.32937876710304,25.86806382199868,75.0,-74.00935013608994,40.7519268159277,9,observed,opendata,"building_density,dist_stream_m,elevation_m,flow_accum_proxy,impervious_frac,slope_deg",event_raster,production,0,0,0.048497128990692306,0,0.048497128990692306,0.03728121549416342,0.011215913496532686,0,0,0,0,,dep,0.048497128990692306,0.048497128990692306,1,open_public_evidence,0.0,0
892a107256bffff,-1.197653658516639,0.0,0.0022105876311033436,1.1300884955752213,0.0,0.0,101.09264310461722,75.0,-74.01586952436521,40.75439309641035,9,observed,opendata,"building_density,dist_stream_m,elevation_m,flow_accum_proxy,impervious_frac,slope_deg",event_raster,production,0,0,0.0,0,0.0,0.0,0.0,0,0,0,0,,none,0.0,0.0,0,open_public_evidence,0.0,0
892a107256fffff,-1.202068374009259,0.0,0.002294063263271927,1.165486725663717,0.0,0.0,143.05380611955823,75.0,-74.01362625773565,40.751810277465154,9,observed,opendata,"building_density,dist_stream_m,elevation_m,flow_accum_proxy,impervious_frac,slope_deg",event_raster,production,0,0,0.0,0,0.0,0.0,0.0,0,0,0,0,,none,0.0,0.0,0,open_public_evidence,0.0,0
892a1072573ffff,-1.1855190468381593,0.0008654120803168676,0.006012688916834566,1.1888790820829656,0.0,0.0,220.25367725192532,75.0,-74.00955984302436,40.75720920830043,9,observed,opendata,"building_density,dist_stream_m,elevation_m,flow_accum_proxy,impervious_frac,slope_deg",event_raster,production,0,0,0.0,0,0.0,0.0,0.0,0,0,0,0,,none,0.0,0.0,0,open_public_evidence,0.0,0
892a1072577ffff,0.4187198552080488,0.47677183612775204,1.0050373529378156,2.652212389380531,1.0,84.98403178741441,2.8995916915417252,75.0,-74.00731679987626,40.754626180064804,9,observed,opendata,"building_density,dist_stream_m,elevation_m,flow_accum_proxy,impervious_frac,slope_deg",event_raster,production,0,0,0.0852672029726375,2,0.0852672029726375,0.03326968045105606,0.05199752252158166,1,1,0,0,,dep+complaint+floodnet,1.0,1.0,1,open_public_evidence,0.4946633194377601,1
892a107257bffff,-1.189888697209712,0.0,0.000943842089353228,1.0353356890459364,0.0,0.0,8.750160908497161,75.0,-74.01383644590652,40.757092663107876,9,observed,opendata,"building_density,dist_stream_m,elevation_m,flow_accum_proxy,impervious_frac,slope_deg",event_raster,production,0,0,0.0,0,0.0,0.0,0.0,0,0,0,0,,none,0.0,0.0,0,open_public_evidence,0.0,0
892a1072583ffff,6.519296463661431,0.8656322784504076,1.2021088289992803,7.535872453498671,1.0,783.5924947801799,261.7811274531109,75.0,-73.9949037992709,40.765540150398465,9,observed,opendata,"building_density,dist_stream_m,elevation_m,flow_accum_proxy,impervious_frac,slope_deg",event_raster,production,0,0,0.0,2,0.0,0.0,0.0,2,1,0,0,,complaint,1.0,1.0,1,open_public_evidence,0.0,0
892a1072587ffff,10.090630674698575,0.809529471886221,1.950575687806738,12.706349206349206,1.0,1973.2433157714556,573.2972170277332,75.0,-73.9926611900057,40.762956576745275,9,observed,opendata,"building_density,dist_stream_m,elevation_m,flow_accum_proxy,impervious_frac,slope_deg",event_raster,production,0,0,0.0,0,0.0,0.0,0.0,0,0,0,0,,none,0.0,0.0,0,open_public_evidence,0.016288634447326752,1
892a107258bffff,0.8910311998643944,0.5248700234349003,1.3146010011575695,16.354867256637167,1.0,75.5267756014518,37.341640471217765,75.0,-73.99918114877002,40.76542414857817,9,observed,opendata,"building_density,dist_stream_m,elevation_m,flow_accum_proxy,impervious_frac,slope_deg",event_raster,production,0,0,0.0,0,0.0,0.0,0.0,0,0,0,0,,none,0.0,0.0,0,open_public_evidence,0.13512085077376088,1
892a107258fffff,4.998828673531226,0.8786580827969123,0.8050133910675141,21.29946996466431,1.0,670.3343626364795,243.24518928357168,75.0,-73.99693830224494,40.762840657279725,9,observed,opendata,"building_density,dist_stream_m,elevation_m,flow_accum_proxy,impervious_frac,slope_deg",event_raster,production,0,0,0.03395571471594453,2,0.03395571471594453,0.023811229652754787,0.010144485063184942,2,1,0,0,,dep+complaint,1.0,1.0,1,open_public_evidence,0.03415072459967782,1
892a1072593ffff,6.987483446252641,0.7992002060472333,1.2909846685583253,21.40989399293286,1.0,302.0933730864464,305.58871106914717,75.0,-73.99286906555227,40.7682396946295,9,observed,opendata,"building_density,dist_stream_m,elevation_m,flow_accum_proxy,impervious_frac,slope_deg",event_raster,production,0,0,0.03758025494444442,0,0.03758025494444442,0.03758025494444442,0.0,0,0,0,0,,dep,0.03758025494444442,0.03758025494444442,1,open_public_evidence,0.0,0
892a1072597ffff,10.752048462893056,0.8518546011068124,2.0470195614757527,39.24247787610619,1.0,1076.2626003014484,561.5159975767136,75.0,-73.99062644286204,40.76565599408204,9,observed,opendata,"building_density,dist_stream_m,elevation_m,flow_accum_proxy,impervious_frac,slope_deg",event_raster,production,0,0,0.017203052314995727,0,0.017203052314995727,0.015445117051666743,0.0017579352633289875,0,0,0,0,,dep,0.017203052314995727,0.017203052314995727,1,open_public_evidence,0.0,0
892a107259bffff,1.314869172601537,0.49500416135251324,1.0459180768234038,12.309251101321586,1.0,151.0462621300244,22.508392927342722,75.0,-73.99714665926001,40.768123768590534,9,observed,opendata,"building_density,dist_stream_m,elevation_m,flow_accum_proxy,impervious_frac,slope_deg",event_raster,production,0,0,0.010654628643686374,1,0.010654628643686374,0.009858283561489148,0.0007963450821972296,1,1,0,0,,dep+complaint,1.0,1.0,1,open_public_evidence,0.0,0
892a10725a3ffff,10.626325219948386,0.8449352595774613,0.5171319420839197,43.61938325991189,1.0,915.9024743471946,890.5987337176641,75.0,-73.99245336126558,40.75767380832861,9,observed,opendata,"building_density,dist_stream_m,elevation_m,flow_accum_proxy,impervious_frac,slope_deg",event_raster,production,0,0,0.0,10,0.0,0.0,0.0,10,1,0,0,,complaint,1.0,1.0,1,open_public_evidence,0.0,0
892a10725a7ffff,12.918522387479259,0.696655504260443,0.798905699975393,21.715929203539822,1.0,878.1781631297371,1231.1296280096442,75.0,-73.99021126674094,40.75509045072057,9,observed,opendata,"building_density,dist_stream_m,elevation_m,flow_accum_proxy,impervious_frac,slope_deg",event_raster,production,0,0,0.0,8,0.0,0.0,0.0,8,1,0,0,,complaint,1.0,1.0,1,open_public_evidence,0.0,0
892a10725abffff,8.673706055529225,0.8608100384815751,1.3115315472736744,8.457193292144748,1.0,377.69068089618656,711.161841750214,75.0,-73.99672999214451,40.75755789543499,9,observed,opendata,"building_density,dist_stream_m,elevation_m,flow_accum_proxy,impervious_frac,slope_deg",event_raster,production,0,0,0.10108734565705937,0,0.10108734565705937,0.024700305807106342,0.07638703984995257,0,0,0,0,,dep,0.10108734565705937,0.10108734565705937,1,open_public_evidence,0.0895782950632708,1
892a10725afffff,11.274232937869401,0.7877245025892401,1.2990398246764965,8.009743135518157,1.0,1048.1451805492734,1048.6257880759667,75.0,-73.99448766042539,40.75497462014091,9,observed,opendata,"building_density,dist_stream_m,elevation_m,flow_accum_proxy,impervious_frac,slope_deg",event_raster,production,0,0,0.000567841626649316,0,0.000567841626649316,0.0004922803858785468,7.556124077018824e-05,0,0,0,0,,dep,0.000567841626649316,0.000567841626649316,1,open_public_evidence,0.0,0
892a10725b3ffff,12.285519724086495,0.7807905061568065,0.7605987803216948,230.32949512843223,1.0,2483.2033476045717,861.9299614129201,75.0,-73.99041883142932,40.7603730476533,9,observed,opendata,"building_density,dist_stream_m,elevation_m,flow_accum_proxy,impervious_frac,slope_deg",event_raster,production,0,0,0.0,4,0.0,0.0,0.0,4,1,0,0,,complaint,1.0,1.0,1,open_public_evidence,0.0,0
892a10725b7ffff,13.950070532501167,0.7507218808358442,0.642331115782578,81.31028368794327,1.0,538.2122495894911,1191.9717532628226,75.0,-73.98817672350651,40.75778956314487,9,observed,opendata,"building_density,dist_stream_m,elevation_m,flow_accum_proxy,impervious_frac,slope_deg",event_raster,production,0,0,0.0,16,0.0,0.0,0.0,16,1,0,0,,complaint,1.0,1.0,1,open_public_evidence,0.0,0
892a10725bbffff,7.760966696709632,0.8067670723471206,0.8992350022945771,230.16209034543843,1.0,1151.9009726401,554.0762707002473,75.0,-73.99469570642187,40.76025721052243,9,observed,opendata,"building_density,dist_stream_m,elevation_m,flow_accum_proxy,impervious_frac,slope_deg",event_raster,production,0,0,0.09146750554328134,3,0.09146750554328134,0.04641639045770027,0.045051115085586256,3,1,0,0,,dep+complaint,1.0,1.0,1,open_public_evidence,0.04452685513760584,1
892a10725c3ffff,-1.1512551524518546,0.0,0.002145415673072895,1.118899733806566,0.0,0.0,56.16476466273932,75.0,-74.00570182582136,40.76789144204522,9,observed,opendata,"building_density,dist_stream_m,elevation_m,flow_accum_proxy,impervious_frac,slope_deg",event_raster,production,0,0,0.0,0,0.0,0.0,0.0,0,0,0,0,,none,0.0,0.0,0,open_public_evidence,0.0,0
892a10725c7ffff,-0.9384061772991152,0.08390613133934115,0.7991082500259491,1.382171226831421,0.0,9.440820560042654,64.88887115334569,75.0,-74.00345849131178,40.76530798862222,9,observed,opendata,"building_density,dist_stream_m,elevation_m,flow_accum_proxy,impervious_frac,slope_deg",event_raster,production,0,0,0.0,0,0.0,0.0,0.0,0,0,0,0,,none,0.0,0.0,0,open_public_evidence,0.0,0
892a10725cbffff,-1.1576902846319486,0.0,0.0020821930250293054,1.1371681415929205,0.0,0.0,263.8380969501841,75.0,-74.00997939857959,40.767775041541,9,observed,opendata,"building_density,dist_stream_m,elevation_m,flow_accum_proxy,impervious_frac,slope_deg",event_raster,production,0,0,0.0,0,0.0,0.0,0.0,0,0,0,0,,none,0.0,0.0,0,open_public_evidence,0.0,0
892a10725cfffff,-1.1603110010337492,0.0,0.0007629976374925651,1.0468197879858658,0.0,0.0,51.16422197114668,75.0,-74.00773582684846,40.76519167053166,9,observed,opendata,"building_density,dist_stream_m,elevation_m,flow_accum_proxy,impervious_frac,slope_deg",event_raster,production,0,0,0.0,0,0.0,0.0,0.0,0,0,0,0,,none,0.0,0.0,0,open_public_evidence,0.0,0
892a10725d3ffff,-1.1432506545272396,0.0,0.002898317344701444,1.1386925795053005,0.0,0.0,61.17985820394347,75.0,-74.00366759406685,40.770591264709154,9,observed,opendata,"building_density,dist_stream_m,elevation_m,flow_accum_proxy,impervious_frac,slope_deg",event_raster,production,0,0,0.0,0,0.0,0.0,0.0,0,0,0,0,,none,0.0,0.0,0,open_public_evidence,0.0,0
892a10725d7ffff,-0.6819496375670867,2.5405344116476784e-05,0.6086558611250166,1.407079646017699,0.0,0.0,74.66615908476658,75.0,-74.00142424603229,40.76800768439542,9,observed,opendata,"building_density,dist_stream_m,elevation_m,flow_accum_proxy,impervious_frac,slope_deg",event_raster,production,0,0,0.0,0,0.0,0.0,0.0,0,0,0,0,,none,0.0,0.0,0,open_public_evidence,0.0,0
892a10725dbffff,-1.1448556629704758,0.0,0.0023729131360181793,1.1346830985915493,0.0,0.0,258.83903296182757,75.0,-74.00794541111645,40.770474939944634,9,observed,opendata,"building_density,dist_stream_m,elevation_m,flow_accum_proxy,impervious_frac,slope_deg",event_raster,production,0,0,0.0,0,0.0,0.0,0.0,0,0,0,0,,none,0.0,0.0,0,open_public_evidence,0.0,0
892a1072803ffff,2.6564870187532996,0.5302437733938226,2.270872131537573,5.706927175843695,1.0,85.06378881931099,132.49470306552908,75.0,-74.01600847979246,40.70416790835038,9,observed,opendata,"building_density,dist_stream_m,elevation_m,flow_accum_proxy,impervious_frac,slope_deg",event_raster,production,0,0,0.0,0,0.0,0.0,0.0,0,0,0,0,,none,0.0,0.0,0,open_public_evidence,0.0,0
892a1072807ffff,1.588510378716766,0.5777777145722711,2.0316580764568215,5.099202834366697,1.0,151.2322517556073,82.9711950327538,75.0,-74.01376760272268,40.70158676007536,9,observed,opendata,"building_density,dist_stream_m,elevation_m,flow_accum_proxy,impervious_frac,slope_deg",event_raster,production,0,0,0.0,0,0.0,0.0,0.0,0,0,0,0,,none,0.0,0.0,0,open_public_evidence,0.0,0
892a107280bffff,-1.4474934513216213,0.02879724075306356,0.3831690159379657,2.746678476527901,0.0,0.0,138.59779793888592,75.0,-74.02028026096849,40.704051115042546,9,observed,opendata,"building_density,dist_stream_m,elevation_m,flow_accum_proxy,impervious_frac,slope_deg",event_raster,production,0,0,0.0,0,0.0,0.0,0.0,0,0,0,0,,none,0.0,0.0,0,open_public_evidence,0.0,0
892a107280fffff,-1.3505445617010863,0.027593299616471695,0.48795409274879675,1.5008833922261484,0.0,0.0,0.0,75.0,-74.01803914737917,40.70147004899095,9,observed,opendata,"building_density,dist_stream_m,elevation_m,flow_accum_proxy,impervious_frac,slope_deg",event_raster,production,0,0,0.0,0,0.0,0.0,0.0,0,0,0,0,,none,0.0,0.0,0,open_public_evidence,0.0,0
892a1072813ffff,4.757909091382875,0.6756658137585065,2.9082548178950556,6.783496007098492,1.0,368.59190874237,371.57158043151173,75.0,-74.01397758214198,40.706865819195635,9,observed,opendata,"building_density,dist_stream_m,elevation_m,flow_accum_proxy,impervious_frac,slope_deg",event_raster,production,0,0,0.0,0,0.0,0.0,0.0,0,0,0,0,,none,0.0,0.0,0,open_public_evidence,0.0,0
892a1072817ffff,3.231388137474722,0.682544670511136,1.7215129966625071,10.882300884955752,1.0,708.8668630260737,319.636147017686,75.0,-74.01173669148999,40.70428454398579,9,observed,opendata,"building_density,dist_stream_m,elevation_m,flow_accum_proxy,impervious_frac,slope_deg",event_raster,production,0,0,0.05878750057768533,11,0.05878750057768533,0.05453772754512551,0.0042497730325598134,11,1,0,0,,dep+complaint,1.0,1.0,1,open_public_evidence,0.0,0
892a107281bffff,1.7906977780922144,0.39275134951648233,1.8915172496599488,4.261022927689594,0.0,103.96153400976152,31.79459052098667,75.0,-74.0182496070028,40.70674910133614,9,observed,opendata,"building_density,dist_stream_m,elevation_m,flow_accum_proxy,impervious_frac,slope_deg",event_raster,production,0,0,0.0,2,0.0,0.0,0.0,2,1,0,0,,complaint,1.0,1.0,1,open_public_evidence,0.0,0
892a1072823ffff,-1.6200000047683716,0.0,0.0,1.0,0.0,0.0,0.0,75.0,-74.01355767052156,40.69630805104887,9,observed,opendata,"building_density,dist_stream_m,elevation_m,flow_accum_proxy,impervious_frac,slope_deg",event_raster,production,0,0,0.0,0,0.0,0.0,0.0,0,0,0,0,,none,0.0,0.0,0,open_public_evidence,0.0,0
892a1072827ffff,-1.545083444773596,0.00015059385468509603,0.2651400297305527,1.0381205673758864,0.0,9.453441084560032,0.0,75.0,-74.01131730718325,40.69372711920286,9,observed,opendata,"building_density,dist_stream_m,elevation_m,flow_accum_proxy,impervious_frac,slope_deg",event_raster,production,0,0,0.0,0,0.0,0.0,0.0,0,0,0,0,,none,0.0,0.0,0,open_public_evidence,0.0,0
892a107282bffff,-1.6200000047683716,0.0,0.0,1.0,0.0,0.0,0.0,75.0,-74.01782873508158,40.69619134673801,9,observed,opendata,"building_density,dist_stream_m,elevation_m,flow_accum_proxy,impervious_frac,slope_deg",event_raster,production,0,0,0.0,0,0.0,0.0,0.0,0,0,0,0,,none,0.0,0.0,0,open_public_evidence,0.0,0
892a107282fffff,0.4417230446118246,0.13215297875784462,2.037764767945792,2.6314387211367674,0.0,75.62732000166511,0.0,75.0,-74.01558813528878,40.69361049707475,9,observed,opendata,"building_density,dist_stream_m,elevation_m,flow_accum_proxy,impervious_frac,slope_deg",event_raster,production,0,0,0.0,0,0.0,0.0,0.0,0,0,0,0,,none,0.0,0.0,0,open_public_evidence,0.04670655984225075,1
892a1072833ffff,-1.6200000047683716,0.004590458367795307,0.0024932696821417188,1.0008857395925599,0.0,0.0,31.566836558636567,75.0,-74.01152697575844,40.699005656533295,9,observed,opendata,"building_density,dist_stream_m,elevation_m,flow_accum_proxy,impervious_frac,slope_deg",event_raster,production,0,0,0.0,0,0.0,0.0,0.0,0,0,0,0,,none,0.0,0.0,0,open_public_evidence,0.0,0
892a1072837ffff,-1.6200000047683716,0.0,0.0,1.0,0.0,0.0,0.0,75.0,-74.00928659886476,40.696424597746464,9,observed,opendata,"building_density,dist_stream_m,elevation_m,flow_accum_proxy,impervious_frac,slope_deg",event_raster,production,0,0,0.0,0,0.0,0.0,0.0,0,0,0,0,,none,0.0,0.0,0,open_public_evidence,0.0,0
892a107283bffff,-1.6200000047683716,0.0,0.0,1.0,0.0,0.0,0.0,75.0,-74.01579828390854,40.69888902765231,9,observed,opendata,"building_density,dist_stream_m,elevation_m,flow_accum_proxy,impervious_frac,slope_deg",event_raster,production,0,0,0.0,0,0.0,0.0,0.0,0,0,0,0,,none,0.0,0.0,0,open_public_evidence,0.0,0
892a1072843ffff,-1.5586653681275267,0.0,0.026710165465618926,2.1925465838509317,0.0,0.0,112.90385878829359,75.0,-74.02679363522061,40.70651519254286,9,observed,opendata,"building_density,dist_stream_m,elevation_m,flow_accum_proxy,impervious_frac,slope_deg",event_raster,production,0,0,0.0,0,0.0,0.0,0.0,0,0,0,0,,none,0.0,0.0,0,open_public_evidence,0.0,0
892a1072847ffff,-1.6188819320035632,0.0,0.0035899599731220827,1.437775816416593,0.0,0.0,34.655532628005815,75.0,-74.02455203497064,40.70393416406338,9,observed,opendata,"building_density,dist_stream_m,elevation_m,flow_accum_proxy,impervious_frac,slope_deg",event_raster,production,0,0,0.0,0,0.0,0.0,0.0,0,0,0,0,,none,0.0,0.0,0,open_public_evidence,0.0,0
892a107284fffff,-1.6200000047683716,0.0,0.0,1.0,0.0,0.0,0.0,75.0,-74.02882380175146,40.70381705541393,9,observed,opendata,"building_density,dist_stream_m,elevation_m,flow_accum_proxy,impervious_frac,slope_deg",event_raster,production,0,0,0.0,0,0.0,0.0,0.0,0,0,0,0,,none,0.0,0.0,0,open_public_evidence,0.0,0
892a1072853ffff,-1.4150987736834584,0.0,0.029527080709600865,2.5420726306465897,0.0,0.0,23.23698301799545,75.0,-74.02476323864327,40.70921338119561,9,observed,opendata,"building_density,dist_stream_m,elevation_m,flow_accum_proxy,impervious_frac,slope_deg",event_raster,production,0,0,0.0,0,0.0,0.0,0.0,0,0,0,0,,none,0.0,0.0,0,open_public_evidence,0.0,0
892a1072857ffff,-1.4999800708747038,0.0,0.03550705755533882,3.6341030195381885,0.0,0.0,244.57153451937847,75.0,-74.02252162471149,40.70663222578486,9,observed,opendata,"building_density,dist_stream_m,elevation_m,flow_accum_proxy,impervious_frac,slope_deg",event_raster,production,0,0,0.0,0,0.0,0.0,0.0,0,0,0,0,,none,0.0,0.0,0,open_public_evidence,0.0,0
892a107285bffff,-1.4530485421075006,0.0,0.03423848011903001,2.6085450346420322,0.0,0.0,334.24630761532615,75.0,-74.02903548567242,40.70909626567077,9,observed,opendata,"building_density,dist_stream_m,elevation_m,flow_accum_proxy,impervious_frac,slope_deg",event_raster,production,0,0,0.0,0,0.0,0.0,0.0,0,0,0,0,,none,0.0,0.0,0,open_public_evidence,0.0,0
892a1072863ffff,-1.6200000047683716,0.0,0.0,1.0,0.0,0.0,0.0,75.0,-74.02434087879385,40.69865529699354,9,observed,opendata,"building_density,dist_stream_m,elevation_m,flow_accum_proxy,impervious_frac,slope_deg",event_raster,production,0,0,0.0,0,0.0,0.0,0.0,0,0,0,0,,none,0.0,0.0,0,open_public_evidence,0.0,0
892a1072867ffff,-1.6200000047683716,0.0,0.0,1.0,0.0,0.0,0.0,75.0,-74.02209979249734,40.69607448481497,9,observed,opendata,"building_density,dist_stream_m,elevation_m,flow_accum_proxy,impervious_frac,slope_deg",event_raster,production,0,0,0.0,0,0.0,0.0,0.0,0,0,0,0,,none,0.0,0.0,0,open_public_evidence,0.0,0
892a107286bffff,-1.6200000047683716,0.0,0.0,1.0,0.0,0.0,0.0,75.0,-74.02861216543411,40.69853819521795,9,observed,opendata,"building_density,dist_stream_m,elevation_m,flow_accum_proxy,impervious_frac,slope_deg",event_raster,production,0,0,0.0,0,0.0,0.0,0.0,0,0,0,0,,none,0.0,0.0,0,open_public_evidence,0.0,0
892a107286fffff,-1.6200000047683716,0.0,0.0,1.0,0.0,0.0,0.0,75.0,-74.02637084272143,40.69595746528085,9,observed,opendata,"building_density,dist_stream_m,elevation_m,flow_accum_proxy,impervious_frac,slope_deg",event_raster,production,0,0,0.0,0,0.0,0.0,0.0,0,0,0,0,,none,0.0,0.0,0,open_public_evidence,0.0,0
892a1072873ffff,-1.6200000047683716,0.0,0.0,1.0,0.0,0.0,0.0,75.0,-74.02231068488751,40.701353180254564,9,observed,opendata,"building_density,dist_stream_m,elevation_m,flow_accum_proxy,impervious_frac,slope_deg",event_raster,production,0,0,0.0,0,0.0,0.0,0.0,0,0,0,0,,none,0.0,0.0,0,open_public_evidence,0.0,0
892a1072877ffff,-1.6200000047683716,0.0,0.0,1.0,0.0,0.0,0.0,75.0,-74.02006958493617,40.69877224113869,9,observed,opendata,"building_density,dist_stream_m,elevation_m,flow_accum_proxy,impervious_frac,slope_deg",event_raster,production,0,0,0.0,0,0.0,0.0,0.0,0,0,0,0,,none,0.0,0.0,0,open_public_evidence,0.0,0
892a107287bffff,-1.6200000047683716,0.0,0.0,1.0,0.0,0.0,0.0,75.0,-74.0265822152002,40.701236153867285,9,observed,opendata,"building_density,dist_stream_m,elevation_m,flow_accum_proxy,impervious_frac,slope_deg",event_raster,production,0,0,0.0,0,0.0,0.0,0.0,0,0,0,0,,none,0.0,0.0,0,open_public_evidence,0.0,0
892a1072883ffff,8.92221095587345,0.7588398239925398,2.3355018253180573,7.2322695035460995,1.0,1020.6694813487437,596.7256724895851,75.0,-74.0076741787482,40.70968026618339,9,observed,opendata,"building_density,dist_stream_m,elevation_m,flow_accum_proxy,impervious_frac,slope_deg",event_raster,production,0,0,0.0,2,0.0,0.0,0.0,2,1,0,0,,complaint,1.0,1.0,1,open_public_evidence,0.0,0
892a1072887ffff,2.9274467376611,0.8042919578754976,1.461948656683674,9.070859167404784,1.0,774.9924081772632,245.3926512359821,75.0,-74.00543351115385,40.70709878183493,9,observed,opendata,"building_density,dist_stream_m,elevation_m,flow_accum_proxy,impervious_frac,slope_deg",event_raster,production,0,0,0.023133911114346362,0,0.023133911114346362,0.022699452214598858,0.0004344588997475059,0,0,0,0,,dep,0.023133911114346362,0.023133911114346362,1,open_public_evidence,0.0,0
892a107288bffff,6.814068026873566,0.6931798278180668,2.6613555047348707,5.9602824360105915,1.0,453.62962432025563,495.7444451679159,75.0,-74.01194645439377,40.70956378150536,9,observed,opendata,"building_density,dist_stream_m,elevation_m,flow_accum_proxy,impervious_frac,slope_deg",event_raster,production,0,0,0.0,1,0.0,0.0,0.0,1,1,0,0,,complaint,1.0,1.0,1,open_public_evidence,0.0,0
892a107288fffff,7.188058329094367,0.7173866428712756,2.402767722192179,9.579928952042629,1.0,359.1418270052105,462.2629199953974,75.0,-74.00970555017649,40.70698237936226,9,observed,opendata,"building_density,dist_stream_m,elevation_m,flow_accum_proxy,impervious_frac,slope_deg",event_raster,production,0,0,0.0,3,0.0,0.0,0.0,3,1,0,0,,complaint,1.0,1.0,1,open_public_evidence,0.0,0
892a1072893ffff,11.26284878449984,0.726332120722527,1.9916512721821757,6.039787798408488,1.0,151.20297726530683,775.6966395657986,75.0,-74.0056425771711,40.71237820442782,9,observed,opendata,"building_density,dist_stream_m,elevation_m,flow_accum_proxy,impervious_frac,slope_deg",event_raster,production,0,0,0.0,2,0.0,0.0,0.0,2,1,0,0,,complaint,1.0,1.0,1,open_public_evidence,0.0,0
892a1072897ffff,5.569709723934214,0.8555565739565707,2.273377713806769,8.308510638297872,1.0,207.91473139928178,385.0671092458108,75.0,-74.00340189606727,40.70979659314705,9,observed,opendata,"building_density,dist_stream_m,elevation_m,flow_accum_proxy,impervious_frac,slope_deg",event_raster,production,0,0,0.0,0,0.0,0.0,0.0,0,0,0,0,,none,0.0,0.0,0,open_public_evidence,0.01590256134489318,1
892a107289bffff,7.712624753931048,0.7764448562359556,2.747815568951216,9.71808510638298,1.0,292.95495570921935,558.5752571064745,75.0,-74.0099150965138,40.712261795258144,9,observed,opendata,"building_density,dist_stream_m,elevation_m,flow_accum_proxy,impervious_frac,slope_deg",event_raster,production,0,0,0.0,1,0.0,0.0,0.0,1,1,0,0,,complaint,1.0,1.0,1,open_public_evidence,0.0,0
892a10728a3ffff,-1.572685711937787,0.0784251397614431,0.289864173395346,1.0292812777284828,0.0,0.0,73.32015581890238,75.0,-74.00522449215495,40.701819709283896,9,observed,opendata,"building_density,dist_stream_m,elevation_m,flow_accum_proxy,impervious_frac,slope_deg",event_raster,production,0,0,0.0,0,0.0,0.0,0.0,0,0,0,0,,none,0.0,0.0,0,open_public_evidence,0.0,0
892a10728a7ffff,-1.6200000047683716,7.249700241550433e-05,0.001776835174425274,1.0044326241134751,0.0,0.0,164.10140430125745,75.0,-74.00298433828065,40.69923844139311,9,observed,opendata,"building_density,dist_stream_m,elevation_m,flow_accum_proxy,impervious_frac,slope_deg",event_raster,production,0,0,0.0,0,0.0,0.0,0.0,0,0,0,0,,none,0.0,0.0,0,open_public_evidence,0.0,0
892a10728abffff,0.221961792621236,0.371814557485251,2.5822473856708914,2.298136645962733,0.0,56.71225117899963,0.8446074586065945,75.0,-74.00949605096544,40.701703313506684,9,observed,opendata,"building_density,dist_stream_m,elevation_m,flow_accum_proxy,impervious_frac,slope_deg",event_raster,production,0,0,1.7502269218742086e-05,1,1.7502269218742086e-05,1.7502269218742086e-05,0.0,0,0,0,0,,dep+floodnet,1.0,1.0,1,open_public_evidence,0.0,0
892a10728afffff,-1.6200000047683716,0.0,0.0,1.0,0.0,0.0,81.1834184327257,75.0,-74.00725566053333,40.699122127780576,9,observed,opendata,"building_density,dist_stream_m,elevation_m,flow_accum_proxy,impervious_frac,slope_deg",event_raster,production,0,0,0.0,0,0.0,0.0,0.0,0,0,0,0,,none,0.0,0.0,0,open_public_evidence,0.0,0
892a10728b3ffff,-0.4870497254884497,0.4956728399438192,2.1714225674816903,1.9165927240461402,1.0,94.51610611127171,10.516055068376316,75.0,-74.00319309369571,40.704517342235015,9,observed,opendata,"building_density,dist_stream_m,elevation_m,flow_accum_proxy,impervious_frac,slope_deg",event_raster,production,0,0,0.027827532561673998,1,0.027827532561673998,0.023314183288286536,0.004513349273387684,1,1,0,0,,dep+complaint,1.0,1.0,1,open_public_evidence,0.0,0
892a10728b7ffff,-0.9806179591647787,0.0,0.3161562281691477,1.1289752650176679,0.0,0.0,59.22258075877662,75.0,-74.00095292633873,40.701935947405886,9,observed,opendata,"building_density,dist_stream_m,elevation_m,flow_accum_proxy,impervious_frac,slope_deg",event_raster,production,0,0,0.0,0,0.0,0.0,0.0,0,0,0,0,,none,0.0,0.0,0,open_public_evidence,0.0,0
892a10728bbffff,2.0601404044414515,0.7904088939647231,1.7441027440765329,5.03716814159292,1.0,274.095946063168,110.18259960725099,75.0,-74.00746489610857,40.70440102194768,9,observed,opendata,"building_density,dist_stream_m,elevation_m,flow_accum_proxy,impervious_frac,slope_deg",event_raster,production,0,0,0.0,2,0.0,0.0,0.0,2,1,0,0,,complaint,1.0,1.0,1,open_public_evidence,0.0,0
892a10728c3ffff,-0.08942899172434537,0.12321849677126769,1.4003230277987777,1.8630742049469964,0.0,37.800430795959656,44.073493873982315,75.0,-74.01846011396843,40.71202850371857,9,observed,opendata,"building_density,dist_stream_m,elevation_m,flow_accum_proxy,impervious_frac,slope_deg",event_raster,production,0,0,0.0,0,0.0,0.0,0.0,0,0,0,0,,none,0.0,0.0,0,open_public_evidence,0.0,0
892a10728c7ffff,3.4843647377177107,0.7194522559484128,1.4994011730246557,4.744454303460515,1.0,170.11063964782056,190.96972244844167,75.0,-74.01621872295645,40.70944713911398,9,observed,opendata,"building_density,dist_stream_m,elevation_m,flow_accum_proxy,impervious_frac,slope_deg",event_raster,production,0,0,0.0,1,0.0,0.0,0.0,1,1,0,0,,complaint,1.0,1.0,1,open_public_evidence,0.0,0
892a10728cbffff,-1.3310456250621154,0.0,0.0029094138369685353,1.1309734513274337,0.0,0.0,159.38541979753802,75.0,-74.02273261198538,40.71191162135082,9,observed,opendata,"building_density,dist_stream_m,elevation_m,flow_accum_proxy,impervious_frac,slope_deg",event_raster,production,0,0,0.0,0,0.0,0.0,0.0,0,0,0,0,,none,0.0,0.0,0,open_public_evidence,0.0,0
892a10728cfffff,-1.239491634526627,0.02674252417554471,0.4684873604850185,2.252659574468085,0.0,0.0,163.26745615206218,75.0,-74.02049098438877,40.709330339010386,9,observed,opendata,"building_density,dist_stream_m,elevation_m,flow_accum_proxy,impervious_frac,slope_deg",event_raster,production,0,0,0.0,0,0.0,0.0,0.0,0,0,0,0,,none,0.0,0.0,0,open_public_evidence,0.0,0
892a10728d3ffff,2.48153260139793,0.49582678134482194,1.8737088377243922,4.082373782108061,1.0,47.24825197747762,84.5729345003708,75.0,-74.01642901341648,40.71472671988807,9,observed,opendata,"building_density,dist_stream_m,elevation_m,flow_accum_proxy,impervious_frac,slope_deg",event_raster,production,0,0,0.0,0,0.0,0.0,0.0,0,0,0,0,,none,0.0,0.0,0,open_public_evidence,0.0,0
892a10728d7ffff,2.9318884638664873,0.6779113901739425,4.601964599688221,4.339539007092198,1.0,85.05120361476024,210.19531560553798,75.0,-74.01418760879541,40.712145228354714,9,observed,opendata,"building_density,dist_stream_m,elevation_m,flow_accum_proxy,impervious_frac,slope_deg",event_raster,production,0,0,0.0052700340681040864,1,0.0052700340681040864,0.003993803633530567,0.0012762304345747,1,1,0,0,,dep+complaint,1.0,1.0,1,open_public_evidence,0.0,0
892a10728dbffff,-1.323782207908732,0.0,0.0023755015005434417,1.0967169476486247,0.0,0.0,216.33219826624315,75.0,-74.02070175521298,40.714609912987136,9,observed,opendata,"building_density,dist_stream_m,elevation_m,flow_accum_proxy,impervious_frac,slope_deg",event_raster,production,0,0,0.0,0,0.0,0.0,0.0,0,0,0,0,,none,0.0,0.0,0,open_public_evidence,0.0,0
892a1072903ffff,6.255364236415278,0.8018351617328664,2.0617360437539873,29.884751773049647,1.0,2562.2832320661796,454.40182893953045,75.0,-74.00032759129532,40.68610081059607,9,observed,opendata,"building_density,dist_stream_m,elevation_m,flow_accum_proxy,impervious_frac,slope_deg",event_raster,production,0,0,0.0,0,0.0,0.0,0.0,0,0,0,0,,none,0.0,0.0,0,open_public_evidence,0.08599586082317334,1
892a1072907ffff,12.938100545007563,0.784018767739106,1.0713840488649349,19.044483985765126,1.0,3356.668424275277,776.7600329501004,75.0,-73.99808846422927,40.68351997591884,9,observed,opendata,"building_density,dist_stream_m,elevation_m,flow_accum_proxy,impervious_frac,slope_deg",event_raster,production,0,0,0.0,1,0.0,0.0,0.0,1,1,0,0,,complaint,1.0,1.0,1,open_public_evidence,0.0,0
892a107290bffff,2.9177803700343636,0.8265747860147024,1.1789340504214172,4.586821015138023,1.0,746.93657566973,111.89118391752902,75.0,-74.00459771711023,40.68598459243192,9,observed,opendata,"building_density,dist_stream_m,elevation_m,flow_accum_proxy,impervious_frac,slope_deg",event_raster,production,0,0,0.0035026020805097864,0,0.0035026020805097864,0.002814772667242497,0.0006878294132672895,0,0,0,0,,dep,0.0035026020805097864,0.0035026020805097864,1,open_public_evidence,0.5221733156766339,1
892a107290fffff,6.644357444542262,0.8160895499689825,3.410533134734125,9.068965517241379,1.0,2619.139610080841,430.6764699799003,75.0,-74.00235835361653,40.68340383983802,9,observed,opendata,"building_density,dist_stream_m,elevation_m,flow_accum_proxy,impervious_frac,slope_deg",event_raster,production,0,0,0.0,2,0.0,0.0,0.0,2,1,0,0,,complaint,1.0,1.0,1,open_public_evidence,0.04840659480513626,1
892a1072913ffff,7.354347580914811,0.7809184679553098,1.433708753019942,91.69094138543517,1.0,2136.7083657436156,270.17050571965194,75.0,-73.99829659902889,40.68879783285091,9,observed,opendata,"building_density,dist_stream_m,elevation_m,flow_accum_proxy,impervious_frac,slope_deg",event_raster,production,0,0,0.030155473048735355,1,0.030155473048735355,0.020158399158773262,0.009997073889962082,1,1,0,0,,dep+complaint,1.0,1.0,1,open_public_evidence,0.06847629052082539,1
892a1072917ffff,10.281637141224353,0.7146518260451172,0.9172707778556345,23.157243816254418,1.0,3082.3124216865613,602.0087108534124,75.0,-73.99605745853374,40.68621687122334,9,observed,opendata,"building_density,dist_stream_m,elevation_m,flow_accum_proxy,impervious_frac,slope_deg",event_raster,production,0,0,0.0,4,0.0,0.0,0.0,4,1,0,0,,complaint,1.0,1.0,1,open_public_evidence,0.0,0
892a107291bffff,2.7856473147648426,0.8469984735091316,1.3511872738245694,13.273209549071618,1.0,349.81411119993504,129.76914474891126,75.0,-74.00256696825691,40.68868169013966,9,observed,opendata,"building_density,dist_stream_m,elevation_m,flow_accum_proxy,impervious_frac,slope_deg",event_raster,production,0,0,0.0,1,0.0,0.0,0.0,1,1,0,0,,complaint,1.0,1.0,1,open_public_evidence,0.4832416530753362,1
892a1072933ffff,16.667593733797368,0.7643849652452567,1.171148706683601,8.031958762886598,1.0,2089.7513469410683,614.8538411367598,75.0,-73.99584958702374,40.680939186130196,9,observed,opendata,"building_density,dist_stream_m,elevation_m,flow_accum_proxy,impervious_frac,slope_deg",event_raster,production,0,0,0.0,0,0.0,0.0,0.0,0,0,0,0,,none,0.0,0.0,0,open_public_evidence,0.0,0
892a107293bffff,13.654714890516521,0.7568763825411353,1.9646570215052594,11.896174863387978,1.0,2581.4503378791883,767.5378548651524,75.0,-74.00011923999651,40.680823132112735,9,observed,opendata,"building_density,dist_stream_m,elevation_m,flow_accum_proxy,impervious_frac,slope_deg",event_raster,production,0,0,0.0,0,0.0,0.0,0.0,0,0,0,0,,none,0.0,0.0,0,open_public_evidence,0.0,0
892a1072943ffff,-1.3396956587134203,0.0412743522246537,0.5390905949512916,1.580817051509769,0.0,94.54382995154654,0.0,75.0,-74.01110768574851,40.68844893204949,9,observed,opendata,"building_density,dist_stream_m,elevation_m,flow_accum_proxy,impervious_frac,slope_deg",event_raster,production,0,0,0.0,0,0.0,0.0,0.0,0,0,0,0,,none,0.0,0.0,0,open_public_evidence,0.05829120423433126,1
892a1072947ffff,0.49368943965554923,0.46690433124893665,1.1276953143148356,2.081343943412909,1.0,9.454867141162254,11.893465157902613,75.0,-74.00886783593101,40.68586821673195,9,observed,opendata,"building_density,dist_stream_m,elevation_m,flow_accum_proxy,impervious_frac,slope_deg",event_raster,production,0,0,0.0,0,0.0,0.0,0.0,0,0,0,0,,none,0.0,0.0,0,open_public_evidence,0.40863653113343334,1
892a107294bffff,3.575018092960172,0.33800937806833753,1.9673373061492576,6.984028393966282,0.0,274.1763503881389,116.48045406502978,75.0,-74.01537803391723,40.68833231667272,9,observed,opendata,"building_density,dist_stream_m,elevation_m,flow_accum_proxy,impervious_frac,slope_deg",event_raster,production,0,0,0.0,0,0.0,0.0,0.0,0,0,0,0,,none,0.0,0.0,0,open_public_evidence,0.26625471521468197,1
892a107294fffff,-1.6200000047683716,0.0,0.0032096002679483024,1.015929203539823,0.0,0.0,0.0,75.0,-74.01313794771032,40.68575168349723,9,observed,opendata,"building_density,dist_stream_m,elevation_m,flow_accum_proxy,impervious_frac,slope_deg",event_raster,production,0,0,0.0,0,0.0,0.0,0.0,0,0,0,0,,none,0.0,0.0,0,open_public_evidence,0.0,0
892a1072953ffff,-1.6200000047683716,0.0,0.0,1.0,0.0,0.0,0.0,75.0,-74.00907719385859,40.69114623213657,9,observed,opendata,"building_density,dist_stream_m,elevation_m,flow_accum_proxy,impervious_frac,slope_deg",event_raster,production,0,0,0.0,0,0.0,0.0,0.0,0,0,0,0,,none,0.0,0.0,0,open_public_evidence,0.0,0
892a1072957ffff,-0.21091209869106523,0.3885788618801244,2.286923643125765,2.0761061946902655,0.0,18.908818342256982,0.0,75.0,-74.00683733051257,40.688565389872174,9,observed,opendata,"building_density,dist_stream_m,elevation_m,flow_accum_proxy,impervious_frac,slope_deg",event_raster,production,0,0,0.0,0,0.0,0.0,0.0,0,0,0,0,,none,0.0,0.0,0,open_public_evidence,0.006238207354974196,1
892a107295bffff,4.190841627527726,0.2362427585845683,3.55102906393812,4.727031802120141,0.0,245.8013726530186,77.78106260155572,75.0,-74.01334778552275,40.69102969217117,9,observed,opendata,"building_density,dist_stream_m,elevation_m,flow_accum_proxy,impervious_frac,slope_deg",event_raster,production,0,0,0.0,0,0.0,0.0,0.0,0,0,0,0,,none,0.0,0.0,0,open_public_evidence,0.08943668659869501,1
892a1072963ffff,2.2280614948797344,0.8414935514804495,1.035228134681696,5.821515892420538,1.0,813.1996176364813,270.4538240065824,75.0,-74.0086585250662,40.68059055158757,9,observed,opendata,"building_density,dist_stream_m,elevation_m,flow_accum_proxy,impervious_frac,slope_deg",event_raster,production,0,0,0.035444579901861124,5,0.035444579901861124,0.034449205595293374,0.0009953743065690603,4,1,1,1,Good: +/- 0.10 ft,dep+complaint+hwm,1.0,1.0,1,open_public_evidence,0.990348799529201,1
892a107296bffff,0.9006218697367744,0.6789290253962345,1.7160954924406144,3.033766233766234,1.0,18.91156675111173,0.4648123758638676,75.0,-74.01292815706834,40.68047402508197,9,observed,opendata,"building_density,dist_stream_m,elevation_m,flow_accum_proxy,impervious_frac,slope_deg",event_raster,production,0,0,0.0012344264382370608,0,0.0012344264382370608,0.0012344264382370608,0.0,0,0,0,0,,dep,0.0012344264382370608,0.0012344264382370608,1,open_public_evidence,0.7711464718592886,1
892a1072973ffff,2.670910466752999,0.8535174634968136,0.8261492162569697,6.216312056737588,1.0,614.5978400979903,192.1520751948409,75.0,-74.00662823603534,40.68328754624076,9,observed,opendata,"building_density,dist_stream_m,elevation_m,flow_accum_proxy,impervious_frac,slope_deg",event_raster,production,0,0,0.0,4,0.0,0.0,0.0,4,1,0,0,,complaint,1.0,1.0,1,open_public_evidence,0.7731320810135576,1
892a1072977ffff,4.762291098041579,0.8506963212962498,3.470460075768507,5.324449594438007,1.0,680.8201725648597,535.2617202479423,75.0,-74.00438888602646,40.68070692059816,9,observed,opendata,"building_density,dist_stream_m,elevation_m,flow_accum_proxy,impervious_frac,slope_deg",event_raster,production,0,0,0.009292331274614318,0,0.009292331274614318,0.008262535930895978,0.0010297953437170318,0,0,0,0,,dep,0.009292331274614318,0.009292331274614318,1,open_public_evidence,0.23795098447607307,1
892a107297bffff,0.361173930025763,0.44012382482128065,2.2240594410399597,2.366222222222222,0.0,9.455325209250882,0.0,75.0,-74.0108981114383,40.68317109512811,9,observed,opendata,"building_density,dist_stream_m,elevation_m,flow_accum_proxy,impervious_frac,slope_deg",event_raster,production,0,0,0.0,0,0.0,0.0,0.0,0,0,0,0,,none,0.0,0.0,0,open_public_evidence,0.345950999318695,1
892a1072983ffff,18.633176038273714,0.7817532446142618,1.1271832777299915,13.863879003558718,1.0,1777.3577352334844,824.7791673862498,75.0,-73.99199475722205,40.691610816242076,9,observed,opendata,"building_density,dist_stream_m,elevation_m,flow_accum_proxy,impervious_frac,slope_deg",event_raster,production,0,0,0.0,1,0.0,0.0,0.0,1,1,0,0,,complaint,1.0,1.0,1,open_public_evidence,0.0,0
892a1072987ffff,11.620045778608153,0.8495779528740017,1.2628224175357565,76.88162544169612,1.0,1361.4501286913796,839.8650318440842,75.0,-73.9897558398456,40.689029645600435,9,observed,opendata,"building_density,dist_stream_m,elevation_m,flow_accum_proxy,impervious_frac,slope_deg",event_raster,production,0,0,0.0,1,0.0,0.0,0.0,1,1,0,0,,complaint,1.0,1.0,1,open_public_evidence,0.0,0
892a107298bffff,15.182104715414807,0.6999293971641929,1.9438616600546952,31.405309734513274,1.0,2807.8391919645796,392.13837836856476,75.0,-73.99626537678331,40.691494906581234,9,observed,opendata,"building_density,dist_stream_m,elevation_m,flow_accum_proxy,impervious_frac,slope_deg",event_raster,production,0,0,0.0,1,0.0,0.0,0.0,1,1,0,0,,complaint,1.0,1.0,1,open_public_evidence,0.0,0
892a107298fffff,14.103437252078496,0.790139321739792,1.217778066292088,13.437943262411348,1.0,2401.440013864749,595.725679556391,75.0,-73.994026222876,40.688913818004856,9,observed,opendata,"building_density,dist_stream_m,elevation_m,flow_accum_proxy,impervious_frac,slope_deg",event_raster,production,0,0,0.0,1,0.0,0.0,0.0,1,1,0,0,,complaint,1.0,1.0,1,open_public_evidence,0.0,0
892a1072993ffff,20.80962438752166,0.7366584853524656,1.6672428707633398,15.898230088495575,1.0,245.79289455646756,804.0839936395598,75.0,-73.98996306153796,40.69430786591363,9,observed,opendata,"building_density,dist_stream_m,elevation_m,flow_accum_proxy,impervious_frac,slope_deg",event_raster,production,0,0,0.0,0,0.0,0.0,0.0,0,0,0,0,,none,0.0,0.0,0,open_public_evidence,0.0,0
892a1072997ffff,15.046989663272885,0.8507648586751299,0.8339163600368068,33.354609929078016,1.0,746.8705101485284,1110.59129896141,75.0,-73.98772413080512,40.69172656832415,9,observed,opendata,"building_density,dist_stream_m,elevation_m,flow_accum_proxy,impervious_frac,slope_deg",event_raster,production,0,0,0.0,1,0.0,0.0,0.0,1,1,0,0,,complaint,1.0,1.0,1,open_public_evidence,0.0,0
892a107299bffff,23.111289844681732,0.7408756765644108,1.3803630983407518,11.946017699115044,1.0,2259.3975727433653,492.0700484510341,75.0,-73.99423392452458,40.69419203176565,9,observed,opendata,"building_density,dist_stream_m,elevation_m,flow_accum_proxy,impervious_frac,slope_deg",event_raster,production,0,0,0.0,0,0.0,0.0,0.0,0,0,0,0,,none,0.0,0.0,0,open_public_evidence,0.0,0
892a10729a3ffff,5.183037680013982,0.6964143362333579,0.6186465757100827,78.77052074139453,1.0,1692.5268031891446,303.6084445194362,75.0,-73.98954866473906,40.68375177552682,9,observed,opendata,"building_density,dist_stream_m,elevation_m,flow_accum_proxy,impervious_frac,slope_deg",event_raster,production,0,0,0.005518731833843464,2,0.005518731833843464,0.004897918089943845,0.0006208137439002147,2,1,0,0,,dep+complaint,1.0,1.0,1,open_public_evidence,0.015547356140573156,1
892a10729a7ffff,2.9239834503277717,0.8293787023250803,1.3882703416639706,133.1131351869607,1.0,869.9466206090041,0.0,75.0,-73.98731026043947,40.68117082166959,9,observed,opendata,"building_density,dist_stream_m,elevation_m,flow_accum_proxy,impervious_frac,slope_deg",event_raster,production,0,0,0.0,2,0.0,0.0,0.0,2,1,0,0,,complaint,1.0,1.0,1,open_public_evidence,0.5491085757430899,1
892a10729abffff,11.502070143633583,0.7822272814082422,1.2939870117983217,23.926287744227352,1.0,3318.8560918829644,619.1746872003305,75.0,-73.99381856792097,40.68363595448212,9,observed,opendata,"building_density,dist_stream_m,elevation_m,flow_accum_proxy,impervious_frac,slope_deg",event_raster,production,0,0,0.0,0,0.0,0.0,0.0,0,0,0,0,,none,0.0,0.0,0,open_public_evidence,0.0,0
892a10729afffff,8.77442285929068,0.7584846834262529,1.3980139105087257,15.58366533864542,1.0,3243.3788253277407,310.30973444186844,75.0,-73.99157992715561,40.68105508264949,9,observed,opendata,"building_density,dist_stream_m,elevation_m,flow_accum_proxy,impervious_frac,slope_deg",event_raster,production,0,0,0.0,0,0.0,0.0,0.0,0,0,0,0,,none,0.0,0.0,0,open_public_evidence,0.011766276336870224,1
892a10729b3ffff,7.725428953238413,0.7370477308723944,1.0510158285181572,33.027482269503544,1.0,3148.5147194917004,523.634431154422,75.0,-73.98751717236026,40.686448519862985,9,observed,opendata,"building_density,dist_stream_m,elevation_m,flow_accum_proxy,impervious_frac,slope_deg",event_raster,production,0,0,0.01357481866696742,4,0.01357481866696742,0.013069482702881925,0.0005053359640848992,4,1,0,0,,dep+complaint,1.0,1.0,1,open_public_evidence,0.0,0
892a10729b7ffff,5.810681124775279,0.7105673490155019,0.7653299616666289,39.39253996447602,1.0,2723.1792859212565,280.6855302976732,75.0,-73.98527875473094,40.683867439051916,9,observed,opendata,"building_density,dist_stream_m,elevation_m,flow_accum_proxy,impervious_frac,slope_deg",event_raster,production,0,0,0.022576918979963476,1,0.022576918979963476,0.022576918979963476,0.0,1,1,0,0,,dep+complaint,1.0,1.0,1,open_public_evidence,0.012073908372911392,1
892a10729bbffff,8.552210101029203,0.8018187569765858,1.2740180732405189,99.13434163701068,1.0,2959.40641529698,644.8928763662735,75.0,-73.99178731887291,40.68633277431263,9,observed,opendata,"building_density,dist_stream_m,elevation_m,flow_accum_proxy,impervious_frac,slope_deg",event_raster,production,0,0,0.0,1,0.0,0.0,0.0,1,1,0,0,,complaint,1.0,1.0,1,open_public_evidence,0.0,0
892a10729c3ffff,0.36657611693387254,0.5226681505620377,2.3322366947477873,2.3194321206743567,1.0,9.453493525490675,12.008971294856208,75.0,-74.00277562980634,40.693959890676346,9,observed,opendata,"building_density,dist_stream_m,elevation_m,flow_accum_proxy,impervious_frac,slope_deg",event_raster,production,0,0,0.0,0,0.0,0.0,0.0,0,0,0,0,,none,0.0,0.0,0,open_public_evidence,0.22156827070383034,1
892a10729c7ffff,4.249918474327007,0.833397536518726,3.1545209379681776,8.132978723404255,1.0,103.9937537207644,92.62854325102278,75.0,-74.00053598944143,40.69137883934265,9,observed,opendata,"building_density,dist_stream_m,elevation_m,flow_accum_proxy,impervious_frac,slope_deg",event_raster,production,0,0,0.0,0,0.0,0.0,0.0,0,0,0,0,,none,0.0,0.0,0,open_public_evidence,0.4356675074515303,1
892a10729cbffff,-1.6200000047683716,0.0,0.0,1.0,0.0,0.0,0.0,75.0,-74.00704647200665,40.69384358373708,9,observed,opendata,"building_density,dist_stream_m,elevation_m,flow_accum_proxy,impervious_frac,slope_deg",event_raster,production,0,0,0.0,0,0.0,0.0,0.0,0,0,0,0,,none,0.0,0.0,0,open_public_evidence,0.0,0
892a10729cfffff,-0.2589376989467782,0.47940404189842695,2.1592821643093623,1.7196095829636202,1.0,9.453951299324247,0.0,75.0,-74.004806595149,40.69126261452742,9,observed,opendata,"building_density,dist_stream_m,elevation_m,flow_accum_proxy,impervious_frac,slope_deg",event_raster,production,0,0,0.0,0,0.0,0.0,0.0,0,0,0,0,,none,0.0,0.0,0,open_public_evidence,0.0015356906896094049,1
892a10729d3ffff,-0.5835237232519966,0.4043095129685928,1.2018321563873198,3.2568402471315094,0.0,28.3591075496093,63.631356149156474,75.0,-74.00074443445062,40.69665721829758,9,observed,opendata,"building_density,dist_stream_m,elevation_m,flow_accum_proxy,impervious_frac,slope_deg",event_raster,production,0,0,0.0,0,0.0,0.0,0.0,0,0,0,0,,none,0.0,0.0,0,open_public_evidence,0.14458448733696114,1
892a10729d7ffff,9.965437365910573,0.7504632745606438,4.447573173248588,18.934280639431616,1.0,1635.4589396056147,181.47422947097573,75.0,-73.99850478062983,40.69407604001955,9,observed,opendata,"building_density,dist_stream_m,elevation_m,flow_accum_proxy,impervious_frac,slope_deg",event_raster,production,0,0,0.0,0,0.0,0.0,0.0,0,0,0,0,,none,0.0,0.0,0,open_public_evidence,0.23213437415060387,1
892a10729dbffff,-1.6200000047683716,0.0,0.0,1.0,0.0,0.0,175.67563140924574,75.0,-74.00501552015866,40.696540986829724,9,observed,opendata,"building_density,dist_stream_m,elevation_m,flow_accum_proxy,impervious_frac,slope_deg",event_raster,production,0,0,0.0,0,0.0,0.0,0.0,0,0,0,0,,none,0.0,0.0,0,open_public_evidence,0.0,0
892a1072b07ffff,-1.6200000047683716,0.0,0.0,1.0,0.0,0.0,0.0,75.0,-74.02797754194339,40.682703715544946,9,observed,opendata,"building_density,dist_stream_m,elevation_m,flow_accum_proxy,impervious_frac,slope_deg",event_raster,production,0,0,0.0,0,0.0,0.0,0.0,0,0,0,0,,none,0.0,0.0,0,open_public_evidence,0.0,0
892a1072b13ffff,-1.6200000047683716,0.0,0.0,1.0,0.0,0.0,0.0,75.0,-74.02818903554612,40.68798152522849,9,observed,opendata,"building_density,dist_stream_m,elevation_m,flow_accum_proxy,impervious_frac,slope_deg",event_raster,production,0,0,0.0,0,0.0,0.0,0.0,0,0,0,0,,none,0.0,0.0,0,open_public_evidence,0.0,0
892a1072b17ffff,0.7091476304066349,0.3990296020503082,1.872720452233498,2.988526037069726,0.0,75.6381052923206,51.487093256164364,75.0,-74.02594824032492,40.6854011385953,9,observed,opendata,"building_density,dist_stream_m,elevation_m,flow_accum_proxy,impervious_frac,slope_deg",event_raster,production,0,0,0.0,0,0.0,0.0,0.0,0,0,0,0,,none,0.0,0.0,0,open_public_evidence,0.5253882174917145,1
892a1072b33ffff,-1.6200000047683716,0.0,0.0,1.0,0.0,0.0,0.0,75.0,-74.02573701037511,40.68012350060611,9,observed,opendata,"building_density,dist_stream_m,elevation_m,flow_accum_proxy,impervious_frac,slope_deg",event_raster,production,0,0,0.0,0,0.0,0.0,0.0,0,0,0,0,,none,0.0,0.0,0,open_public_evidence,0.0,0
892a1072b83ffff,0.37596015156400564,0.26626733302431954,1.3031221087486442,2.708703374777975,0.0,56.72308176047346,0.0,75.0,-74.02188894752508,40.69079613952107,9,observed,opendata,"building_density,dist_stream_m,elevation_m,flow_accum_proxy,impervious_frac,slope_deg",event_raster,production,0,0,0.0,0,0.0,0.0,0.0,0,0,0,0,,none,0.0,0.0,0,open_public_evidence,0.29641300902615547,1
892a1072b87ffff,4.392915651425785,0.5196657851075348,1.670063182195387,4.18711385701677,1.0,47.27165457761114,249.31041841634217,75.0,-74.01964837497138,40.688215543742885,9,observed,opendata,"building_density,dist_stream_m,elevation_m,flow_accum_proxy,impervious_frac,slope_deg",event_raster,production,0,0,0.0,0,0.0,0.0,0.0,0,0,0,0,,none,0.0,0.0,0,open_public_evidence,0.44357676684438724,1
892a1072b8bffff,-1.6200000047683716,0.0,0.0,1.0,0.0,0.0,0.0,75.0,-74.02615951776836,40.690679126838525,9,observed,opendata,"building_density,dist_stream_m,elevation_m,flow_accum_proxy,impervious_frac,slope_deg",event_raster,production,0,0,0.0,0,0.0,0.0,0.0,0,0,0,0,,none,0.0,0.0,0,open_public_evidence,0.0,0
892a1072b8fffff,1.4392148654902768,0.3774064448235763,1.9203573993880094,3.6906666666666665,0.0,0.0,27.47829096571823,75.0,-74.02391870886348,40.68809861326112,9,observed,opendata,"building_density,dist_stream_m,elevation_m,flow_accum_proxy,impervious_frac,slope_deg",event_raster,production,0,0,0.0,0,0.0,0.0,0.0,0,0,0,0,,none,0.0,0.0,0,open_public_evidence,0.5842501044120847,1
892a1072b93ffff,-0.6450408148084406,0.14115839800859162,0.9506201159571743,2.3881520778072503,0.0,66.17372304641374,0.0,75.0,-74.01985895627577,40.69349371735381,9,observed,opendata,"building_density,dist_stream_m,elevation_m,flow_accum_proxy,impervious_frac,slope_deg",event_raster,production,0,0,0.0,0,0.0,0.0,0.0,0,0,0,0,,none,0.0,0.0,0,open_public_evidence,0.15495093310108699,1
892a1072b97ffff,6.2097720050557905,0.24938421877896036,2.986030333358943,5.192546583850931,0.0,236.3468227191905,259.5360580557454,75.0,-74.01761837009404,40.69091299463232,9,observed,opendata,"building_density,dist_stream_m,elevation_m,flow_accum_proxy,impervious_frac,slope_deg",event_raster,production,0,0,0.0,0,0.0,0.0,0.0,0,0,0,0,,none,0.0,0.0,0,open_public_evidence,0.20768287145884065,1
892a1072b9bffff,-1.6200000047683716,0.0,0.0,1.0,0.0,0.0,0.0,75.0,-74.02412977009676,40.693376780041135,9,observed,opendata,"building_density,dist_stream_m,elevation_m,flow_accum_proxy,impervious_frac,slope_deg",event_raster,production,0,0,0.0,0,0.0,0.0,0.0,0,0,0,0,,none,0.0,0.0,0,open_public_evidence,0.0,0
892a1072ba3ffff,-1.6200000047683716,0.0,0.0,1.0,0.0,0.0,0.0,75.0,-74.019437841007,40.68293772036086,9,observed,opendata,"building_density,dist_stream_m,elevation_m,flow_accum_proxy,impervious_frac,slope_deg",event_raster,production,0,0,0.0,0,0.0,0.0,0.0,0,0,0,0,,none,0.0,0.0,0,open_public_evidence,0.0,0
892a1072ba7ffff,0.21342577127849355,0.4517456660689088,1.3082060872261472,2.680672268907563,1.0,9.45575733439262,55.01476317001847,75.0,-74.01719778198547,40.680357341082484,9,observed,opendata,"building_density,dist_stream_m,elevation_m,flow_accum_proxy,impervious_frac,slope_deg",event_raster,production,0,0,0.0,0,0.0,0.0,0.0,0,0,0,0,,none,0.0,0.0,0,open_public_evidence,0.6312396927917517,1
892a1072babffff,-1.4077221105231883,0.07510211370684741,0.39067586795641573,1.451241134751773,0.0,0.0,0.0,75.0,-74.02370769507795,40.68282079670845,9,observed,opendata,"building_density,dist_stream_m,elevation_m,flow_accum_proxy,impervious_frac,slope_deg",event_raster,production,0,0,0.0,0,0.0,0.0,0.0,0,0,0,0,,none,0.0,0.0,0,open_public_evidence,0.06539089645650425,1
892a1072bafffff,-1.6200000047683716,0.0,0.0,1.0,0.0,0.0,0.0,75.0,-74.02146739977019,40.68024049959016,9,observed,opendata,"building_density,dist_stream_m,elevation_m,flow_accum_proxy,impervious_frac,slope_deg",event_raster,production,0,0,0.0,0,0.0,0.0,0.0,0,0,0,0,,none,0.0,0.0,0,open_public_evidence,0.00013419480398147403,1
892a1072bb3ffff,-0.916726087643492,0.11706098944559086,0.7742257877797336,1.9964476021314388,0.0,9.454814969833729,0.0,75.0,-74.01740805240068,40.68563499272882,9,observed,opendata,"building_density,dist_stream_m,elevation_m,flow_accum_proxy,impervious_frac,slope_deg",event_raster,production,0,0,0.0,0,0.0,0.0,0.0,0,0,0,0,,none,0.0,0.0,0,open_public_evidence,0.16015284834261098,1
892a1072bb7ffff,-0.6840179274188922,0.23699315290085654,1.0254390123473638,1.7890070921985815,0.0,28.36589736968498,0.0,75.0,-74.01516797977798,40.68305448650111,9,observed,opendata,"building_density,dist_stream_m,elevation_m,flow_accum_proxy,impervious_frac,slope_deg",event_raster,production,0,0,0.0,0,0.0,0.0,0.0,0,0,0,0,,none,0.0,0.0,0,open_public_evidence,0.2086150024196584,1
892a1072bbbffff,2.1391616720755895,0.5673002929991603,2.0220746465234294,4.256,1.0,94.54789020294125,79.23053087107054,75.0,-74.02167814995467,40.68551814442783,9,observed,opendata,"building_density,dist_stream_m,elevation_m,flow_accum_proxy,impervious_frac,slope_deg",event_raster,production,0,0,0.0,0,0.0,0.0,0.0,0,0,0,0,,none,0.0,0.0,0,open_public_evidence,0.7132858125738047,1
892a1072bd7ffff,-1.6200000047683716,0.0,0.0,1.0,0.0,0.0,0.0,75.0,-74.02840057670436,40.6932596851378,9,observed,opendata,"building_density,dist_stream_m,elevation_m,flow_accum_proxy,impervious_frac,slope_deg",event_raster,production,0,0,0.0,0,0.0,0.0,0.0,0,0,0,0,,none,0.0,0.0,0,open_public_evidence,0.0,0
892a1072c03ffff,4.293208805011942,0.8583850078548946,2.5054058205560907,6.816489361702128,1.0,1861.321324349496,865.4100382560167,75.0,-74.00178736299634,40.72305436427269,9,observed,opendata,"building_density,dist_stream_m,elevation_m,flow_accum_proxy,impervious_frac,slope_deg",event_raster,production,0,0,0.042531189335481556,10,0.042531189335481556,0.010545414965179857,0.03198577437030077,10,1,0,0,,dep+complaint,1.0,1.0,1,open_public_evidence,0.28354333022778166,1
892a1072c07ffff,6.605340302726368,0.8410216737571427,1.446862259166844,28.275132275132275,1.0,1285.0388219512045,564.5032169882154,75.0,-73.99954639120696,40.72047232748709,9,observed,opendata,"building_density,dist_stream_m,elevation_m,flow_accum_proxy,impervious_frac,slope_deg",event_raster,production,0,0,0.000656144983282768,3,0.000656144983282768,0.000656144983282768,0.0,3,1,0,0,,dep+complaint,1.0,1.0,1,open_public_evidence,0.0,0
892a1072c0bffff,3.118396808745425,0.8373021401280649,1.5857570553815499,6.713780918727915,1.0,500.76018033234686,519.9946338886438,75.0,-74.00606085032426,40.72293809951893,9,observed,opendata,"building_density,dist_stream_m,elevation_m,flow_accum_proxy,impervious_frac,slope_deg",event_raster,production,0,0,0.06858126111472199,3,0.06858126111472199,0.00853647208833126,0.0600447890263917,1,1,0,0,,dep+complaint+floodnet,1.0,1.0,1,open_public_evidence,0.5456800253304732,1
892a1072c0fffff,3.2249523099915134,0.8600292422121991,2.2518873223216795,5.191659272404614,1.0,1691.3331441810053,751.8577441382932,75.0,-74.00381964174338,40.72035614496131,9,observed,opendata,"building_density,dist_stream_m,elevation_m,flow_accum_proxy,impervious_frac,slope_deg",event_raster,production,0,0,0.04624325104414412,1,0.04624325104414412,0.03749438230484342,0.008748868739300697,1,1,0,0,,dep+complaint,1.0,1.0,1,open_public_evidence,0.4462049305604385,1
892a1072c13ffff,7.151620798371897,0.8145879277694783,1.6995826201926052,41.68314210061783,1.0,1549.4514630051679,802.1002782832692,75.0,-73.99975485394748,40.725752634920234,9,observed,opendata,"building_density,dist_stream_m,elevation_m,flow_accum_proxy,impervious_frac,slope_deg",event_raster,production,0,0,0.0,0,0.0,0.0,0.0,0,0,0,0,,none,0.0,0.0,0,open_public_evidence,0.0,0
892a1072c17ffff,10.198771477168709,0.8244139280272672,0.7361383807664438,28.259094942324754,1.0,1473.943846881449,508.0108038763589,75.0,-73.99751386869457,40.723170471210885,9,observed,opendata,"building_density,dist_stream_m,elevation_m,flow_accum_proxy,impervious_frac,slope_deg",event_raster,production,0,0,0.0,6,0.0,0.0,0.0,6,1,0,0,,complaint,1.0,1.0,1,open_public_evidence,0.0,0
892a1072c1bffff,5.673303575747836,0.7975637628177626,2.37849200439796,4.083185840707965,1.0,1464.4165055665303,641.0700373127984,75.0,-74.00402858507962,40.72563644575339,9,observed,opendata,"building_density,dist_stream_m,elevation_m,flow_accum_proxy,impervious_frac,slope_deg",event_raster,production,0,0,0.0,0,0.0,0.0,0.0,0,0,0,0,,none,0.0,0.0,0,open_public_evidence,0.03912774136181059,1
892a1072c23ffff,7.023031472395628,0.7878730085231265,2.11902773161077,12.99027409372237,1.0,2003.3481158573127,592.0702373556267,75.0,-73.99933797536255,40.7151923699604,9,observed,opendata,"building_density,dist_stream_m,elevation_m,flow_accum_proxy,impervious_frac,slope_deg",event_raster,production,0,0,0.0,4,0.0,0.0,0.0,4,1,0,0,,complaint,1.0,1.0,1,open_public_evidence,0.01717192674483096,1
892a1072c27ffff,7.723999054774933,0.8048641631647706,1.4268409694490383,23.867673179396093,1.0,1738.8439366532136,424.4953379874368,75.0,-73.99709751749248,40.7126105495616,9,observed,opendata,"building_density,dist_stream_m,elevation_m,flow_accum_proxy,impervious_frac,slope_deg",event_raster,production,0,0,0.0,4,0.0,0.0,0.0,4,1,0,0,,complaint,1.0,1.0,1,open_public_evidence,0.03509322575956917,1
892a1072c2bffff,7.5079575561535705,0.7906457942967512,3.342175622692971,8.311446317657499,1.0,226.79349384865264,882.0539515260314,75.0,-74.0036107454112,40.71507619407416,9,observed,opendata,"building_density,dist_stream_m,elevation_m,flow_accum_proxy,impervious_frac,slope_deg",event_raster,production,0,0,0.0,1,0.0,0.0,0.0,1,1,0,0,,complaint,1.0,1.0,1,open_public_evidence,0.02519525292910402,1
892a1072c2fffff,6.750803837114203,0.7820344690464239,2.803540036487764,10.878761061946904,1.0,160.65361058257477,521.231579974247,75.0,-74.00137005081483,40.71249445586266,9,observed,opendata,"building_density,dist_stream_m,elevation_m,flow_accum_proxy,impervious_frac,slope_deg",event_raster,production,0,0,0.0,0,0.0,0.0,0.0,0,0,0,0,,none,0.0,0.0,0,open_public_evidence,0.017853122675559056,1
892a1072c33ffff,9.364033672803254,0.8423395209219356,1.2731710791376278,58.2058562555457,1.0,2182.7878929295894,318.50934319660433,75.0,-73.99730566967641,40.71789033541887,9,observed,opendata,"building_density,dist_stream_m,elevation_m,flow_accum_proxy,impervious_frac,slope_deg",event_raster,production,0,0,0.0,0,0.0,0.0,0.0,0,0,0,0,,none,0.0,0.0,0,open_public_evidence,0.0,0
892a1072c37ffff,12.519163254088005,0.84124259394882,0.4027033566381881,5.199115044247788,1.0,1115.074241468572,346.9968464519467,75.0,-73.99506519836963,40.715308388090286,9,observed,opendata,"building_density,dist_stream_m,elevation_m,flow_accum_proxy,impervious_frac,slope_deg",event_raster,production,0,0,0.0,1,0.0,0.0,0.0,1,1,0,0,,complaint,1.0,1.0,1,open_public_evidence,0.0,0
892a1072c3bffff,4.985945178261885,0.8182168998986694,1.7354955732663895,23.279255319148938,1.0,954.376455820826,678.3734528741107,75.0,-74.00157868343452,40.71777423510105,9,observed,opendata,"building_density,dist_stream_m,elevation_m,flow_accum_proxy,impervious_frac,slope_deg",event_raster,production,0,0,0.1643288045499535,6,0.1643288045499535,0.12163264311075148,0.04269616143920199,5,1,0,0,,dep+complaint+floodnet,1.0,1.0,1,open_public_evidence,0.0,0
892a1072c43ffff,-0.3483146434127557,0.36828260949565744,0.9868210551131454,1.8385093167701863,0.0,56.686775955138536,73.91770815925591,75.0,-74.01257602629768,40.7254035939159,9,observed,opendata,"building_density,dist_stream_m,elevation_m,flow_accum_proxy,impervious_frac,slope_deg",event_raster,production,0,0,0.0,1,0.0,0.0,0.0,1,1,0,0,,complaint,1.0,1.0,1,open_public_evidence,0.0,0
892a1072c47ffff,2.5478940276481756,0.8201735348310601,2.3566993278682653,5.242263483642794,1.0,699.1726514420853,163.92701914383704,75.0,-74.01033433063081,40.722821676950645,9,observed,opendata,"building_density,dist_stream_m,elevation_m,flow_accum_proxy,impervious_frac,slope_deg",event_raster,production,0,0,0.0,1,0.0,0.0,0.0,1,1,0,0,,complaint,1.0,1.0,1,open_public_evidence,0.0,0
892a1072c4bffff,-1.2900021594457947,0.0014763974931215904,5.702596368034891e-05,1.0008818342151675,0.0,0.0,187.8605396129888,75.0,-74.0168497362885,40.72528693124739,9,observed,opendata,"building_density,dist_stream_m,elevation_m,flow_accum_proxy,impervious_frac,slope_deg",event_raster,production,0,0,0.0,0,0.0,0.0,0.0,0,0,0,0,,none,0.0,0.0,0,open_public_evidence,0.0,0
892a1072c4fffff,-1.1612874468542245,0.044726600396926594,0.45964789108078624,1.2608695652173914,0.0,0.0,140.3234588264029,75.0,-74.01460780386842,40.722705096568944,9,observed,opendata,"building_density,dist_stream_m,elevation_m,flow_accum_proxy,impervious_frac,slope_deg",event_raster,production,0,0,0.0,0,0.0,0.0,0.0,0,0,0,0,,none,0.0,0.0,0,open_public_evidence,0.0,0
892a1072c53ffff,1.9555521178266606,0.7633290489808107,1.1874856197175672,7.075971731448763,1.0,66.13137394165457,71.43709374848122,75.0,-74.01054401844232,40.728102142637056,9,observed,opendata,"building_density,dist_stream_m,elevation_m,flow_accum_proxy,impervious_frac,slope_deg",event_raster,production,0,0,0.07440308559866583,0,0.07440308559866583,0.04972525243560296,0.024677833163062775,0,0,0,0,,dep,0.07440308559866583,0.07440308559866583,1,open_public_evidence,0.0,0
892a1072c57ffff,3.514800944027348,0.8302934957194688,1.820126131554757,5.66607617360496,1.0,840.8561724537547,286.44378255906025,75.0,-74.00830230921224,40.725520098751595,9,observed,opendata,"building_density,dist_stream_m,elevation_m,flow_accum_proxy,impervious_frac,slope_deg",event_raster,production,0,0,0.0,3,0.0,0.0,0.0,3,1,0,0,,complaint,1.0,1.0,1,open_public_evidence,0.0,0
892a1072c5bffff,-0.8428097461524318,0.10984742639634174,0.583670553413077,1.5066430469441985,0.0,9.447313010430442,57.501836315687896,75.0,-74.01481797231988,40.72798555551391,9,observed,opendata,"building_density,dist_stream_m,elevation_m,flow_accum_proxy,impervious_frac,slope_deg",event_raster,production,0,0,0.0,0,0.0,0.0,0.0,0,0,0,0,,none,0.0,0.0,0,open_public_evidence,0.0,0
892a1072c63ffff,4.267374148922609,0.8219122340678112,2.0086026076831796,5.486702127659575,1.0,1266.1953883358035,274.052390492772,75.0,-74.01012468999328,40.717541561139306,9,observed,opendata,"building_density,dist_stream_m,elevation_m,flow_accum_proxy,impervious_frac,slope_deg",event_raster,production,0,0,0.0,2,0.0,0.0,0.0,2,1,0,0,,complaint,1.0,1.0,1,open_public_evidence,0.0,0
892a1072c67ffff,7.788459051892941,0.8413992755267085,3.9077422315421737,5.588287488908607,1.0,1341.857776018282,584.0583609605297,75.0,-74.0078835084681,40.71495986043266,9,observed,opendata,"building_density,dist_stream_m,elevation_m,flow_accum_proxy,impervious_frac,slope_deg",event_raster,production,0,0,0.0,0,0.0,0.0,0.0,0,0,0,0,,none,0.0,0.0,0,open_public_evidence,0.0,0
892a1072c6bffff,3.267222843571717,0.5787093077892714,2.1671135051995303,3.8172138420585626,1.0,170.08547742175398,112.32795731011394,75.0,-74.01439768269891,40.7174249874975,9,observed,opendata,"building_density,dist_stream_m,elevation_m,flow_accum_proxy,impervious_frac,slope_deg",event_raster,production,0,0,0.0,2,0.0,0.0,0.0,2,1,0,0,,complaint,1.0,1.0,1,open_public_evidence,0.0,0
892a1072c6fffff,3.1363740917969256,0.831038793182331,1.5474661422230875,6.80847308031774,1.0,340.18835314908034,396.6534117043157,75.0,-74.01215626448567,40.714843369036934,9,observed,opendata,"building_density,dist_stream_m,elevation_m,flow_accum_proxy,impervious_frac,slope_deg",event_raster,production,0,0,0.040935453677401215,2,0.040935453677401215,0.019260124966453587,0.02167532871094643,1,1,0,0,,dep+complaint+floodnet,1.0,1.0,1,open_public_evidence,0.0,0
892a1072c73ffff,4.196794937384572,0.8333007257352484,2.2881182772375754,4.73758865248227,1.0,982.6712743667451,401.6963379925279,75.0,-74.00809288528414,40.720239804640435,9,observed,opendata,"building_density,dist_stream_m,elevation_m,flow_accum_proxy,impervious_frac,slope_deg",event_raster,production,0,0,0.011952470919541774,2,0.011952470919541774,0.011540943924194903,0.0004115269953468714,2,1,0,0,,dep+complaint,1.0,1.0,1,open_public_evidence,0.08437407825446382,1
892a1072c77ffff,5.6662136830218675,0.8130936429193621,4.059688079438617,4.3236331569664905,1.0,1096.1124817738614,627.7431121446654,75.0,-74.00585169022261,40.71765797700752,9,observed,opendata,"building_density,dist_stream_m,elevation_m,flow_accum_proxy,impervious_frac,slope_deg",event_raster,production,0,0,0.0012342465805826478,2,0.0012342465805826478,0.0012342465805826478,0.0,2,1,0,0,,dep+complaint,1.0,1.0,1,open_public_evidence,0.11404796142291544,1
892a1072c7bffff,1.9027287622402727,0.7126534564887788,2.346163548441167,3.465486725663717,1.0,132.28230515907939,58.60282131263422,75.0,-74.0123661217817,40.72012330652548,9,observed,opendata,"building_density,dist_stream_m,elevation_m,flow_accum_proxy,impervious_frac,slope_deg",event_raster,production,0,0,0.0,1,0.0,0.0,0.0,1,1,0,0,,complaint,1.0,1.0,1,open_public_evidence,0.0,0
892a1072c83ffff,12.20279057820638,0.8469762851531754,0.3682910814533105,7.988536155202822,1.0,888.0597865889866,760.4716194680121,75.0,-73.9934481326791,40.72856691258618,9,observed,opendata,"building_density,dist_stream_m,elevation_m,flow_accum_proxy,impervious_frac,slope_deg",event_raster,production,0,0,0.0,0,0.0,0.0,0.0,0,0,0,0,,none,0.0,0.0,0,open_public_evidence,0.0,0
892a1072c87ffff,12.264326432371098,0.8152074481971304,0.3394702420414598,17.648624667258208,1.0,1842.3459111202997,462.0083717889443,75.0,-73.9912073708746,40.7259845397448,9,observed,opendata,"building_density,dist_stream_m,elevation_m,flow_accum_proxy,impervious_frac,slope_deg",event_raster,production,0,0,0.0,16,0.0,0.0,0.0,16,1,0,0,,complaint,1.0,1.0,1,open_public_evidence,0.0,0
892a1072c8bffff,9.429328278024146,0.7233460337346327,0.6735406107540037,23.265070921985817,1.0,651.8718455317455,889.9547766264144,75.0,-73.99772211456276,40.72845095688255,9,observed,opendata,"building_density,dist_stream_m,elevation_m,flow_accum_proxy,impervious_frac,slope_deg",event_raster,production,0,0,0.0,0,0.0,0.0,0.0,0,0,0,0,,none,0.0,0.0,0,open_public_evidence,0.0,0
892a1072c8fffff,12.246182042656216,0.8136129879148294,0.503912407836232,6.734929078014185,1.0,925.894319216104,546.3894731802176,75.0,-73.99548111586327,40.72586866625105,9,observed,opendata,"building_density,dist_stream_m,elevation_m,flow_accum_proxy,impervious_frac,slope_deg",event_raster,production,0,0,0.0,1,0.0,0.0,0.0,1,1,0,0,,complaint,1.0,1.0,1,open_public_evidence,0.0,0
892a1072c93ffff,11.8914575407541,0.8001684291022164,0.2893962946433463,12.048802129547472,1.0,547.925301566318,1047.304314254802,75.0,-73.99141491910795,40.73126521019487,9,observed,opendata,"building_density,dist_stream_m,elevation_m,flow_accum_proxy,impervious_frac,slope_deg",event_raster,production,0,0,0.0,2,0.0,0.0,0.0,2,1,0,0,,complaint,1.0,1.0,1,open_public_evidence,0.0,0
892a1072c97ffff,11.265525324998704,0.7905486663885876,0.5517001321770053,13.380530973451327,1.0,1738.334685341918,792.4269691745822,75.0,-73.98917414391278,40.72868271043228,9,observed,opendata,"building_density,dist_stream_m,elevation_m,flow_accum_proxy,impervious_frac,slope_deg",event_raster,production,0,0,0.0,4,0.0,0.0,0.0,4,1,0,0,,complaint,1.0,1.0,1,open_public_evidence,0.0,0
892a1072c9bffff,9.212313166746856,0.6809637687360564,0.6738819423930865,47.548758865248224,1.0,708.5221069563473,1086.0109406179224,75.0,-73.99568914480813,40.731149330138244,9,observed,opendata,"building_density,dist_stream_m,elevation_m,flow_accum_proxy,impervious_frac,slope_deg",event_raster,production,0,0,0.0,0,0.0,0.0,0.0,0,0,0,0,,none,0.0,0.0,0,open_public_evidence,0.0,0
892a1072ca3ffff,12.025030336659253,0.7556153704555244,0.2940647638416928,12.147293700088731,1.0,1247.2505554042689,84.38759287091854,75.0,-73.99099986933716,40.720704219149056,9,observed,opendata,"building_density,dist_stream_m,elevation_m,flow_accum_proxy,impervious_frac,slope_deg",event_raster,production,0,0,0.0,0,0.0,0.0,0.0,0,0,0,0,,none,0.0,0.0,0,open_public_evidence,0.0,0
892a1072ca7ffff,10.782664090079049,0.8328670469695182,0.45043006396190965,22.157243816254418,1.0,1115.0234541214368,424.7487831052609,75.0,-73.98875962144035,40.71812206272308,9,observed,opendata,"building_density,dist_stream_m,elevation_m,flow_accum_proxy,impervious_frac,slope_deg",event_raster,production,0,0,0.0,8,0.0,0.0,0.0,8,1,0,0,,complaint,1.0,1.0,1,open_public_evidence,0.0,0
892a1072cabffff,11.095445124420896,0.8427272179783499,0.6465082537198061,31.192205491585472,1.0,1974.8078338372445,271.5749827951448,75.0,-73.99527313372238,40.72058835221668,9,observed,opendata,"building_density,dist_stream_m,elevation_m,flow_accum_proxy,impervious_frac,slope_deg",event_raster,production,0,0,0.0,1,0.0,0.0,0.0,1,1,0,0,,complaint,1.0,1.0,1,open_public_evidence,0.0,0
892a1072cafffff,11.994016297095644,0.7322864742933122,0.3087186076665973,8.98141592920354,1.0,1719.7771002431211,28.509563069393256,75.0,-73.99303264899582,40.71800627795989,9,observed,opendata,"building_density,dist_stream_m,elevation_m,flow_accum_proxy,impervious_frac,slope_deg",event_raster,production,0,0,0.0,4,0.0,0.0,0.0,4,1,0,0,,complaint,1.0,1.0,1,open_public_evidence,0.0,0
892a1072cb3ffff,11.074704928946707,0.7586122502531626,0.4853110766120717,20.41061946902655,1.0,1294.4323151373221,277.6380400981097,75.0,-73.98896685935952,40.72340221163636,9,observed,opendata,"building_density,dist_stream_m,elevation_m,flow_accum_proxy,impervious_frac,slope_deg",event_raster,production,0,0,0.0,9,0.0,0.0,0.0,9,1,0,0,,complaint,1.0,1.0,1,open_public_evidence,0.0,0
892a1072cb7ffff,9.339145336455218,0.855246392048176,0.5277387294835808,68.20637732506643,1.0,1984.2678383655734,412.65343141128494,75.0,-73.98672659809884,40.72081992828314,9,observed,opendata,"building_density,dist_stream_m,elevation_m,flow_accum_proxy,impervious_frac,slope_deg",event_raster,production,0,0,0.0,8,0.0,0.0,0.0,7,1,0,0,,complaint+floodnet,1.0,1.0,1,open_public_evidence,0.0,0
892a1072cbbffff,12.762222649455596,0.8024708800682008,0.2505259925966247,5.0767872903795235,1.0,1558.9834393275216,203.18904967793998,75.0,-73.99324036746646,40.72328642033247,9,observed,opendata,"building_density,dist_stream_m,elevation_m,flow_accum_proxy,impervious_frac,slope_deg",event_raster,production,0,0,0.0,0,0.0,0.0,0.0,0,0,0,0,,none,0.0,0.0,0,open_public_evidence,0.0,0
892a1072cc3ffff,5.021779360228266,0.7604603626406098,2.5242064807034654,3.646072374227714,1.0,3108.032940700978,579.8930242748081,75.0,-74.00423757543585,40.73091709639526,9,observed,opendata,"building_density,dist_stream_m,elevation_m,flow_accum_proxy,impervious_frac,slope_deg",event_raster,production,0,0,0.018392628717269478,3,0.018392628717269478,0.01804637032070068,0.0003462583965687908,3,1,0,0,,dep+complaint,1.0,1.0,1,open_public_evidence,0.0,0
892a1072cc7ffff,6.335099465458105,0.7716762522856394,2.228706458725484,6.5186170212765955,1.0,2154.0052973235956,790.8201105957855,75.0,-74.00199608951623,40.72833484332245,9,observed,opendata,"building_density,dist_stream_m,elevation_m,flow_accum_proxy,impervious_frac,slope_deg",event_raster,production,0,0,0.0,4,0.0,0.0,0.0,4,1,0,0,,complaint,1.0,1.0,1,open_public_evidence,0.0,0
892a1072ccbffff,3.949927085046227,0.8564808873842794,1.4419907619152879,6.4361702127659575,1.0,793.5381194635655,221.09262357104407,75.0,-74.00851178026825,40.730800742711025,9,observed,opendata,"building_density,dist_stream_m,elevation_m,flow_accum_proxy,impervious_frac,slope_deg",event_raster,production,0,0,0.05299845254116865,0,0.05299845254116865,0.030960946119548968,0.022037506421619345,0,0,0,0,,dep,0.05299845254116865,0.05299845254116865,1,open_public_evidence,0.0,0
892a1072ccfffff,4.811616908669788,0.8262339234352112,1.5042801943167952,5.20903454384411,1.0,632.973478406772,430.5909900985706,75.0,-74.00627005749193,40.728218571906936,9,observed,opendata,"building_density,dist_stream_m,elevation_m,flow_accum_proxy,impervious_frac,slope_deg",event_raster,production,0,0,0.017205448287326227,5,0.017205448287326227,0.01556036959504524,0.00164507869228099,5,1,0,0,,dep+complaint,1.0,1.0,1,open_public_evidence,0.0,0
892a1072cd3ffff,6.292136559689659,0.73424742374814,2.4089230521545675,4.962699822380107,1.0,2833.9356052100884,718.4712811740419,75.0,-74.00220486300994,40.73361567219517,9,observed,opendata,"building_density,dist_stream_m,elevation_m,flow_accum_proxy,impervious_frac,slope_deg",event_raster,production,0,0,0.03777483050418673,3,0.03777483050418673,0.01065358271213587,0.027121247792048764,2,1,0,0,,dep+complaint+floodnet,1.0,1.0,1,open_public_evidence,0.0,0
892a1072cd7ffff,6.345450278937606,0.699128677903974,0.9857300969239533,25.62367491166078,1.0,1681.554427289882,947.1117436838457,75.0,-73.99996336359993,40.731033292204685,9,observed,opendata,"building_density,dist_stream_m,elevation_m,flow_accum_proxy,impervious_frac,slope_deg",event_raster,production,0,0,0.041965634552060815,12,0.041965634552060815,0.010298271448227508,0.031667363103835465,12,1,0,0,,dep+complaint,1.0,1.0,1,open_public_evidence,0.0,0
892a1072cdbffff,6.107823018909346,0.7611381993596013,2.27007863336038,3.374113475177305,1.0,2115.9993596437303,358.16223754499634,75.0,-74.00647931174146,40.733499394116386,9,observed,opendata,"building_density,dist_stream_m,elevation_m,flow_accum_proxy,impervious_frac,slope_deg",event_raster,production,0,0,0.0,4,0.0,0.0,0.0,4,1,0,0,,complaint,1.0,1.0,1,open_public_evidence,0.0,0
892a1072d03ffff,1.5903409146149619,0.5288758778451682,1.05914107278704,17.910301953818827,1.0,283.5514972507295,28.185187013682967,75.0,-73.98610581467901,40.70498104661735,9,observed,opendata,"building_density,dist_stream_m,elevation_m,flow_accum_proxy,impervious_frac,slope_deg",event_raster,production,0,0,0.015610987790722298,0,0.015610987790722298,0.01004475947129911,0.005566228319423188,0,0,0,0,,dep,0.015610987790722298,0.015610987790722298,1,open_public_evidence,0.0,0
892a1072d07ffff,10.762117116586536,0.8415288269942534,1.5971201675422226,11.911347517730496,1.0,756.1760431552476,344.00014565133773,75.0,-73.98386659396525,40.702399323320684,9,observed,opendata,"building_density,dist_stream_m,elevation_m,flow_accum_proxy,impervious_frac,slope_deg",event_raster,production,0,0,0.0,1,0.0,0.0,0.0,1,1,0,0,,complaint,1.0,1.0,1,open_public_evidence,0.0,0
892a1072d0bffff,0.7995113051019629,0.355365130201747,0.7994428034450366,21.35314995563443,0.0,75.61351958333834,6.467186353529706,75.0,-73.99037764474299,40.70486535703891,9,observed,opendata,"building_density,dist_stream_m,elevation_m,flow_accum_proxy,impervious_frac,slope_deg",event_raster,production,0,0,0.0,4,0.0,0.0,0.0,3,1,0,0,,complaint+floodnet,1.0,1.0,1,open_public_evidence,0.0,0
892a1072d0fffff,7.928156178783886,0.8402945085450888,2.3063914411685618,29.312997347480106,1.0,472.6086933262805,262.5052892034647,75.0,-73.98813818732994,40.70228371583007,9,observed,opendata,"building_density,dist_stream_m,elevation_m,flow_accum_proxy,impervious_frac,slope_deg",event_raster,production,0,0,0.0,0,0.0,0.0,0.0,0,0,0,0,,none,0.0,0.0,0,open_public_evidence,0.0,0
892a1072d13ffff,0.0,6.20630321870793e-05,0.0,1.0,0.0,0.0,22.319315130246963,75.0,-73.98407321184507,40.7076784287519,9,observed,opendata,"building_density,dist_stream_m,elevation_m,flow_accum_proxy,impervious_frac,slope_deg",event_raster,production,0,0,0.0,0,0.0,0.0,0.0,0,0,0,0,,none,0.0,0.0,0,open_public_evidence,0.0,0
892a1072d17ffff,2.8913749688511006,0.6059435164028433,1.7026563647013586,16.142477876106195,1.0,160.6796359791323,83.96133395857375,75.0,-73.98183397782091,40.705096578515935,9,observed,opendata,"building_density,dist_stream_m,elevation_m,flow_accum_proxy,impervious_frac,slope_deg",event_raster,production,0,0,0.0,0,0.0,0.0,0.0,0,0,0,0,,none,0.0,0.0,0,open_public_evidence,0.279342442853382,1
892a1072d1bffff,0.0026818050874574868,0.027270924404903987,0.012101500893427987,1.245583038869258,0.0,0.0,14.319801715645696,75.0,-73.98834528544128,40.707562814764856,9,observed,opendata,"building_density,dist_stream_m,elevation_m,flow_accum_proxy,impervious_frac,slope_deg",event_raster,production,0,0,0.0,0,0.0,0.0,0.0,0,0,0,0,,none,0.0,0.0,0,open_public_evidence,0.0,0
892a1072d23ffff,10.26750994824815,0.8109578449941124,2.1437452202094645,63.09106984969054,1.0,614.4542300357435,386.08228722250544,75.0,-73.98366002254876,40.69712056799387,9,observed,opendata,"building_density,dist_stream_m,elevation_m,flow_accum_proxy,impervious_frac,slope_deg",event_raster,production,0,0,0.0,0,0.0,0.0,0.0,0,0,0,0,,none,0.0,0.0,0,open_public_evidence,0.0,0
892a1072d27ffff,7.8997705495166946,0.7161063094545639,1.2441866736574558,60.55417406749556,1.0,274.15516026588926,395.79161706880444,75.0,-73.98142131511055,40.69453906141096,9,observed,opendata,"building_density,dist_stream_m,elevation_m,flow_accum_proxy,impervious_frac,slope_deg",event_raster,production,0,0,0.0,2,0.0,0.0,0.0,2,1,0,0,,complaint,1.0,1.0,1,open_public_evidence,0.0,0
892a1072d2bffff,18.31607125436869,0.7809593586186797,1.8003215710471645,28.465899025686447,1.0,179.60919120855763,816.0276008468445,75.0,-73.9879311357898,40.697004966998165,9,observed,opendata,"building_density,dist_stream_m,elevation_m,flow_accum_proxy,impervious_frac,slope_deg",event_raster,production,0,0,0.0,1,0.0,0.0,0.0,1,1,0,0,,complaint,1.0,1.0,1,open_public_evidence,0.0,0
892a1072d2fffff,12.11450909425859,0.824216933116092,1.112828457339633,76.51197870452529,1.0,132.35039295020297,658.6686611468707,75.0,-73.98569219171748,40.69442354246242,9,observed,opendata,"building_density,dist_stream_m,elevation_m,flow_accum_proxy,impervious_frac,slope_deg",event_raster,production,0,0,0.0,0,0.0,0.0,0.0,0,0,0,0,,none,0.0,0.0,0,open_public_evidence,0.0,0
892a1072d33ffff,7.276002969437727,0.6299483268938305,2.03821214662652,44.19397697077059,1.0,132.337584439135,305.9552410808073,75.0,-73.98162762326494,40.69981764489713,9,observed,opendata,"building_density,dist_stream_m,elevation_m,flow_accum_proxy,impervious_frac,slope_deg",event_raster,production,0,0,0.0,1,0.0,0.0,0.0,1,1,0,0,,complaint,1.0,1.0,1,open_public_evidence,0.12808601868641534,1
892a1072d37ffff,5.043772822475687,0.6373021713034073,1.2577301080949346,31.01597160603372,1.0,217.42288159792585,50.590343536296785,75.0,-73.97938890254308,40.69723601136891,9,observed,opendata,"building_density,dist_stream_m,elevation_m,flow_accum_proxy,impervious_frac,slope_deg",event_raster,production,0,0,0.0576023001400839,2,0.0576023001400839,0.032037662906158774,0.025564637233926664,0,0,0,0,,dep+floodnet,1.0,1.0,1,open_public_evidence,0.26053272017381124,1
892a1072d3bffff,17.255566128617282,0.7427636486334234,1.9593735802554746,9.592362344582593,1.0,85.07392095619714,554.4963953521739,75.0,-73.98589897994353,40.6997021194743,9,observed,opendata,"building_density,dist_stream_m,elevation_m,flow_accum_proxy,impervious_frac,slope_deg",event_raster,production,0,0,0.0,0,0.0,0.0,0.0,0,0,0,0,,none,0.0,0.0,0,open_public_evidence,0.0,0
892a1072d43ffff,0.015154459671701303,0.12421828627886294,0.056071680103303746,7.1154529307282415,0.0,0.0,156.69860851364638,75.0,-73.996889412127,40.70733111369416,9,observed,opendata,"building_density,dist_stream_m,elevation_m,flow_accum_proxy,impervious_frac,slope_deg",event_raster,production,0,0,0.0,0,0.0,0.0,0.0,0,0,0,0,,none,0.0,0.0,0,open_public_evidence,0.0,0
892a1072d47ffff,0.21638031294643287,0.24624487730642416,0.3108526226905104,15.972663139329805,0.0,47.25831705796459,50.62651721548443,75.0,-73.99464946796543,40.70474950978168,9,observed,opendata,"building_density,dist_stream_m,elevation_m,flow_accum_proxy,impervious_frac,slope_deg",event_raster,production,0,0,0.0,0,0.0,0.0,0.0,0,0,0,0,,none,0.0,0.0,0,open_public_evidence,0.0,0
892a1072d4bffff,1.1078865746846807,0.6908184864819108,1.4779475006091867,6.647214854111406,1.0,746.6411058066457,40.62466400841475,75.0,-74.00116146512151,40.70721502661259,9,observed,opendata,"building_density,dist_stream_m,elevation_m,flow_accum_proxy,impervious_frac,slope_deg",event_raster,production,0,0,0.07544495099495006,2,0.07544495099495006,0.05244736726643461,0.022997583728515292,1,1,0,0,,dep+complaint+floodnet,1.0,1.0,1,open_public_evidence,0.0,0
892a1072d4fffff,-0.08578551889852884,0.011900022011514697,0.31144680867500996,1.0887311446317658,0.0,0.0,64.25735544530582,75.0,-73.99892128429882,40.704633504846704,9,observed,opendata,"building_density,dist_stream_m,elevation_m,flow_accum_proxy,impervious_frac,slope_deg",event_raster,production,0,0,0.0,0,0.0,0.0,0.0,0,0,0,0,,none,0.0,0.0,0,open_public_evidence,0.0,0
892a1072d53ffff,2.026568944042545,0.6616443984904257,1.1126775558489652,34.433362753751105,1.0,189.01444815554976,105.05332840609599,75.0,-73.99485730978921,40.710028773926915,9,observed,opendata,"building_density,dist_stream_m,elevation_m,flow_accum_proxy,impervious_frac,slope_deg",event_raster,production,0,0,0.017808545053834633,2,0.017808545053834633,0.016089484014797664,0.0017190610390369649,1,1,0,0,,dep+complaint+floodnet,1.0,1.0,1,open_public_evidence,0.6712353711334846,1
892a1072d57ffff,0.0,0.06334868668734904,0.0,1.0,0.0,0.0,50.94144212509955,75.0,-73.99261735221776,40.707447043078595,9,observed,opendata,"building_density,dist_stream_m,elevation_m,flow_accum_proxy,impervious_frac,slope_deg",event_raster,production,0,0,0.0,0,0.0,0.0,0.0,0,0,0,0,,none,0.0,0.0,0,open_public_evidence,0.0,0
892a1072d5bffff,3.007810039511809,0.7162455200145008,1.1602615596435912,36.18173758865248,1.0,122.85904751982092,183.70001333626666,75.0,-73.99912960639843,40.70991276239524,9,observed,opendata,"building_density,dist_stream_m,elevation_m,flow_accum_proxy,impervious_frac,slope_deg",event_raster,production,0,0,0.012597799969651649,1,0.012597799969651649,0.011904568791657476,0.0006932311779941718,0,0,0,0,,dep+floodnet,1.0,1.0,1,open_public_evidence,0.5162367958992734,1
892a1072d63ffff,18.73627116033551,0.7296985580516788,3.6137219519179986,27.170494699646643,1.0,2060.667828703398,246.78840487816703,75.0,-73.99444167288247,40.69947059570959,9,observed,opendata,"building_density,dist_stream_m,elevation_m,flow_accum_proxy,impervious_frac,slope_deg",event_raster,production,0,0,0.0,0,0.0,0.0,0.0,0,0,0,0,,none,0.0,0.0,0,open_public_evidence,0.0315138015418428,1
892a1072d67ffff,25.046479862070846,0.7229009612891856,1.0696959049270536,8.008880994671403,1.0,992.5743180922394,492.98537053432085,75.0,-73.99220224221877,40.69688920838285,9,observed,opendata,"building_density,dist_stream_m,elevation_m,flow_accum_proxy,impervious_frac,slope_deg",event_raster,production,0,0,0.0,0,0.0,0.0,0.0,0,0,0,0,,none,0.0,0.0,0,open_public_evidence,0.0,0
892a1072d6bffff,0.40226711936885756,0.6302605505836235,1.0856797742992716,10.136645962732919,1.0,18.905156544656997,36.3603058103343,75.0,-73.99871300904789,40.6993545973698,9,observed,opendata,"building_density,dist_stream_m,elevation_m,flow_accum_proxy,impervious_frac,slope_deg",event_raster,production,0,0,0.0,0,0.0,0.0,0.0,0,0,0,0,,none,0.0,0.0,0,open_public_evidence,0.19204182483915008,1
892a1072d6fffff,17.757840494191424,0.7516357057794809,4.465925375510341,8.644188110026619,1.0,1654.2858939971525,232.34671765081936,75.0,-73.99647334178819,40.69677329214898,9,observed,opendata,"building_density,dist_stream_m,elevation_m,flow_accum_proxy,impervious_frac,slope_deg",event_raster,production,0,0,0.0,0,0.0,0.0,0.0,0,0,0,0,,none,0.0,0.0,0,open_public_evidence,0.0911593269836959,1
892a1072d73ffff,7.979015965762401,0.8276944767624193,2.748724257279035,57.89520426287744,1.0,510.41595335410136,220.51159674141527,75.0,-73.99240977387873,40.702167950680035,9,observed,opendata,"building_density,dist_stream_m,elevation_m,flow_accum_proxy,impervious_frac,slope_deg",event_raster,production,0,0,0.0,2,0.0,0.0,0.0,2,1,0,0,,complaint,1.0,1.0,1,open_public_evidence,0.0,0
892a1072d77ffff,20.04879974706496,0.639519953946818,2.566241899074655,10.011514614703277,1.0,349.74735647398523,493.50223652012676,75.0,-73.99017032983186,40.69958643641145,9,observed,opendata,"building_density,dist_stream_m,elevation_m,flow_accum_proxy,impervious_frac,slope_deg",event_raster,production,0,0,0.0,1,0.0,0.0,0.0,1,1,0,0,,complaint,1.0,1.0,1,open_public_evidence,0.0,0
892a1072d7bffff,1.632639865778887,0.6059491304485888,1.8327296234233146,10.474711623779946,1.0,132.32969110110287,62.765209040522976,75.0,-73.99668135356416,40.70205202787161,9,observed,opendata,"building_density,dist_stream_m,elevation_m,flow_accum_proxy,impervious_frac,slope_deg",event_raster,production,0,0,0.0,0,0.0,0.0,0.0,0,0,0,0,,none,0.0,0.0,0,open_public_evidence,0.3220425079523134,1
892a1072d83ffff,0.4721825262087218,0.18103923728519208,0.4486384768302134,11.403011514614704,0.0,0.0,15.828964964168959,75.0,-73.97776805489825,40.710491242867484,9,observed,opendata,"building_density,dist_stream_m,elevation_m,flow_accum_proxy,impervious_frac,slope_deg",event_raster,production,0,0,0.0,0,0.0,0.0,0.0,0,0,0,0,,none,0.0,0.0,0,open_public_evidence,0.0,0
892a1072d87ffff,0.0076270794464078084,0.014895152924227651,0.021093714673755124,1.1107174490699734,0.0,0.0,80.57095141993915,75.0,-73.97552904438331,40.70790918362411,9,observed,opendata,"building_density,dist_stream_m,elevation_m,flow_accum_proxy,impervious_frac,slope_deg",event_raster,production,0,0,0.0,0,0.0,0.0,0.0,0,0,0,0,,none,0.0,0.0,0,open_public_evidence,0.037562717234500255,1
892a1072d8bffff,1.5947693509721237,0.5778949075673067,1.086468078669121,22.517241379310345,1.0,94.50802286404497,68.84494370755897,75.0,-73.98204037879412,40.71037586221235,9,observed,opendata,"building_density,dist_stream_m,elevation_m,flow_accum_proxy,impervious_frac,slope_deg",event_raster,production,0,0,0.015220954900549937,0,0.015220954900549937,0.01522095490054994,0.0,0,0,0,0,,dep,0.015220954900549937,0.015220954900549937,1,open_public_evidence,0.0,0
892a1072d8fffff,0.0,0.0,0.0,1.0,0.0,0.0,58.97590798237414,75.0,-73.97980113147659,40.70779388503865,9,observed,opendata,"building_density,dist_stream_m,elevation_m,flow_accum_proxy,impervious_frac,slope_deg",event_raster,production,0,0,0.0,0,0.0,0.0,0.0,0,0,0,0,,none,0.0,0.0,0,open_public_evidence,0.0,0
892a1072d93ffff,0.5813135728721128,0.3160113933110101,0.4528773524979772,6.780530973451327,0.0,18.900744283751173,7.805407211748667,75.0,-73.9757347480519,40.713188651981014,9,observed,opendata,"building_density,dist_stream_m,elevation_m,flow_accum_proxy,impervious_frac,slope_deg",event_raster,production,0,0,0.01667337310587254,0,0.01667337310587254,0.01667337310587254,0.0,0,0,0,0,,dep,0.01667337310587254,0.01667337310587254,1,open_public_evidence,0.0,0
892a1072d97ffff,0.0,0.0,0.0,1.0,0.0,0.0,83.49253222709808,75.0,-73.97349572429943,40.71060646580088,9,observed,opendata,"building_density,dist_stream_m,elevation_m,flow_accum_proxy,impervious_frac,slope_deg",event_raster,production,0,0,0.0,0,0.0,0.0,0.0,0,0,0,0,,none,0.0,0.0,0,open_public_evidence,0.0,0
892a1072d9bffff,5.986115967159051,0.6407863063260106,1.227307362493521,11.244010647737356,1.0,170.10621520656386,297.5396043603013,75.0,-73.9800073154922,40.7130733469773,9,observed,opendata,"building_density,dist_stream_m,elevation_m,flow_accum_proxy,impervious_frac,slope_deg",event_raster,production,0,0,0.0,1,0.0,0.0,0.0,1,1,0,0,,complaint,1.0,1.0,1,open_public_evidence,0.0,0
892a1072da3ffff,0.09091189657601395,0.24779033810336068,0.1749410080219411,2.394503546099291,0.0,56.71352494499896,17.13881422299616,75.0,-73.97532338697795,40.70263006531952,9,observed,opendata,"building_density,dist_stream_m,elevation_m,flow_accum_proxy,impervious_frac,slope_deg",event_raster,production,0,0,0.0,0,0.0,0.0,0.0,0,0,0,0,,none,0.0,0.0,0,open_public_evidence,0.21139537240560433,1
892a1072da7ffff,1.4600472841791023,0.7578788660698056,0.9516296023930594,27.718722271517304,1.0,103.9801214372381,30.732196012412654,75.0,-73.97308488972679,40.70004822281854,9,observed,opendata,"building_density,dist_stream_m,elevation_m,flow_accum_proxy,impervious_frac,slope_deg",event_raster,production,0,0,0.0,0,0.0,0.0,0.0,0,0,0,0,,none,0.0,0.0,0,open_public_evidence,0.5369700887732288,1
892a1072dabffff,6.37292127679127,0.7760534133252623,2.81634897111748,7.372113676731794,1.0,557.6814108819977,193.55317608179303,75.0,-73.9795949938321,40.702514773150845,9,observed,opendata,"building_density,dist_stream_m,elevation_m,flow_accum_proxy,impervious_frac,slope_deg",event_raster,production,0,0,0.0,0,0.0,0.0,0.0,0,0,0,0,,none,0.0,0.0,0,open_public_evidence,0.3377463030154103,1
892a1072dafffff,1.6894925614748382,0.8023604381329285,0.6734994873003425,47.35865724381625,1.0,207.95965106918737,138.4401100819898,75.0,-73.97735625984353,40.699933012678876,9,observed,opendata,"building_density,dist_stream_m,elevation_m,flow_accum_proxy,impervious_frac,slope_deg",event_raster,production,0,0,6.947796035828297e-06,0,6.947796035828297e-06,6.947796035828297e-06,0.0,0,0,0,0,,dep,6.947796035828297e-06,6.947796035828297e-06,1,open_public_evidence,0.9389972871284301,1
892a1072db3ffff,0.06925833687394281,0.3010721490552633,0.08997295622423807,1.7959183673469388,0.0,103.96976700907229,7.4547184563148035,75.0,-73.97329028391235,40.705327169269424,9,observed,opendata,"building_density,dist_stream_m,elevation_m,flow_accum_proxy,impervious_frac,slope_deg",event_raster,production,0,0,0.0,0,0.0,0.0,0.0,0,0,0,0,,none,0.0,0.0,0,open_public_evidence,0.3298701113575176,1
892a1072db7ffff,0.20208563619389053,0.690766660092116,0.2333131050789561,3.5149911816578485,1.0,66.16596771878126,69.91808829665075,75.0,-73.97105177345034,40.70274519982567,9,observed,opendata,"building_density,dist_stream_m,elevation_m,flow_accum_proxy,impervious_frac,slope_deg",event_raster,production,0,0,0.0,0,0.0,0.0,0.0,0,0,0,0,,none,0.0,0.0,0,open_public_evidence,0.5657941037990711,1
892a1072dbbffff,0.4020954800569823,0.20221401900047872,0.6068998101630981,3.932743362831858,0.0,47.25885050726129,80.91270562515471,75.0,-73.9775621342162,40.70521195273364,9,observed,opendata,"building_density,dist_stream_m,elevation_m,flow_accum_proxy,impervious_frac,slope_deg",event_raster,production,0,0,0.0,0,0.0,0.0,0.0,0,0,0,0,,none,0.0,0.0,0,open_public_evidence,0.12481209917045669,1
892a1072dc3ffff,6.726418188640049,0.691715196182383,1.161690610886356,65.79276895943562,1.0,850.5262670592863,320.500832248279,75.0,-73.98855243013952,40.712842263747554,9,observed,opendata,"building_density,dist_stream_m,elevation_m,flow_accum_proxy,impervious_frac,slope_deg",event_raster,production,0,0,0.0,1,0.0,0.0,0.0,1,1,0,0,,complaint,1.0,1.0,1,open_public_evidence,0.0,0
892a1072dc7ffff,1.8936366837580656,0.7480680548341562,1.0462038854668776,32.276595744680854,1.0,189.01551138902076,102.35585843144328,75.0,-73.98631269593956,40.71026032383652,9,observed,opendata,"building_density,dist_stream_m,elevation_m,flow_accum_proxy,impervious_frac,slope_deg",event_raster,production,0,0,0.0,1,0.0,0.0,0.0,1,1,0,0,,complaint,1.0,1.0,1,open_public_evidence,0.0,0
892a1072dcbffff,9.383027314083886,0.7987320002356496,1.2021750820960695,14.300265721877768,1.0,1058.429710891053,366.80694026443285,75.0,-73.99282497725156,40.712726485523575,9,observed,opendata,"building_density,dist_stream_m,elevation_m,flow_accum_proxy,impervious_frac,slope_deg",event_raster,production,0,0,0.0,0,0.0,0.0,0.0,0,0,0,0,,none,0.0,0.0,0,open_public_evidence,0.0,0
892a1072dcfffff,1.3792245528085765,0.5879472371890828,1.0244504686707578,45.90860692102928,1.0,122.85973626240448,47.359850335553226,75.0,-73.99058500628709,40.71014462774103,9,observed,opendata,"building_density,dist_stream_m,elevation_m,flow_accum_proxy,impervious_frac,slope_deg",event_raster,production,0,0,0.02896551520211008,2,0.02896551520211008,0.023160607252640325,0.005804907949469751,2,1,0,0,,dep+complaint,1.0,1.0,1,open_public_evidence,0.0,0
892a1072dd3ffff,9.48738886554789,0.750661796347272,0.3977843734910695,10.411712511091393,1.0,340.19405522319425,649.9627886033053,75.0,-73.98651962374095,40.715539951076806,9,observed,opendata,"building_density,dist_stream_m,elevation_m,flow_accum_proxy,impervious_frac,slope_deg",event_raster,production,0,0,0.0,3,0.0,0.0,0.0,3,1,0,0,,complaint,1.0,1.0,1,open_public_evidence,0.0,0
892a1072dd7ffff,8.263710407419552,0.7102450544102169,0.7822064273720467,10.377994676131323,1.0,378.01274109465237,378.2571282403297,75.0,-73.9842798762039,40.71295788423248,9,observed,opendata,"building_density,dist_stream_m,elevation_m,flow_accum_proxy,impervious_frac,slope_deg",event_raster,production,0,0,0.0,1,0.0,0.0,0.0,1,1,0,0,,complaint,1.0,1.0,1,open_public_evidence,0.0,0
892a1072ddbffff,11.257507700267947,0.7571919379395236,0.5813499977133944,16.19449378330373,1.0,2012.8091555261021,368.6451973464875,75.0,-73.99079241447993,40.71542424846276,9,observed,opendata,"building_density,dist_stream_m,elevation_m,flow_accum_proxy,impervious_frac,slope_deg",event_raster,production,0,0,0.0,6,0.0,0.0,0.0,6,1,0,0,,complaint,1.0,1.0,1,open_public_evidence,0.0,0
892a1072e07ffff,-1.1469777772890641,0.0,0.5509574949016307,1.1838926174496645,0.0,0.0,33.82341964866184,75.0,-74.02945899638944,40.71965573614675,9,observed,opendata,"building_density,dist_stream_m,elevation_m,flow_accum_proxy,impervious_frac,slope_deg",event_raster,production,0,0,0.0,0,0.0,0.0,0.0,0,0,0,0,,none,0.0,0.0,0,open_public_evidence,0.0,0
892a1072e13ffff,-1.1178920006123612,0.03761027739940423,0.47336810383959205,1.2954209748892171,0.0,0.0,33.21683893353089,75.0,-74.02967082321764,40.72493599625571,9,observed,opendata,"building_density,dist_stream_m,elevation_m,flow_accum_proxy,impervious_frac,slope_deg",event_raster,production,0,0,0.0,0,0.0,0.0,0.0,0,0,0,0,,none,0.0,0.0,0,open_public_evidence,0.0,0
892a1072e17ffff,-1.3020969478429947,0.0,0.002152715164413923,1.120353982300885,0.0,0.0,243.5884628223492,75.0,-74.02742818069241,40.722354408553976,9,observed,opendata,"building_density,dist_stream_m,elevation_m,flow_accum_proxy,impervious_frac,slope_deg",event_raster,production,0,0,0.0,0,0.0,0.0,0.0,0,0,0,0,,none,0.0,0.0,0,open_public_evidence,0.0,0
892a1072e23ffff,-1.3384929623934303,0.0,0.018487591201436105,1.4195544554455446,0.0,0.0,266.11024290950365,75.0,-74.02924721721307,40.7143758259334,9,observed,opendata,"building_density,dist_stream_m,elevation_m,flow_accum_proxy,impervious_frac,slope_deg",event_raster,production,0,0,0.0,0,0.0,0.0,0.0,0,0,0,0,,none,0.0,0.0,0,open_public_evidence,0.0,0
892a1072e27ffff,-1.3384701129918408,0.0,0.012942339079057124,1.461401952085182,0.0,0.0,198.10391950117412,75.0,-74.02700510279877,40.71179458125255,9,observed,opendata,"building_density,dist_stream_m,elevation_m,flow_accum_proxy,impervious_frac,slope_deg",event_raster,production,0,0,0.0,0,0.0,0.0,0.0,0,0,0,0,,none,0.0,0.0,0,open_public_evidence,0.0,0
892a1072e33ffff,-1.316285064078689,0.0,0.0050108602418508065,1.1748003549245785,0.0,0.0,228.68691076459717,75.0,-74.02721661795067,40.717074319941275,9,observed,opendata,"building_density,dist_stream_m,elevation_m,flow_accum_proxy,impervious_frac,slope_deg",event_raster,production,0,0,0.0,0,0.0,0.0,0.0,0,0,0,0,,none,0.0,0.0,0,open_public_evidence,0.0,0
892a1072e37ffff,-1.3260624146398021,0.0,0.0027794447128794025,1.1535048802129548,0.0,0.0,61.95393566222679,75.0,-74.02497448982766,40.71449294833522,9,observed,opendata,"building_density,dist_stream_m,elevation_m,flow_accum_proxy,impervious_frac,slope_deg",event_raster,production,0,0,0.0,0,0.0,0.0,0.0,0,0,0,0,,none,0.0,0.0,0,open_public_evidence,0.0,0
892a1072e83ffff,-1.2823471382088742,0.0,0.001970506734798346,1.1089459698848538,0.0,0.0,172.69649886703252,75.0,-74.02336585866627,40.727751907712054,9,observed,opendata,"building_density,dist_stream_m,elevation_m,flow_accum_proxy,impervious_frac,slope_deg",event_raster,production,0,0,0.0,0,0.0,0.0,0.0,0,0,0,0,,none,0.0,0.0,0,open_public_evidence,0.0,0
892a1072e87ffff,-1.2899999618530273,0.0,0.0,1.0,0.0,0.0,67.74550306739361,75.0,-74.02112343913716,40.72517011074713,9,observed,opendata,"building_density,dist_stream_m,elevation_m,flow_accum_proxy,impervious_frac,slope_deg",event_raster,production,0,0,0.0,0,0.0,0.0,0.0,0,0,0,0,,none,0.0,0.0,0,open_public_evidence,0.0,0
892a1072e8bffff,-0.9137106631395044,0.014076363655762371,1.2647774384208912,1.4033539276257723,0.0,0.0,3.407879586511164,75.0,-74.02763979104002,40.72763484703553,9,observed,opendata,"building_density,dist_stream_m,elevation_m,flow_accum_proxy,impervious_frac,slope_deg",event_raster,production,0,0,0.0,0,0.0,0.0,0.0,0,0,0,0,,none,0.0,0.0,0,open_public_evidence,0.0,0
892a1072e8fffff,-1.290640190388905,0.0,0.0023396024695454057,1.1364038972542072,0.0,0.0,329.15577389157704,75.0,-74.02539713479602,40.72505313241621,9,observed,opendata,"building_density,dist_stream_m,elevation_m,flow_accum_proxy,impervious_frac,slope_deg",event_raster,production,0,0,0.0,0,0.0,0.0,0.0,0,0,0,0,,none,0.0,0.0,0,open_public_evidence,0.0,0
892a1072e93ffff,-1.2759401488093147,0.0,0.0023679060517631024,1.1353982300884955,0.0,0.0,58.509630464563124,75.0,-74.02133435226908,40.73045073442013,9,observed,opendata,"building_density,dist_stream_m,elevation_m,flow_accum_proxy,impervious_frac,slope_deg",event_raster,production,0,0,0.0,0,0.0,0.0,0.0,0,0,0,0,,none,0.0,0.0,0,open_public_evidence,0.0,0
892a1072e97ffff,-1.2825924884131614,0.0,0.0019758869679182343,1.1143617021276595,0.0,0.0,181.9302741511974,75.0,-74.01909191907703,40.72786881053854,9,observed,opendata,"building_density,dist_stream_m,elevation_m,flow_accum_proxy,impervious_frac,slope_deg",event_raster,production,0,0,0.0,0,0.0,0.0,0.0,0,0,0,0,,none,0.0,0.0,0,open_public_evidence,0.0,0
892a1072e9bffff,-1.2507892555279776,0.0,0.13531154771462364,1.1356382978723405,0.0,0.0,139.77885177292092,75.0,-74.02560852861204,40.730333749247364,9,observed,opendata,"building_density,dist_stream_m,elevation_m,flow_accum_proxy,impervious_frac,slope_deg",event_raster,production,0,0,0.0,0,0.0,0.0,0.0,0,0,0,0,,none,0.0,0.0,0,open_public_evidence,0.0,0
892a1072ea3ffff,-1.3051831902078326,0.0,0.002348777895897442,1.1703637976929901,0.0,0.0,194.00699306968986,75.0,-74.0209125734571,40.71988983691776,9,observed,opendata,"building_density,dist_stream_m,elevation_m,flow_accum_proxy,impervious_frac,slope_deg",event_raster,production,0,0,0.0,0,0.0,0.0,0.0,0,0,0,0,,none,0.0,0.0,0,open_public_evidence,0.0,0
892a1072ea7ffff,-1.0004362989909354,0.03938485052832196,0.607155397960909,1.5141592920353983,0.0,9.449167155030462,143.86161887124806,75.0,-74.01867066829203,40.717308256083186,9,observed,opendata,"building_density,dist_stream_m,elevation_m,flow_accum_proxy,impervious_frac,slope_deg",event_raster,production,0,0,0.0,0,0.0,0.0,0.0,0,0,0,0,,none,0.0,0.0,0,open_public_evidence,0.0,0
892a1072eabffff,-1.3088106932580894,0.0,0.0023563249855705188,1.12677304964539,0.0,0.0,160.59611199447565,75.0,-74.02518578853991,40.71977286542712,9,observed,opendata,"building_density,dist_stream_m,elevation_m,flow_accum_proxy,impervious_frac,slope_deg",event_raster,production,0,0,0.0,0,0.0,0.0,0.0,0,0,0,0,,none,0.0,0.0,0,open_public_evidence,0.0,0
892a1072eafffff,-1.3149420296766732,0.0,0.004977009375373974,1.1219081272084805,0.0,0.0,74.20364341212418,75.0,-74.02294364672512,40.7171913668974,9,observed,opendata,"building_density,dist_stream_m,elevation_m,flow_accum_proxy,impervious_frac,slope_deg",event_raster,production,0,0,0.0,0,0.0,0.0,0.0,0,0,0,0,,none,0.0,0.0,0,open_public_evidence,0.0,0
892a1072eb3ffff,-1.2972805170594748,0.0,0.0023085297386642905,1.132860938883968,0.0,0.0,299.4233973549057,75.0,-74.01888126998956,40.722588358374864,9,observed,opendata,"building_density,dist_stream_m,elevation_m,flow_accum_proxy,impervious_frac,slope_deg",event_raster,production,0,0,0.0,0,0.0,0.0,0.0,0,0,0,0,,none,0.0,0.0,0,open_public_evidence,0.0,0
892a1072eb7ffff,-0.9869655673939711,0.04456879443795178,1.138384904100203,1.3174182139699382,0.0,0.0,46.91674103088599,75.0,-74.01663935118853,40.72000665061756,9,observed,opendata,"building_density,dist_stream_m,elevation_m,flow_accum_proxy,impervious_frac,slope_deg",event_raster,production,0,0,0.0,0,0.0,0.0,0.0,0,0,0,0,,none,0.0,0.0,0,open_public_evidence,0.0,0
892a1072ebbffff,-1.2973183745950698,0.0,0.0021530647708895467,1.1253309796999118,0.0,0.0,46.42995895120563,75.0,-74.02315472894675,40.72247146236952,9,observed,opendata,"building_density,dist_stream_m,elevation_m,flow_accum_proxy,impervious_frac,slope_deg",event_raster,production,0,0,0.0,0,0.0,0.0,0.0,0,0,0,0,,none,0.0,0.0,0,open_public_evidence,0.0,0
892a1072ed7ffff,-0.06170985201789328,0.10560144820627718,2.8123183042825053,1.9090909090909092,0.0,0.0,33.075229584812845,75.0,-74.02988269771375,40.73021660620518,9,observed,opendata,"building_density,dist_stream_m,elevation_m,flow_accum_proxy,impervious_frac,slope_deg",event_raster,production,0,0,0.0,0,0.0,0.0,0.0,0,0,0,0,,none,0.0,0.0,0,open_public_evidence,0.0,0
