h3_index,lon,lat,h3_resolution,assembly_mode,feature_source,flood_area_frac,flood_point_count,dep_area_frac,dep_nuisance_frac,dep_deep_frac,complaint_count,complaint_presence,ida_hwm_count,ida_hwm_presence,ida_hwm_quality,evidence_sources,evidence_coverage_proxy,evidence_positive,evidence_score,flood_class,flood_risk,label_source,observed_risk,label_scale_mode
8a2a100d0487fff,-73.97269448397236,40.74498799569922,10,opendata,labels_only_diagnostics,0.0,0,0.0,0.0,0.0,0,0,0,0,,none,0.0,0,0.0,0,0.0,open_public_evidence,0.0,native_overlay
8a2a100d048ffff,-73.97234506145543,40.743864421822614,10,opendata,labels_only_diagnostics,0.0,3,0.0,0.0,0.0,3,1,0,0,,complaint,0.0,1,1.0,1,1.0,open_public_evidence,1.0,native_overlay
8a2a100d0497fff,-73.97423612685573,40.74532414463068,10,opendata,labels_only_diagnostics,0.0,0,0.0,0.0,0.0,0,0,0,0,,none,0.0,0,0.0,0,0.0,open_public_evidence,0.0,native_overlay
8a2a100d049ffff,-73.9738866645313,40.74420056995235,10,opendata,labels_only_diagnostics,0.0,1,0.0,0.0,0.0,1,1,0,0,,complaint,0.0,1,1.0,1,1.0,open_public_evidence,1.0,native_overlay
8a2a100d04a7fff,-73.97150226454443,40.745775416205475,10,opendata,labels_only_diagnostics,0.0,1,0.0,0.0,0.0,1,1,0,0,,complaint,0.0,1,1.0,1,1.0,open_public_evidence,1.0,native_overlay
8a2a100d04affff,-73.97115286501963,40.74465182807606,10,opendata,labels_only_diagnostics,0.0,0,0.0,0.0,0.0,0,0,0,0,,none,0.0,0,0.0,0,0.0,open_public_evidence,0.0,native_overlay
8a2a100d04b7fff,-73.9730439233059,40.74611158463102,10,opendata,labels_only_diagnostics,0.0,0,0.0,0.0,0.0,0,0,0,0,,none,0.0,0,0.0,0,0.0,open_public_evidence,0.0,native_overlay
8a2a100d04c7fff,-73.97045411641287,40.742404696985496,10,opendata,labels_only_diagnostics,0.0,0,0.0,0.0,0.0,0,0,0,0,,none,0.0,0,0.0,0,0.0,open_public_evidence,0.0,native_overlay
8a2a100d04cffff,-73.9701047673285,40.741281154025735,10,opendata,labels_only_diagnostics,0.0,0,0.0,0.0,0.0,0,0,0,0,,none,0.0,0,0.0,0,0.0,open_public_evidence,0.0,native_overlay
8a2a100d04d7fff,-73.9719956557539,40.74274086300191,10,opendata,labels_only_diagnostics,0.0,0,0.0,0.0,0.0,0,0,0,0,,none,0.0,0,0.0,0,0.0,open_public_evidence,0.0,native_overlay
8a2a100d04dffff,-73.97164626686661,40.74161731923778,10,opendata,labels_only_diagnostics,0.0,0,0.0,0.0,0.0,0,0,0,0,,none,0.0,0,0.0,0,0.0,open_public_evidence,0.0,native_overlay
8a2a100d04f7fff,-73.97080348230952,40.74352825500251,10,opendata,labels_only_diagnostics,0.0,0,0.0,0.0,0.0,0,0,0,0,,none,0.0,0,0.0,0,0.0,open_public_evidence,0.0,native_overlay
8a2a100d0587fff,-73.97065939959245,40.747686448906286,10,opendata,labels_only_diagnostics,0.0,2,0.0,0.0,0.0,2,1,0,0,,complaint,0.0,1,1.0,1,1.0,open_public_evidence,1.0,native_overlay
8a2a100d058ffff,-73.97031000624666,40.74656283146959,10,opendata,labels_only_diagnostics,0.0,0,0.0,0.0,0.0,0,0,0,0,,none,0.0,0,0.0,0,0.0,open_public_evidence,0.0,native_overlay
8a2a100d0597fff,-73.97220111404279,40.74802263762914,10,opendata,labels_only_diagnostics,0.0,0,0.0,0.0,0.0,0,0,0,0,,none,0.0,0,0.0,0,0.0,open_public_evidence,0.0,native_overlay
8a2a100d059ffff,-73.9718516808851,40.74689901939007,10,opendata,labels_only_diagnostics,0.0,0,0.0,0.0,0.0,0,0,0,0,,none,0.0,0,0.0,0,0.0,open_public_evidence,0.0,native_overlay
8a2a100d05b7fff,-73.97100880975454,40.748810081397444,10,opendata,labels_only_diagnostics,0.0,0,0.0,0.0,0.0,0,0,0,0,,none,0.0,0,0.0,0,0.0,open_public_evidence,0.0,native_overlay
8a2a100d0687fff,-73.9702488794359,40.737123294760856,10,opendata,labels_only_diagnostics,0.0,0,0.0,0.0,0.0,0,0,0,0,,none,0.0,0,0.0,0,0.0,open_public_evidence,0.0,native_overlay
8a2a100d0697fff,-73.9717902437074,40.737459438066374,10,opendata,labels_only_diagnostics,0.0,0,0.0,0.0,0.0,0,0,0,0,,none,0.0,0,0.0,0,0.0,open_public_evidence,0.0,native_overlay
8a2a100d069ffff,-73.97144089907943,40.73633596878913,10,opendata,labels_only_diagnostics,0.0,0,0.0,0.0,0.0,0,0,0,0,,none,0.0,0,0.0,0,0.0,open_public_evidence,0.0,native_overlay
8a2a100d06b7fff,-73.97059820107818,40.73824677829179,10,opendata,labels_only_diagnostics,0.0,0,0.0,0.0,0.0,0,0,0,0,,none,0.0,0,0.0,0,0.0,open_public_evidence,0.0,native_overlay
8a2a100d2007fff,-73.98755496140967,40.74194333566657,10,opendata,labels_only_diagnostics,0.0,1,0.0,0.0,0.0,1,1,0,0,,complaint,0.0,1,1.0,1,1.0,open_public_evidence,1.0,native_overlay
8a2a100d200ffff,-73.98720520197467,40.74081984334483,10,opendata,labels_only_diagnostics,0.0,0,0.0,0.0,0.0,0,0,0,0,,none,0.0,0,0.0,0,0.0,open_public_evidence,0.0,native_overlay
8a2a100d2017fff,-73.98909662855823,40.742279274184526,10,opendata,labels_only_diagnostics,0.0,0,0.0,0.0,0.0,0,0,0,0,,none,0.0,0,0.0,0,0.0,open_public_evidence,0.0,native_overlay
8a2a100d201ffff,-73.98874682931978,40.74115578107143,10,opendata,labels_only_diagnostics,0.0,0,0.0,0.0,0.0,0,0,0,0,,none,0.0,0,0.0,0,0.0,open_public_evidence,0.0,native_overlay
8a2a100d2027fff,-73.98636305463022,40.74273088503481,10,opendata,labels_only_diagnostics,0.0,0,0.0,0.0,0.0,0,0,0,0,,none,0.0,0,0.0,0,0.0,open_public_evidence,0.0,native_overlay
8a2a100d202ffff,-73.9860133181692,40.74160737845295,10,opendata,labels_only_diagnostics,0.0,0,0.0,0.0,0.0,0,0,0,0,,none,0.0,0,0.0,0,0.0,open_public_evidence,0.0,native_overlay
8a2a100d2037fff,-73.98790473767538,40.74306684304042,10,opendata,labels_only_diagnostics,0.0,0,0.0,0.0,0.0,0,0,0,0,,none,0.0,0,0.0,0,0.0,open_public_evidence,0.0,native_overlay
8a2a100d2047fff,-73.98531389573233,40.73936041044821,10,opendata,labels_only_diagnostics,0.0,0,0.0,0.0,0.0,0,0,0,0,,none,0.0,0,0.0,0,0.0,open_public_evidence,0.0,native_overlay
8a2a100d204ffff,-73.98496420975411,40.738236949026714,10,opendata,labels_only_diagnostics,0.0,1,0.0,0.0,0.0,1,1,0,0,,complaint,0.0,1,1.0,1,1.0,open_public_evidence,1.0,native_overlay
8a2a100d2057fff,-73.9868554593692,40.739696366075876,10,opendata,labels_only_diagnostics,0.0,0,0.0,0.0,0.0,0,0,0,0,,none,0.0,0,0.0,0,0.0,open_public_evidence,0.0,native_overlay
8a2a100d205ffff,-73.98650573359207,40.7385729038604,10,opendata,labels_only_diagnostics,0.0,0,0.0,0.0,0.0,0,0,0,0,,none,0.0,0,0.0,0,0.0,open_public_evidence,0.0,native_overlay
8a2a100d2067fff,-73.98412201900835,40.74014791180963,10,opendata,labels_only_diagnostics,0.0,0,0.0,0.0,0.0,0,0,0,0,,none,0.0,0,0.0,0,0.0,open_public_evidence,0.0,native_overlay
8a2a100d206ffff,-73.98377235600388,40.739024436128595,10,opendata,labels_only_diagnostics,0.0,1,0.0,0.0,0.0,1,1,0,0,,complaint,0.0,1,1.0,1,1.0,open_public_evidence,1.0,native_overlay
8a2a100d2077fff,-73.98566359853697,40.74048388692384,10,opendata,labels_only_diagnostics,0.0,0,0.0,0.0,0.0,0,0,0,0,,none,0.0,0,0.0,0,0.0,open_public_evidence,0.0,native_overlay
8a2a100d2087fff,-73.99183015572552,40.74182760043736,10,opendata,labels_only_diagnostics,0.0,1,0.0,0.0,0.0,1,1,0,0,,complaint,0.0,1,1.0,1,1.0,open_public_evidence,1.0,native_overlay
8a2a100d208ffff,-73.9914802937134,40.740704120796295,10,opendata,labels_only_diagnostics,0.0,0,0.0,0.0,0.0,0,0,0,0,,none,0.0,0,0.0,0,0.0,open_public_evidence,0.0,native_overlay
8a2a100d2097fff,-73.99337185478278,40.74216348207452,10,opendata,labels_only_diagnostics,0.00464880636327613,0,0.00464880636327613,0.00464880636327613,0.0,0,0,0,0,,dep,0.00464880636327613,1,1.0,1,1.0,open_public_evidence,1.0,native_overlay
8a2a100d209ffff,-73.99302195296708,40.741040001645366,10,opendata,labels_only_diagnostics,8.228173427822772e-05,0,8.228173427822772e-05,8.228173427822772e-05,0.0,0,0,0,0,,dep,8.228173427822772e-05,1,1.0,1,1.0,open_public_evidence,1.0,native_overlay
8a2a100d20a7fff,-73.99063831961323,40.742615194005786,10,opendata,labels_only_diagnostics,0.0,2,0.0,0.0,0.0,2,1,0,0,,complaint,0.0,1,1.0,1,1.0,open_public_evidence,1.0,native_overlay
8a2a100d20affff,-73.99028848057061,40.74149170010264,10,opendata,labels_only_diagnostics,0.0,1,0.0,0.0,0.0,1,1,0,0,,complaint,0.0,1,1.0,1,1.0,open_public_evidence,1.0,native_overlay
8a2a100d20b7fff,-73.99218003457294,40.74295109512925,10,opendata,labels_only_diagnostics,0.0,8,0.0,0.0,0.0,8,1,0,0,,complaint,0.0,1,1.0,1,1.0,open_public_evidence,1.0,native_overlay
8a2a100d20c7fff,-73.98958885298438,40.73924475745149,10,opendata,labels_only_diagnostics,0.0,0,0.0,0.0,0.0,0,0,0,0,,none,0.0,0,0.0,0,0.0,open_public_evidence,0.0,native_overlay
8a2a100d20cffff,-73.98923906443838,40.73812130870485,10,opendata,labels_only_diagnostics,0.0,0,0.0,0.0,0.0,0,0,0,0,,none,0.0,0,0.0,0,0.0,open_public_evidence,0.0,native_overlay
8a2a100d20d7fff,-73.99113044853542,40.73958065620674,10,opendata,labels_only_diagnostics,0.0,1,0.0,0.0,0.0,1,1,0,0,,complaint,0.0,1,1.0,1,1.0,open_public_evidence,1.0,native_overlay
8a2a100d20dffff,-73.99078062019038,40.738457206669395,10,opendata,labels_only_diagnostics,0.0,0,0.0,0.0,0.0,0,0,0,0,,none,0.0,0,0.0,0,0.0,open_public_evidence,0.0,native_overlay
8a2a100d20e7fff,-73.9883970469128,40.74003230301048,10,opendata,labels_only_diagnostics,0.0,0,0.0,0.0,0.0,0,0,0,0,,none,0.0,0,0.0,0,0.0,open_public_evidence,0.0,native_overlay
8a2a100d20effff,-73.98804728133604,40.738908840002345,10,opendata,labels_only_diagnostics,0.0,0,0.0,0.0,0.0,0,0,0,0,,none,0.0,0,0.0,0,0.0,open_public_evidence,0.0,native_overlay
8a2a100d20f7fff,-73.98993865836141,40.74036822125098,10,opendata,labels_only_diagnostics,0.0,0,0.0,0.0,0.0,0,0,0,0,,none,0.0,0,0.0,0,0.0,open_public_evidence,0.0,native_overlay
8a2a100d2107fff,-73.98552083929478,40.744641965067935,10,opendata,labels_only_diagnostics,0.0,0,0.0,0.0,0.0,0,0,0,0,,none,0.0,0,0.0,0,0.0,open_public_evidence,0.0,native_overlay
8a2a100d210ffff,-73.98517110898052,40.74351842917461,10,opendata,labels_only_diagnostics,0.0,0,0.0,0.0,0.0,0,0,0,0,,none,0.0,0,0.0,0,0.0,open_public_evidence,0.0,native_overlay
8a2a100d2117fff,-73.98706257804332,40.744977943354044,10,opendata,labels_only_diagnostics,0.0,0,0.0,0.0,0.0,0,0,0,0,,none,0.0,0,0.0,0,0.0,open_public_evidence,0.0,native_overlay
8a2a100d211ffff,-73.98671280792118,40.74385440666873,10,opendata,labels_only_diagnostics,0.0,0,0.0,0.0,0.0,0,0,0,0,,none,0.0,0,0.0,0,0.0,open_public_evidence,0.0,native_overlay
8a2a100d2127fff,-73.9843288317953,40.74542951823646,10,opendata,labels_only_diagnostics,0.0,3,0.0,0.0,0.0,3,1,0,0,,complaint,0.0,1,1.0,1,1.0,open_public_evidence,1.0,native_overlay
8a2a100d212ffff,-73.98397912445975,40.744305968084404,10,opendata,labels_only_diagnostics,0.0,1,0.0,0.0,0.0,1,1,0,0,,complaint,0.0,1,1.0,1,1.0,open_public_evidence,1.0,native_overlay
8a2a100d2137fff,-73.98587058643946,40.745765516012625,10,opendata,labels_only_diagnostics,0.0,0,0.0,0.0,0.0,0,0,0,0,,none,0.0,0,0.0,0,0.0,open_public_evidence,0.0,native_overlay
8a2a100d2147fff,-73.98327976027291,40.74205891293701,10,opendata,labels_only_diagnostics,0.0,0,0.0,0.0,0.0,0,0,0,0,,none,0.0,0,0.0,0,0.0,open_public_evidence,0.0,native_overlay
8a2a100d214ffff,-73.98293010341925,40.74093540794305,10,opendata,labels_only_diagnostics,0.0,2,0.0,0.0,0.0,2,1,0,0,,complaint,0.0,1,1.0,1,1.0,open_public_evidence,1.0,native_overlay
8a2a100d2157fff,-73.9848213954955,40.742394908333324,10,opendata,labels_only_diagnostics,0.0,1,0.0,0.0,0.0,1,1,0,0,,complaint,0.0,1,1.0,1,1.0,open_public_evidence,1.0,native_overlay
8a2a100d215ffff,-73.98447169883849,40.741271402544754,10,opendata,labels_only_diagnostics,0.0,0,0.0,0.0,0.0,0,0,0,0,,none,0.0,0,0.0,0,0.0,open_public_evidence,0.0,native_overlay
8a2a100d2167fff,-73.98208778283932,40.742846418099084,10,opendata,labels_only_diagnostics,0.0,1,0.0,0.0,0.0,1,1,0,0,,complaint,0.0,1,1.0,1,1.0,open_public_evidence,1.0,native_overlay
8a2a100d216ffff,-73.98173814896413,40.74172289884698,10,opendata,labels_only_diagnostics,0.0,0,0.0,0.0,0.0,0,0,0,0,,none,0.0,0,0.0,0,0.0,open_public_evidence,0.0,native_overlay
8a2a100d2177fff,-73.98362943395267,40.74318243298436,10,opendata,labels_only_diagnostics,0.0,0,0.0,0.0,0.0,0,0,0,0,,none,0.0,0,0.0,0,0.0,open_public_evidence,0.0,native_overlay
8a2a100d2187fff,-73.98979627753427,40.744526305564385,10,opendata,labels_only_diagnostics,0.0,2,0.0,0.0,0.0,2,1,0,0,,complaint,0.0,1,1.0,1,1.0,open_public_evidence,1.0,native_overlay
8a2a100d218ffff,-73.98944644462935,40.74340278234908,10,opendata,labels_only_diagnostics,0.0,0,0.0,0.0,0.0,0,0,0,0,,none,0.0,0,0.0,0,0.0,open_public_evidence,0.0,native_overlay
8a2a100d2197fff,-73.99133804820333,40.74486222696375,10,opendata,labels_only_diagnostics,0.0,0,0.0,0.0,0.0,0,0,0,0,,none,0.0,0,0.0,0,0.0,open_public_evidence,0.0,native_overlay
8a2a100d219ffff,-73.99098817549039,40.74373870295972,10,opendata,labels_only_diagnostics,0.0,0,0.0,0.0,0.0,0,0,0,0,,none,0.0,0,0.0,0,0.0,open_public_evidence,0.0,native_overlay
8a2a100d21a7fff,-73.98860434070369,40.745313902941675,10,opendata,labels_only_diagnostics,0.0,0,0.0,0.0,0.0,0,0,0,0,,none,0.0,0,0.0,0,0.0,open_public_evidence,0.0,native_overlay
8a2a100d21affff,-73.98825453077299,40.74419036546569,10,opendata,labels_only_diagnostics,0.0,0,0.0,0.0,0.0,0,0,0,0,,none,0.0,0,0.0,0,0.0,open_public_evidence,0.0,native_overlay
8a2a100d21b7fff,-73.99014612727423,40.74564984382975,10,opendata,labels_only_diagnostics,0.0,0,0.0,0.0,0.0,0,0,0,0,,none,0.0,0,0.0,0,0.0,open_public_evidence,0.0,native_overlay
8a2a100d2207fff,-73.9851069987431,40.73407920554712,10,opendata,labels_only_diagnostics,0.0,0,0.0,0.0,0.0,0,0,0,0,,none,0.0,0,0.0,0,0.0,open_public_evidence,0.0,native_overlay
8a2a100d220ffff,-73.98475735708982,40.732955818609376,10,opendata,labels_only_diagnostics,0.0,0,0.0,0.0,0.0,0,0,0,0,,none,0.0,0,0.0,0,0.0,open_public_evidence,0.0,native_overlay
8a2a100d2217fff,-73.98664838730801,40.73441513851183,10,opendata,labels_only_diagnostics,0.0,3,0.0,0.0,0.0,3,1,0,0,,complaint,0.0,1,1.0,1,1.0,open_public_evidence,1.0,native_overlay
8a2a100d221ffff,-73.98629870586477,40.73329175077813,10,opendata,labels_only_diagnostics,0.0,0,0.0,0.0,0.0,0,0,0,0,,none,0.0,0,0.0,0,0.0,open_public_evidence,0.0,native_overlay
8a2a100d2227fff,-73.98391525276597,40.734866655093924,10,opendata,labels_only_diagnostics,0.0,1,0.0,0.0,0.0,1,1,0,0,,complaint,0.0,1,1.0,1,1.0,open_public_evidence,1.0,native_overlay
8a2a100d222ffff,-73.98356563408147,40.73374325389586,10,opendata,labels_only_diagnostics,0.0,0,0.0,0.0,0.0,0,0,0,0,,none,0.0,0,0.0,0,0.0,open_public_evidence,0.0,native_overlay
8a2a100d2237fff,-73.98545665721878,40.73520260754177,10,opendata,labels_only_diagnostics,0.0,0,0.0,0.0,0.0,0,0,0,0,,none,0.0,0,0.0,0,0.0,open_public_evidence,0.0,native_overlay
8a2a100d2247fff,-73.9828664471727,40.73149649667317,10,opendata,labels_only_diagnostics,0.0,2,0.0,0.0,0.0,2,1,0,0,,complaint,0.0,1,1.0,1,1.0,open_public_evidence,1.0,native_overlay
8a2a100d224ffff,-73.98251687894603,40.73037314064992,10,opendata,labels_only_diagnostics,0.0,0,0.0,0.0,0.0,0,0,0,0,,none,0.0,0,0.0,0,0.0,open_public_evidence,0.0,native_overlay
8a2a100d2257fff,-73.98440773225774,40.73183244672925,10,opendata,labels_only_diagnostics,0.0,0,0.0,0.0,0.0,0,0,0,0,,none,0.0,0,0.0,0,0.0,open_public_evidence,0.0,native_overlay
8a2a100d225ffff,-73.98405812424566,40.73070908990743,10,opendata,labels_only_diagnostics,0.0,0,0.0,0.0,0.0,0,0,0,0,,none,0.0,0,0.0,0,0.0,open_public_evidence,0.0,native_overlay
8a2a100d2267fff,-73.98167473124937,40.732283898217226,10,opendata,labels_only_diagnostics,0.0,0,0.0,0.0,0.0,0,0,0,0,,none,0.0,0,0.0,0,0.0,open_public_evidence,0.0,native_overlay
8a2a100d226ffff,-73.98132518599127,40.73116052793423,10,opendata,labels_only_diagnostics,0.0,0,0.0,0.0,0.0,0,0,0,0,,none,0.0,0,0.0,0,0.0,open_public_evidence,0.0,native_overlay
8a2a100d2277fff,-73.98321603221746,40.732619867755375,10,opendata,labels_only_diagnostics,0.0,0,0.0,0.0,0.0,0,0,0,0,,none,0.0,0,0.0,0,0.0,open_public_evidence,0.0,native_overlay
8a2a100d2287fff,-73.98938147511579,40.733963559055724,10,opendata,labels_only_diagnostics,0.0,0,0.0,0.0,0.0,0,0,0,0,,none,0.0,0,0.0,0,0.0,open_public_evidence,0.0,native_overlay
8a2a100d228ffff,-73.98903173091762,40.73284018478968,10,opendata,labels_only_diagnostics,0.0,0,0.0,0.0,0.0,0,0,0,0,,none,0.0,0,0.0,0,0.0,open_public_evidence,0.0,native_overlay
8a2a100d2297fff,-73.99092289558853,40.734299435162384,10,opendata,labels_only_diagnostics,0.0,0,0.0,0.0,0.0,0,0,0,0,,none,0.0,0,0.0,0,0.0,open_public_evidence,0.0,native_overlay
8a2a100d229ffff,-73.99057311160027,40.73317606010366,10,opendata,labels_only_diagnostics,0.0,1,0.0,0.0,0.0,1,1,0,0,,complaint,0.0,1,1.0,1,1.0,open_public_evidence,1.0,native_overlay
8a2a100d22a7fff,-73.98818979977453,40.73475105278894,10,opendata,labels_only_diagnostics,0.0,0,0.0,0.0,0.0,0,0,0,0,,none,0.0,0,0.0,0,0.0,open_public_evidence,0.0,native_overlay
8a2a100d22affff,-73.98784007854067,40.73362766426062,10,opendata,labels_only_diagnostics,0.0,1,0.0,0.0,0.0,1,1,0,0,,complaint,0.0,1,1.0,1,1.0,open_public_evidence,1.0,native_overlay
8a2a100d22b7fff,-73.98973123614098,40.73508694837741,10,opendata,labels_only_diagnostics,0.0,0,0.0,0.0,0.0,0,0,0,0,,none,0.0,0,0.0,0,0.0,open_public_evidence,0.0,native_overlay
8a2a100d22c7fff,-73.98714068654695,40.731380932373526,10,opendata,labels_only_diagnostics,0.0,0,0.0,0.0,0.0,0,0,0,0,,none,0.0,0,0.0,0,0.0,open_public_evidence,0.0,native_overlay
8a2a100d22cffff,-73.98679101578472,40.730257589016155,10,opendata,labels_only_diagnostics,0.0,0,0.0,0.0,0.0,0,0,0,0,,none,0.0,0,0.0,0,0.0,open_public_evidence,0.0,native_overlay
8a2a100d22d7fff,-73.98868200354525,40.73171682557997,10,opendata,labels_only_diagnostics,0.0,0,0.0,0.0,0.0,0,0,0,0,,none,0.0,0,0.0,0,0.0,open_public_evidence,0.0,native_overlay
8a2a100d22dffff,-73.9883322929975,40.73059348142728,10,opendata,labels_only_diagnostics,0.0,1,0.0,0.0,0.0,1,1,0,0,,complaint,0.0,1,1.0,1,1.0,open_public_evidence,1.0,native_overlay
8a2a100d22e7fff,-73.98594904124467,40.73216837810142,10,opendata,labels_only_diagnostics,0.0,0,0.0,0.0,0.0,0,0,0,0,,none,0.0,0,0.0,0,0.0,open_public_evidence,0.0,native_overlay
8a2a100d22effff,-73.98559939344653,40.73104502048233,10,opendata,labels_only_diagnostics,0.0,1,0.0,0.0,0.0,1,1,0,0,,complaint,0.0,1,1.0,1,1.0,open_public_evidence,1.0,native_overlay
8a2a100d22f7fff,-73.98749037413185,40.73250429078859,10,opendata,labels_only_diagnostics,0.0,1,0.0,0.0,0.0,1,1,0,0,,complaint,0.0,1,1.0,1,1.0,open_public_evidence,1.0,native_overlay
8a2a100d2307fff,-73.98307308046715,40.73677752993161,10,opendata,labels_only_diagnostics,0.05839070330126056,0,0.05839070330126056,0.0349128284891894,0.023477874812072697,0,0,0,0,,dep,0.05839070330126056,1,1.0,1,1.0,open_public_evidence,1.0,native_overlay
8a2a100d230ffff,-73.98272346793254,40.735654099417026,10,opendata,labels_only_diagnostics,0.0,0,0.0,0.0,0.0,0,0,0,0,,none,0.0,0,0.0,0,0.0,open_public_evidence,0.0,native_overlay
8a2a100d2317fff,-73.9846145406011,40.73711350266004,10,opendata,labels_only_diagnostics,0.0,0,0.0,0.0,0.0,0,0,0,0,,none,0.0,0,0.0,0,0.0,open_public_evidence,0.0,native_overlay
8a2a100d231ffff,-73.98426488827211,40.73599007134888,10,opendata,labels_only_diagnostics,0.0,1,0.0,0.0,0.0,1,1,0,0,,complaint,0.0,1,1.0,1,1.0,open_public_evidence,1.0,native_overlay
8a2a100d2327fff,-73.98188123380302,40.7375649832884,10,opendata,labels_only_diagnostics,0.14499320079539813,1,0.14499320079539813,0.05779453835835257,0.0871986624370456,1,1,0,0,,dep+complaint,0.14499320079539813,1,1.0,1,1.0,open_public_evidence,1.0,native_overlay
8a2a100d232ffff,-73.9815316442419,40.73644153851488,10,opendata,labels_only_diagnostics,0.019002167724330877,0,0.019002167724330877,0.017927393613675683,0.0010747741106536398,0,0,0,0,,dep,0.019002167724330877,1,1.0,1,1.0,open_public_evidence,1.0,native_overlay
8a2a100d2337fff,-73.98342270982387,40.73790097550235,10,opendata,labels_only_diagnostics,0.046743837698305875,1,0.046743837698305875,0.046743837698305875,0.0,1,1,0,0,,dep+complaint,0.046743837698305875,1,1.0,1,1.0,open_public_evidence,1.0,native_overlay
8a2a100d2347fff,-73.980832515579,40.73419469413901,10,opendata,labels_only_diagnostics,0.2397588180107006,4,0.2397588180107006,0.1510455308641775,0.08871328714650752,4,1,0,0,,dep+complaint,0.2397588180107006,1,1.0,1,1.0,open_public_evidence,1.0,native_overlay
8a2a100d234ffff,-73.98048297647482,40.73307129453806,10,opendata,labels_only_diagnostics,0.048123696240726675,0,0.048123696240726675,0.037457966147342064,0.010665730093387905,0,0,0,0,,dep,0.048123696240726675,1,1.0,1,1.0,open_public_evidence,1.0,native_overlay
8a2a100d2357fff,-73.98237387221883,40.734530683959306,10,opendata,labels_only_diagnostics,0.0,2,0.0,0.0,0.0,2,1,0,0,,complaint,0.0,1,1.0,1,1.0,open_public_evidence,1.0,native_overlay
8a2a100d235ffff,-73.98202429332483,40.73340728355916,10,opendata,labels_only_diagnostics,1.6402299878768583e-05,0,1.6402299878768583e-05,1.6402299878768583e-05,0.0,0,0,0,0,,dep,1.6402299878768583e-05,1,1.0,1,1.0,open_public_evidence,1.0,native_overlay
8a2a100d2367fff,-73.97964069897907,40.734982099493436,10,opendata,labels_only_diagnostics,0.13766362027223022,0,0.13766362027223022,0.12408473540711835,0.013578884865124166,0,0,0,0,,dep,0.13766362027223022,1,1.0,1,1.0,open_public_evidence,1.0,native_overlay
8a2a100d236ffff,-73.97929118284817,40.73385868563411,10,opendata,labels_only_diagnostics,0.012557705052793855,0,0.012557705052793855,0.012557705052793855,0.0,0,0,0,0,,dep,0.012557705052793855,1,1.0,1,1.0,open_public_evidence,1.0,native_overlay
8a2a100d2377fff,-73.98118207150095,40.7353181087982,10,opendata,labels_only_diagnostics,0.0,0,0.0,0.0,0.0,0,0,0,0,,none,0.0,0,0.0,0,0.0,open_public_evidence,0.0,native_overlay
8a2a100d2387fff,-73.98734780066862,40.7366619591473,10,opendata,labels_only_diagnostics,0.0,0,0.0,0.0,0.0,0,0,0,0,,none,0.0,0,0.0,0,0.0,open_public_evidence,0.0,native_overlay
8a2a100d238ffff,-73.98699808557555,40.73553854130178,10,opendata,labels_only_diagnostics,0.0,0,0.0,0.0,0.0,0,0,0,0,,none,0.0,0,0.0,0,0.0,open_public_evidence,0.0,native_overlay
8a2a100d2397fff,-73.98888929272219,40.73699787501175,10,opendata,labels_only_diagnostics,0.0,0,0.0,0.0,0.0,0,0,0,0,,none,0.0,0,0.0,0,0.0,open_public_evidence,0.0,native_overlay
8a2a100d239ffff,-73.98853953783464,40.73587445637288,10,opendata,labels_only_diagnostics,0.0,0,0.0,0.0,0.0,0,0,0,0,,none,0.0,0,0.0,0,0.0,open_public_evidence,0.0,native_overlay
8a2a100d23a7fff,-73.98615602464209,40.7374494566991,10,opendata,labels_only_diagnostics,0.0,0,0.0,0.0,0.0,0,0,0,0,,none,0.0,0,0.0,0,0.0,open_public_evidence,0.0,native_overlay
8a2a100d23affff,-73.98580633251804,40.73632602459265,10,opendata,labels_only_diagnostics,0.0,1,0.0,0.0,0.0,1,1,0,0,,complaint,0.0,1,1.0,1,1.0,open_public_evidence,1.0,native_overlay
8a2a100d23b7fff,-73.98769753258838,40.73778539204773,10,opendata,labels_only_diagnostics,0.0,0,0.0,0.0,0.0,0,0,0,0,,none,0.0,0,0.0,0,0.0,open_public_evidence,0.0,native_overlay
8a2a100d2407fff,-73.99834713342568,40.744294512623796,10,opendata,labels_only_diagnostics,0.0,0,0.0,0.0,0.0,0,0,0,0,,none,0.0,0,0.0,0,0.0,open_public_evidence,0.0,native_overlay
8a2a100d240ffff,-73.99799709535209,40.743171014789965,10,opendata,labels_only_diagnostics,0.0,0,0.0,0.0,0.0,0,0,0,0,,none,0.0,0,0.0,0,0.0,open_public_evidence,0.0,native_overlay
8a2a100d2417fff,-73.99988896788395,40.744630320242265,10,opendata,labels_only_diagnostics,0.0,0,0.0,0.0,0.0,0,0,0,0,,none,0.0,0,0.0,0,0.0,open_public_evidence,0.0,native_overlay
8a2a100d241ffff,-73.9995388900021,40.74350682162621,10,opendata,labels_only_diagnostics,5.236039009278703e-08,0,5.236039009278703e-08,5.236039009278703e-08,0.0,0,0,0,0,,dep,5.236039009278703e-08,1,1.0,1,1.0,open_public_evidence,1.0,native_overlay
8a2a100d2427fff,-73.9971553379721,40.74508219840065,10,opendata,labels_only_diagnostics,0.0,0,0.0,0.0,0.0,0,0,0,0,,none,0.0,0,0.0,0,0.0,open_public_evidence,0.0,native_overlay
8a2a100d242ffff,-73.99680532286376,40.743958686302186,10,opendata,labels_only_diagnostics,0.0,0,0.0,0.0,0.0,0,0,0,0,,none,0.0,0,0.0,0,0.0,open_public_evidence,0.0,native_overlay
8a2a100d2437fff,-73.99869718834351,40.74541802550512,10,opendata,labels_only_diagnostics,0.0,6,0.0,0.0,0.0,6,1,0,0,,complaint,0.0,1,1.0,1,1.0,open_public_evidence,1.0,native_overlay
8a2a100d2447fff,-73.99610534317281,40.74171170725045,10,opendata,labels_only_diagnostics,0.1252465828489291,0,0.1252465828489291,0.12207763581393158,0.0031689470349975262,0,0,0,0,,dep,0.1252465828489291,1,1.0,1,1.0,open_public_evidence,1.0,native_overlay
8a2a100d244ffff,-73.99575537858783,40.74058824029854,10,opendata,labels_only_diagnostics,0.13614020870633878,0,0.13614020870633878,0.10972507769869257,0.026415131007646166,0,0,0,0,,dep,0.13614020870633878,1,1.0,1,1.0,open_public_evidence,1.0,native_overlay
8a2a100d2457fff,-73.99764707412153,40.74204753200435,10,opendata,labels_only_diagnostics,0.027752301420116175,2,0.027752301420116175,0.027752301420116175,0.0,2,1,0,0,,dep+complaint,0.027752301420116175,1,1.0,1,1.0,open_public_evidence,1.0,native_overlay
8a2a100d245ffff,-73.99729706973282,40.74092406426758,10,opendata,labels_only_diagnostics,0.22917809989979376,3,0.22917809989979376,0.20743710149099773,0.02174099840879607,3,1,0,0,,dep+complaint,0.22917809989979376,1,1.0,1,1.0,open_public_evidence,1.0,native_overlay
8a2a100d2467fff,-73.99491357774075,40.74249934501306,10,opendata,labels_only_diagnostics,0.0,1,0.0,0.0,0.0,1,1,0,0,,complaint,0.0,1,1.0,1,1.0,open_public_evidence,1.0,native_overlay
8a2a100d246ffff,-73.99456363612079,40.7413758637971,10,opendata,labels_only_diagnostics,0.17949375019083913,0,0.17949375019083913,0.17949375019083913,0.0,0,0,0,0,,dep,0.17949375019083913,1,1.0,1,1.0,open_public_evidence,1.0,native_overlay
8a2a100d2477fff,-73.99645532459773,40.7428351892519,10,opendata,labels_only_diagnostics,0.007405407865457052,3,0.007405407865457052,0.007405407865457052,0.0,3,1,0,0,,dep+complaint,0.007405407865457052,1,1.0,1,1.0,open_public_evidence,1.0,native_overlay
8a2a100d2487fff,-74.00262255098241,40.744178379188874,10,opendata,labels_only_diagnostics,0.0,1,0.0,0.0,0.0,1,1,0,0,,complaint,0.0,1,1.0,1,1.0,open_public_evidence,1.0,native_overlay
8a2a100d248ffff,-74.00227241033083,40.74305489405849,10,opendata,labels_only_diagnostics,0.12259173422576775,0,0.12259173422576775,0.1025582773827184,0.02003345684304932,0,0,0,0,,dep,0.12259173422576775,1,1.0,1,1.0,open_public_evidence,1.0,native_overlay
8a2a100d2497fff,-74.00416441730937,40.74451412991318,10,opendata,labels_only_diagnostics,0.0,0,0.0,0.0,0.0,0,0,0,0,,none,0.0,0,0.0,0,0.0,open_public_evidence,0.0,native_overlay
8a2a100d249ffff,-74.00381423684941,40.74339064400382,10,opendata,labels_only_diagnostics,0.05361182204989052,0,0.05361182204989052,0.05361182204989052,0.0,0,0,0,0,,dep,0.05361182204989052,1,1.0,1,1.0,open_public_evidence,1.0,native_overlay
8a2a100d24a7fff,-74.0014308262369,40.744966109156515,10,opendata,labels_only_diagnostics,0.0,0,0.0,0.0,0.0,0,0,0,0,,none,0.0,0,0.0,0,0.0,open_public_evidence,0.0,native_overlay
8a2a100d24affff,-74.0010807085461,40.74384260975954,10,opendata,labels_only_diagnostics,0.0,0,0.0,0.0,0.0,0,0,0,0,,none,0.0,0,0.0,0,0.0,open_public_evidence,0.0,native_overlay
8a2a100d24b7fff,-74.00297270848283,40.745301879365485,10,opendata,labels_only_diagnostics,0.0,0,0.0,0.0,0.0,0,0,0,0,,none,0.0,0,0.0,0,0.0,open_public_evidence,0.0,native_overlay
8a2a100d24c7fff,-74.00038052370402,40.74159565610689,10,opendata,labels_only_diagnostics,0.13729172236847403,0,0.13729172236847403,0.13103317486082727,0.00625854750764274,0,0,0,0,,dep,0.13729172236847403,1,1.0,1,1.0,open_public_evidence,1.0,native_overlay
8a2a100d24cffff,-74.00003045655038,40.74047220185258,10,opendata,labels_only_diagnostics,0.0,0,0.0,0.0,0.0,0,0,0,0,,none,0.0,0,0.0,0,0.0,open_public_evidence,0.0,native_overlay
8a2a100d24d7fff,-74.00192228652688,40.74193142397502,10,opendata,labels_only_diagnostics,0.0,0,0.0,0.0,0.0,0,0,0,0,,none,0.0,0,0.0,0,0.0,open_public_evidence,0.0,native_overlay
8a2a100d24dffff,-74.0015721795694,40.74080796893912,10,opendata,labels_only_diagnostics,0.0,0,0.0,0.0,0.0,0,0,0,0,,none,0.0,0,0.0,0,0.0,open_public_evidence,0.0,native_overlay
8a2a100d24e7fff,-73.9991888289652,40.742383338057685,10,opendata,labels_only_diagnostics,0.024317857729076797,0,0.024317857729076797,0.019012955583480744,0.005304902145597419,0,0,0,0,,dep,0.024317857729076797,1,1.0,1,1.0,open_public_evidence,1.0,native_overlay
8a2a100d24effff,-73.9988387847721,40.74125986953738,10,opendata,labels_only_diagnostics,0.23122133514803367,0,0.23122133514803367,0.20529472789186368,0.025926607256168535,0,0,0,0,,dep,0.23122133514803367,1,1.0,1,1.0,open_public_evidence,1.0,native_overlay
8a2a100d24f7fff,-74.0007306077022,40.74271912540942,10,opendata,labels_only_diagnostics,0.2029695626627551,0,0.2029695626627551,0.18987340564868568,0.013096157014073488,0,0,0,0,,dep,0.2029695626627551,1,1.0,1,1.0,open_public_evidence,1.0,native_overlay
8a2a100d2507fff,-73.99631351262427,40.74699342036505,10,opendata,labels_only_diagnostics,0.0,0,0.0,0.0,0.0,0,0,0,0,,none,0.0,0,0.0,0,0.0,open_public_evidence,0.0,native_overlay
8a2a100d250ffff,-73.99596350364047,40.74586987895522,10,opendata,labels_only_diagnostics,0.0,0,0.0,0.0,0.0,0,0,0,0,,none,0.0,0,0.0,0,0.0,open_public_evidence,0.0,native_overlay
8a2a100d2517fff,-73.9978554187204,40.74732926773929,10,opendata,labels_only_diagnostics,0.0,0,0.0,0.0,0.0,0,0,0,0,,none,0.0,0,0.0,0,0.0,open_public_evidence,0.0,native_overlay
8a2a100d251ffff,-73.99750536992391,40.746205725546574,10,opendata,labels_only_diagnostics,0.0,0,0.0,0.0,0.0,0,0,0,0,,none,0.0,0,0.0,0,0.0,open_public_evidence,0.0,native_overlay
8a2a100d2527fff,-73.99512161644375,40.74778110995901,10,opendata,labels_only_diagnostics,0.0,0,0.0,0.0,0.0,0,0,0,0,,none,0.0,0,0.0,0,0.0,open_public_evidence,0.0,native_overlay
8a2a100d252ffff,-73.99477163042992,40.74665755428592,10,opendata,labels_only_diagnostics,0.0,0,0.0,0.0,0.0,0,0,0,0,,none,0.0,0,0.0,0,0.0,open_public_evidence,0.0,native_overlay
8a2a100d2537fff,-73.99666353845204,40.74811697682165,10,opendata,labels_only_diagnostics,0.0,0,0.0,0.0,0.0,0,0,0,0,,none,0.0,0,0.0,0,0.0,open_public_evidence,0.0,native_overlay
8a2a100d2547fff,-73.99407170892711,40.74441048808265,10,opendata,labels_only_diagnostics,0.0,0,0.0,0.0,0.0,0,0,0,0,,none,0.0,0,0.0,0,0.0,open_public_evidence,0.0,native_overlay
8a2a100d254ffff,-73.99372177343572,40.74328697755385,10,opendata,labels_only_diagnostics,0.0,1,0.0,0.0,0.0,1,1,0,0,,complaint,0.0,1,1.0,1,1.0,open_public_evidence,1.0,native_overlay
8a2a100d2557fff,-73.9956135114994,40.74474635259281,10,opendata,labels_only_diagnostics,0.0,0,0.0,0.0,0.0,0,0,0,0,,none,0.0,0,0.0,0,0.0,open_public_evidence,0.0,native_overlay
8a2a100d255ffff,-73.99526353619989,40.74362284127852,10,opendata,labels_only_diagnostics,0.0,1,0.0,0.0,0.0,1,1,0,0,,complaint,0.0,1,1.0,1,1.0,open_public_evidence,1.0,native_overlay
8a2a100d2567fff,-73.9928798427785,40.74519812966273,10,opendata,labels_only_diagnostics,0.0,0,0.0,0.0,0.0,0,0,0,0,,none,0.0,0,0.0,0,0.0,open_public_evidence,0.0,native_overlay
8a2a100d256ffff,-73.99252993025686,40.744074604871265,10,opendata,labels_only_diagnostics,0.0,2,0.0,0.0,0.0,2,1,0,0,,complaint,0.0,1,1.0,1,1.0,open_public_evidence,1.0,native_overlay
8a2a100d2577fff,-73.9944216612581,40.74553401366024,10,opendata,labels_only_diagnostics,0.0,0,0.0,0.0,0.0,0,0,0,0,,none,0.0,0,0.0,0,0.0,open_public_evidence,0.0,native_overlay
8a2a100d2587fff,-74.00058917418731,40.746877362614214,10,opendata,labels_only_diagnostics,0.0,0,0.0,0.0,0.0,0,0,0,0,,none,0.0,0,0.0,0,0.0,open_public_evidence,0.0,native_overlay
8a2a100d258ffff,-74.00023906261195,40.745753833905155,10,opendata,labels_only_diagnostics,0.0,1,0.0,0.0,0.0,1,1,0,0,,complaint,0.0,1,1.0,1,1.0,open_public_evidence,1.0,native_overlay
8a2a100d2597fff,-74.00213111216395,40.74721315308833,10,opendata,labels_only_diagnostics,0.0,0,0.0,0.0,0.0,0,0,0,0,,none,0.0,0,0.0,0,0.0,open_public_evidence,0.0,native_overlay
8a2a100d259ffff,-74.00178096077578,40.746089623599666,10,opendata,labels_only_diagnostics,0.0,3,0.0,0.0,0.0,3,1,0,0,,complaint,0.0,1,1.0,1,1.0,open_public_evidence,1.0,native_overlay
8a2a100d25a7fff,-73.99939734871661,40.74766509640752,10,opendata,labels_only_diagnostics,0.0,0,0.0,0.0,0.0,0,0,0,0,,none,0.0,0,0.0,0,0.0,open_public_evidence,0.0,native_overlay
8a2a100d25affff,-73.99904726010676,40.74654155343326,10,opendata,labels_only_diagnostics,0.0,1,0.0,0.0,0.0,1,1,0,0,,complaint,0.0,1,1.0,1,1.0,open_public_evidence,1.0,native_overlay
8a2a100d25b7fff,-74.00093930261123,40.74800090636872,10,opendata,labels_only_diagnostics,0.0,1,0.0,0.0,0.0,1,1,0,0,,complaint,0.0,1,1.0,1,1.0,open_public_evidence,1.0,native_overlay
8a2a100d2607fff,-73.9958972205727,40.736430343823116,10,opendata,labels_only_diagnostics,0.0,0,0.0,0.0,0.0,0,0,0,0,,none,0.0,0,0.0,0,0.0,open_public_evidence,0.0,native_overlay
8a2a100d260ffff,-73.99554730037542,40.73530695134108,10,opendata,labels_only_diagnostics,0.0,0,0.0,0.0,0.0,0,0,0,0,,none,0.0,0,0.0,0,0.0,open_public_evidence,0.0,native_overlay
8a2a100d2617fff,-73.99743877641374,40.736766145952174,10,opendata,labels_only_diagnostics,0.0,0,0.0,0.0,0.0,0,0,0,0,,none,0.0,0,0.0,0,0.0,open_public_evidence,0.0,native_overlay
8a2a100d261ffff,-73.9970888164217,40.73564275268329,10,opendata,labels_only_diagnostics,0.0,0,0.0,0.0,0.0,0,0,0,0,,none,0.0,0,0.0,0,0.0,open_public_evidence,0.0,native_overlay
8a2a100d2627fff,-73.99470558586046,40.73721792974691,10,opendata,labels_only_diagnostics,0.0,2,0.0,0.0,0.0,2,1,0,0,,complaint,0.0,1,1.0,1,1.0,open_public_evidence,1.0,native_overlay
8a2a100d262ffff,-73.99435568862326,40.736094523000034,10,opendata,labels_only_diagnostics,0.0,0,0.0,0.0,0.0,0,0,0,0,,none,0.0,0,0.0,0,0.0,open_public_evidence,0.0,native_overlay
8a2a100d2637fff,-73.9962471576059,40.73755375135748,10,opendata,labels_only_diagnostics,0.0,0,0.0,0.0,0.0,0,0,0,0,,none,0.0,0,0.0,0,0.0,open_public_evidence,0.0,native_overlay
8a2a100d2647fff,-73.99365594464956,40.7338477546659,10,opendata,labels_only_diagnostics,0.0,0,0.0,0.0,0.0,0,0,0,0,,none,0.0,0,0.0,0,0.0,open_public_evidence,0.0,native_overlay
8a2a100d264ffff,-73.99330609791072,40.73272439308003,10,opendata,labels_only_diagnostics,0.0,0,0.0,0.0,0.0,0,0,0,0,,none,0.0,0,0.0,0,0.0,open_public_evidence,0.0,native_overlay
8a2a100d2657fff,-73.99519739701283,40.734183573912055,10,opendata,labels_only_diagnostics,0.0,1,0.0,0.0,0.0,1,1,0,0,,complaint,0.0,1,1.0,1,1.0,open_public_evidence,1.0,native_overlay
8a2a100d265ffff,-73.9948475104838,40.733060211536724,10,opendata,labels_only_diagnostics,0.0,0,0.0,0.0,0.0,0,0,0,0,,none,0.0,0,0.0,0,0.0,open_public_evidence,0.0,native_overlay
8a2a100d2667fff,-73.99246433995715,40.734635292579554,10,opendata,labels_only_diagnostics,0.0,0,0.0,0.0,0.0,0,0,0,0,,none,0.0,0,0.0,0,0.0,open_public_evidence,0.0,native_overlay
8a2a100d266ffff,-73.99211451617815,40.73351191672942,10,opendata,labels_only_diagnostics,0.0,2,0.0,0.0,0.0,2,1,0,0,,complaint,0.0,1,1.0,1,1.0,open_public_evidence,1.0,native_overlay
8a2a100d2677fff,-73.99400580822001,40.73497113130614,10,opendata,labels_only_diagnostics,0.0,1,0.0,0.0,0.0,1,1,0,0,,complaint,0.0,1,1.0,1,1.0,open_public_evidence,1.0,native_overlay
8a2a100d2687fff,-74.00017192018016,40.7363142992853,10,opendata,labels_only_diagnostics,0.0,0,0.0,0.0,0.0,0,0,0,0,,none,0.0,0,0.0,0,0.0,open_public_evidence,0.0,native_overlay
8a2a100d268ffff,-73.99982189743712,40.73519091949771,10,opendata,labels_only_diagnostics,0.0,0,0.0,0.0,0.0,0,0,0,0,,none,0.0,0,0.0,0,0.0,open_public_evidence,0.0,native_overlay
8a2a100d2697fff,-74.00171350788904,40.73665004454296,10,opendata,labels_only_diagnostics,0.0,0,0.0,0.0,0.0,0,0,0,0,,none,0.0,0,0.0,0,0.0,open_public_evidence,0.0,native_overlay
8a2a100d269ffff,-74.0013634453511,40.73552666397178,10,opendata,labels_only_diagnostics,0.0,0,0.0,0.0,0.0,0,0,0,0,,none,0.0,0,0.0,0,0.0,open_public_evidence,0.0,native_overlay
8a2a100d26a7fff,-73.99898035614464,40.73710192938613,10,opendata,labels_only_diagnostics,0.0,0,0.0,0.0,0.0,0,0,0,0,,none,0.0,0,0.0,0,0.0,open_public_evidence,0.0,native_overlay
8a2a100d26affff,-73.99863035635718,40.73597853533172,10,opendata,labels_only_diagnostics,0.0,0,0.0,0.0,0.0,0,0,0,0,,none,0.0,0,0.0,0,0.0,open_public_evidence,0.0,native_overlay
8a2a100d26b7fff,-74.00052195976374,40.73743769412394,10,opendata,labels_only_diagnostics,0.0,0,0.0,0.0,0.0,0,0,0,0,,none,0.0,0,0.0,0,0.0,open_public_evidence,0.0,native_overlay
8a2a100d26c7fff,-73.99793040729679,40.73373179237872,10,opendata,labels_only_diagnostics,0.0,0,0.0,0.0,0.0,0,0,0,0,,none,0.0,0,0.0,0,0.0,open_public_evidence,0.0,native_overlay
8a2a100d26cffff,-73.99758045802149,40.732608443481475,10,opendata,labels_only_diagnostics,0.0,0,0.0,0.0,0.0,0,0,0,0,,none,0.0,0,0.0,0,0.0,open_public_evidence,0.0,native_overlay
8a2a100d26d7fff,-73.99947189153336,40.73406755476186,10,opendata,labels_only_diagnostics,0.015265206102446294,1,0.015265206102446294,0.015265206102446294,0.0,1,1,0,0,,dep+complaint,0.015265206102446294,1,1.0,1,1.0,open_public_evidence,1.0,native_overlay
8a2a100d26dffff,-73.99912190246773,40.73294420507842,10,opendata,labels_only_diagnostics,0.12965700560902696,1,0.12965700560902696,0.06461476287642114,0.06504224273258787,1,1,0,0,,dep+complaint,0.12965700560902696,1,1.0,1,1.0,open_public_evidence,1.0,native_overlay
8a2a100d26e7fff,-73.99673887326631,40.734519374466785,10,opendata,labels_only_diagnostics,0.0,0,0.0,0.0,0.0,0,0,0,0,,none,0.0,0,0.0,0,0.0,open_public_evidence,0.0,native_overlay
8a2a100d26effff,-73.99638894694637,40.73339601130331,10,opendata,labels_only_diagnostics,0.0,0,0.0,0.0,0.0,0,0,0,0,,none,0.0,0,0.0,0,0.0,open_public_evidence,0.0,native_overlay
8a2a100d26f7fff,-73.99828037340829,40.73485515632903,10,opendata,labels_only_diagnostics,0.0,0,0.0,0.0,0.0,0,0,0,0,,none,0.0,0,0.0,0,0.0,open_public_evidence,0.0,native_overlay
8a2a100d2707fff,-73.99386380339364,40.739128946516466,10,opendata,labels_only_diagnostics,0.0,0,0.0,0.0,0.0,0,0,0,0,,none,0.0,0,0.0,0,0.0,open_public_evidence,0.0,native_overlay
8a2a100d270ffff,-73.99351391228406,40.73800551045316,10,opendata,labels_only_diagnostics,0.0,1,0.0,0.0,0.0,1,1,0,0,,complaint,0.0,1,1.0,1,1.0,open_public_evidence,1.0,native_overlay
8a2a100d2717fff,-73.99540543084156,40.739464788396866,10,opendata,labels_only_diagnostics,0.273743401279556,0,0.273743401279556,0.25110902495454773,0.022634376325008195,0,0,0,0,,dep,0.273743401279556,1,1.0,1,1.0,open_public_evidence,1.0,native_overlay
8a2a100d271ffff,-73.99505549993282,40.73834135154608,10,opendata,labels_only_diagnostics,0.0,0,0.0,0.0,0.0,0,0,0,0,,none,0.0,0,0.0,0,0.0,open_public_evidence,0.0,native_overlay
8a2a100d2727fff,-73.99267206798744,40.73991653626706,10,opendata,labels_only_diagnostics,0.0,0,0.0,0.0,0.0,0,0,0,0,,none,0.0,0,0.0,0,0.0,open_public_evidence,0.0,native_overlay
8a2a100d272ffff,-73.99232219984268,40.73879308594029,10,opendata,labels_only_diagnostics,0.0,0,0.0,0.0,0.0,0,0,0,0,,none,0.0,0,0.0,0,0.0,open_public_evidence,0.0,native_overlay
8a2a100d2737fff,-73.9942137113388,40.74025239763134,10,opendata,labels_only_diagnostics,0.031496153912978046,1,0.031496153912978046,0.031496153912978046,0.0,1,1,0,0,,dep+complaint,0.031496153912978046,1,1.0,1,1.0,open_public_evidence,1.0,native_overlay
8a2a100d2747fff,-73.99162251405299,40.73654623044413,10,opendata,labels_only_diagnostics,0.0,0,0.0,0.0,0.0,0,0,0,0,,none,0.0,0,0.0,0,0.0,open_public_evidence,0.0,native_overlay
8a2a100d274ffff,-73.99127269640572,40.73542282527612,10,opendata,labels_only_diagnostics,0.0,0,0.0,0.0,0.0,0,0,0,0,,none,0.0,0,0.0,0,0.0,open_public_evidence,0.0,native_overlay
8a2a100d2757fff,-73.99316403800893,40.73688208944212,10,opendata,labels_only_diagnostics,0.0,3,0.0,0.0,0.0,3,1,0,0,,complaint,0.0,1,1.0,1,1.0,open_public_evidence,1.0,native_overlay
8a2a100d275ffff,-73.99281418056702,40.735758683484015,10,opendata,labels_only_diagnostics,0.0,0,0.0,0.0,0.0,0,0,0,0,,none,0.0,0,0.0,0,0.0,open_public_evidence,0.0,native_overlay
8a2a100d2767fff,-73.99043080867708,40.737333772184925,10,opendata,labels_only_diagnostics,0.0,1,0.0,0.0,0.0,1,1,0,0,,complaint,0.0,1,1.0,1,1.0,open_public_evidence,1.0,native_overlay
8a2a100d276ffff,-73.99008101399434,40.736210352754036,10,opendata,labels_only_diagnostics,0.0,1,0.0,0.0,0.0,1,1,0,0,,complaint,0.0,1,1.0,1,1.0,open_public_evidence,1.0,native_overlay
8a2a100d2777fff,-73.99197234853159,40.73766965066575,10,opendata,labels_only_diagnostics,0.0,1,0.0,0.0,0.0,1,1,0,0,,complaint,0.0,1,1.0,1,1.0,open_public_evidence,1.0,native_overlay
8a2a100d2787fff,-73.9981387469125,40.739012977644194,10,opendata,labels_only_diagnostics,0.0,0,0.0,0.0,0.0,0,0,0,0,,none,0.0,0,0.0,0,0.0,open_public_evidence,0.0,native_overlay
8a2a100d278ffff,-73.9977887532436,40.737889554272684,10,opendata,labels_only_diagnostics,0.0,0,0.0,0.0,0.0,0,0,0,0,,none,0.0,0,0.0,0,0.0,open_public_evidence,0.0,native_overlay
8a2a100d2797fff,-73.99968040624005,40.73934876264724,10,opendata,labels_only_diagnostics,0.0,3,0.0,0.0,0.0,3,1,0,0,,complaint,0.0,1,1.0,1,1.0,open_public_evidence,1.0,native_overlay
8a2a100d279ffff,-73.99933037277187,40.738225338491524,10,opendata,labels_only_diagnostics,0.0,1,0.0,0.0,0.0,1,1,0,0,,complaint,0.0,1,1.0,1,1.0,open_public_evidence,1.0,native_overlay
8a2a100d27a7fff,-73.99694708218478,40.739800611580385,10,opendata,labels_only_diagnostics,0.06644687689180633,2,0.06644687689180633,0.06356036356791203,0.002886513323894329,2,1,0,0,,dep+complaint,0.06644687689180633,1,1.0,1,1.0,open_public_evidence,1.0,native_overlay
8a2a100d27affff,-73.99659711147619,40.738677173943465,10,opendata,labels_only_diagnostics,0.0,1,0.0,0.0,0.0,1,1,0,0,,complaint,0.0,1,1.0,1,1.0,open_public_evidence,1.0,native_overlay
8a2a100d27b7fff,-73.99848875742161,40.740136416065994,10,opendata,labels_only_diagnostics,0.08943414486025235,1,0.08943414486025235,0.08792995608839738,0.001504188771854972,1,1,0,0,,dep+complaint,0.08943414486025235,1,1.0,1,1.0,open_public_evidence,1.0,native_overlay
8a2a100d2807fff,-73.97921079764828,40.7474560713926,10,opendata,labels_only_diagnostics,0.0,1,0.0,0.0,0.0,1,1,0,0,,complaint,0.0,1,1.0,1,1.0,open_public_evidence,1.0,native_overlay
8a2a100d280ffff,-73.97886119907294,40.7463324792643,10,opendata,labels_only_diagnostics,0.0,0,0.0,0.0,0.0,0,0,0,0,,none,0.0,0,0.0,0,0.0,open_public_evidence,0.0,native_overlay
8a2a100d2817fff,-73.98075257604965,40.74779214634248,10,opendata,labels_only_diagnostics,0.0,3,0.0,0.0,0.0,3,1,0,0,,complaint,0.0,1,1.0,1,1.0,open_public_evidence,1.0,native_overlay
8a2a100d281ffff,-73.98040293766213,40.7466685534183,10,opendata,labels_only_diagnostics,0.0,0,0.0,0.0,0.0,0,0,0,0,,none,0.0,0,0.0,0,0.0,open_public_evidence,0.0,native_overlay
8a2a100d2827fff,-73.978018618759,40.7482435841291,10,opendata,labels_only_diagnostics,0.0,0,0.0,0.0,0.0,0,0,0,0,,none,0.0,0,0.0,0,0.0,open_public_evidence,0.0,native_overlay
8a2a100d282ffff,-73.97766904317155,40.747119977745434,10,opendata,labels_only_diagnostics,0.0,0,0.0,0.0,0.0,0,0,0,0,,none,0.0,0,0.0,0,0.0,open_public_evidence,0.0,native_overlay
8a2a100d2837fff,-73.97956041304914,40.74857967857279,10,opendata,labels_only_diagnostics,0.0,0,0.0,0.0,0.0,0,0,0,0,,none,0.0,0,0.0,0,0.0,open_public_evidence,0.0,native_overlay
8a2a100d2847fff,-73.97696994246624,40.744872810136386,10,opendata,labels_only_diagnostics,0.0,0,0.0,0.0,0.0,0,0,0,0,,none,0.0,0,0.0,0,0.0,open_public_evidence,0.0,native_overlay
8a2a100d284ffff,-73.97662041734597,40.7437492489124,10,opendata,labels_only_diagnostics,0.0,0,0.0,0.0,0.0,0,0,0,0,,none,0.0,0,0.0,0,0.0,open_public_evidence,0.0,native_overlay
8a2a100d2857fff,-73.97851161732193,40.74520890218856,10,opendata,labels_only_diagnostics,0.0,4,0.0,0.0,0.0,4,1,0,0,,complaint,0.0,1,1.0,1,1.0,open_public_evidence,1.0,native_overlay
8a2a100d285ffff,-73.97816205239405,40.744085340166095,10,opendata,labels_only_diagnostics,0.0,0,0.0,0.0,0.0,0,0,0,0,,none,0.0,0,0.0,0,0.0,open_public_evidence,0.0,native_overlay
8a2a100d2867fff,-73.97577779366806,40.74566027486941,10,opendata,labels_only_diagnostics,0.0,1,0.0,0.0,0.0,1,1,0,0,,complaint,0.0,1,1.0,1,1.0,open_public_evidence,1.0,native_overlay
8a2a100d286ffff,-73.97542829153547,40.74453669939063,10,opendata,labels_only_diagnostics,0.0,1,0.0,0.0,0.0,1,1,0,0,,complaint,0.0,1,1.0,1,1.0,open_public_evidence,1.0,native_overlay
8a2a100d2877fff,-73.97731948440769,40.74599638641429,10,opendata,labels_only_diagnostics,0.0,1,0.0,0.0,0.0,1,1,0,0,,complaint,0.0,1,1.0,1,1.0,open_public_evidence,1.0,native_overlay
8a2a100d2887fff,-73.98348648660566,40.74734064563417,10,opendata,labels_only_diagnostics,0.0,0,0.0,0.0,0.0,0,0,0,0,,none,0.0,0,0.0,0,0.0,open_public_evidence,0.0,native_overlay
8a2a100d288ffff,-73.98313678542186,40.74621706617277,10,opendata,labels_only_diagnostics,0.0,1,0.0,0.0,0.0,1,1,0,0,,complaint,0.0,1,1.0,1,1.0,open_public_evidence,1.0,native_overlay
8a2a100d2897fff,-73.98502829695663,40.747676663693866,10,opendata,labels_only_diagnostics,0.0,0,0.0,0.0,0.0,0,0,0,0,,none,0.0,0,0.0,0,0.0,open_public_evidence,0.0,native_overlay
8a2a100d289ffff,-73.98467855596051,40.74655308343985,10,opendata,labels_only_diagnostics,0.0,2,0.0,0.0,0.0,2,1,0,0,,complaint,0.0,1,1.0,1,1.0,open_public_evidence,1.0,native_overlay
8a2a100d28a7fff,-73.98229437837396,40.74812820259404,10,opendata,labels_only_diagnostics,0.0,1,0.0,0.0,0.0,1,1,0,0,,complaint,0.0,1,1.0,1,1.0,open_public_evidence,1.0,native_overlay
8a2a100d28affff,-73.9819447001736,40.747004608875294,10,opendata,labels_only_diagnostics,0.0,0,0.0,0.0,0.0,0,0,0,0,,none,0.0,0,0.0,0,0.0,open_public_evidence,0.0,native_overlay
8a2a100d28b7fff,-73.98383620461955,40.748464240146184,10,opendata,labels_only_diagnostics,0.0,0,0.0,0.0,0.0,0,0,0,0,,none,0.0,0,0.0,0,0.0,open_public_evidence,0.0,native_overlay
8a2a100d28c7fff,-73.98124539425623,40.74475746659229,10,opendata,labels_only_diagnostics,0.0,0,0.0,0.0,0.0,0,0,0,0,,none,0.0,0,0.0,0,0.0,open_public_evidence,0.0,native_overlay
8a2a100d28cffff,-73.98089576653686,40.74363391802939,10,opendata,labels_only_diagnostics,0.0,0,0.0,0.0,0.0,0,0,0,0,,none,0.0,0,0.0,0,0.0,open_public_evidence,0.0,native_overlay
8a2a100d28d7fff,-73.982787101067,40.74509350176267,10,opendata,labels_only_diagnostics,0.0,0,0.0,0.0,0.0,0,0,0,0,,none,0.0,0,0.0,0,0.0,open_public_evidence,0.0,native_overlay
8a2a100d28dffff,-73.98243743353987,40.743969952404534,10,opendata,labels_only_diagnostics,0.0,0,0.0,0.0,0.0,0,0,0,0,,none,0.0,0,0.0,0,0.0,open_public_evidence,0.0,native_overlay
8a2a100d28e7fff,-73.98005331610089,40.74554497554606,10,opendata,labels_only_diagnostics,0.0,0,0.0,0.0,0.0,0,0,0,0,,none,0.0,0,0.0,0,0.0,open_public_evidence,0.0,native_overlay
8a2a100d28effff,-73.97970371136469,40.74442141272641,10,opendata,labels_only_diagnostics,0.0,0,0.0,0.0,0.0,0,0,0,0,,none,0.0,0,0.0,0,0.0,open_public_evidence,0.0,native_overlay
8a2a100d28f7fff,-73.98159503880142,40.74588103020781,10,opendata,labels_only_diagnostics,0.0,0,0.0,0.0,0.0,0,0,0,0,,none,0.0,0,0.0,0,0.0,open_public_evidence,0.0,native_overlay
8a2a100d2907fff,-73.97717597041496,40.75015472731649,10,opendata,labels_only_diagnostics,0.0,0,0.0,0.0,0.0,0,0,0,0,,none,0.0,0,0.0,0,0.0,open_public_evidence,0.0,native_overlay
8a2a100d290ffff,-73.97682640099337,40.74903109162629,10,opendata,labels_only_diagnostics,0.0,0,0.0,0.0,0.0,0,0,0,0,,none,0.0,0,0.0,0,0.0,open_public_evidence,0.0,native_overlay
8a2a100d2917fff,-73.97871782040936,40.75049084205134,10,opendata,labels_only_diagnostics,0.0,0,0.0,0.0,0.0,0,0,0,0,,none,0.0,0,0.0,0,0.0,open_public_evidence,0.0,native_overlay
8a2a100d291ffff,-73.97836821117119,40.749367205564646,10,opendata,labels_only_diagnostics,0.0,0,0.0,0.0,0.0,0,0,0,0,,none,0.0,0,0.0,0,0.0,open_public_evidence,0.0,native_overlay
8a2a100d2927fff,-73.97598369077956,40.75094224382679,10,opendata,labels_only_diagnostics,0.0,0,0.0,0.0,0.0,0,0,0,0,,none,0.0,0,0.0,0,0.0,open_public_evidence,0.0,native_overlay
8a2a100d292ffff,-73.97563414435058,40.749818593882615,10,opendata,labels_only_diagnostics,0.0,0,0.0,0.0,0.0,0,0,0,0,,none,0.0,0,0.0,0,0.0,open_public_evidence,0.0,native_overlay
8a2a100d2937fff,-73.97752555666175,40.75127837805783,10,opendata,labels_only_diagnostics,0.0,1,0.0,0.0,0.0,1,1,0,0,,complaint,0.0,1,1.0,1,1.0,open_public_evidence,1.0,native_overlay
8a2a100d2947fff,-73.97493510196135,40.747571339150305,10,opendata,labels_only_diagnostics,0.0,0,0.0,0.0,0.0,0,0,0,0,,none,0.0,0,0.0,0,0.0,open_public_evidence,0.0,native_overlay
8a2a100d294ffff,-73.97458560599868,40.74644773436357,10,opendata,labels_only_diagnostics,0.0,0,0.0,0.0,0.0,0,0,0,0,,none,0.0,0,0.0,0,0.0,open_public_evidence,0.0,native_overlay
8a2a100d2957fff,-73.97647684839583,40.747907470987926,10,opendata,labels_only_diagnostics,0.0,0,0.0,0.0,0.0,0,0,0,0,,none,0.0,0,0.0,0,0.0,open_public_evidence,0.0,native_overlay
8a2a100d295ffff,-73.97612731262113,40.746783865402065,10,opendata,labels_only_diagnostics,0.0,1,0.0,0.0,0.0,1,1,0,0,,complaint,0.0,1,1.0,1,1.0,open_public_evidence,1.0,native_overlay
8a2a100d2967fff,-73.9737428524275,40.74835880765748,10,opendata,labels_only_diagnostics,0.0,0,0.0,0.0,0.0,0,0,0,0,,none,0.0,0,0.0,0,0.0,open_public_evidence,0.0,native_overlay
8a2a100d296ffff,-73.9733933794572,40.74723518861733,10,opendata,labels_only_diagnostics,0.0,0,0.0,0.0,0.0,0,0,0,0,,none,0.0,0,0.0,0,0.0,open_public_evidence,0.0,native_overlay
8a2a100d2977fff,-73.97528461474492,40.74869495899021,10,opendata,labels_only_diagnostics,0.0,0,0.0,0.0,0.0,0,0,0,0,,none,0.0,0,0.0,0,0.0,open_public_evidence,0.0,native_overlay
8a2a100d2987fff,-73.9814519033082,40.75003937734383,10,opendata,labels_only_diagnostics,0.0,0,0.0,0.0,0.0,0,0,0,0,,none,0.0,0,0.0,0,0.0,open_public_evidence,0.0,native_overlay
8a2a100d298ffff,-73.9811022312646,40.748915754317885,10,opendata,labels_only_diagnostics,0.0,0,0.0,0.0,0.0,0,0,0,0,,none,0.0,0,0.0,0,0.0,open_public_evidence,0.0,native_overlay
8a2a100d2997fff,-73.98299378526403,40.750375435182555,10,opendata,labels_only_diagnostics,0.0,0,0.0,0.0,0.0,0,0,0,0,,none,0.0,0,0.0,0,0.0,open_public_evidence,0.0,native_overlay
8a2a100d299ffff,-73.98264407340372,40.74925181136335,10,opendata,labels_only_diagnostics,0.0,0,0.0,0.0,0.0,0,0,0,0,,none,0.0,0,0.0,0,0.0,open_public_evidence,0.0,native_overlay
8a2a100d29a7fff,-73.98025969433215,40.75082693808607,10,opendata,labels_only_diagnostics,0.0,0,0.0,0.0,0.0,0,0,0,0,,none,0.0,0,0.0,0,0.0,open_public_evidence,0.0,native_overlay
8a2a100d29affff,-73.97991004527668,40.74970330080418,10,opendata,labels_only_diagnostics,0.0,0,0.0,0.0,0.0,0,0,0,0,,none,0.0,0,0.0,0,0.0,open_public_evidence,0.0,native_overlay
8a2a100d29b7fff,-73.9818015921816,40.751163015419635,10,opendata,labels_only_diagnostics,0.0,0,0.0,0.0,0.0,0,0,0,0,,none,0.0,0,0.0,0,0.0,open_public_evidence,0.0,native_overlay
8a2a100d2a07fff,-73.97676396089014,40.73959124262263,10,opendata,labels_only_diagnostics,0.0,1,0.0,0.0,0.0,1,1,0,0,,complaint,0.0,1,1.0,1,1.0,open_public_evidence,1.0,native_overlay
8a2a100d2a0ffff,-73.97641448006013,40.738467755876805,10,opendata,labels_only_diagnostics,0.0,0,0.0,0.0,0.0,0,0,0,0,,none,0.0,0,0.0,0,0.0,open_public_evidence,0.0,native_overlay
8a2a100d2a17fff,-73.97830546064688,40.739927311987636,10,opendata,labels_only_diagnostics,0.0,0,0.0,0.0,0.0,0,0,0,0,,none,0.0,0,0.0,0,0.0,open_public_evidence,0.0,native_overlay
8a2a100d2a1ffff,-73.9779559400182,40.73880382444135,10,opendata,labels_only_diagnostics,0.0,0,0.0,0.0,0.0,0,0,0,0,,none,0.0,0,0.0,0,0.0,open_public_evidence,0.0,native_overlay
8a2a100d2a27fff,-73.97557194290054,40.74037865557088,10,opendata,labels_only_diagnostics,0.0,0,0.0,0.0,0.0,0,0,0,0,,none,0.0,0,0.0,0,0.0,open_public_evidence,0.0,native_overlay
8a2a100d2a2ffff,-73.97522248505324,40.739255154569456,10,opendata,labels_only_diagnostics,0.0,0,0.0,0.0,0.0,0,0,0,0,,none,0.0,0,0.0,0,0.0,open_public_evidence,0.0,native_overlay
8a2a100d2a37fff,-73.97711345853735,40.740714744425155,10,opendata,labels_only_diagnostics,0.0,0,0.0,0.0,0.0,0,0,0,0,,none,0.0,0,0.0,0,0.0,open_public_evidence,0.0,native_overlay
8a2a100d2a47fff,-73.97452361980322,40.737008197739414,10,opendata,labels_only_diagnostics,0.0,0,0.0,0.0,0.0,0,0,0,0,,none,0.0,0,0.0,0,0.0,open_public_evidence,0.0,native_overlay
8a2a100d2a4ffff,-73.97417421239814,40.735884741912145,10,opendata,labels_only_diagnostics,0.0,0,0.0,0.0,0.0,0,0,0,0,,none,0.0,0,0.0,0,0.0,open_public_evidence,0.0,native_overlay
8a2a100d2a57fff,-73.97606501604614,40.73734428418838,10,opendata,labels_only_diagnostics,0.019623198508334005,0,0.019623198508334005,0.005884555113091024,0.013738643395242977,0,0,0,0,,dep,0.019623198508334005,1,1.0,1,1.0,open_public_evidence,1.0,native_overlay
8a2a100d2a5ffff,-73.97571556884695,40.736220827558036,10,opendata,labels_only_diagnostics,0.21353195769829883,0,0.21353195769829883,0.18178389023722186,0.03174806746107571,0,0,0,0,,dep,0.21353195769829883,1,1.0,1,1.0,open_public_evidence,1.0,native_overlay
8a2a100d2a67fff,-73.97333163190305,40.737795562688234,10,opendata,labels_only_diagnostics,0.0,0,0.0,0.0,0.0,0,0,0,0,,none,0.0,0,0.0,0,0.0,open_public_evidence,0.0,native_overlay
8a2a100d2a6ffff,-73.97298224748043,40.73667209260597,10,opendata,labels_only_diagnostics,0.0,0,0.0,0.0,0.0,0,0,0,0,,none,0.0,0,0.0,0,0.0,open_public_evidence,0.0,native_overlay
8a2a100d2a77fff,-73.9748730440212,40.7381316686254,10,opendata,labels_only_diagnostics,0.0,0,0.0,0.0,0.0,0,0,0,0,,none,0.0,0,0.0,0,0.0,open_public_evidence,0.0,native_overlay
8a2a100d2a87fff,-73.98103893168508,40.73947590550561,10,opendata,labels_only_diagnostics,0.0,0,0.0,0.0,0.0,0,0,0,0,,none,0.0,0,0.0,0,0.0,open_public_evidence,0.0,native_overlay
8a2a100d2a8ffff,-73.98068934827883,40.7383524314177,10,opendata,labels_only_diagnostics,0.0,1,0.0,0.0,0.0,1,1,0,0,,complaint,0.0,1,1.0,1,1.0,open_public_evidence,1.0,native_overlay
8a2a100d2a97fff,-73.98258046339049,40.739811918003184,10,opendata,labels_only_diagnostics,0.0,0,0.0,0.0,0.0,0,0,0,0,,none,0.0,0,0.0,0,0.0,open_public_evidence,0.0,native_overlay
8a2a100d2a9ffff,-73.98223084018548,40.73868844311806,10,opendata,labels_only_diagnostics,0.0,0,0.0,0.0,0.0,0,0,0,0,,none,0.0,0,0.0,0,0.0,open_public_evidence,0.0,native_overlay
8a2a100d2aa7fff,-73.97984698432175,40.74026336266343,10,opendata,labels_only_diagnostics,0.0,1,0.0,0.0,0.0,1,1,0,0,,complaint,0.0,1,1.0,1,1.0,open_public_evidence,1.0,native_overlay
8a2a100d2aaffff,-73.97949742389375,40.73913987431798,10,opendata,labels_only_diagnostics,0.0,0,0.0,0.0,0.0,0,0,0,0,,none,0.0,0,0.0,0,0.0,open_public_evidence,0.0,native_overlay
8a2a100d2ab7fff,-73.9813885319131,40.740599394648925,10,opendata,labels_only_diagnostics,0.0,0,0.0,0.0,0.0,0,0,0,0,,none,0.0,0,0.0,0,0.0,open_public_evidence,0.0,native_overlay
8a2a100d2ac7fff,-73.97879835349616,40.73689294279599,10,opendata,labels_only_diagnostics,0.02346668588959486,2,0.02346668588959486,0.021465405078404592,0.002001280811190276,2,1,0,0,,dep+complaint,0.02346668588959486,1,1.0,1,1.0,open_public_evidence,1.0,native_overlay
8a2a100d2acffff,-73.97844884352419,40.73576949962084,10,opendata,labels_only_diagnostics,0.27205282441527884,0,0.27205282441527884,0.2083168365782984,0.06373598783697984,0,0,0,0,,dep,0.27205282441527884,1,1.0,1,1.0,open_public_evidence,1.0,native_overlay
8a2a100d2ad7fff,-73.98033978169322,40.737228972385914,10,opendata,labels_only_diagnostics,0.0,0,0.0,0.0,0.0,0,0,0,0,,none,0.0,0,0.0,0,0.0,open_public_evidence,0.0,native_overlay
8a2a100d2adffff,-73.97999023192703,40.73610552841093,10,opendata,labels_only_diagnostics,1.6070971240595114e-09,0,1.6070971240595114e-09,1.6070971240595114e-09,0.0,0,0,0,0,,dep,1.6070971240595114e-09,1,1.0,1,1.0,open_public_evidence,1.0,native_overlay
8a2a100d2ae7fff,-73.97760643620748,40.737680351951795,10,opendata,labels_only_diagnostics,0.0,2,0.0,0.0,0.0,2,1,0,0,,complaint,0.0,1,1.0,1,1.0,open_public_evidence,1.0,native_overlay
8a2a100d2aeffff,-73.97725694921351,40.73655689451966,10,opendata,labels_only_diagnostics,0.00736142594848199,0,0.00736142594848199,0.00612611397591018,0.0012353119725731245,0,0,0,0,,dep,0.00736142594848199,1,1.0,1,1.0,open_public_evidence,1.0,native_overlay
8a2a100d2af7fff,-73.97914788028561,40.738016401028595,10,opendata,labels_only_diagnostics,0.0,0,0.0,0.0,0.0,0,0,0,0,,none,0.0,0,0.0,0,0.0,open_public_evidence,0.0,native_overlay
8a2a100d2b07fff,-73.97472933772691,40.74228959359751,10,opendata,labels_only_diagnostics,0.0,1,0.0,0.0,0.0,1,1,0,0,,complaint,0.0,1,1.0,1,1.0,open_public_evidence,1.0,native_overlay
8a2a100d2b0ffff,-73.97437988604855,40.74116606328453,10,opendata,labels_only_diagnostics,0.0,0,0.0,0.0,0.0,0,0,0,0,,none,0.0,0,0.0,0,0.0,open_public_evidence,0.0,native_overlay
8a2a100d2b17fff,-73.97627090904574,40.742625702743034,10,opendata,labels_only_diagnostics,0.0,0,0.0,0.0,0.0,0,0,0,0,,none,0.0,0,0.0,0,0.0,open_public_evidence,0.0,native_overlay
8a2a100d2b1ffff,-73.97592141756434,40.741502171628966,10,opendata,labels_only_diagnostics,0.0,1,0.0,0.0,0.0,1,1,0,0,,complaint,0.0,1,1.0,1,1.0,open_public_evidence,1.0,native_overlay
8a2a100d2b27fff,-73.97353721902422,40.743077010329245,10,opendata,labels_only_diagnostics,0.0,0,0.0,0.0,0.0,0,0,0,0,,none,0.0,0,0.0,0,0.0,open_public_evidence,0.0,native_overlay
8a2a100d2b2ffff,-73.97318779033331,40.741953465762066,10,opendata,labels_only_diagnostics,0.0,0,0.0,0.0,0.0,0,0,0,0,,none,0.0,0,0.0,0,0.0,open_public_evidence,0.0,native_overlay
8a2a100d2b37fff,-73.97507880622213,40.74341313896643,10,opendata,labels_only_diagnostics,0.0,0,0.0,0.0,0.0,0,0,0,0,,none,0.0,0,0.0,0,0.0,open_public_evidence,0.0,native_overlay
8a2a100d2b47fff,-73.97248898339518,40.739706421798246,10,opendata,labels_only_diagnostics,0.0,0,0.0,0.0,0.0,0,0,0,0,,none,0.0,0,0.0,0,0.0,open_public_evidence,0.0,native_overlay
8a2a100d2b4ffff,-73.97213960514559,40.73858292240297,10,opendata,labels_only_diagnostics,0.0,0,0.0,0.0,0.0,0,0,0,0,,none,0.0,0,0.0,0,0.0,open_public_evidence,0.0,native_overlay
8a2a100d2b57fff,-73.97403045118594,40.74004254802821,10,opendata,labels_only_diagnostics,0.0,0,0.0,0.0,0.0,0,0,0,0,,none,0.0,0,0.0,0,0.0,open_public_evidence,0.0,native_overlay
8a2a100d2b5ffff,-73.97368103313782,40.73891904782922,10,opendata,labels_only_diagnostics,0.0,0,0.0,0.0,0.0,0,0,0,0,,none,0.0,0,0.0,0,0.0,open_public_evidence,0.0,native_overlay
8a2a100d2b67fff,-73.97129689479235,40.740493790530934,10,opendata,labels_only_diagnostics,0.0,0,0.0,0.0,0.0,0,0,0,0,,none,0.0,0,0.0,0,0.0,open_public_evidence,0.0,native_overlay
8a2a100d2b6ffff,-73.97094753952993,40.73937027688203,10,opendata,labels_only_diagnostics,0.0,0,0.0,0.0,0.0,0,0,0,0,,none,0.0,0,0.0,0,0.0,open_public_evidence,0.0,native_overlay
8a2a100d2b77fff,-73.97283837845735,40.74082993625151,10,opendata,labels_only_diagnostics,0.0,0,0.0,0.0,0.0,0,0,0,0,,none,0.0,0,0.0,0,0.0,open_public_evidence,0.0,native_overlay
8a2a100d2b87fff,-73.97900455236278,40.742174332247664,10,opendata,labels_only_diagnostics,0.0,1,0.0,0.0,0.0,1,1,0,0,,complaint,0.0,1,1.0,1,1.0,open_public_evidence,1.0,native_overlay
8a2a100d2b8ffff,-73.97865499809465,40.741050814589975,10,opendata,labels_only_diagnostics,0.0,0,0.0,0.0,0.0,0,0,0,0,,none,0.0,0,0.0,0,0.0,open_public_evidence,0.0,native_overlay
8a2a100d2b97fff,-73.98054615564213,40.742510384519825,10,opendata,labels_only_diagnostics,0.0,0,0.0,0.0,0.0,0,0,0,0,,none,0.0,0,0.0,0,0.0,open_public_evidence,0.0,native_overlay
8a2a100d2b9ffff,-73.9801965615708,40.74138686606428,10,opendata,labels_only_diagnostics,0.0,0,0.0,0.0,0.0,0,0,0,0,,none,0.0,0,0.0,0,0.0,open_public_evidence,0.0,native_overlay
8a2a100d2ba7fff,-73.97781250428812,40.742961793197566,10,opendata,labels_only_diagnostics,0.0,0,0.0,0.0,0.0,0,0,0,0,,none,0.0,0,0.0,0,0.0,open_public_evidence,0.0,native_overlay
8a2a100d2baffff,-73.97746297300296,40.7418382612837,10,opendata,labels_only_diagnostics,0.0,1,0.0,0.0,0.0,1,1,0,0,,complaint,0.0,1,1.0,1,1.0,open_public_evidence,1.0,native_overlay
8a2a100d2bb7fff,-73.9793541234524,40.74329786496005,10,opendata,labels_only_diagnostics,0.0,0,0.0,0.0,0.0,0,0,0,0,,none,0.0,0,0.0,0,0.0,open_public_evidence,0.0,native_overlay
8a2a100d2c07fff,-73.99000374878119,40.74980820333916,10,opendata,labels_only_diagnostics,0.0011177659812190849,0,0.0011177659812190849,0.0011177659812190849,0.0,0,0,0,0,,dep,0.0011177659812190849,1,1.0,1,1.0,open_public_evidence,1.0,native_overlay
8a2a100d2c0ffff,-73.98965387150623,40.748684605667144,10,opendata,labels_only_diagnostics,0.0,0,0.0,0.0,0.0,0,0,0,0,,none,0.0,0,0.0,0,0.0,open_public_evidence,0.0,native_overlay
8a2a100d2c17fff,-73.99154569460805,40.75014414737816,10,opendata,labels_only_diagnostics,0.11976629485555165,2,0.11976629485555165,0.1184022751842315,0.0013640196713201578,2,1,0,0,,dep+complaint,0.11976629485555165,1,1.0,1,1.0,open_public_evidence,1.0,native_overlay
8a2a100d2c1ffff,-73.9911957775161,40.749020548919404,10,opendata,labels_only_diagnostics,0.09320847252077233,0,0.09320847252077233,0.09320847252077233,0.0,0,0,0,0,,dep,0.09320847252077233,1,1.0,1,1.0,open_public_evidence,1.0,native_overlay
8a2a100d2c27fff,-73.98881168116303,40.75059585252731,10,opendata,labels_only_diagnostics,0.0,0,0.0,0.0,0.0,0,0,0,0,,none,0.0,0,0.0,0,0.0,open_public_evidence,0.0,native_overlay
8a2a100d2c2ffff,-73.98846182686727,40.74947224059539,10,opendata,labels_only_diagnostics,0.0,1,0.0,0.0,0.0,1,1,0,0,,complaint,0.0,1,1.0,1,1.0,open_public_evidence,1.0,native_overlay
8a2a100d2c37fff,-73.9903536428952,40.75093181605847,10,opendata,labels_only_diagnostics,5.338362767416739e-06,0,5.338362767416739e-06,5.338362767416739e-06,0.0,0,0,0,0,,dep,5.338362767416739e-06,1,1.0,1,1.0,open_public_evidence,1.0,native_overlay
8a2a100d2c47fff,-73.98776216878584,40.74722506187607,10,opendata,labels_only_diagnostics,0.0,0,0.0,0.0,0.0,0,0,0,0,,none,0.0,0,0.0,0,0.0,open_public_evidence,0.0,native_overlay
8a2a100d2c4ffff,-73.98741236499781,40.746101495090066,10,opendata,labels_only_diagnostics,0.0,0,0.0,0.0,0.0,0,0,0,0,,none,0.0,0,0.0,0,0.0,open_public_evidence,0.0,native_overlay
8a2a100d2c57fff,-73.98930401106914,40.7475610230431,10,opendata,labels_only_diagnostics,0.0,0,0.0,0.0,0.0,0,0,0,0,,none,0.0,0,0.0,0,0.0,open_public_evidence,0.0,native_overlay
8a2a100d2c5ffff,-73.98895416746869,40.74643745546773,10,opendata,labels_only_diagnostics,0.0,0,0.0,0.0,0.0,0,0,0,0,,none,0.0,0,0.0,0,0.0,open_public_evidence,0.0,native_overlay
8a2a100d2c67fff,-73.98657013122482,40.7480126630533,10,opendata,labels_only_diagnostics,0.0,2,0.0,0.0,0.0,2,1,0,0,,complaint,0.0,1,1.0,1,1.0,open_public_evidence,1.0,native_overlay
8a2a100d2c6ffff,-73.98622035041573,40.746889082007975,10,opendata,labels_only_diagnostics,0.0,3,0.0,0.0,0.0,3,1,0,0,,complaint,0.0,1,1.0,1,1.0,open_public_evidence,1.0,native_overlay
8a2a100d2c77fff,-73.98811198940858,40.74834864371143,10,opendata,labels_only_diagnostics,0.0,0,0.0,0.0,0.0,0,0,0,0,,none,0.0,0,0.0,0,0.0,open_public_evidence,0.0,native_overlay
8a2a100d2c87fff,-73.99427966126575,40.749692379309224,10,opendata,labels_only_diagnostics,0.010062528915138575,1,0.010062528915138575,0.010062528915138575,0.0,1,1,0,0,,dep+complaint,0.010062528915138575,1,1.0,1,1.0,open_public_evidence,1.0,native_overlay
8a2a100d2c8ffff,-73.99392968138145,40.74856879432688,10,opendata,labels_only_diagnostics,0.0,1,0.0,0.0,0.0,1,1,0,0,,complaint,0.0,1,1.0,1,1.0,open_public_evidence,1.0,native_overlay
8a2a100d2c97fff,-73.99582163900219,40.75002826644465,10,opendata,labels_only_diagnostics,0.0,0,0.0,0.0,0.0,0,0,0,0,,none,0.0,0,0.0,0,0.0,open_public_evidence,0.0,native_overlay
8a2a100d2c9ffff,-73.99547161930077,40.74890468067882,10,opendata,labels_only_diagnostics,0.0,1,0.0,0.0,0.0,1,1,0,0,,complaint,0.0,1,1.0,1,1.0,open_public_evidence,1.0,native_overlay
8a2a100d2ca7fff,-73.9930876643461,40.75048007271131,10,opendata,labels_only_diagnostics,0.0,0,0.0,0.0,0.0,0,0,0,0,,none,0.0,0,0.0,0,0.0,open_public_evidence,0.0,native_overlay
8a2a100d2caffff,-73.99273770743652,40.74935647346712,10,opendata,labels_only_diagnostics,0.067371294723886,0,0.067371294723886,0.067371294723886,0.0,0,0,0,0,,dep,0.067371294723886,1,1.0,1,1.0,open_public_evidence,1.0,native_overlay
8a2a100d2cb7fff,-73.9946296579937,40.750815979337574,10,opendata,labels_only_diagnostics,0.0,0,0.0,0.0,0.0,0,0,0,0,,none,0.0,0,0.0,0,0.0,open_public_evidence,0.0,native_overlay
8a2a100d2cc7fff,-73.99203784414125,40.74710932011937,10,opendata,labels_only_diagnostics,0.0,0,0.0,0.0,0.0,0,0,0,0,,none,0.0,0,0.0,0,0.0,open_public_evidence,0.0,native_overlay
8a2a100d2ccffff,-73.99168793775323,40.74598576601719,10,opendata,labels_only_diagnostics,0.0,0,0.0,0.0,0.0,0,0,0,0,,none,0.0,0,0.0,0,0.0,open_public_evidence,0.0,native_overlay
8a2a100d2cd7fff,-73.9935797183396,40.74744522439123,10,opendata,labels_only_diagnostics,0.015853612604001747,4,0.015853612604001747,0.015853612604001747,0.0,4,1,0,0,,dep+complaint,0.015853612604001747,1,1.0,1,1.0,open_public_evidence,1.0,native_overlay
8a2a100d2cdffff,-73.993229772139,40.746321669502926,10,opendata,labels_only_diagnostics,0.0,0,0.0,0.0,0.0,0,0,0,0,,none,0.0,0,0.0,0,0.0,open_public_evidence,0.0,native_overlay
8a2a100d2ce7fff,-73.99084587726396,40.747896965507955,10,opendata,labels_only_diagnostics,0.0,0,0.0,0.0,0.0,0,0,0,0,,none,0.0,0,0.0,0,0.0,open_public_evidence,0.0,native_overlay
8a2a100d2ceffff,-73.99049599385039,40.7467733971445,10,opendata,labels_only_diagnostics,0.0,0,0.0,0.0,0.0,0,0,0,0,,none,0.0,0,0.0,0,0.0,open_public_evidence,0.0,native_overlay
8a2a100d2cf7fff,-73.99238776736863,40.748232889269566,10,opendata,labels_only_diagnostics,0.058363215232344244,0,0.058363215232344244,0.058363215232344244,0.0,0,0,0,0,,dep,0.058363215232344244,1,1.0,1,1.0,open_public_evidence,1.0,native_overlay
8a2a100d2d07fff,-73.98796942281288,40.75250713772061,10,opendata,labels_only_diagnostics,0.0,4,0.0,0.0,0.0,4,1,0,0,,complaint,0.0,1,1.0,1,1.0,open_public_evidence,1.0,native_overlay
8a2a100d2d0ffff,-73.98761957466071,40.75138349648226,10,opendata,labels_only_diagnostics,0.0,0,0.0,0.0,0.0,0,0,0,0,,none,0.0,0,0.0,0,0.0,open_public_evidence,0.0,native_overlay
8a2a100d2d17fff,-73.98951144027063,40.752843121532194,10,opendata,labels_only_diagnostics,0.0,0,0.0,0.0,0.0,0,0,0,0,,none,0.0,0,0.0,0,0.0,open_public_evidence,0.0,native_overlay
8a2a100d2d1ffff,-73.98916155229709,40.75171947950647,10,opendata,labels_only_diagnostics,0.0,0,0.0,0.0,0.0,0,0,0,0,,none,0.0,0,0.0,0,0.0,open_public_evidence,0.0,native_overlay
8a2a100d2d27fff,-73.98677725444165,40.75329479069934,10,opendata,labels_only_diagnostics,0.0,0,0.0,0.0,0.0,0,0,0,0,,none,0.0,0,0.0,0,0.0,open_public_evidence,0.0,native_overlay
8a2a100d2d2ffff,-73.98642742927339,40.752171135202495,10,opendata,labels_only_diagnostics,0.0,0,0.0,0.0,0.0,0,0,0,0,,none,0.0,0,0.0,0,0.0,open_public_evidence,0.0,native_overlay
8a2a100d2d37fff,-73.98831928780376,40.753630794005495,10,opendata,labels_only_diagnostics,0.0,0,0.0,0.0,0.0,0,0,0,0,,none,0.0,0,0.0,0,0.0,open_public_evidence,0.0,native_overlay
8a2a100d2d47fff,-73.98572782944615,40.74992386935104,10,opendata,labels_only_diagnostics,0.0,0,0.0,0.0,0.0,0,0,0,0,,none,0.0,0,0.0,0,0.0,open_public_evidence,0.0,native_overlay
8a2a100d2d4ffff,-73.98537805478476,40.74880025899783,10,opendata,labels_only_diagnostics,0.0,0,0.0,0.0,0.0,0,0,0,0,,none,0.0,0,0.0,0,0.0,open_public_evidence,0.0,native_overlay
8a2a100d2d57fff,-73.98726974334612,40.75025987029114,10,opendata,labels_only_diagnostics,0.0,0,0.0,0.0,0.0,0,0,0,0,,none,0.0,0,0.0,0,0.0,open_public_evidence,0.0,native_overlay
8a2a100d2d5ffff,-73.98691992886789,40.74913625914793,10,opendata,labels_only_diagnostics,0.0,0,0.0,0.0,0.0,0,0,0,0,,none,0.0,0,0.0,0,0.0,open_public_evidence,0.0,native_overlay
8a2a100d2d67fff,-73.98453569114251,40.750711474319225,10,opendata,labels_only_diagnostics,0.0,0,0.0,0.0,0.0,0,0,0,0,,none,0.0,0,0.0,0,0.0,open_public_evidence,0.0,native_overlay
8a2a100d2d6ffff,-73.98418593946478,40.7495878497081,10,opendata,labels_only_diagnostics,0.0,1,0.0,0.0,0.0,1,1,0,0,,complaint,0.0,1,1.0,1,1.0,open_public_evidence,1.0,native_overlay
8a2a100d2d77fff,-73.98607762094196,40.75104749475284,10,opendata,labels_only_diagnostics,0.0,0,0.0,0.0,0.0,0,0,0,0,,none,0.0,0,0.0,0,0.0,open_public_evidence,0.0,native_overlay
8a2a100d2d87fff,-73.99224557931602,40.75239138943488,10,opendata,labels_only_diagnostics,0.0,0,0.0,0.0,0.0,0,0,0,0,,none,0.0,0,0.0,0,0.0,open_public_evidence,0.0,native_overlay
8a2a100d2d8ffff,-73.99189562854095,40.75126776088356,10,opendata,labels_only_diagnostics,0.0,0,0.0,0.0,0.0,0,0,0,0,,none,0.0,0,0.0,0,0.0,open_public_evidence,0.0,native_overlay
8a2a100d2d97fff,-73.99378762869519,40.752727316336944,10,opendata,labels_only_diagnostics,0.0,1,0.0,0.0,0.0,1,1,0,0,,complaint,0.0,1,1.0,1,1.0,open_public_evidence,1.0,native_overlay
8a2a100d2d9ffff,-73.9934376380986,40.75160368700149,10,opendata,labels_only_diagnostics,0.0,0,0.0,0.0,0.0,0,0,0,0,,none,0.0,0,0.0,0,0.0,open_public_evidence,0.0,native_overlay
8a2a100d2da7fff,-73.99105348164505,40.75317908663616,10,opendata,labels_only_diagnostics,0.0,1,0.0,0.0,0.0,1,1,0,0,,complaint,0.0,1,1.0,1,1.0,open_public_evidence,1.0,native_overlay
8a2a100d2daffff,-73.99070355384941,40.75205544382436,10,opendata,labels_only_diagnostics,0.0,0,0.0,0.0,0.0,0,0,0,0,,none,0.0,0,0.0,0,0.0,open_public_evidence,0.0,native_overlay
8a2a100d2db7fff,-73.99259554693441,40.75351503303145,10,opendata,labels_only_diagnostics,0.0,0,0.0,0.0,0.0,0,0,0,0,,none,0.0,0,0.0,0,0.0,open_public_evidence,0.0,native_overlay
8a2a100d3007fff,-73.97187275909451,40.723863798654364,10,opendata,labels_only_diagnostics,0.0,0,0.0,0.0,0.0,0,0,0,0,,none,0.0,0,0.0,0,0.0,open_public_evidence,0.0,native_overlay
8a2a100d300ffff,-73.97152351358058,40.72274052277462,10,opendata,labels_only_diagnostics,0.0,0,0.0,0.0,0.0,0,0,0,0,,none,0.0,0,0.0,0,0.0,open_public_evidence,0.0,native_overlay
8a2a100d3017fff,-73.97341370184577,40.724199856753025,10,opendata,labels_only_diagnostics,0.0,0,0.0,0.0,0.0,0,0,0,0,,none,0.0,0,0.0,0,0.0,open_public_evidence,0.0,native_overlay
8a2a100d301ffff,-73.9730644165602,40.72307658006366,10,opendata,labels_only_diagnostics,0.0,0,0.0,0.0,0.0,0,0,0,0,,none,0.0,0,0.0,0,0.0,open_public_evidence,0.0,native_overlay
8a2a100d3027fff,-73.97068106279511,40.724651012021496,10,opendata,labels_only_diagnostics,0.0,0,0.0,0.0,0.0,0,0,0,0,,none,0.0,0,0.0,0,0.0,open_public_evidence,0.0,native_overlay
8a2a100d302ffff,-73.97033184025346,40.723527721885745,10,opendata,labels_only_diagnostics,0.0,0,0.0,0.0,0.0,0,0,0,0,,none,0.0,0,0.0,0,0.0,open_public_evidence,0.0,native_overlay
8a2a100d3037fff,-73.97222202140904,40.7249870896004,10,opendata,labels_only_diagnostics,0.0,0,0.0,0.0,0.0,0,0,0,0,,none,0.0,0,0.0,0,0.0,open_public_evidence,0.0,native_overlay
8a2a100d3057fff,-73.97117428486605,40.721617261961924,10,opendata,labels_only_diagnostics,0.0,0,0.0,0.0,0.0,0,0,0,0,,none,0.0,0,0.0,0,0.0,open_public_evidence,0.0,native_overlay
8a2a100d305ffff,-73.97082507294971,40.72049401621694,10,opendata,labels_only_diagnostics,0.0,0,0.0,0.0,0.0,0,0,0,0,,none,0.0,0,0.0,0,0.0,open_public_evidence,0.0,native_overlay
8a2a100d3087fff,-73.97614629424132,40.723748638631584,10,opendata,labels_only_diagnostics,0.0,0,0.0,0.0,0.0,0,0,0,0,,none,0.0,0,0.0,0,0.0,open_public_evidence,0.0,native_overlay
8a2a100d308ffff,-73.9757969462156,40.72262537539182,10,opendata,labels_only_diagnostics,0.0,0,0.0,0.0,0.0,0,0,0,0,,none,0.0,0,0.0,0,0.0,open_public_evidence,0.0,native_overlay
8a2a100d3097fff,-73.97768726893943,40.72408463990831,10,opendata,labels_only_diagnostics,0.05074831539234163,1,0.05074831539234163,0.03926527289499609,0.011483042497340945,1,1,0,0,,dep+complaint,0.05074831539234163,1,1.0,1,1.0,open_public_evidence,1.0,native_overlay
8a2a100d309ffff,-73.97733788114196,40.72296137586215,10,opendata,labels_only_diagnostics,0.0,0,0.0,0.0,0.0,0,0,0,0,,none,0.0,0,0.0,0,0.0,open_public_evidence,0.0,native_overlay
8a2a100d30a7fff,-73.97495466850556,40.72453589618073,10,opendata,labels_only_diagnostics,0.0,0,0.0,0.0,0.0,0,0,0,0,,none,0.0,0,0.0,0,0.0,open_public_evidence,0.0,native_overlay
8a2a100d30affff,-73.97460534344768,40.72341261868299,10,opendata,labels_only_diagnostics,0.0,0,0.0,0.0,0.0,0,0,0,0,,none,0.0,0,0.0,0,0.0,open_public_evidence,0.0,native_overlay
8a2a100d30b7fff,-73.9764956590722,40.724871916936365,10,opendata,labels_only_diagnostics,0.0,0,0.0,0.0,0.0,0,0,0,0,,none,0.0,0,0.0,0,0.0,open_public_evidence,0.0,native_overlay
8a2a100d30c7fff,-73.97390674374047,40.72116610888531,10,opendata,labels_only_diagnostics,0.0,0,0.0,0.0,0.0,0,0,0,0,,none,0.0,0,0.0,0,0.0,open_public_evidence,0.0,native_overlay
8a2a100d30cffff,-73.97355746908876,40.72004287658675,10,opendata,labels_only_diagnostics,0.0,0,0.0,0.0,0.0,0,0,0,0,,none,0.0,0,0.0,0,0.0,open_public_evidence,0.0,native_overlay
8a2a100d30d7fff,-73.97544761499388,40.7215021272178,10,opendata,labels_only_diagnostics,0.0,0,0.0,0.0,0.0,0,0,0,0,,none,0.0,0,0.0,0,0.0,open_public_evidence,0.0,native_overlay
8a2a100d30dffff,-73.97509830057496,40.72037889411022,10,opendata,labels_only_diagnostics,0.0,0,0.0,0.0,0.0,0,0,0,0,,none,0.0,0,0.0,0,0.0,open_public_evidence,0.0,native_overlay
8a2a100d30e7fff,-73.97271514807596,40.72195331844063,10,opendata,labels_only_diagnostics,0.0,0,0.0,0.0,0.0,0,0,0,0,,none,0.0,0,0.0,0,0.0,open_public_evidence,0.0,native_overlay
8a2a100d30effff,-73.97236589639185,40.72083007188468,10,opendata,labels_only_diagnostics,0.0,0,0.0,0.0,0.0,0,0,0,0,,none,0.0,0,0.0,0,0.0,open_public_evidence,0.0,native_overlay
8a2a100d30f7fff,-73.97425603519304,40.722289356250954,10,opendata,labels_only_diagnostics,0.0,0,0.0,0.0,0.0,0,0,0,0,,none,0.0,0,0.0,0,0.0,open_public_evidence,0.0,native_overlay
8a2a100d3117fff,-73.97137955827905,40.7268976374912,10,opendata,labels_only_diagnostics,0.0,0,0.0,0.0,0.0,0,0,0,0,,none,0.0,0,0.0,0,0.0,open_public_evidence,0.0,native_overlay
8a2a100d311ffff,-73.97103030213657,40.72577431722354,10,opendata,labels_only_diagnostics,0.0,0,0.0,0.0,0.0,0,0,0,0,,none,0.0,0,0.0,0,0.0,open_public_evidence,0.0,native_overlay
8a2a100d3137fff,-73.97018777719425,40.727684874143854,10,opendata,labels_only_diagnostics,0.0,0,0.0,0.0,0.0,0,0,0,0,,none,0.0,0,0.0,0,0.0,open_public_evidence,0.0,native_overlay
8a2a100d3187fff,-73.97411232282562,40.72644645532815,10,opendata,labels_only_diagnostics,0.0,0,0.0,0.0,0.0,0,0,0,0,,none,0.0,0,0.0,0,0.0,open_public_evidence,0.0,native_overlay
8a2a100d318ffff,-73.97376300393384,40.725323148508096,10,opendata,labels_only_diagnostics,0.0,0,0.0,0.0,0.0,0,0,0,0,,none,0.0,0,0.0,0,0.0,open_public_evidence,0.0,native_overlay
8a2a100d3197fff,-73.97565336903583,40.726782496370596,10,opendata,labels_only_diagnostics,0.0,0,0.0,0.0,0.0,0,0,0,0,,none,0.0,0,0.0,0,0.0,open_public_evidence,0.0,native_overlay
8a2a100d319ffff,-73.97530401036788,40.725659188743485,10,opendata,labels_only_diagnostics,0.0,0,0.0,0.0,0.0,0,0,0,0,,none,0.0,0,0.0,0,0.0,open_public_evidence,0.0,native_overlay
8a2a100d31a7fff,-73.97292059644454,40.72723371668876,10,opendata,labels_only_diagnostics,0.0,0,0.0,0.0,0.0,0,0,0,0,,none,0.0,0,0.0,0,0.0,open_public_evidence,0.0,native_overlay
8a2a100d31affff,-73.9725713005253,40.72611039561211,10,opendata,labels_only_diagnostics,0.0,0,0.0,0.0,0.0,0,0,0,0,,none,0.0,0,0.0,0,0.0,open_public_evidence,0.0,native_overlay
8a2a100d31b7fff,-73.97446165852226,40.727569777212494,10,opendata,labels_only_diagnostics,0.0,0,0.0,0.0,0.0,0,0,0,0,,none,0.0,0,0.0,0,0.0,open_public_evidence,0.0,native_overlay
8a2a100d3217fff,-73.97096905763301,40.716337236345026,10,opendata,labels_only_diagnostics,0.0,0,0.0,0.0,0.0,0,0,0,0,,none,0.0,0,0.0,0,0.0,open_public_evidence,0.0,native_overlay
8a2a100d321ffff,-73.9706198899318,40.71521406513462,10,opendata,labels_only_diagnostics,0.0,0,0.0,0.0,0.0,0,0,0,0,,none,0.0,0,0.0,0,0.0,open_public_evidence,0.0,native_overlay
8a2a100d3287fff,-73.97370121090361,40.715886112357865,10,opendata,labels_only_diagnostics,0.0,0,0.0,0.0,0.0,0,0,0,0,,none,0.0,0,0.0,0,0.0,open_public_evidence,0.0,native_overlay
8a2a100d328ffff,-73.97335198048091,40.714762954592715,10,opendata,labels_only_diagnostics,0.0,0,0.0,0.0,0.0,0,0,0,0,,none,0.0,0,0.0,0,0.0,open_public_evidence,0.0,native_overlay
8a2a100d3297fff,-73.97524190723988,40.71622210797594,10,opendata,labels_only_diagnostics,0.0,0,0.0,0.0,0.0,0,0,0,0,,none,0.0,0,0.0,0,0.0,open_public_evidence,0.0,native_overlay
8a2a100d329ffff,-73.97489263705893,40.71509894939978,10,opendata,labels_only_diagnostics,0.0,0,0.0,0.0,0.0,0,0,0,0,,none,0.0,0,0.0,0,0.0,open_public_evidence,0.0,native_overlay
8a2a100d32a7fff,-73.97250974592707,40.71667327010042,10,opendata,labels_only_diagnostics,0.0,0,0.0,0.0,0.0,0,0,0,0,,none,0.0,0,0.0,0,0.0,open_public_evidence,0.0,native_overlay
8a2a100d32affff,-73.97216053846701,40.71555009807707,10,opendata,labels_only_diagnostics,0.0,0,0.0,0.0,0.0,0,0,0,0,,none,0.0,0,0.0,0,0.0,open_public_evidence,0.0,native_overlay
8a2a100d32b7fff,-73.97405045812316,40.71700928519287,10,opendata,labels_only_diagnostics,0.0,0,0.0,0.0,0.0,0,0,0,0,,none,0.0,0,0.0,0,0.0,open_public_evidence,0.0,native_overlay
8a2a100d32c7fff,-73.97146217393056,40.71330379924255,10,opendata,labels_only_diagnostics,0.0,0,0.0,0.0,0.0,0,0,0,0,,none,0.0,0,0.0,0,0.0,open_public_evidence,0.0,native_overlay
8a2a100d32cffff,-73.97111301685179,40.71218067243279,10,opendata,labels_only_diagnostics,0.0,0,0.0,0.0,0.0,0,0,0,0,,none,0.0,0,0.0,0,0.0,open_public_evidence,0.0,native_overlay
8a2a100d32d7fff,-73.97300276685391,40.71363981189809,10,opendata,labels_only_diagnostics,0.0,0,0.0,0.0,0.0,0,0,0,0,,none,0.0,0,0.0,0,0.0,open_public_evidence,0.0,native_overlay
8a2a100d32dffff,-73.97265357002142,40.7125166842747,10,opendata,labels_only_diagnostics,0.0,0,0.0,0.0,0.0,0,0,0,0,,none,0.0,0,0.0,0,0.0,open_public_evidence,0.0,native_overlay
8a2a100d32e7fff,-73.97027073902356,40.71409090899536,10,opendata,labels_only_diagnostics,0.0,0,0.0,0.0,0.0,0,0,0,0,,none,0.0,0,0.0,0,0.0,open_public_evidence,0.0,native_overlay
8a2a100d32f7fff,-73.9718113478019,40.71442694112421,10,opendata,labels_only_diagnostics,0.0,0,0.0,0.0,0.0,0,0,0,0,,none,0.0,0,0.0,0,0.0,open_public_evidence,0.0,native_overlay
8a2a100d3387fff,-73.97166744341928,40.71858362397663,10,opendata,labels_only_diagnostics,0.0,0,0.0,0.0,0.0,0,0,0,0,,none,0.0,0,0.0,0,0.0,open_public_evidence,0.0,native_overlay
8a2a100d338ffff,-73.97131824212845,40.71746042262593,10,opendata,labels_only_diagnostics,0.0,0,0.0,0.0,0.0,0,0,0,0,,none,0.0,0,0.0,0,0.0,open_public_evidence,0.0,native_overlay
8a2a100d3397fff,-73.97320821123675,40.71891965935597,10,opendata,labels_only_diagnostics,0.0,0,0.0,0.0,0.0,0,0,0,0,,none,0.0,0,0.0,0,0.0,open_public_evidence,0.0,native_overlay
8a2a100d339ffff,-73.97285897018325,40.71779645719362,10,opendata,labels_only_diagnostics,0.0,0,0.0,0.0,0.0,0,0,0,0,,none,0.0,0,0.0,0,0.0,open_public_evidence,0.0,native_overlay
8a2a100d33a7fff,-73.9704758778304,40.719370785540335,10,opendata,labels_only_diagnostics,0.0,0,0.0,0.0,0.0,0,0,0,0,,none,0.0,0,0.0,0,0.0,open_public_evidence,0.0,native_overlay
8a2a100d33affff,-73.9701266995069,40.718247569932814,10,opendata,labels_only_diagnostics,0.0,0,0.0,0.0,0.0,0,0,0,0,,none,0.0,0,0.0,0,0.0,open_public_evidence,0.0,native_overlay
8a2a100d33b7fff,-73.97201666150669,40.71970684039644,10,opendata,labels_only_diagnostics,0.0,0,0.0,0.0,0.0,0,0,0,0,,none,0.0,0,0.0,0,0.0,open_public_evidence,0.0,native_overlay
8a2a100d3407fff,-73.98265986037386,40.72621581321689,10,opendata,labels_only_diagnostics,0.004171775509877933,0,0.004171775509877933,0.004171775509877933,0.0,0,0,0,0,,dep,0.004171775509877933,1,1.0,1,1.0,open_public_evidence,1.0,native_overlay
8a2a100d340ffff,-73.98231033644406,40.72509253169687,10,opendata,labels_only_diagnostics,0.0,0,0.0,0.0,0.0,0,0,0,0,,none,0.0,0,0.0,0,0.0,open_public_evidence,0.0,native_overlay
8a2a100d3417fff,-73.98420097044966,40.72655174059616,10,opendata,labels_only_diagnostics,0.0,0,0.0,0.0,0.0,0,0,0,0,,none,0.0,0,0.0,0,0.0,open_public_evidence,0.0,native_overlay
8a2a100d341ffff,-73.98385140674345,40.72542845827559,10,opendata,labels_only_diagnostics,0.0,0,0.0,0.0,0.0,0,0,0,0,,none,0.0,0,0.0,0,0.0,open_public_evidence,0.0,native_overlay
8a2a100d3427fff,-73.98146827516271,40.72700316294075,10,opendata,labels_only_diagnostics,0.08250522961608016,0,0.08250522961608016,0.0803493684359444,0.0021558611801287104,0,0,0,0,,dep,0.08250522961608016,1,1.0,1,1.0,open_public_evidence,1.0,native_overlay
8a2a100d342ffff,-73.98111877419652,40.72587986716019,10,opendata,labels_only_diagnostics,0.0,0,0.0,0.0,0.0,0,0,0,0,,none,0.0,0,0.0,0,0.0,open_public_evidence,0.0,native_overlay
8a2a100d3437fff,-73.98300940111773,40.727339109798635,10,opendata,labels_only_diagnostics,0.13326769967739205,0,0.13326769967739205,0.13189468202173824,0.0013730176556538012,0,0,0,0,,dep,0.13326769967739205,1,1.0,1,1.0,open_public_evidence,1.0,native_overlay
8a2a100d3447fff,-73.98041982269943,40.723633320786945,10,opendata,labels_only_diagnostics,0.02399447014468709,0,0.02399447014468709,0.02399447014468709,0.0,0,0,0,0,,dep,0.02399447014468709,1,1.0,1,1.0,open_public_evidence,1.0,native_overlay
8a2a100d344ffff,-73.98007037216614,40.72251007019564,10,opendata,labels_only_diagnostics,0.0,0,0.0,0.0,0.0,0,0,0,0,,none,0.0,0,0.0,0,0.0,open_public_evidence,0.0,native_overlay
8a2a100d3457fff,-73.98196082932718,40.723969265239276,10,opendata,labels_only_diagnostics,0.0,0,0.0,0.0,0.0,0,0,0,0,,none,0.0,0,0.0,0,0.0,open_public_evidence,0.0,native_overlay
8a2a100d345ffff,-73.98161133902201,40.72284601384481,10,opendata,labels_only_diagnostics,0.0,0,0.0,0.0,0.0,0,0,0,0,,none,0.0,0,0.0,0,0.0,open_public_evidence,0.0,native_overlay
8a2a100d3467fff,-73.97922826754039,40.72442062251215,10,opendata,labels_only_diagnostics,0.3544221667007752,3,0.3544221667007752,0.2772364969490961,0.07718566975169253,3,1,0,0,,dep+complaint,0.3544221667007752,1,1.0,1,1.0,open_public_evidence,1.0,native_overlay
8a2a100d346ffff,-73.97887883997045,40.72329735766089,10,opendata,labels_only_diagnostics,0.1573203312705674,0,0.1573203312705674,0.14965391988621968,0.007666411384347746,0,0,0,0,,dep,0.1573203312705674,1,1.0,1,1.0,open_public_evidence,1.0,native_overlay
8a2a100d3477fff,-73.98076929004249,40.72475658644203,10,opendata,labels_only_diagnostics,0.0207336777179967,1,0.0207336777179967,0.0207336777179967,0.0,1,1,0,0,,dep+complaint,0.0207336777179967,1,1.0,1,1.0,open_public_evidence,1.0,native_overlay
8a2a100d3487fff,-73.98693361902893,40.72610025540042,10,opendata,labels_only_diagnostics,0.0,0,0.0,0.0,0.0,0,0,0,0,,none,0.0,0,0.0,0,0.0,open_public_evidence,0.0,native_overlay
8a2a100d348ffff,-73.98658399258646,40.72497698654311,10,opendata,labels_only_diagnostics,0.0,0,0.0,0.0,0.0,0,0,0,0,,none,0.0,0,0.0,0,0.0,open_public_evidence,0.0,native_overlay
8a2a100d3497fff,-73.98847476101167,40.726436125944396,10,opendata,labels_only_diagnostics,0.0,1,0.0,0.0,0.0,1,1,0,0,,complaint,0.0,1,1.0,1,1.0,open_public_evidence,1.0,native_overlay
8a2a100d349ffff,-73.98812509479264,40.72531285628979,10,opendata,labels_only_diagnostics,0.0,0,0.0,0.0,0.0,0,0,0,0,,none,0.0,0,0.0,0,0.0,open_public_evidence,0.0,native_overlay
8a2a100d34a7fff,-73.9857421044223,40.726887649296934,10,opendata,labels_only_diagnostics,0.0,2,0.0,0.0,0.0,2,1,0,0,,complaint,0.0,1,1.0,1,1.0,open_public_evidence,1.0,native_overlay
8a2a100d34affff,-73.98539250093897,40.72576436617714,10,opendata,labels_only_diagnostics,0.0,0,0.0,0.0,0.0,0,0,0,0,,none,0.0,0,0.0,0,0.0,open_public_evidence,0.0,native_overlay
8a2a100d34b7fff,-73.98728326229009,40.72722353931817,10,opendata,labels_only_diagnostics,0.0,1,0.0,0.0,0.0,1,1,0,0,,complaint,0.0,1,1.0,1,1.0,open_public_evidence,1.0,native_overlay
8a2a100d34c7fff,-73.98469334442134,40.72351784512154,10,opendata,labels_only_diagnostics,0.0,0,0.0,0.0,0.0,0,0,0,0,,none,0.0,0,0.0,0,0.0,open_public_evidence,0.0,native_overlay
8a2a100d34cffff,-73.98434379138469,40.722394607187134,10,opendata,labels_only_diagnostics,0.0,0,0.0,0.0,0.0,0,0,0,0,,none,0.0,0,0.0,0,0.0,open_public_evidence,0.0,native_overlay
8a2a100d34d7fff,-73.98623438296148,40.72385373274697,10,opendata,labels_only_diagnostics,0.0,0,0.0,0.0,0.0,0,0,0,0,,none,0.0,0,0.0,0,0.0,open_public_evidence,0.0,native_overlay
8a2a100d34dffff,-73.98588479015281,40.722730494012644,10,opendata,labels_only_diagnostics,0.0,2,0.0,0.0,0.0,2,1,0,0,,complaint,0.0,1,1.0,1,1.0,open_public_evidence,1.0,native_overlay
8a2a100d34e7fff,-73.98350185985205,40.724305191016775,10,opendata,labels_only_diagnostics,0.0,2,0.0,0.0,0.0,2,1,0,0,,complaint,0.0,1,1.0,1,1.0,open_public_evidence,1.0,native_overlay
8a2a100d34effff,-73.9831523297743,40.72318193882047,10,opendata,labels_only_diagnostics,0.0,0,0.0,0.0,0.0,0,0,0,0,,none,0.0,0,0.0,0,0.0,open_public_evidence,0.0,native_overlay
8a2a100d34f7fff,-73.98504291427237,40.72464109811844,10,opendata,labels_only_diagnostics,0.0,2,0.0,0.0,0.0,2,1,0,0,,complaint,0.0,1,1.0,1,1.0,open_public_evidence,1.0,native_overlay
8a2a100d3507fff,-73.98062614592233,40.728913832547754,10,opendata,labels_only_diagnostics,0.0,1,0.0,0.0,0.0,1,1,0,0,,complaint,0.0,1,1.0,1,1.0,open_public_evidence,1.0,native_overlay
8a2a100d350ffff,-73.98027665110915,40.72779050744565,10,opendata,labels_only_diagnostics,0.009333626763310112,1,0.009333626763310112,0.008292722217720152,0.0010409045455887092,1,1,0,0,,dep+complaint,0.009333626763310112,1,1.0,1,1.0,open_public_evidence,1.0,native_overlay
8a2a100d3517fff,-73.98216732753627,40.72924979968629,10,opendata,labels_only_diagnostics,0.0,0,0.0,0.0,0.0,0,0,0,0,,none,0.0,0,0.0,0,0.0,open_public_evidence,0.0,native_overlay
8a2a100d351ffff,-73.98181779294222,40.728126473783014,10,opendata,labels_only_diagnostics,0.05326887841105345,2,0.05326887841105345,0.051064475844751295,0.002204402566309166,2,1,0,0,,dep+complaint,0.05326887841105345,1,1.0,1,1.0,open_public_evidence,1.0,native_overlay
8a2a100d3527fff,-73.97943446005716,40.72970118609128,10,opendata,labels_only_diagnostics,0.0,1,0.0,0.0,0.0,1,1,0,0,,complaint,0.0,1,1.0,1,1.0,open_public_evidence,1.0,native_overlay
8a2a100d352ffff,-73.97908498821229,40.72857784673003,10,opendata,labels_only_diagnostics,0.0,1,0.0,0.0,0.0,1,1,0,0,,complaint,0.0,1,1.0,1,1.0,open_public_evidence,1.0,native_overlay
8a2a100d3537fff,-73.98097565754932,40.730037172710844,10,opendata,labels_only_diagnostics,0.0,0,0.0,0.0,0.0,0,0,0,0,,none,0.0,0,0.0,0,0.0,open_public_evidence,0.0,native_overlay
8a2a100d3547fff,-73.97838609495689,40.726331213193134,10,opendata,labels_only_diagnostics,0.14202000090626155,0,0.14202000090626155,0.12762562958400855,0.014394371322250436,0,0,0,0,,dep,0.14202000090626155,1,1.0,1,1.0,open_public_evidence,1.0,native_overlay
8a2a100d354ffff,-73.97803667354401,40.725207919018864,10,opendata,labels_only_diagnostics,0.3458288096494389,0,0.3458288096494389,0.17276481063346286,0.17306399901596276,0,0,0,0,,dep,0.3458288096494389,1,1.0,1,1.0,open_public_evidence,1.0,native_overlay
8a2a100d3557fff,-73.97992717310854,40.72666719740523,10,opendata,labels_only_diagnostics,0.16566612993028385,2,0.16566612993028385,0.15786549872867014,0.007800631201612997,2,1,0,0,,dep+complaint,0.16566612993028385,1,1.0,1,1.0,open_public_evidence,1.0,native_overlay
8a2a100d355ffff,-73.97957771191935,40.72554390242716,10,opendata,labels_only_diagnostics,0.0,0,0.0,0.0,0.0,0,0,0,0,,none,0.0,0,0.0,0,0.0,open_public_evidence,0.0,native_overlay
8a2a100d3567fff,-73.97719443915426,40.72711851873837,10,opendata,labels_only_diagnostics,0.030483190836865043,0,0.030483190836865043,0.030483190836865043,0.0,0,0,0,0,,dep,0.030483190836865043,1,1.0,1,1.0,open_public_evidence,1.0,native_overlay
8a2a100d356ffff,-73.97684504070945,40.725995210305534,10,opendata,labels_only_diagnostics,0.22912590829134327,6,0.22912590829134327,0.17586094216614048,0.053264966125212365,6,1,0,0,,dep+complaint,0.22912590829134327,1,1.0,1,1.0,open_public_evidence,1.0,native_overlay
8a2a100d3577fff,-73.97873553317926,40.72745452243041,10,opendata,labels_only_diagnostics,0.0,0,0.0,0.0,0.0,0,0,0,0,,none,0.0,0,0.0,0,0.0,open_public_evidence,0.0,native_overlay
8a2a100d3587fff,-73.98490014831133,40.72879835041982,10,opendata,labels_only_diagnostics,0.0,1,0.0,0.0,0.0,1,1,0,0,,complaint,0.0,1,1.0,1,1.0,open_public_evidence,1.0,native_overlay
8a2a100d358ffff,-73.9845505509719,40.72767503797778,10,opendata,labels_only_diagnostics,0.0,2,0.0,0.0,0.0,2,1,0,0,,complaint,0.0,1,1.0,1,1.0,open_public_evidence,1.0,native_overlay
8a2a100d3597fff,-73.986441361844,40.72913426071713,10,opendata,labels_only_diagnostics,0.0,0,0.0,0.0,0.0,0,0,0,0,,none,0.0,0,0.0,0,0.0,open_public_evidence,0.0,native_overlay
8a2a100d359ffff,-73.98609172472358,40.72801094747718,10,opendata,labels_only_diagnostics,0.0,0,0.0,0.0,0.0,0,0,0,0,,none,0.0,0,0.0,0,0.0,open_public_evidence,0.0,native_overlay
8a2a100d35a7fff,-73.98370853305244,40.72958574814459,10,opendata,labels_only_diagnostics,0.0,1,0.0,0.0,0.0,1,1,0,0,,complaint,0.0,1,1.0,1,1.0,open_public_evidence,1.0,native_overlay
8a2a100d35affff,-73.98335895867685,40.72846242144143,10,opendata,labels_only_diagnostics,0.0,1,0.0,0.0,0.0,1,1,0,0,,complaint,0.0,1,1.0,1,1.0,open_public_evidence,1.0,native_overlay
8a2a100d35b7fff,-73.98524976246914,40.72992167792157,10,opendata,labels_only_diagnostics,0.0,0,0.0,0.0,0.0,0,0,0,0,,none,0.0,0,0.0,0,0.0,open_public_evidence,0.0,native_overlay
8a2a100d3607fff,-73.9802135458946,40.718353158911775,10,opendata,labels_only_diagnostics,0.02378952136260437,0,0.02378952136260437,0.023279596535191308,0.0005099248274076663,0,0,0,0,,dep,0.02378952136260437,1,1.0,1,1.0,open_public_evidence,1.0,native_overlay
8a2a100d360ffff,-73.97986413963015,40.71722998284316,10,opendata,labels_only_diagnostics,0.0,0,0.0,0.0,0.0,0,0,0,0,,none,0.0,0,0.0,0,0.0,open_public_evidence,0.0,native_overlay
8a2a100d3617fff,-73.98175437757587,40.7186890806734,10,opendata,labels_only_diagnostics,0.0,0,0.0,0.0,0.0,0,0,0,0,,none,0.0,0,0.0,0,0.0,open_public_evidence,0.0,native_overlay
8a2a100d361ffff,-73.98140493154847,40.71756590379967,10,opendata,labels_only_diagnostics,0.0,0,0.0,0.0,0.0,0,0,0,0,,none,0.0,0,0.0,0,0.0,open_public_evidence,0.0,native_overlay
8a2a100d3627fff,-73.97902212141307,40.719140408811185,10,opendata,labels_only_diagnostics,0.12427594094070162,0,0.12427594094070162,0.08456054880071659,0.0397153921399904,0,0,0,0,,dep,0.12427594094070162,1,1.0,1,1.0,open_public_evidence,1.0,native_overlay
8a2a100d362ffff,-73.97867273810704,40.718017218481826,10,opendata,labels_only_diagnostics,0.0,0,0.0,0.0,0.0,0,0,0,0,,none,0.0,0,0.0,0,0.0,open_public_evidence,0.0,native_overlay
8a2a100d3637fff,-73.98056296896482,40.719476350046925,10,opendata,labels_only_diagnostics,0.0,0,0.0,0.0,0.0,0,0,0,0,,none,0.0,0,0.0,0,0.0,open_public_evidence,0.0,native_overlay
8a2a100d3647fff,-73.97797402190528,40.71577088302538,10,opendata,labels_only_diagnostics,0.1677148032291716,0,0.1677148032291716,0.1290252652341985,0.038689537994971136,0,0,0,0,,dep,0.1677148032291716,1,1.0,1,1.0,open_public_evidence,1.0,native_overlay
8a2a100d364ffff,-73.97762468900723,40.714647737899696,10,opendata,labels_only_diagnostics,0.09435452156167472,0,0.09435452156167472,0.09435452156167472,0.0,0,0,0,0,,dep,0.09435452156167472,1,1.0,1,1.0,open_public_evidence,1.0,native_overlay
8a2a100d3657fff,-73.97951475017028,40.71610682184179,10,opendata,labels_only_diagnostics,0.013948673319494391,1,0.013948673319494391,0.013948673319494393,0.0,1,1,0,0,,dep+complaint,0.013948673319494391,1,1.0,1,1.0,open_public_evidence,1.0,native_overlay
8a2a100d365ffff,-73.97916537751382,40.714983675908336,10,opendata,labels_only_diagnostics,0.0,0,0.0,0.0,0.0,0,0,0,0,,none,0.0,0,0.0,0,0.0,open_public_evidence,0.0,native_overlay
8a2a100d3667fff,-73.97678262747418,40.71655808493022,10,opendata,labels_only_diagnostics,0.0,0,0.0,0.0,0.0,0,0,0,0,,none,0.0,0,0.0,0,0.0,open_public_evidence,0.0,native_overlay
8a2a100d366ffff,-73.97643331753427,40.715434925544365,10,opendata,labels_only_diagnostics,0.09665562715844753,1,0.09665562715844753,0.08702145134886576,0.009634175809583742,1,1,0,0,,dep+complaint,0.09665562715844753,1,1.0,1,1.0,open_public_evidence,1.0,native_overlay
8a2a100d3677fff,-73.97832337160483,40.716894043219675,10,opendata,labels_only_diagnostics,0.0,0,0.0,0.0,0.0,0,0,0,0,,none,0.0,0,0.0,0,0.0,open_public_evidence,0.0,native_overlay
8a2a100d3687fff,-73.98448658705743,40.71823768970738,10,opendata,labels_only_diagnostics,0.0,0,0.0,0.0,0.0,0,0,0,0,,none,0.0,0,0.0,0,0.0,open_public_evidence,0.0,native_overlay
8a2a100d368ffff,-73.98413707831249,40.71711452629251,10,opendata,labels_only_diagnostics,0.08550420429026175,0,0.08550420429026175,0.04102776739713895,0.044476436893122806,0,0,0,0,,dep,0.08550420429026175,1,1.0,1,1.0,open_public_evidence,1.0,native_overlay
8a2a100d3697fff,-73.98602745064473,40.718573554656466,10,opendata,labels_only_diagnostics,0.0,1,0.0,0.0,0.0,1,1,0,0,,complaint,0.0,1,1.0,1,1.0,open_public_evidence,1.0,native_overlay
8a2a100d369ffff,-73.98567790213671,40.7174503904397,10,opendata,labels_only_diagnostics,0.0,0,0.0,0.0,0.0,0,0,0,0,,none,0.0,0,0.0,0,0.0,open_public_evidence,0.0,native_overlay
8a2a100d36a7fff,-73.98329523314912,40.71902498376569,10,opendata,labels_only_diagnostics,0.0,0,0.0,0.0,0.0,0,0,0,0,,none,0.0,0,0.0,0,0.0,open_public_evidence,0.0,native_overlay
8a2a100d36affff,-73.98294574735812,40.717901806088086,10,opendata,labels_only_diagnostics,0.0,0,0.0,0.0,0.0,0,0,0,0,,none,0.0,0,0.0,0,0.0,open_public_evidence,0.0,native_overlay
8a2a100d36b7fff,-73.98483611261274,40.71936086818752,10,opendata,labels_only_diagnostics,0.0,0,0.0,0.0,0.0,0,0,0,0,,none,0.0,0,0.0,0,0.0,open_public_evidence,0.0,native_overlay
8a2a100d36c7fff,-73.98224682620024,40.71565549593136,10,opendata,labels_only_diagnostics,0.0,0,0.0,0.0,0.0,0,0,0,0,,none,0.0,0,0.0,0,0.0,open_public_evidence,0.0,native_overlay
8a2a100d36cffff,-73.981897390831,40.71453236345359,10,opendata,labels_only_diagnostics,0.0,0,0.0,0.0,0.0,0,0,0,0,,none,0.0,0,0.0,0,0.0,open_public_evidence,0.0,native_overlay
8a2a100d36d7fff,-73.98378758637672,40.71599137794361,10,opendata,labels_only_diagnostics,0.0,1,0.0,0.0,0.0,1,1,0,0,,complaint,0.0,1,1.0,1,1.0,open_public_evidence,1.0,native_overlay
8a2a100d36dffff,-73.98343811124896,40.714868244661325,10,opendata,labels_only_diagnostics,0.0,0,0.0,0.0,0.0,0,0,0,0,,none,0.0,0,0.0,0,0.0,open_public_evidence,0.0,native_overlay
8a2a100d36e7fff,-73.98105550232759,40.71644274199249,10,opendata,labels_only_diagnostics,0.0,1,0.0,0.0,0.0,1,1,0,0,,complaint,0.0,1,1.0,1,1.0,open_public_evidence,1.0,native_overlay
8a2a100d36effff,-73.98070608991205,40.71531959525258,10,opendata,labels_only_diagnostics,0.0,0,0.0,0.0,0.0,0,0,0,0,,none,0.0,0,0.0,0,0.0,open_public_evidence,0.0,native_overlay
8a2a100d36f7fff,-73.98259627837555,40.71677864347641,10,opendata,labels_only_diagnostics,0.0,0,0.0,0.0,0.0,0,0,0,0,,none,0.0,0,0.0,0,0.0,open_public_evidence,0.0,native_overlay
8a2a100d3707fff,-73.97818003525298,40.72105087315231,10,opendata,labels_only_diagnostics,0.0,0,0.0,0.0,0.0,0,0,0,0,,none,0.0,0,0.0,0,0.0,open_public_evidence,0.0,native_overlay
8a2a100d370ffff,-73.97783065810302,40.71992765349637,10,opendata,labels_only_diagnostics,0.19867242587849998,0,0.19867242587849998,0.13241904951755418,0.06625337636094517,0,0,0,0,,dep,0.19867242587849998,1,1.0,1,1.0,open_public_evidence,1.0,native_overlay
8a2a100d3717fff,-73.97972093844145,40.721386834668785,10,opendata,labels_only_diagnostics,0.0,0,0.0,0.0,0.0,0,0,0,0,,none,0.0,0,0.0,0,0.0,open_public_evidence,0.0,native_overlay
8a2a100d371ffff,-73.97937152152414,40.72026361420708,10,opendata,labels_only_diagnostics,0.05069904639530609,0,0.05069904639530609,0.05069904639530609,0.0,0,0,0,0,,dep,0.05069904639530609,1,1.0,1,1.0,open_public_evidence,1.0,native_overlay
8a2a100d3727fff,-73.9769885101504,40.721838126881075,10,opendata,labels_only_diagnostics,0.0,0,0.0,0.0,0.0,0,0,0,0,,none,0.0,0,0.0,0,0.0,open_public_evidence,0.0,native_overlay
8a2a100d372ffff,-73.97663915596358,40.72071489296575,10,opendata,labels_only_diagnostics,0.0,0,0.0,0.0,0.0,0,0,0,0,,none,0.0,0,0.0,0,0.0,open_public_evidence,0.0,native_overlay
8a2a100d3737fff,-73.97852942920838,40.72217410787405,10,opendata,labels_only_diagnostics,0.0,0,0.0,0.0,0.0,0,0,0,0,,none,0.0,0,0.0,0,0.0,open_public_evidence,0.0,native_overlay
8a2a100d3747fff,-73.97594049799939,40.718468470335196,10,opendata,labels_only_diagnostics,0.04313040164245866,0,0.04313040164245866,0.04313040164245866,0.0,0,0,0,0,,dep,0.04313040164245866,1,1.0,1,1.0,open_public_evidence,1.0,native_overlay
8a2a100d374ffff,-73.97559119421963,40.7173452816213,10,opendata,labels_only_diagnostics,0.009842169587478548,0,0.009842169587478548,0.009842169587478548,0.0,0,0,0,0,,dep,0.009842169587478548,1,1.0,1,1.0,open_public_evidence,1.0,native_overlay
8a2a100d3757fff,-73.97748129775736,40.71880444890692,10,opendata,labels_only_diagnostics,0.15639919612424524,0,0.15639919612424524,0.07901943113088322,0.07737976499335325,0,0,0,0,,dep,0.15639919612424524,1,1.0,1,1.0,open_public_evidence,1.0,native_overlay
8a2a100d375ffff,-73.97713195421483,40.71768125938465,10,opendata,labels_only_diagnostics,0.015750452357039015,0,0.015750452357039015,0.015750452357039015,0.0,0,0,0,0,,dep,0.015750452357039015,1,1.0,1,1.0,open_public_evidence,1.0,native_overlay
8a2a100d3767fff,-73.97474900295765,40.71925567606975,10,opendata,labels_only_diagnostics,0.0,0,0.0,0.0,0.0,0,0,0,0,,none,0.0,0,0.0,0,0.0,open_public_evidence,0.0,native_overlay
8a2a100d376ffff,-73.97439972214079,40.718132473097064,10,opendata,labels_only_diagnostics,0.0,0,0.0,0.0,0.0,0,0,0,0,,none,0.0,0,0.0,0,0.0,open_public_evidence,0.0,native_overlay
8a2a100d3777fff,-73.9762898185803,40.7195916741169,10,opendata,labels_only_diagnostics,0.10633069248149346,0,0.10633069248149346,0.0937979727891692,0.012532719692333787,0,0,0,0,,dep,0.10633069248149346,1,1.0,1,1.0,open_public_evidence,1.0,native_overlay
8a2a100d3787fff,-73.98245332005494,40.7209354796179,10,opendata,labels_only_diagnostics,0.0,4,0.0,0.0,0.0,4,1,0,0,,complaint,0.0,1,1.0,1,1.0,open_public_evidence,1.0,native_overlay
8a2a100d378ffff,-73.98210384041096,40.719812272613055,10,opendata,labels_only_diagnostics,0.0,0,0.0,0.0,0.0,0,0,0,0,,none,0.0,0,0.0,0,0.0,open_public_evidence,0.0,native_overlay
8a2a100d3797fff,-73.98399425516124,40.72127138431589,10,opendata,labels_only_diagnostics,0.0,0,0.0,0.0,0.0,0,0,0,0,,none,0.0,0,0.0,0,0.0,open_public_evidence,0.0,native_overlay
8a2a100d379ffff,-73.98364473574978,40.720148176508516,10,opendata,labels_only_diagnostics,0.0,0,0.0,0.0,0.0,0,0,0,0,,none,0.0,0,0.0,0,0.0,open_public_evidence,0.0,native_overlay
8a2a100d37a7fff,-73.98126186552734,40.721722777514124,10,opendata,labels_only_diagnostics,0.0,0,0.0,0.0,0.0,0,0,0,0,,none,0.0,0,0.0,0,0.0,open_public_evidence,0.0,native_overlay
8a2a100d37affff,-73.980912408842,40.72059955624793,10,opendata,labels_only_diagnostics,0.0,0,0.0,0.0,0.0,0,0,0,0,,none,0.0,0,0.0,0,0.0,open_public_evidence,0.0,native_overlay
8a2a100d37b7fff,-73.98280281650898,40.72205870168727,10,opendata,labels_only_diagnostics,0.0,0,0.0,0.0,0.0,0,0,0,0,,none,0.0,0,0.0,0,0.0,open_public_evidence,0.0,native_overlay
8a2a100d3c07fff,-73.97431794817466,40.73172715163123,10,opendata,labels_only_diagnostics,0.012484787868593406,0,0.012484787868593406,0.012484787868593406,0.0,0,0,0,0,,dep,0.012484787868593406,1,1.0,1,1.0,open_public_evidence,1.0,native_overlay
8a2a100d3c0ffff,-73.97396858503177,40.73060377030161,10,opendata,labels_only_diagnostics,0.08011947333866655,0,0.08011947333866655,0.08011947333866655,0.0,0,0,0,0,,dep,0.08011947333866655,1,1.0,1,1.0,open_public_evidence,1.0,native_overlay
8a2a100d3c17fff,-73.97585916938137,40.73206321537916,10,opendata,labels_only_diagnostics,8.978062925870127e-05,0,8.978062925870127e-05,8.978062925870127e-05,0.0,0,0,0,0,,dep,8.978062925870127e-05,1,1.0,1,1.0,open_public_evidence,1.0,native_overlay
8a2a100d3c1ffff,-73.97550976645333,40.73093983324448,10,opendata,labels_only_diagnostics,0.0,0,0.0,0.0,0.0,0,0,0,0,,none,0.0,0,0.0,0,0.0,open_public_evidence,0.0,native_overlay
8a2a100d3c27fff,-73.97312609104836,40.73251446478969,10,opendata,labels_only_diagnostics,0.0,0,0.0,0.0,0.0,0,0,0,0,,none,0.0,0,0.0,0,0.0,open_public_evidence,0.0,native_overlay
8a2a100d3c2ffff,-73.97277675088296,40.73139106920426,10,opendata,labels_only_diagnostics,0.0,0,0.0,0.0,0.0,0,0,0,0,,none,0.0,0,0.0,0,0.0,open_public_evidence,0.0,native_overlay
8a2a100d3c37fff,-73.97466732812644,40.73285054802237,10,opendata,labels_only_diagnostics,0.2629097041326435,0,0.2629097041326435,0.2523402975950644,0.010569406537595062,0,0,0,0,,dep,0.2629097041326435,1,1.0,1,1.0,open_public_evidence,1.0,native_overlay
8a2a100d3c47fff,-73.97207812097186,40.72914432322064,10,opendata,labels_only_diagnostics,0.0,0,0.0,0.0,0.0,0,0,0,0,,none,0.0,0,0.0,0,0.0,open_public_evidence,0.0,native_overlay
8a2a100d3c4ffff,-73.97172883122376,40.728020972823785,10,opendata,labels_only_diagnostics,0.0,0,0.0,0.0,0.0,0,0,0,0,,none,0.0,0,0.0,0,0.0,open_public_evidence,0.0,native_overlay
8a2a100d3c57fff,-73.97361923869657,40.7294804040342,10,opendata,labels_only_diagnostics,0.0002223373541874986,0,0.0002223373541874986,0.0002223373541874986,0.0,0,0,0,0,,dep,0.0002223373541874986,1,1.0,1,1.0,open_public_evidence,1.0,native_overlay
8a2a100d3c5ffff,-73.9732699091679,40.72835705282969,10,opendata,labels_only_diagnostics,0.0,0,0.0,0.0,0.0,0,0,0,0,,none,0.0,0,0.0,0,0.0,open_public_evidence,0.0,native_overlay
8a2a100d3c67fff,-73.97088629393329,40.72993158838375,10,opendata,labels_only_diagnostics,0.0,0,0.0,0.0,0.0,0,0,0,0,,none,0.0,0,0.0,0,0.0,open_public_evidence,0.0,native_overlay
8a2a100d3c6ffff,-73.97053702716244,40.7288082237317,10,opendata,labels_only_diagnostics,0.0,0,0.0,0.0,0.0,0,0,0,0,,none,0.0,0,0.0,0,0.0,open_public_evidence,0.0,native_overlay
8a2a100d3c77fff,-73.97242742752452,40.73026768868102,10,opendata,labels_only_diagnostics,0.0,0,0.0,0.0,0.0,0,0,0,0,,none,0.0,0,0.0,0,0.0,open_public_evidence,0.0,native_overlay
8a2a100d3c87fff,-73.97859220103274,40.73161190309274,10,opendata,labels_only_diagnostics,0.0,0,0.0,0.0,0.0,0,0,0,0,,none,0.0,0,0.0,0,0.0,open_public_evidence,0.0,native_overlay
8a2a100d3c8ffff,-73.97824273534587,40.73048853441206,10,opendata,labels_only_diagnostics,0.0,0,0.0,0.0,0.0,0,0,0,0,,none,0.0,0,0.0,0,0.0,open_public_evidence,0.0,native_overlay
8a2a100d3c97fff,-73.98013345418725,40.731947909995995,10,opendata,labels_only_diagnostics,0.0,0,0.0,0.0,0.0,0,0,0,0,,none,0.0,0,0.0,0,0.0,open_public_evidence,0.0,native_overlay
8a2a100d3c9ffff,-73.9797839487151,40.73082454051351,10,opendata,labels_only_diagnostics,0.0,0,0.0,0.0,0.0,0,0,0,0,,none,0.0,0,0.0,0,0.0,open_public_evidence,0.0,native_overlay
8a2a100d3ca7fff,-73.9774004145014,40.73239926044699,10,opendata,labels_only_diagnostics,0.0,0,0.0,0.0,0.0,0,0,0,0,,none,0.0,0,0.0,0,0.0,open_public_evidence,0.0,native_overlay
8a2a100d3caffff,-73.97705097178756,40.73127587750855,10,opendata,labels_only_diagnostics,0.0,0,0.0,0.0,0.0,0,0,0,0,,none,0.0,0,0.0,0,0.0,open_public_evidence,0.0,native_overlay
8a2a100d3cb7fff,-73.97894168353312,40.73273528683365,10,opendata,labels_only_diagnostics,0.0,0,0.0,0.0,0.0,0,0,0,0,,none,0.0,0,0.0,0,0.0,open_public_evidence,0.0,native_overlay
8a2a100d3cc7fff,-73.97635213679332,40.72902915681503,10,opendata,labels_only_diagnostics,0.04979177038791597,0,0.04979177038791597,0.04979177038791597,0.0,0,0,0,0,,dep,0.04979177038791597,1,1.0,1,1.0,open_public_evidence,1.0,native_overlay
8a2a100d3ccffff,-73.97600274451057,40.727905819061334,10,opendata,labels_only_diagnostics,0.16862414936543327,3,0.16862414936543327,0.15758693134224178,0.011037218023191494,3,1,0,0,,dep+complaint,0.16862414936543327,1,1.0,1,1.0,open_public_evidence,1.0,native_overlay
8a2a100d3cd7fff,-73.97789328647129,40.729365180792335,10,opendata,labels_only_diagnostics,0.0,0,0.0,0.0,0.0,0,0,0,0,,none,0.0,0,0.0,0,0.0,open_public_evidence,0.0,native_overlay
8a2a100d3cdffff,-73.97754385440781,40.72824184223419,10,opendata,labels_only_diagnostics,0.0,0,0.0,0.0,0.0,0,0,0,0,,none,0.0,0,0.0,0,0.0,open_public_evidence,0.0,native_overlay
8a2a100d3ce7fff,-73.97516038033494,40.72981646617134,10,opendata,labels_only_diagnostics,0.11819824329205814,3,0.11819824329205814,0.11819824329205814,0.0,3,1,0,0,,dep+complaint,0.11819824329205814,1,1.0,1,1.0,open_public_evidence,1.0,native_overlay
8a2a100d3ceffff,-73.97481101102497,40.72869311416045,10,opendata,labels_only_diagnostics,0.15486517440328582,0,0.15486517440328582,0.1495641827351315,0.005300991668154315,0,0,0,0,,dep,0.15486517440328582,1,1.0,1,1.0,open_public_evidence,1.0,native_overlay
8a2a100d3cf7fff,-73.97670154588525,40.730152509631,10,opendata,labels_only_diagnostics,0.0,0,0.0,0.0,0.0,0,0,0,0,,none,0.0,0,0.0,0,0.0,open_public_evidence,0.0,native_overlay
8a2a100d3d07fff,-73.97228352906687,40.73442519762032,10,opendata,labels_only_diagnostics,0.0,0,0.0,0.0,0.0,0,0,0,0,,none,0.0,0,0.0,0,0.0,open_public_evidence,0.0,native_overlay
8a2a100d3d0ffff,-73.97193419507356,40.73330177271829,10,opendata,labels_only_diagnostics,0.0,0,0.0,0.0,0.0,0,0,0,0,,none,0.0,0,0.0,0,0.0,open_public_evidence,0.0,native_overlay
8a2a100d3d17fff,-73.97382482180475,40.734761301144324,10,opendata,labels_only_diagnostics,0.0,0,0.0,0.0,0.0,0,0,0,0,,none,0.0,0,0.0,0,0.0,open_public_evidence,0.0,native_overlay
8a2a100d3d1ffff,-73.97347544802189,40.73363787543661,10,opendata,labels_only_diagnostics,0.0,0,0.0,0.0,0.0,0,0,0,0,,none,0.0,0,0.0,0,0.0,open_public_evidence,0.0,native_overlay
8a2a100d3d27fff,-73.9710915712605,40.73521251457196,10,opendata,labels_only_diagnostics,0.0,0,0.0,0.0,0.0,0,0,0,0,,none,0.0,0,0.0,0,0.0,open_public_evidence,0.0,native_overlay
8a2a100d3d2ffff,-73.9707422602494,40.73408907541551,10,opendata,labels_only_diagnostics,0.0,0,0.0,0.0,0.0,0,0,0,0,,none,0.0,0,0.0,0,0.0,open_public_evidence,0.0,native_overlay
8a2a100d3d37fff,-73.97263287986877,40.735548637583086,10,opendata,labels_only_diagnostics,0.0,0,0.0,0.0,0.0,0,0,0,0,,none,0.0,0,0.0,0,0.0,open_public_evidence,0.0,native_overlay
8a2a100d3d47fff,-73.97004368864599,40.7318422422876,10,opendata,labels_only_diagnostics,0.0,0,0.0,0.0,0.0,0,0,0,0,,none,0.0,0,0.0,0,0.0,open_public_evidence,0.0,native_overlay
8a2a100d3d57fff,-73.97158487788765,40.73217836287774,10,opendata,labels_only_diagnostics,0.0,0,0.0,0.0,0.0,0,0,0,0,,none,0.0,0,0.0,0,0.0,open_public_evidence,0.0,native_overlay
8a2a100d3d5ffff,-73.97123557750794,40.73105496809932,10,opendata,labels_only_diagnostics,0.0,0,0.0,0.0,0.0,0,0,0,0,,none,0.0,0,0.0,0,0.0,open_public_evidence,0.0,native_overlay
8a2a100d3d77fff,-73.97039296604497,40.7329656513205,10,opendata,labels_only_diagnostics,0.0,0,0.0,0.0,0.0,0,0,0,0,,none,0.0,0,0.0,0,0.0,open_public_evidence,0.0,native_overlay
8a2a100d3d87fff,-73.97655802567105,40.73431002483043,10,opendata,labels_only_diagnostics,0.0,0,0.0,0.0,0.0,0,0,0,0,,none,0.0,0,0.0,0,0.0,open_public_evidence,0.0,native_overlay
8a2a100d3d8ffff,-73.97620858912022,40.73318661257471,10,opendata,labels_only_diagnostics,0.12736011590047433,0,0.12736011590047433,0.1151151782062411,0.012244937694217362,0,0,0,0,,dep,0.12736011590047433,1,1.0,1,1.0,open_public_evidence,1.0,native_overlay
8a2a100d3d97fff,-73.97809935036855,40.73464607150383,10,opendata,labels_only_diagnostics,0.07688626299405384,0,0.07688626299405384,0.07520234689655161,0.0016839160975027241,0,0,0,0,,dep,0.07688626299405384,1,1.0,1,1.0,open_public_evidence,1.0,native_overlay
8a2a100d3d9ffff,-73.977749874028,40.73352265844565,10,opendata,labels_only_diagnostics,0.15392485128445466,0,0.15392485128445466,0.12658049191865725,0.027344359365797304,0,0,0,0,,dep,0.15392485128445466,1,1.0,1,1.0,open_public_evidence,1.0,native_overlay
8a2a100d3da7fff,-73.9753661384614,40.73509738598646,10,opendata,labels_only_diagnostics,0.07114721659953686,0,0.07114721659953686,0.07114721659953686,0.0,0,0,0,0,,dep,0.07114721659953686,1,1.0,1,1.0,open_public_evidence,1.0,native_overlay
8a2a100d3daffff,-73.97501672488829,40.73397395947433,10,opendata,labels_only_diagnostics,0.0016834952902221429,0,0.0016834952902221429,0.0016834952902221429,0.0,0,0,0,0,,dep,0.0016834952902221429,1,1.0,1,1.0,open_public_evidence,1.0,native_overlay
8a2a100d3db7fff,-73.97690747903509,40.73543345214566,10,opendata,labels_only_diagnostics,0.11737245327265673,0,0.11737245327265673,0.11040535051448552,0.00696710275817121,0,0,0,0,,dep,0.11737245327265673,1,1.0,1,1.0,open_public_evidence,1.0,native_overlay
8a2a100d600ffff,-73.97296170796804,40.759711017939004,10,opendata,labels_only_diagnostics,0.0,0,0.0,0.0,0.0,0,0,0,0,,none,0.0,0,0.0,0,0.0,open_public_evidence,0.0,native_overlay
8a2a100d6047fff,-73.97107010462193,40.75825100161534,10,opendata,labels_only_diagnostics,0.0,0,0.0,0.0,0.0,0,0,0,0,,none,0.0,0,0.0,0,0.0,open_public_evidence,0.0,native_overlay
8a2a100d604ffff,-73.9707206227201,40.75712723526062,10,opendata,labels_only_diagnostics,0.0,0,0.0,0.0,0.0,0,0,0,0,,none,0.0,0,0.0,0,0.0,open_public_evidence,0.0,native_overlay
8a2a100d6057fff,-73.97261216941007,40.75858723573766,10,opendata,labels_only_diagnostics,0.0,0,0.0,0.0,0.0,0,0,0,0,,none,0.0,0,0.0,0,0.0,open_public_evidence,0.0,native_overlay
8a2a100d605ffff,-73.97226264767838,40.75746346858454,10,opendata,labels_only_diagnostics,0.0,0,0.0,0.0,0.0,0,0,0,0,,none,0.0,0,0.0,0,0.0,open_public_evidence,0.0,native_overlay
8a2a100d6077fff,-73.9714196033481,40.75937478301895,10,opendata,labels_only_diagnostics,0.0,0,0.0,0.0,0.0,0,0,0,0,,none,0.0,0,0.0,0,0.0,open_public_evidence,0.0,native_overlay
8a2a100d608ffff,-73.97723850743552,40.75959582586787,10,opendata,labels_only_diagnostics,0.0,0,0.0,0.0,0.0,0,0,0,0,,none,0.0,0,0.0,0,0.0,open_public_evidence,0.0,native_overlay
8a2a100d609ffff,-73.97878066799207,40.75993198516213,10,opendata,labels_only_diagnostics,0.0,0,0.0,0.0,0.0,0,0,0,0,,none,0.0,0,0.0,0,0.0,open_public_evidence,0.0,native_overlay
8a2a100d60c7fff,-73.97534676942506,40.75813587911897,10,opendata,labels_only_diagnostics,0.0,0,0.0,0.0,0.0,0,0,0,0,,none,0.0,0,0.0,0,0.0,open_public_evidence,0.0,native_overlay
8a2a100d60cffff,-73.9749971848605,40.75701212542053,10,opendata,labels_only_diagnostics,0.0,0,0.0,0.0,0.0,0,0,0,0,,none,0.0,0,0.0,0,0.0,open_public_evidence,0.0,native_overlay
8a2a100d60d7fff,-73.9768888662101,40.75847205632735,10,opendata,labels_only_diagnostics,0.0,0,0.0,0.0,0.0,0,0,0,0,,none,0.0,0,0.0,0,0.0,open_public_evidence,0.0,native_overlay
8a2a100d60dffff,-73.97653924181554,40.75734830183376,10,opendata,labels_only_diagnostics,0.0,0,0.0,0.0,0.0,0,0,0,0,,none,0.0,0,0.0,0,0.0,open_public_evidence,0.0,native_overlay
8a2a100d60e7fff,-73.97415425814285,40.75892345115457,10,opendata,labels_only_diagnostics,0.0,0,0.0,0.0,0.0,0,0,0,0,,none,0.0,0,0.0,0,0.0,open_public_evidence,0.0,native_overlay
8a2a100d60effff,-73.97380469658059,40.75779968320434,10,opendata,labels_only_diagnostics,0.0,7,0.0,0.0,0.0,7,1,0,0,,complaint,0.0,1,1.0,1,1.0,open_public_evidence,1.0,native_overlay
8a2a100d60f7fff,-73.97569637081854,40.759259647865,10,opendata,labels_only_diagnostics,0.0,0,0.0,0.0,0.0,0,0,0,0,,none,0.0,0,0.0,0,0.0,open_public_evidence,0.0,native_overlay
8a2a100d6207fff,-73.97086472899026,40.752968550468005,10,opendata,labels_only_diagnostics,0.0,0,0.0,0.0,0.0,0,0,0,0,,none,0.0,0,0.0,0,0.0,open_public_evidence,0.0,native_overlay
8a2a100d620ffff,-73.970515291372,40.751844858566315,10,opendata,labels_only_diagnostics,0.0,1,0.0,0.0,0.0,1,1,0,0,,complaint,0.0,1,1.0,1,1.0,open_public_evidence,1.0,native_overlay
8a2a100d6217fff,-73.97240661858963,40.75330476189282,10,opendata,labels_only_diagnostics,0.05626219491005135,0,0.05626219491005135,0.049873829417579355,0.006388365492469249,0,0,0,0,,dep,0.05626219491005135,1,1.0,1,1.0,open_public_evidence,1.0,native_overlay
8a2a100d621ffff,-73.97205714115047,40.75218106919075,10,opendata,labels_only_diagnostics,0.0,0,0.0,0.0,0.0,0,0,0,0,,none,0.0,0,0.0,0,0.0,open_public_evidence,0.0,native_overlay
8a2a100d6237fff,-73.97121418342887,40.75409225742135,10,opendata,labels_only_diagnostics,0.0,1,0.0,0.0,0.0,1,1,0,0,,complaint,0.0,1,1.0,1,1.0,open_public_evidence,1.0,native_overlay
8a2a100d6257fff,-73.97016587057283,40.75072118171697,10,opendata,labels_only_diagnostics,0.0,0,0.0,0.0,0.0,0,0,0,0,,none,0.0,0,0.0,0,0.0,open_public_evidence,0.0,native_overlay
8a2a100d6287fff,-73.97514091252219,40.752853434342555,10,opendata,labels_only_diagnostics,0.0,0,0.0,0.0,0.0,0,0,0,0,,none,0.0,0,0.0,0,0.0,open_public_evidence,0.0,native_overlay
8a2a100d628ffff,-73.97479137226411,40.75172975509398,10,opendata,labels_only_diagnostics,0.0,0,0.0,0.0,0.0,0,0,0,0,,none,0.0,0,0.0,0,0.0,open_public_evidence,0.0,native_overlay
8a2a100d6297fff,-73.97668283411207,40.75318958886779,10,opendata,labels_only_diagnostics,0.0,0,0.0,0.0,0.0,0,0,0,0,,none,0.0,0,0.0,0,0.0,open_public_evidence,0.0,native_overlay
8a2a100d629ffff,-73.97633325403298,40.75206590882208,10,opendata,labels_only_diagnostics,0.0,0,0.0,0.0,0.0,0,0,0,0,,none,0.0,0,0.0,0,0.0,open_public_evidence,0.0,native_overlay
8a2a100d62a7fff,-73.97394853212849,40.75364095461768,10,opendata,labels_only_diagnostics,0.0,0,0.0,0.0,0.0,0,0,0,0,,none,0.0,0,0.0,0,0.0,open_public_evidence,0.0,native_overlay
8a2a100d62affff,-73.97359901486776,40.7525172611165,10,opendata,labels_only_diagnostics,0.0,2,0.0,0.0,0.0,2,1,0,0,,complaint,0.0,1,1.0,1,1.0,open_public_evidence,1.0,native_overlay
8a2a100d62b7fff,-73.97549046960518,40.7539771286415,10,opendata,labels_only_diagnostics,0.0,0,0.0,0.0,0.0,0,0,0,0,,none,0.0,0,0.0,0,0.0,open_public_evidence,0.0,native_overlay
8a2a100d62c7fff,-73.97290003081406,40.750269919268,10,opendata,labels_only_diagnostics,0.0,0,0.0,0.0,0.0,0,0,0,0,,none,0.0,0,0.0,0,0.0,open_public_evidence,0.0,native_overlay
8a2a100d62cffff,-73.97255056401872,40.74914627092202,10,opendata,labels_only_diagnostics,0.0,0,0.0,0.0,0.0,0,0,0,0,,none,0.0,0,0.0,0,0.0,open_public_evidence,0.0,native_overlay
8a2a100d62d7fff,-73.97444184882976,40.7506060908965,10,opendata,labels_only_diagnostics,0.0,2,0.0,0.0,0.0,2,1,0,0,,complaint,0.0,1,1.0,1,1.0,open_public_evidence,1.0,native_overlay
8a2a100d62dffff,-73.97409234221796,40.749482441750764,10,opendata,labels_only_diagnostics,0.0,0,0.0,0.0,0.0,0,0,0,0,,none,0.0,0,0.0,0,0.0,open_public_evidence,0.0,native_overlay
8a2a100d62e7fff,-73.97170768053236,40.751057391540364,10,opendata,labels_only_diagnostics,0.0,0,0.0,0.0,0.0,0,0,0,0,,none,0.0,0,0.0,0,0.0,open_public_evidence,0.0,native_overlay
8a2a100d62effff,-73.9713582367341,40.749933728942366,10,opendata,labels_only_diagnostics,0.0,0,0.0,0.0,0.0,0,0,0,0,,none,0.0,0,0.0,0,0.0,open_public_evidence,0.0,native_overlay
8a2a100d62f7fff,-73.97324951443001,40.75139358266639,10,opendata,labels_only_diagnostics,0.0,0,0.0,0.0,0.0,0,0,0,0,,none,0.0,0,0.0,0,0.0,open_public_evidence,0.0,native_overlay
8a2a100d6317fff,-73.97037115764137,40.75600348395547,10,opendata,labels_only_diagnostics,0.0,0,0.0,0.0,0.0,0,0,0,0,,none,0.0,0,0.0,0,0.0,open_public_evidence,0.0,native_overlay
8a2a100d631ffff,-73.97002170938458,40.754879747700556,10,opendata,labels_only_diagnostics,0.0,0,0.0,0.0,0.0,0,0,0,0,,none,0.0,0,0.0,0,0.0,open_public_evidence,0.0,native_overlay
8a2a100d6387fff,-73.97310562393588,40.755552192449315,10,opendata,labels_only_diagnostics,0.0,0,0.0,0.0,0.0,0,0,0,0,,none,0.0,0,0.0,0,0.0,open_public_evidence,0.0,native_overlay
8a2a100d638ffff,-73.97275611285104,40.75442846964591,10,opendata,labels_only_diagnostics,0.051349435939400376,0,0.051349435939400376,0.03580138663473815,0.015548049304664942,0,0,0,0,,dep,0.051349435939400376,1,1.0,1,1.0,open_public_evidence,1.0,native_overlay
8a2a100d6397fff,-73.97464761712367,40.75588838677037,10,opendata,labels_only_diagnostics,0.0,0,0.0,0.0,0.0,0,0,0,0,,none,0.0,0,0.0,0,0.0,open_public_evidence,0.0,native_overlay
8a2a100d639ffff,-73.9742980662134,40.75476466316921,10,opendata,labels_only_diagnostics,0.0,0,0.0,0.0,0.0,0,0,0,0,,none,0.0,0,0.0,0,0.0,open_public_evidence,0.0,native_overlay
8a2a100d63a7fff,-73.97191314277173,40.75633971648032,10,opendata,labels_only_diagnostics,0.0,1,0.0,0.0,0.0,1,1,0,0,,complaint,0.0,1,1.0,1,1.0,open_public_evidence,1.0,native_overlay
8a2a100d63affff,-73.97156365468895,40.755215979425685,10,opendata,labels_only_diagnostics,0.0,0,0.0,0.0,0.0,0,0,0,0,,none,0.0,0,0.0,0,0.0,open_public_evidence,0.0,native_overlay
8a2a100d63b7fff,-73.97345515184533,40.756675930302364,10,opendata,labels_only_diagnostics,0.0,0,0.0,0.0,0.0,0,0,0,0,,none,0.0,0,0.0,0,0.0,open_public_evidence,0.0,native_overlay
8a2a100d644ffff,-73.98151530019193,40.75948047570426,10,opendata,labels_only_diagnostics,0.0,0,0.0,0.0,0.0,0,0,0,0,,none,0.0,0,0.0,0,0.0,open_public_evidence,0.0,native_overlay
8a2a100d645ffff,-73.9830574927225,40.759816578076915,10,opendata,labels_only_diagnostics,0.0,0,0.0,0.0,0.0,0,0,0,0,,none,0.0,0,0.0,0,0.0,open_public_evidence,0.0,native_overlay
8a2a100d64cffff,-73.98579208618962,40.75936496744919,10,opendata,labels_only_diagnostics,0.0,0,0.0,0.0,0.0,0,0,0,0,,none,0.0,0,0.0,0,0.0,open_public_evidence,0.0,native_overlay
8a2a100d64dffff,-73.98733431067693,40.759701012897786,10,opendata,labels_only_diagnostics,0.0,0,0.0,0.0,0.0,0,0,0,0,,none,0.0,0,0.0,0,0.0,open_public_evidence,0.0,native_overlay
8a2a100d6607fff,-73.98165845885661,40.75532163770499,10,opendata,labels_only_diagnostics,0.0,1,0.0,0.0,0.0,1,1,0,0,,complaint,0.0,1,1.0,1,1.0,open_public_evidence,1.0,native_overlay
8a2a100d660ffff,-73.98130874247772,40.75419794022795,10,opendata,labels_only_diagnostics,0.0,0,0.0,0.0,0.0,0,0,0,0,,none,0.0,0,0.0,0,0.0,open_public_evidence,0.0,native_overlay
8a2a100d6617fff,-73.98320051599728,40.75565771820755,10,opendata,labels_only_diagnostics,0.0,0,0.0,0.0,0.0,0,0,0,0,,none,0.0,0,0.0,0,0.0,open_public_evidence,0.0,native_overlay
8a2a100d661ffff,-73.98285075979267,40.75453401993924,10,opendata,labels_only_diagnostics,0.0,0,0.0,0.0,0.0,0,0,0,0,,none,0.0,0,0.0,0,0.0,open_public_evidence,0.0,native_overlay
8a2a100d6627fff,-73.9804661190312,40.756109250228235,10,opendata,labels_only_diagnostics,0.0,2,0.0,0.0,0.0,2,1,0,0,,complaint,0.0,1,1.0,1,1.0,open_public_evidence,1.0,native_overlay
8a2a100d662ffff,-73.9801164256454,40.75498553849603,10,opendata,labels_only_diagnostics,0.0,0,0.0,0.0,0.0,0,0,0,0,,none,0.0,0,0.0,0,0.0,open_public_evidence,0.0,native_overlay
8a2a100d6637fff,-73.98200819206936,40.75644535022911,10,opendata,labels_only_diagnostics,0.0,0,0.0,0.0,0.0,0,0,0,0,,none,0.0,0,0.0,0,0.0,open_public_evidence,0.0,native_overlay
8a2a100d6647fff,-73.97941708936834,40.7527381601755,10,opendata,labels_only_diagnostics,0.0,0,0.0,0.0,0.0,0,0,0,0,,none,0.0,0,0.0,0,0.0,open_public_evidence,0.0,native_overlay
8a2a100d664ffff,-73.97906744647469,40.75161449358853,10,opendata,labels_only_diagnostics,0.0,0,0.0,0.0,0.0,0,0,0,0,,none,0.0,0,0.0,0,0.0,open_public_evidence,0.0,native_overlay
8a2a100d6657fff,-73.98095904293146,40.75307425779866,10,opendata,labels_only_diagnostics,0.0,1,0.0,0.0,0.0,1,1,0,0,,complaint,0.0,1,1.0,1,1.0,open_public_evidence,1.0,native_overlay
8a2a100d665ffff,-73.98060936021666,40.7519505904178,10,opendata,labels_only_diagnostics,0.0,0,0.0,0.0,0.0,0,0,0,0,,none,0.0,0,0.0,0,0.0,open_public_evidence,0.0,native_overlay
8a2a100d6667fff,-73.97822477963574,40.753525724691144,10,opendata,labels_only_diagnostics,0.0,0,0.0,0.0,0.0,0,0,0,0,,none,0.0,0,0.0,0,0.0,open_public_evidence,0.0,native_overlay
8a2a100d666ffff,-73.97787515973495,40.75240204384961,10,opendata,labels_only_diagnostics,0.0,0,0.0,0.0,0.0,0,0,0,0,,none,0.0,0,0.0,0,0.0,open_public_evidence,0.0,native_overlay
8a2a100d6677fff,-73.97976674909151,40.753861841811556,10,opendata,labels_only_diagnostics,0.0,0,0.0,0.0,0.0,0,0,0,0,,none,0.0,0,0.0,0,0.0,open_public_evidence,0.0,native_overlay
8a2a100d6687fff,-73.98593486620216,40.75520612324228,10,opendata,labels_only_diagnostics,0.0,3,0.0,0.0,0.0,3,1,0,0,,complaint,0.0,1,1.0,1,1.0,open_public_evidence,1.0,native_overlay
8a2a100d668ffff,-73.98558504718255,40.754082438441124,10,opendata,labels_only_diagnostics,0.0,0,0.0,0.0,0.0,0,0,0,0,,none,0.0,0,0.0,0,0.0,open_public_evidence,0.0,native_overlay
8a2a100d6697fff,-73.98747695529332,40.755542146831864,10,opendata,labels_only_diagnostics,0.0,4,0.0,0.0,0.0,4,1,0,0,,complaint,0.0,1,1.0,1,1.0,open_public_evidence,1.0,native_overlay
8a2a100d669ffff,-73.98712709644788,40.75441846124271,10,opendata,labels_only_diagnostics,0.0,0,0.0,0.0,0.0,0,0,0,0,,none,0.0,0,0.0,0,0.0,open_public_evidence,0.0,native_overlay
8a2a100d66a7fff,-73.9847425970657,40.75599378000265,10,opendata,labels_only_diagnostics,0.0,0,0.0,0.0,0.0,0,0,0,0,,none,0.0,0,0.0,0,0.0,open_public_evidence,0.0,native_overlay
8a2a100d66affff,-73.98439280103473,40.75487008094438,10,opendata,labels_only_diagnostics,0.0,0,0.0,0.0,0.0,0,0,0,0,,none,0.0,0,0.0,0,0.0,open_public_evidence,0.0,native_overlay
8a2a100d66b7fff,-73.9862847020602,40.75632982308922,10,opendata,labels_only_diagnostics,0.0,0,0.0,0.0,0.0,0,0,0,0,,none,0.0,0,0.0,0,0.0,open_public_evidence,0.0,native_overlay
8a2a100d66c7fff,-73.9836932594811,40.752622727967825,10,opendata,labels_only_diagnostics,0.0,0,0.0,0.0,0.0,0,0,0,0,,none,0.0,0,0.0,0,0.0,open_public_evidence,0.0,native_overlay
8a2a100d66cffff,-73.98334351395609,40.751499074050926,10,opendata,labels_only_diagnostics,0.0,0,0.0,0.0,0.0,0,0,0,0,,none,0.0,0,0.0,0,0.0,open_public_evidence,0.0,native_overlay
8a2a100d66d7fff,-73.9852352450002,40.75295876868644,10,opendata,labels_only_diagnostics,0.0,0,0.0,0.0,0.0,0,0,0,0,,none,0.0,0,0.0,0,0.0,open_public_evidence,0.0,native_overlay
8a2a100d66dffff,-73.98488545965391,40.75183511397891,10,opendata,labels_only_diagnostics,0.0,0,0.0,0.0,0.0,0,0,0,0,,none,0.0,0,0.0,0,0.0,open_public_evidence,0.0,native_overlay
8a2a100d66e7fff,-73.98250102042266,40.75341033671803,10,opendata,labels_only_diagnostics,0.0,0,0.0,0.0,0.0,0,0,0,0,,none,0.0,0,0.0,0,0.0,open_public_evidence,0.0,native_overlay
8a2a100d66effff,-73.98215129788603,40.75228666854459,10,opendata,labels_only_diagnostics,0.0,0,0.0,0.0,0.0,0,0,0,0,,none,0.0,0,0.0,0,0.0,open_public_evidence,0.0,native_overlay
8a2a100d66f7fff,-73.98404302184025,40.753746396932534,10,opendata,labels_only_diagnostics,0.0,0,0.0,0.0,0.0,0,0,0,0,,none,0.0,0,0.0,0,0.0,open_public_evidence,0.0,native_overlay
8a2a100d6707fff,-73.97962342753861,40.75802059854109,10,opendata,labels_only_diagnostics,0.0,4,0.0,0.0,0.0,4,1,0,0,,complaint,0.0,1,1.0,1,1.0,open_public_evidence,1.0,native_overlay
8a2a100d670ffff,-73.97927374031556,40.75689685750741,10,opendata,labels_only_diagnostics,0.0,0,0.0,0.0,0.0,0,0,0,0,,none,0.0,0,0.0,0,0.0,open_public_evidence,0.0,native_overlay
8a2a100d6717fff,-73.98116555630327,40.758356718833035,10,opendata,labels_only_diagnostics,0.0,0,0.0,0.0,0.0,0,0,0,0,,none,0.0,0,0.0,0,0.0,open_public_evidence,0.0,native_overlay
8a2a100d671ffff,-73.98081582925009,40.75723297700747,10,opendata,labels_only_diagnostics,0.0,0,0.0,0.0,0.0,0,0,0,0,,none,0.0,0,0.0,0,0.0,open_public_evidence,0.0,native_overlay
8a2a100d6727fff,-73.97843098693403,40.758808214828406,10,opendata,labels_only_diagnostics,0.0,0,0.0,0.0,0.0,0,0,0,0,,none,0.0,0,0.0,0,0.0,open_public_evidence,0.0,native_overlay
8a2a100d672ffff,-73.9780813227088,40.75768445954096,10,opendata,labels_only_diagnostics,0.0,2,0.0,0.0,0.0,2,1,0,0,,complaint,0.0,1,1.0,1,1.0,open_public_evidence,1.0,native_overlay
8a2a100d6737fff,-73.9799731315952,40.759144354621064,10,opendata,labels_only_diagnostics,0.0,0,0.0,0.0,0.0,0,0,0,0,,none,0.0,0,0.0,0,0.0,open_public_evidence,0.0,native_overlay
8a2a100d6747fff,-73.97738204475198,40.75543699410768,10,opendata,labels_only_diagnostics,0.07520617834225717,1,0.07520617834225717,0.07520617834225717,0.0,1,1,0,0,,dep+complaint,0.07520617834225717,1,1.0,1,1.0,open_public_evidence,1.0,native_overlay
8a2a100d674ffff,-73.97703243101802,40.75431328396322,10,opendata,labels_only_diagnostics,0.034822480775155824,0,0.034822480775155824,0.00752530213172253,0.02729717864343395,0,0,0,0,,dep,0.034822480775155824,1,1.0,1,1.0,open_public_evidence,1.0,native_overlay
8a2a100d6757fff,-73.97892406992484,40.755773131520726,10,opendata,labels_only_diagnostics,0.0,2,0.0,0.0,0.0,2,1,0,0,,complaint,0.0,1,1.0,1,1.0,open_public_evidence,1.0,native_overlay
8a2a100d675ffff,-73.9785744163653,40.75464942058175,10,opendata,labels_only_diagnostics,0.02519619130155099,1,0.02519619130155099,0.024277433158892383,0.0009187581426579381,1,1,0,0,,dep+complaint,0.02519619130155099,1,1.0,1,1.0,open_public_evidence,1.0,native_overlay
8a2a100d6767fff,-73.97618963425067,40.756224562387786,10,opendata,labels_only_diagnostics,0.0,2,0.0,0.0,0.0,2,1,0,0,,complaint,0.0,1,1.0,1,1.0,open_public_evidence,1.0,native_overlay
8a2a100d676ffff,-73.97584004351427,40.755100837990135,10,opendata,labels_only_diagnostics,0.0,0,0.0,0.0,0.0,0,0,0,0,,none,0.0,0,0.0,0,0.0,open_public_evidence,0.0,native_overlay
8a2a100d6777fff,-73.9777316753152,40.75656071930049,10,opendata,labels_only_diagnostics,0.0,0,0.0,0.0,0.0,0,0,0,0,,none,0.0,0,0.0,0,0.0,open_public_evidence,0.0,native_overlay
8a2a100d6787fff,-73.98390007891497,40.757905159882704,10,opendata,labels_only_diagnostics,0.0,0,0.0,0.0,0.0,0,0,0,0,,none,0.0,0,0.0,0,0.0,open_public_evidence,0.0,native_overlay
8a2a100d678ffff,-73.98355028903765,40.75678143152227,10,opendata,labels_only_diagnostics,0.0,0,0.0,0.0,0.0,0,0,0,0,,none,0.0,0,0.0,0,0.0,open_public_evidence,0.0,native_overlay
8a2a100d6797fff,-73.98544223964197,40.75824122325576,10,opendata,labels_only_diagnostics,0.0,4,0.0,0.0,0.0,4,1,0,0,,complaint,0.0,1,1.0,1,1.0,open_public_evidence,1.0,native_overlay
8a2a100d679ffff,-73.98509240993438,40.75711749410667,10,opendata,labels_only_diagnostics,0.0,2,0.0,0.0,0.0,2,1,0,0,,complaint,0.0,1,1.0,1,1.0,open_public_evidence,1.0,native_overlay
8a2a100d67a7fff,-73.9827077090011,40.75869282041576,10,opendata,labels_only_diagnostics,0.0,0,0.0,0.0,0.0,0,0,0,0,,none,0.0,0,0.0,0,0.0,open_public_evidence,0.0,native_overlay
8a2a100d67affff,-73.98235794211713,40.75756907779959,10,opendata,labels_only_diagnostics,0.0,1,0.0,0.0,0.0,1,1,0,0,,complaint,0.0,1,1.0,1,1.0,open_public_evidence,1.0,native_overlay
8a2a100d67b7fff,-73.98424988563046,40.75902890328816,10,opendata,labels_only_diagnostics,0.0,1,0.0,0.0,0.0,1,1,0,0,,complaint,0.0,1,1.0,1,1.0,open_public_evidence,1.0,native_overlay
8a2a100de487fff,-73.97125695061276,40.70802432450722,10,opendata,labels_only_diagnostics,0.0,0,0.0,0.0,0.0,0,0,0,0,,none,0.0,0,0.0,0,0.0,open_public_evidence,0.0,native_overlay
8a2a100de48ffff,-73.97090783773498,40.70690127225029,10,opendata,labels_only_diagnostics,0.0,0,0.0,0.0,0.0,0,0,0,0,,none,0.0,0,0.0,0,0.0,open_public_evidence,0.0,native_overlay
8a2a100de497fff,-73.97279736868167,40.70836031443449,10,opendata,labels_only_diagnostics,0.0,0,0.0,0.0,0.0,0,0,0,0,,none,0.0,0,0.0,0,0.0,open_public_evidence,0.0,native_overlay
8a2a100de49ffff,-73.97244821605912,40.70723726136197,10,opendata,labels_only_diagnostics,0.0,0,0.0,0.0,0.0,0,0,0,0,,none,0.0,0,0.0,0,0.0,open_public_evidence,0.0,native_overlay
8a2a100de4a7fff,-73.97006564635906,40.70881138244169,10,opendata,labels_only_diagnostics,0.0,0,0.0,0.0,0.0,0,0,0,0,,none,0.0,0,0.0,0,0.0,open_public_evidence,0.0,native_overlay
8a2a100de4b7fff,-73.9716060802791,40.70914739183881,10,opendata,labels_only_diagnostics,0.0,0,0.0,0.0,0.0,0,0,0,0,,none,0.0,0,0.0,0,0.0,open_public_evidence,0.0,native_overlay
8a2a100de4d7fff,-73.97055874164462,40.70577823506871,10,opendata,labels_only_diagnostics,0.0,0,0.0,0.0,0.0,0,0,0,0,,none,0.0,0,0.0,0,0.0,open_public_evidence,0.0,native_overlay
8a2a100de4dffff,-73.97020966234047,40.70465521296317,10,opendata,labels_only_diagnostics,0.0,0,0.0,0.0,0.0,0,0,0,0,,none,0.0,0,0.0,0,0.0,open_public_evidence,0.0,native_overlay
8a2a100de597fff,-73.9707638765644,40.7110575606956,10,opendata,labels_only_diagnostics,0.0,0,0.0,0.0,0.0,0,0,0,0,,none,0.0,0,0.0,0,0.0,open_public_evidence,0.0,native_overlay
8a2a100de59ffff,-73.97041475306722,40.709934464031676,10,opendata,labels_only_diagnostics,0.0,0,0.0,0.0,0.0,0,0,0,0,,none,0.0,0,0.0,0,0.0,open_public_evidence,0.0,native_overlay
8a2a100de697fff,-73.97035365285814,40.7004992595194,10,opendata,labels_only_diagnostics,0.0,0,0.0,0.0,0.0,0,0,0,0,,none,0.0,0,0.0,0,0.0,open_public_evidence,0.0,native_overlay
8a2a10720a4ffff,-74.01979523593042,40.753152734416304,10,opendata,labels_only_diagnostics,0.0,0,0.0,0.0,0.0,0,0,0,0,,none,0.0,0,0.0,0,0.0,open_public_evidence,0.0,native_overlay
8a2a10720a67fff,-74.01895417276849,40.75506432794667,10,opendata,labels_only_diagnostics,0.0,0,0.0,0.0,0.0,0,0,0,0,,none,0.0,0,0.0,0,0.0,open_public_evidence,0.0,native_overlay
8a2a10720a6ffff,-74.01860355572838,40.75394073058488,10,opendata,labels_only_diagnostics,0.0,0,0.0,0.0,0.0,0,0,0,0,,none,0.0,0,0.0,0,0.0,open_public_evidence,0.0,native_overlay
8a2a10720b2ffff,-74.01881431421496,40.7592232582856,10,opendata,labels_only_diagnostics,0.0,0,0.0,0.0,0.0,0,0,0,0,,none,0.0,0,0.0,0,0.0,open_public_evidence,0.0,native_overlay
8a2a10720b47fff,-74.0181130416704,40.75697595984326,10,opendata,labels_only_diagnostics,0.0,0,0.0,0.0,0.0,0,0,0,0,,none,0.0,0,0.0,0,0.0,open_public_evidence,0.0,native_overlay
8a2a10720b4ffff,-74.01776243071122,40.75585233317386,10,opendata,labels_only_diagnostics,0.0,0,0.0,0.0,0.0,0,0,0,0,,none,0.0,0,0.0,0,0.0,open_public_evidence,0.0,native_overlay
8a2a10720b57fff,-74.01965545747359,40.75731156777594,10,opendata,labels_only_diagnostics,0.0,0,0.0,0.0,0.0,0,0,0,0,,none,0.0,0,0.0,0,0.0,open_public_evidence,0.0,native_overlay
8a2a10720b5ffff,-74.01930480668317,40.756187940343935,10,opendata,labels_only_diagnostics,0.0,0,0.0,0.0,0.0,0,0,0,0,,none,0.0,0,0.0,0,0.0,open_public_evidence,0.0,native_overlay
8a2a10720b67fff,-74.01692123775229,40.75776397412612,10,opendata,labels_only_diagnostics,0.0,0,0.0,0.0,0.0,0,0,0,0,,none,0.0,0,0.0,0,0.0,open_public_evidence,0.0,native_overlay
8a2a10720b6ffff,-74.01657064975058,40.75664033318524,10,opendata,labels_only_diagnostics,0.0,0,0.0,0.0,0.0,0,0,0,0,,none,0.0,0,0.0,0,0.0,open_public_evidence,0.0,native_overlay
8a2a10720b77fff,-74.01846366950458,40.7580996015474,10,opendata,labels_only_diagnostics,0.0,0,0.0,0.0,0.0,0,0,0,0,,none,0.0,0,0.0,0,0.0,open_public_evidence,0.0,native_overlay
8a2a10721007fff,-74.01748117571599,40.741129871987226,10,opendata,labels_only_diagnostics,0.0,0,0.0,0.0,0.0,0,0,0,0,,none,0.0,0,0.0,0,0.0,open_public_evidence,0.0,native_overlay
8a2a1072100ffff,-74.01713069833005,40.74000646860811,10,opendata,labels_only_diagnostics,0.0,0,0.0,0.0,0.0,0,0,0,0,,none,0.0,0,0.0,0,0.0,open_public_evidence,0.0,native_overlay
8a2a10721017fff,-74.01902306586273,40.74146541228767,10,opendata,labels_only_diagnostics,0.0,0,0.0,0.0,0.0,0,0,0,0,,none,0.0,0,0.0,0,0.0,open_public_evidence,0.0,native_overlay
8a2a1072101ffff,-74.01867254867247,40.74034200813995,10,opendata,labels_only_diagnostics,0.0,0,0.0,0.0,0.0,0,0,0,0,,none,0.0,0,0.0,0,0.0,open_public_evidence,0.0,native_overlay
8a2a10721027fff,-74.0162897638806,40.74191773063078,10,opendata,labels_only_diagnostics,0.0,0,0.0,0.0,0.0,0,0,0,0,,none,0.0,0,0.0,0,0.0,open_public_evidence,0.0,native_overlay
8a2a1072102ffff,-74.0159393094373,40.7407943129778,10,opendata,labels_only_diagnostics,0.0,0,0.0,0.0,0.0,0,0,0,0,,none,0.0,0,0.0,0,0.0,open_public_evidence,0.0,native_overlay
8a2a10721037fff,-74.01783166996483,40.742253290409465,10,opendata,labels_only_diagnostics,0.0,0,0.0,0.0,0.0,0,0,0,0,,none,0.0,0,0.0,0,0.0,open_public_evidence,0.0,native_overlay
8a2a10721047fff,-74.0152384511325,40.73854752280379,10,opendata,labels_only_diagnostics,0.0,0,0.0,0.0,0.0,0,0,0,0,,none,0.0,0,0.0,0,0.0,open_public_evidence,0.0,native_overlay
8a2a1072104ffff,-74.01488804726861,40.737424150284156,10,opendata,labels_only_diagnostics,0.0,0,0.0,0.0,0.0,0,0,0,0,,none,0.0,0,0.0,0,0.0,open_public_evidence,0.0,native_overlay
8a2a10721057fff,-74.01678023780585,40.73888308027278,10,opendata,labels_only_diagnostics,0.0,0,0.0,0.0,0.0,0,0,0,0,,none,0.0,0,0.0,0,0.0,open_public_evidence,0.0,native_overlay
8a2a1072105ffff,-74.0164297941422,40.73775970698193,10,opendata,labels_only_diagnostics,0.0,0,0.0,0.0,0.0,0,0,0,0,,none,0.0,0,0.0,0,0.0,open_public_evidence,0.0,native_overlay
8a2a10721067fff,-74.014047069249,40.73933533342238,10,opendata,labels_only_diagnostics,0.0,0,0.0,0.0,0.0,0,0,0,0,,none,0.0,0,0.0,0,0.0,open_public_evidence,0.0,native_overlay
8a2a1072106ffff,-74.01369668832754,40.73821194662948,10,opendata,labels_only_diagnostics,0.0,0,0.0,0.0,0.0,0,0,0,0,,none,0.0,0,0.0,0,0.0,open_public_evidence,0.0,native_overlay
8a2a10721077fff,-74.01558887185499,40.73967091036856,10,opendata,labels_only_diagnostics,0.0,0,0.0,0.0,0.0,0,0,0,0,,none,0.0,0,0.0,0,0.0,open_public_evidence,0.0,native_overlay
8a2a107210c7fff,-74.01951335948574,40.73843076426118,10,opendata,labels_only_diagnostics,0.0,0,0.0,0.0,0.0,0,0,0,0,,none,0.0,0,0.0,0,0.0,open_public_evidence,0.0,native_overlay
8a2a107210cffff,-74.01916285308371,40.7373074044757,10,opendata,labels_only_diagnostics,0.0,0,0.0,0.0,0.0,0,0,0,0,,none,0.0,0,0.0,0,0.0,open_public_evidence,0.0,native_overlay
8a2a107210e7fff,-74.0183220483459,40.73921861903539,10,opendata,labels_only_diagnostics,0.0,0,0.0,0.0,0.0,0,0,0,0,,none,0.0,0,0.0,0,0.0,open_public_evidence,0.0,native_overlay
8a2a107210effff,-74.01797156488179,40.73809524497464,10,opendata,labels_only_diagnostics,0.0,0,0.0,0.0,0.0,0,0,0,0,,none,0.0,0,0.0,0,0.0,open_public_evidence,0.0,native_overlay
8a2a107210f7fff,-74.01986388275097,40.73955413909053,10,opendata,labels_only_diagnostics,0.0,0,0.0,0.0,0.0,0,0,0,0,,none,0.0,0,0.0,0,0.0,open_public_evidence,0.0,native_overlay
8a2a10721107fff,-74.01544876152558,40.74382903103832,10,opendata,labels_only_diagnostics,0.0,0,0.0,0.0,0.0,0,0,0,0,,none,0.0,0,0.0,0,0.0,open_public_evidence,0.0,native_overlay
8a2a1072110ffff,-74.01509831316545,40.74270558406907,10,opendata,labels_only_diagnostics,0.0,0,0.0,0.0,0.0,0,0,0,0,,none,0.0,0,0.0,0,0.0,open_public_evidence,0.0,native_overlay
8a2a10721117fff,-74.01699072335494,40.74416461106533,10,opendata,labels_only_diagnostics,0.0,0,0.0,0.0,0.0,0,0,0,0,,none,0.0,0,0.0,0,0.0,open_public_evidence,0.0,native_overlay
8a2a1072111ffff,-74.01664023518607,40.743041163326865,10,opendata,labels_only_diagnostics,0.0,0,0.0,0.0,0.0,0,0,0,0,,none,0.0,0,0.0,0,0.0,open_public_evidence,0.0,native_overlay
8a2a10721127fff,-74.01425724898247,40.74461689354229,10,opendata,labels_only_diagnostics,0.0,0,0.0,0.0,0.0,0,0,0,0,,none,0.0,0,0.0,0,0.0,open_public_evidence,0.0,native_overlay
8a2a1072112ffff,-74.0139068235697,40.743493432300546,10,opendata,labels_only_diagnostics,0.0,0,0.0,0.0,0.0,0,0,0,0,,none,0.0,0,0.0,0,0.0,open_public_evidence,0.0,native_overlay
8a2a10721137fff,-74.01579922674834,40.74495249304992,10,opendata,labels_only_diagnostics,0.0,0,0.0,0.0,0.0,0,0,0,0,,none,0.0,0,0.0,0,0.0,open_public_evidence,0.0,native_overlay
8a2a10721147fff,-74.01320602332508,40.741246554946805,10,opendata,labels_only_diagnostics,0.0,0,0.0,0.0,0.0,0,0,0,0,,none,0.0,0,0.0,0,0.0,open_public_evidence,0.0,native_overlay
8a2a1072114ffff,-74.01285564849086,40.740123138836196,10,opendata,labels_only_diagnostics,0.0,0,0.0,0.0,0.0,0,0,0,0,,none,0.0,0,0.0,0,0.0,open_public_evidence,0.0,native_overlay
8a2a10721157fff,-74.01474788166678,40.74158215214288,10,opendata,labels_only_diagnostics,0.0,0,0.0,0.0,0.0,0,0,0,0,,none,0.0,0,0.0,0,0.0,open_public_evidence,0.0,native_overlay
8a2a1072115ffff,-74.01439746702836,40.74045873526042,10,opendata,labels_only_diagnostics,0.0,0,0.0,0.0,0.0,0,0,0,0,,none,0.0,0,0.0,0,0.0,open_public_evidence,0.0,native_overlay
8a2a10721167fff,-74.01201454074429,40.74203436942619,10,opendata,labels_only_diagnostics,0.0,0,0.0,0.0,0.0,0,0,0,0,,none,0.0,0,0.0,0,0.0,open_public_evidence,0.0,native_overlay
8a2a1072116ffff,-74.01166418885718,40.740910939043665,10,opendata,labels_only_diagnostics,0.0,0,0.0,0.0,0.0,0,0,0,0,,none,0.0,0,0.0,0,0.0,open_public_evidence,0.0,native_overlay
8a2a10721177fff,-74.01355641501765,40.742369986101835,10,opendata,labels_only_diagnostics,0.0,0,0.0,0.0,0.0,0,0,0,0,,none,0.0,0,0.0,0,0.0,open_public_evidence,0.0,native_overlay
8a2a10721187fff,-74.01972415083898,40.74371226570976,10,opendata,labels_only_diagnostics,0.0,0,0.0,0.0,0.0,0,0,0,0,,none,0.0,0,0.0,0,0.0,open_public_evidence,0.0,native_overlay
8a2a1072118ffff,-74.01937359991781,40.74258883147784,10,opendata,labels_only_diagnostics,0.0,0,0.0,0.0,0.0,0,0,0,0,,none,0.0,0,0.0,0,0.0,open_public_evidence,0.0,native_overlay
8a2a107211a7fff,-74.01853270905609,40.74450017238049,10,opendata,labels_only_diagnostics,0.0,0,0.0,0.0,0.0,0,0,0,0,,none,0.0,0,0.0,0,0.0,open_public_evidence,0.0,native_overlay
8a2a107211affff,-74.01818218107779,40.74337672387411,10,opendata,labels_only_diagnostics,0.0,0,0.0,0.0,0.0,0,0,0,0,,none,0.0,0,0.0,0,0.0,open_public_evidence,0.0,native_overlay
8a2a10721207fff,-74.01502818806925,40.73326636427724,10,opendata,labels_only_diagnostics,0.0,0,0.0,0.0,0.0,0,0,0,0,,none,0.0,0,0.0,0,0.0,open_public_evidence,0.0,native_overlay
8a2a1072120ffff,-74.01467782869048,40.73214306621918,10,opendata,labels_only_diagnostics,0.0,0,0.0,0.0,0.0,0,0,0,0,,none,0.0,0,0.0,0,0.0,open_public_evidence,0.0,native_overlay
8a2a10721217fff,-74.01656979962632,40.73360189918373,10,opendata,labels_only_diagnostics,0.0,0,0.0,0.0,0.0,0,0,0,0,,none,0.0,0,0.0,0,0.0,open_public_evidence,0.0,native_overlay
8a2a1072121ffff,-74.01621940045675,40.732478600352465,10,opendata,labels_only_diagnostics,0.0,0,0.0,0.0,0.0,0,0,0,0,,none,0.0,0,0.0,0,0.0,open_public_evidence,0.0,native_overlay
8a2a10721227fff,-74.01383693681677,40.73405412300305,10,opendata,labels_only_diagnostics,0.0,0,0.0,0.0,0.0,0,0,0,0,,none,0.0,0,0.0,0,0.0,open_public_evidence,0.0,native_overlay
8a2a1072122ffff,-74.01348660037547,40.73293081067089,10,opendata,labels_only_diagnostics,0.0,0,0.0,0.0,0.0,0,0,0,0,,none,0.0,0,0.0,0,0.0,open_public_evidence,0.0,native_overlay
8a2a10721237fff,-74.01537856430261,40.73438967738324,10,opendata,labels_only_diagnostics,0.0,0,0.0,0.0,0.0,0,0,0,0,,none,0.0,0,0.0,0,0.0,open_public_evidence,0.0,native_overlay
8a2a10721247fff,-74.01278597804964,40.73068423115304,10,opendata,labels_only_diagnostics,0.0,0,0.0,0.0,0.0,0,0,0,0,,none,0.0,0,0.0,0,0.0,open_public_evidence,0.0,native_overlay
8a2a1072124ffff,-74.01243569216274,40.72956096396871,10,opendata,labels_only_diagnostics,0.0,0,0.0,0.0,0.0,0,0,0,0,,none,0.0,0,0.0,0,0.0,open_public_evidence,0.0,native_overlay
8a2a10721257fff,-74.01432748616512,40.731019783209724,10,opendata,labels_only_diagnostics,0.0,0,0.0,0.0,0.0,0,0,0,0,,none,0.0,0,0.0,0,0.0,open_public_evidence,0.0,native_overlay
8a2a1072125ffff,-74.01397716049195,40.72989651524959,10,opendata,labels_only_diagnostics,0.0,0,0.0,0.0,0.0,0,0,0,0,,none,0.0,0,0.0,0,0.0,open_public_evidence,0.0,native_overlay
8a2a10721267fff,-74.01159475674743,40.731471941857976,10,opendata,labels_only_diagnostics,0.0,0,0.0,0.0,0.0,0,0,0,0,,none,0.0,0,0.0,0,0.0,open_public_evidence,0.0,native_overlay
8a2a1072126ffff,-74.01124449379776,40.73034866040015,10,opendata,labels_only_diagnostics,0.0,0,0.0,0.019611657925374996,0.0020983356086122624,0,0,0,0,,none,0.0,0,0.0,0,0.0,open_public_evidence,0.0,native_overlay
8a2a10721277fff,-74.01313628078681,40.73180751338732,10,opendata,labels_only_diagnostics,0.0,0,0.0,0.0,0.0,0,0,0,0,,none,0.0,0,0.0,0,0.0,open_public_evidence,0.0,native_overlay
8a2a10721287fff,-74.01930261557044,40.733149612519036,10,opendata,labels_only_diagnostics,0.0,0,0.0,0.0,0.0,0,0,0,0,,none,0.0,0,0.0,0,0.0,open_public_evidence,0.0,native_overlay
8a2a1072128ffff,-74.01895215367638,40.73202632719193,10,opendata,labels_only_diagnostics,0.0,0,0.0,0.0,0.0,0,0,0,0,,none,0.0,0,0.0,0,0.0,open_public_evidence,0.0,native_overlay
8a2a107212a7fff,-74.01811143504503,40.73393741538926,10,opendata,labels_only_diagnostics,0.0,0,0.0,0.0,0.0,0,0,0,0,,none,0.0,0,0.0,0,0.0,open_public_evidence,0.0,native_overlay
8a2a107212affff,-74.01776099608396,40.73281411578611,10,opendata,labels_only_diagnostics,0.0,0,0.0,0.0,0.0,0,0,0,0,,none,0.0,0,0.0,0,0.0,open_public_evidence,0.0,native_overlay
8a2a107212b7fff,-74.01965309432366,40.7342729128928,10,opendata,labels_only_diagnostics,0.0,0,0.0,0.0,0.0,0,0,0,0,,none,0.0,0,0.0,0,0.0,open_public_evidence,0.0,native_overlay
8a2a107212c7fff,-74.01706016873243,40.73056756172238,10,opendata,labels_only_diagnostics,0.0,0,0.0,0.0,0.0,0,0,0,0,,none,0.0,0,0.0,0,0.0,open_public_evidence,0.0,native_overlay
8a2a107212cffff,-74.01670978033958,40.729444307263186,10,opendata,labels_only_diagnostics,0.0,0,0.0,0.0,0.0,0,0,0,0,,none,0.0,0,0.0,0,0.0,open_public_evidence,0.0,native_overlay
8a2a107212d7fff,-74.01860170864035,40.73090305691215,10,opendata,labels_only_diagnostics,0.0,0,0.0,0.0,0.0,0,0,0,0,,none,0.0,0,0.0,0,0.0,open_public_evidence,0.0,native_overlay
8a2a107212dffff,-74.0182512804611,40.7297798016804,10,opendata,labels_only_diagnostics,0.0,0,0.0,0.0,0.0,0,0,0,0,,none,0.0,0,0.0,0,0.0,open_public_evidence,0.0,native_overlay
8a2a107212e7fff,-74.0158690181425,40.731355316569164,10,opendata,labels_only_diagnostics,0.0,0,0.0,0.0,0.0,0,0,0,0,,none,0.0,0,0.0,0,0.0,open_public_evidence,0.0,native_overlay
8a2a107212effff,-74.0155186526824,40.730232047834505,10,opendata,labels_only_diagnostics,0.0,0,0.0,0.0,0.0,0,0,0,0,,none,0.0,0,0.0,0,0.0,open_public_evidence,0.0,native_overlay
8a2a107212f7fff,-74.01741057398016,40.731690831230246,10,opendata,labels_only_diagnostics,0.0,0,0.0,0.0,0.0,0,0,0,0,,none,0.0,0,0.0,0,0.0,open_public_evidence,0.0,native_overlay
8a2a10721307fff,-74.01299597705345,40.73596521818175,10,opendata,labels_only_diagnostics,0.0,0,0.0,0.0,0.0,0,0,0,0,,none,0.0,0,0.0,0,0.0,open_public_evidence,0.0,native_overlay
8a2a1072130ffff,-74.01264564669846,40.73484187652831,10,opendata,labels_only_diagnostics,0.0,0,0.0,0.0,0.0,0,0,0,0,,none,0.0,0,0.0,0,0.0,open_public_evidence,0.0,native_overlay
8a2a10721317fff,-74.01453766026216,40.73630079281037,10,opendata,labels_only_diagnostics,0.0,0,0.0,0.0,0.0,0,0,0,0,,none,0.0,0,0.0,0,0.0,open_public_evidence,0.0,native_overlay
8a2a1072131ffff,-74.01418729011195,40.73517745038309,10,opendata,labels_only_diagnostics,0.0,0,0.0,0.0,0.0,0,0,0,0,,none,0.0,0,0.0,0,0.0,open_public_evidence,0.0,native_overlay
8a2a10721327fff,-74.01180462512625,40.7367529807776,10,opendata,labels_only_diagnostics,0.0,0,0.0,0.0,0.0,0,0,0,0,,none,0.0,0,0.0,0,0.0,open_public_evidence,0.0,native_overlay
8a2a1072132ffff,-74.01145431771342,40.73562962485147,10,opendata,labels_only_diagnostics,0.0,0,0.0,0.0,0.0,0,0,0,0,,none,0.0,0,0.0,0,0.0,open_public_evidence,0.0,native_overlay
8a2a10721337fff,-74.01334632426274,40.73708857488237,10,opendata,labels_only_diagnostics,0.0,0,0.0,0.0,0.0,0,0,0,0,,none,0.0,0,0.0,0,0.0,open_public_evidence,0.0,native_overlay
8a2a10721347fff,-74.01075375344372,40.73338295814338,10,opendata,labels_only_diagnostics,0.0,0,0.0,0.0771556183733489,0.010499322425695495,0,0,0,0,,none,0.0,0,0.0,0,0.0,open_public_evidence,0.0,native_overlay
8a2a1072134ffff,-74.01040349658447,40.732259647362824,10,opendata,labels_only_diagnostics,0.0,0,0.0,0.15291379390433685,0.05325761406210767,0,0,0,0,,none,0.0,0,0.0,0,0.0,open_public_evidence,0.0,native_overlay
8a2a10721357fff,-74.01229533319658,40.73371854992273,10,opendata,labels_only_diagnostics,0.0,0,0.0,0.0,0.0,0,0,0,0,,none,0.0,0,0.0,0,0.0,open_public_evidence,0.0,native_overlay
8a2a1072135ffff,-74.01194503654665,40.73259523836572,10,opendata,labels_only_diagnostics,0.0,0,0.0,0.0,0.0,0,0,0,0,,none,0.0,0,0.0,0,0.0,open_public_evidence,0.0,native_overlay
8a2a10721367fff,-74.0095624314772,40.73417067271874,10,opendata,labels_only_diagnostics,0.1708701335485991,0,0.1708701335485991,0.0781453001560984,0.09272483339251443,0,0,0,0,,dep,0.1708701335485991,1,1.0,1,1.0,open_public_evidence,1.0,native_overlay
8a2a1072136ffff,-74.00921219755988,40.73304734766607,10,opendata,labels_only_diagnostics,0.0,1,0.0,0.018325267543219826,0.00282364153779066,1,1,0,0,,complaint,0.0,1,1.0,1,1.0,open_public_evidence,1.0,native_overlay
8a2a10721377fff,-74.01110402715298,40.734506283973154,10,opendata,labels_only_diagnostics,0.0,0,0.0,0.0,0.0,0,0,0,0,,none,0.0,0,0.0,0,0.0,open_public_evidence,0.0,native_overlay
8a2a10721387fff,-74.01727064853625,40.73584854198739,10,opendata,labels_only_diagnostics,0.0,0,0.0,0.0,0.0,0,0,0,0,,none,0.0,0,0.0,0,0.0,open_public_evidence,0.0,native_overlay
8a2a1072138ffff,-74.01692021565245,40.73472521306226,10,opendata,labels_only_diagnostics,0.0,0,0.0,0.0,0.0,0,0,0,0,,none,0.0,0,0.0,0,0.0,open_public_evidence,0.0,native_overlay
8a2a10721397fff,-74.01881236354372,40.736184059734754,10,opendata,labels_only_diagnostics,0.0,0,0.0,0.0,0.0,0,0,0,0,,none,0.0,0,0.0,0,0.0,open_public_evidence,0.0,native_overlay
8a2a1072139ffff,-74.01846189086454,40.735060730039045,10,opendata,labels_only_diagnostics,0.0,0,0.0,0.0,0.0,0,0,0,0,,none,0.0,0,0.0,0,0.0,open_public_evidence,0.0,native_overlay
8a2a107213a7fff,-74.0160793673379,40.73663634873628,10,opendata,labels_only_diagnostics,0.0,0,0.0,0.0,0.0,0,0,0,0,,none,0.0,0,0.0,0,0.0,open_public_evidence,0.0,native_overlay
8a2a107213affff,-74.01572895739177,40.73551300553649,10,opendata,labels_only_diagnostics,0.0,0,0.0,0.0,0.0,0,0,0,0,,none,0.0,0,0.0,0,0.0,open_public_evidence,0.0,native_overlay
8a2a107213b7fff,-74.01762109827898,40.736971885958425,10,opendata,labels_only_diagnostics,0.0,0,0.0,0.0,0.0,0,0,0,0,,none,0.0,0,0.0,0,0.0,open_public_evidence,0.0,native_overlay
8a2a10721807fff,-74.00914047636303,40.74664477312714,10,opendata,labels_only_diagnostics,0.0,0,0.0,0.0,0.0,0,0,0,0,,none,0.0,0,0.0,0,0.0,open_public_evidence,0.0,native_overlay
8a2a1072180ffff,-74.00879015961728,40.745521269845085,10,opendata,labels_only_diagnostics,0.0,0,0.0,0.0,0.0,0,0,0,0,,none,0.0,0,0.0,0,0.0,open_public_evidence,0.0,native_overlay
8a2a10721817fff,-74.0106824780488,40.746980449793654,10,opendata,labels_only_diagnostics,0.0,0,0.0,0.0,0.0,0,0,0,0,,none,0.0,0,0.0,0,0.0,open_public_evidence,0.0,native_overlay
8a2a1072181ffff,-74.01033212149,40.745856945738495,10,opendata,labels_only_diagnostics,0.0,0,0.0,0.0,0.0,0,0,0,0,,none,0.0,0,0.0,0,0.0,open_public_evidence,0.0,native_overlay
8a2a10721827fff,-74.0079487923511,40.74743259530119,10,opendata,labels_only_diagnostics,0.0,0,0.0,0.0,0.0,0,0,0,0,,none,0.0,0,0.0,0,0.0,open_public_evidence,0.0,native_overlay
8a2a1072182ffff,-74.00759849856189,40.74630907775,10,opendata,labels_only_diagnostics,0.04457537123234606,0,0.04457537123234606,0.041673588831469426,0.002901782400876627,0,0,0,0,,dep,0.04457537123234606,1,1.0,1,1.0,open_public_evidence,1.0,native_overlay
8a2a10721837fff,-74.00949080996655,40.74776829145207,10,opendata,labels_only_diagnostics,0.0,0,0.0,0.0,0.0,0,0,0,0,,none,0.0,0,0.0,0,0.0,open_public_evidence,0.0,native_overlay
8a2a10721847fff,-74.00689796154971,40.74406208777896,10,opendata,labels_only_diagnostics,0.05684342680289203,0,0.05684342680289203,0.028993359607992483,0.027850067194896445,0,0,0,0,,dep,0.05684342680289203,1,1.0,1,1.0,open_public_evidence,1.0,native_overlay
8a2a1072184ffff,-74.00654771832437,40.742938615360465,10,opendata,labels_only_diagnostics,0.02836006367597269,0,0.02836006367597269,6.036660636270423e-05,0.028299697069608477,0,0,0,0,,dep,0.02836006367597269,1,1.0,1,1.0,open_public_evidence,1.0,native_overlay
8a2a10721857fff,-74.00843985972807,40.744397781606615,10,opendata,labels_only_diagnostics,0.02703848539475544,0,0.02703848539475544,0.008846141692100384,0.018192343702658154,0,0,0,0,,dep,0.02703848539475544,1,1.0,1,1.0,open_public_evidence,1.0,native_overlay
8a2a1072185ffff,-74.00808957669423,40.743274308412424,10,opendata,labels_only_diagnostics,0.0,0,0.0,0.0,0.0,0,0,0,0,,none,0.0,0,0.0,0,0.0,open_public_evidence,0.0,native_overlay
8a2a10721867fff,-74.00570630752529,40.74484986193136,10,opendata,labels_only_diagnostics,0.09700901183102568,0,0.09700901183102568,0.07716350373113277,0.01984550809989291,0,0,0,0,,dep,0.09700901183102568,1,1.0,1,1.0,open_public_evidence,1.0,native_overlay
8a2a1072186ffff,-74.00535608725626,40.74372637524432,10,opendata,labels_only_diagnostics,0.0,0,0.0,0.0,0.0,0,0,0,0,,none,0.0,0,0.0,0,0.0,open_public_evidence,0.0,native_overlay
8a2a10721877fff,-74.00724822162847,40.74518557524234,10,opendata,labels_only_diagnostics,0.18532302330830383,1,0.18532302330830383,0.08333865705548973,0.10198436625281412,1,1,0,0,,dep+complaint,0.18532302330830383,1,1.0,1,1.0,open_public_evidence,1.0,native_overlay
8a2a10721887fff,-74.0134161168805,40.74652824139304,10,opendata,labels_only_diagnostics,0.0,0,0.0,0.0,0.0,0,0,0,0,,none,0.0,0,0.0,0,0.0,open_public_evidence,0.0,native_overlay
8a2a1072188ffff,-74.0130656975559,40.7454047508372,10,opendata,labels_only_diagnostics,0.0,0,0.0,0.0,0.0,0,0,0,0,,none,0.0,0,0.0,0,0.0,open_public_evidence,0.0,native_overlay
8a2a10721897fff,-74.01495815039492,40.74686386115205,10,opendata,labels_only_diagnostics,0.0,0,0.0,0.0,0.0,0,0,0,0,,none,0.0,0,0.0,0,0.0,open_public_evidence,0.0,native_overlay
8a2a1072189ffff,-74.01460769125715,40.74574036982634,10,opendata,labels_only_diagnostics,0.0,0,0.0,0.0,0.0,0,0,0,0,,none,0.0,0,0.0,0,0.0,open_public_evidence,0.0,native_overlay
8a2a107218a7fff,-74.0122245036175,40.74731610774845,10,opendata,labels_only_diagnostics,0.0,0,0.0,0.0,0.0,0,0,0,0,,none,0.0,0,0.0,0,0.0,open_public_evidence,0.0,native_overlay
8a2a107218affff,-74.01187410724496,40.7461926029215,10,opendata,labels_only_diagnostics,0.0,0,0.0,0.0,0.0,0,0,0,0,,none,0.0,0,0.0,0,0.0,open_public_evidence,0.0,native_overlay
8a2a107218b7fff,-74.01376655306746,40.747651746990485,10,opendata,labels_only_diagnostics,0.0,0,0.0,0.0,0.0,0,0,0,0,,none,0.0,0,0.0,0,0.0,open_public_evidence,0.0,native_overlay
8a2a107218c7fff,-74.01117336507996,40.743945638395076,10,opendata,labels_only_diagnostics,0.0,0,0.0,0.0,0.0,0,0,0,0,,none,0.0,0,0.0,0,0.0,open_public_evidence,0.0,native_overlay
8a2a107218cffff,-74.0108230192851,40.74282217869698,10,opendata,labels_only_diagnostics,0.0,0,0.0,0.0,0.0,0,0,0,0,,none,0.0,0,0.0,0,0.0,open_public_evidence,0.0,native_overlay
8a2a107218d7fff,-74.01271529509246,40.744281275323644,10,opendata,labels_only_diagnostics,0.0,0,0.0,0.0,0.0,0,0,0,0,,none,0.0,0,0.0,0,0.0,open_public_evidence,0.0,native_overlay
8a2a107218dffff,-74.01236490948898,40.74315781485308,10,opendata,labels_only_diagnostics,0.0,0,0.0,0.0,0.0,0,0,0,0,,none,0.0,0,0.0,0,0.0,open_public_evidence,0.0,native_overlay
8a2a107218e7fff,-74.00998178178968,40.74473345672625,10,opendata,labels_only_diagnostics,0.0,0,0.0,0.0,0.0,0,0,0,0,,none,0.0,0,0.0,0,0.0,open_public_evidence,0.0,native_overlay
8a2a107218effff,-74.00963145894666,40.74360998275765,10,opendata,labels_only_diagnostics,0.0,0,0.0,0.0,0.0,0,0,0,0,,none,0.0,0,0.0,0,0.0,open_public_evidence,0.0,native_overlay
8a2a107218f7fff,-74.01152372773285,40.74506911313681,10,opendata,labels_only_diagnostics,0.0,0,0.0,0.0,0.0,0,0,0,0,,none,0.0,0,0.0,0,0.0,open_public_evidence,0.0,native_overlay
8a2a10721907fff,-74.00710735714024,40.7493439591216,10,opendata,labels_only_diagnostics,0.0,0,0.0,0.0,0.0,0,0,0,0,,none,0.0,0,0.0,0,0.0,open_public_evidence,0.0,native_overlay
8a2a1072190ffff,-74.0067570694533,40.7482204122591,10,opendata,labels_only_diagnostics,0.11950850045617029,0,0.11950850045617029,0.079497622881008,0.04001087757516235,0,0,0,0,,dep,0.11950850045617029,1,1.0,1,1.0,open_public_evidence,1.0,native_overlay
8a2a10721917fff,-74.00864943050175,40.74967967553147,10,opendata,labels_only_diagnostics,0.0,1,0.0,0.013288666570931001,0.0018385859524277354,1,1,0,0,,complaint,0.0,1,1.0,1,1.0,open_public_evidence,1.0,native_overlay
8a2a1072191ffff,-74.00829910299733,40.74855612789525,10,opendata,labels_only_diagnostics,0.0,0,0.0,0.0,0.0,0,0,0,0,,none,0.0,0,0.0,0,0.0,open_public_evidence,0.0,native_overlay
8a2a10721927fff,-74.00591557239446,40.75013178512957,10,opendata,labels_only_diagnostics,0.05651929067797009,0,0.05651929067797009,0.054495237742790276,0.0020240529351708385,0,0,0,0,,dep,0.05651929067797009,1,1.0,1,1.0,open_public_evidence,1.0,native_overlay
8a2a1072192ffff,-74.00556530766876,40.7490082239993,10,opendata,labels_only_diagnostics,0.08318854378424888,1,0.08318854378424888,0.06495267332616791,0.018235870458080918,1,1,0,0,,dep+complaint,0.08318854378424888,1,1.0,1,1.0,open_public_evidence,1.0,native_overlay
8a2a10721937fff,-74.00745766168465,40.75046752102624,10,opendata,labels_only_diagnostics,0.08851208992917978,0,0.08851208992917978,0.0777225267122676,0.010789563216911647,0,0,0,0,,dep,0.08851208992917978,1,1.0,1,1.0,open_public_evidence,1.0,native_overlay
8a2a10721947fff,-74.00486482878279,40.74676114686789,10,opendata,labels_only_diagnostics,0.0,5,0.0,0.0,0.0,5,1,0,0,,complaint,0.0,1,1.0,1,1.0,open_public_evidence,1.0,native_overlay
8a2a1072194ffff,-74.00451461462009,40.745637630868096,10,opendata,labels_only_diagnostics,0.0,0,0.0,0.0,0.0,0,0,0,0,,none,0.0,0,0.0,0,0.0,open_public_evidence,0.0,native_overlay
8a2a10721957fff,-74.00640679862262,40.74709688043944,10,opendata,labels_only_diagnostics,0.00692482663217509,1,0.00692482663217509,0.00692482663217509,0.0,1,1,0,0,,dep+complaint,0.00692482663217509,1,1.0,1,1.0,open_public_evidence,1.0,native_overlay
8a2a1072195ffff,-74.00605654464701,40.745973363663296,10,opendata,labels_only_diagnostics,0.0,6,0.0,0.0,0.0,6,1,0,0,,complaint,0.0,1,1.0,1,1.0,open_public_evidence,1.0,native_overlay
8a2a10721967fff,-74.00367307403492,40.74754892485457,10,opendata,labels_only_diagnostics,0.0,0,0.0,0.0,0.0,0,0,0,0,,none,0.0,0,0.0,0,0.0,open_public_evidence,0.0,native_overlay
8a2a1072196ffff,-74.00332288283327,40.746425394587604,10,opendata,labels_only_diagnostics,0.0,0,0.0,0.0,0.0,0,0,0,0,,none,0.0,0,0.0,0,0.0,open_public_evidence,0.0,native_overlay
8a2a10721977fff,-74.0052150597986,40.74788467791185,10,opendata,labels_only_diagnostics,0.0,0,0.0,0.0,0.0,0,0,0,0,,none,0.0,0,0.0,0,0.0,open_public_evidence,0.0,native_overlay
8a2a10721987fff,-74.01138324174666,40.74922750302998,10,opendata,labels_only_diagnostics,0.0,0,0.0,0.0,0.0,0,0,0,0,,none,0.0,0,0.0,0,0.0,open_public_evidence,0.0,native_overlay
8a2a1072198ffff,-74.01103285146729,40.74810396889104,10,opendata,labels_only_diagnostics,0.0,0,0.0,0.0,0.0,0,0,0,0,,none,0.0,0,0.0,0,0.0,open_public_evidence,0.0,native_overlay
8a2a10721997fff,-74.01292534694859,40.749563162526414,10,opendata,labels_only_diagnostics,0.0,0,0.0,0.0,0.0,0,0,0,0,,none,0.0,0,0.0,0,0.0,open_public_evidence,0.0,native_overlay
8a2a1072199ffff,-74.01257491685166,40.748439627616996,10,opendata,labels_only_diagnostics,0.0,0,0.0,0.0,0.0,0,0,0,0,,none,0.0,0,0.0,0,0.0,open_public_evidence,0.0,native_overlay
8a2a107219a7fff,-74.01019152775159,40.750015373227896,10,opendata,labels_only_diagnostics,0.0,0,0.0,0.0,0.0,0,0,0,0,,none,0.0,0,0.0,0,0.0,open_public_evidence,0.0,native_overlay
8a2a107219affff,-74.00984116042899,40.74889182481922,10,opendata,labels_only_diagnostics,0.0,0,0.0,0.0,0.0,0,0,0,0,,none,0.0,0,0.0,0,0.0,open_public_evidence,0.0,native_overlay
8a2a107219b7fff,-74.01173364888805,40.75035105220978,10,opendata,labels_only_diagnostics,0.0,0,0.0,0.0,0.0,0,0,0,0,,none,0.0,0,0.0,0,0.0,open_public_evidence,0.0,native_overlay
8a2a10721a07fff,-74.00668861308873,40.73878056609214,10,opendata,labels_only_diagnostics,0.0,0,0.0,0.0,0.0,0,0,0,0,,none,0.0,0,0.0,0,0.0,open_public_evidence,0.0,native_overlay
8a2a10721a0ffff,-74.00633841431387,40.73765716812964,10,opendata,labels_only_diagnostics,0.0,2,0.0,0.0,0.0,2,1,0,0,,complaint,0.0,1,1.0,1,1.0,open_public_evidence,1.0,native_overlay
8a2a10721a17fff,-74.00823033612373,40.73911623733309,10,opendata,labels_only_diagnostics,0.0,0,0.0,0.0,0.0,0,0,0,0,,none,0.0,0,0.0,0,0.0,open_public_evidence,0.0,native_overlay
8a2a10721a1ffff,-74.00788009754935,40.73799283859289,10,opendata,labels_only_diagnostics,0.0,0,0.0,0.07071789693781268,0.001958255130550645,0,0,0,0,,none,0.0,0,0.0,0,0.0,open_public_evidence,0.0,native_overlay
8a2a10721a27fff,-74.00549708975707,40.73956828838153,10,opendata,labels_only_diagnostics,0.0,0,0.0,0.0,0.0,0,0,0,0,,none,0.0,0,0.0,0,0.0,open_public_evidence,0.0,native_overlay
8a2a10721a2ffff,-74.00514691393357,40.73844487614968,10,opendata,labels_only_diagnostics,0.0,0,0.0,0.0,0.0,0,0,0,0,,none,0.0,0,0.0,0,0.0,open_public_evidence,0.0,native_overlay
8a2a10721a37fff,-74.00703882871302,40.73990397910235,10,opendata,labels_only_diagnostics,0.0,0,0.0,0.0,0.0,0,0,0,0,,none,0.0,0,0.0,0,0.0,open_public_evidence,0.0,native_overlay
8a2a10721a47fff,-74.00444661282785,40.736198096831764,10,opendata,labels_only_diagnostics,0.0,0,0.0,0.0,0.0,0,0,0,0,,none,0.0,0,0.0,0,0.0,open_public_evidence,0.0,native_overlay
8a2a10721a4ffff,-74.00409648754324,40.73507472974709,10,opendata,labels_only_diagnostics,0.0,0,0.0,0.0,0.0,0,0,0,0,,none,0.0,0,0.0,0,0.0,open_public_evidence,0.0,native_overlay
8a2a10721a57fff,-74.00598823238724,40.73653378521554,10,opendata,labels_only_diagnostics,0.0,0,0.0,0.0,0.0,0,0,0,0,,none,0.0,0,0.0,0,0.0,open_public_evidence,0.0,native_overlay
8a2a10721a5ffff,-74.00563806730766,40.73541041735053,10,opendata,labels_only_diagnostics,0.0,0,0.0,0.0,0.0,0,0,0,0,,none,0.0,0,0.0,0,0.0,open_public_evidence,0.0,native_overlay
8a2a10721a67fff,-74.00325511948205,40.73698577110359,10,opendata,labels_only_diagnostics,0.0,0,0.0,0.0,0.0,0,0,0,0,,none,0.0,0,0.0,0,0.0,open_public_evidence,0.0,native_overlay
8a2a10721a6ffff,-74.00290501714856,40.73586238975016,10,opendata,labels_only_diagnostics,0.0,0,0.0,0.0,0.0,0,0,0,0,,none,0.0,0,0.0,0,0.0,open_public_evidence,0.0,native_overlay
8a2a10721a77fff,-74.00479675495755,40.73732147896618,10,opendata,labels_only_diagnostics,0.0,1,0.0,0.0,0.0,1,1,0,0,,complaint,0.0,1,1.0,1,1.0,open_public_evidence,1.0,native_overlay
8a2a10721a87fff,-74.01096353565097,40.73866412341445,10,opendata,labels_only_diagnostics,0.0,0,0.0,0.0,0.0,0,0,0,0,,none,0.0,0,0.0,0,0.0,open_public_evidence,0.0,native_overlay
8a2a10721a8ffff,-74.01061323432947,40.73754073816916,10,opendata,labels_only_diagnostics,0.0,0,0.0,0.03352910818946572,0.005837680843133537,0,0,0,0,,none,0.0,0,0.0,0,0.0,open_public_evidence,0.0,native_overlay
8a2a10721a97fff,-74.01250529051377,40.73899973777067,10,opendata,labels_only_diagnostics,0.0,0,0.0,0.0,0.0,0,0,0,0,,none,0.0,0,0.0,0,0.0,open_public_evidence,0.0,native_overlay
8a2a10721a9ffff,-74.01215494939264,40.73787635175092,10,opendata,labels_only_diagnostics,0.0,0,0.0,0.0,0.0,0,0,0,0,,none,0.0,0,0.0,0,0.0,open_public_evidence,0.0,native_overlay
8a2a10721aa7fff,-74.00977208303686,40.73945188987147,10,opendata,labels_only_diagnostics,0.2700558571470504,1,0.2700558571470504,0.0905745398097766,0.1794813173372812,1,1,0,0,,dep+complaint,0.2700558571470504,1,1.0,1,1.0,open_public_evidence,1.0,native_overlay
8a2a10721aaffff,-74.00942180466225,40.73832849035484,10,opendata,labels_only_diagnostics,0.30276309789359895,0,0.30276309789359895,0.18127373686496068,0.12148936102863113,0,0,0,0,,dep,0.30276309789359895,1,1.0,1,1.0,open_public_evidence,1.0,native_overlay
8a2a10721ab7fff,-74.01131385382646,40.7397875237062,10,opendata,labels_only_diagnostics,0.0,0,0.0,0.0,0.0,0,0,0,0,,none,0.0,0,0.0,0,0.0,open_public_evidence,0.0,native_overlay
8a2a10721ac7fff,-74.00872129846812,40.73608173646356,10,opendata,labels_only_diagnostics,0.0005208486982810618,0,0.0005208486982810618,0.0005208486982810618,0.0,0,0,0,0,,dep,0.0005208486982810618,1,1.0,1,1.0,open_public_evidence,1.0,native_overlay
8a2a10721acffff,-74.0083710706462,40.73495838209026,10,opendata,labels_only_diagnostics,0.0,0,0.0,0.0,0.0,0,0,0,0,,none,0.0,0,0.0,0,0.0,open_public_evidence,0.0,native_overlay
8a2a10721ad7fff,-74.01026294986082,40.73641736797099,10,opendata,labels_only_diagnostics,0.028021187665915985,0,0.028021187665915985,0.028021187665915985,0.0,0,0,0,0,,dep,0.028021187665915985,1,1.0,1,1.0,open_public_evidence,1.0,native_overlay
8a2a10721adffff,-74.00991268224378,40.735294012820624,10,opendata,labels_only_diagnostics,0.17778508987899588,0,0.17778508987899588,0.0944037079776392,0.08338138190135705,0,0,0,0,,dep,0.17778508987899588,1,1.0,1,1.0,open_public_evidence,1.0,native_overlay
8a2a10721ae7fff,-74.00752987582511,40.73686945490041,10,opendata,labels_only_diagnostics,0.0,0,0.0,0.0,0.0,0,0,0,0,,none,0.0,0,0.0,0,0.0,open_public_evidence,0.0,native_overlay
8a2a10721aeffff,-74.00717967094984,40.73574608625638,10,opendata,labels_only_diagnostics,0.0,0,0.0,0.0,0.0,0,0,0,0,,none,0.0,0,0.0,0,0.0,open_public_evidence,0.0,native_overlay
8a2a10721af7fff,-74.00907154313974,40.7372051058853,10,opendata,labels_only_diagnostics,0.0,0,0.0,0.07577506751411996,0.013290686242545284,0,0,0,0,,none,0.0,0,0.0,0,0.0,open_public_evidence,0.0,native_overlay
8a2a10721b07fff,-74.00465569727153,40.74147944700771,10,opendata,labels_only_diagnostics,0.05999637958291925,0,0.05999637958291925,0.05999637958291925,0.0,0,0,0,0,,dep,0.05999637958291925,1,1.0,1,1.0,open_public_evidence,1.0,native_overlay
8a2a10721b0ffff,-74.00430552755344,40.74035600545951,10,opendata,labels_only_diagnostics,0.1597283643587303,0,0.1597283643587303,0.14381413795274126,0.015914226405989062,0,0,0,0,,dep,0.1597283643587303,1,1.0,1,1.0,open_public_evidence,1.0,native_overlay
8a2a10721b17fff,-74.00619749195128,40.741815157987624,10,opendata,labels_only_diagnostics,0.10070268145500974,0,0.10070268145500974,0.08111793671418058,0.01958474474083069,0,0,0,0,,dep,0.10070268145500974,1,1.0,1,1.0,open_public_evidence,1.0,native_overlay
8a2a10721b1ffff,-74.00584728242924,40.74069171566108,10,opendata,labels_only_diagnostics,0.020115956571676353,0,0.020115956571676353,0.020115956571676353,0.0,0,0,0,0,,dep,0.020115956571676353,1,1.0,1,1.0,open_public_evidence,1.0,native_overlay
8a2a10721b27fff,-74.00346407323903,40.74226717314071,10,opendata,labels_only_diagnostics,0.0,0,0.0,0.0,0.0,0,0,0,0,,none,0.0,0,0.0,0,0.0,open_public_evidence,0.0,native_overlay
8a2a10721b2ffff,-74.00311392647701,40.741143717324526,10,opendata,labels_only_diagnostics,0.0,0,0.0,0.0,0.0,0,0,0,0,,none,0.0,0,0.0,0,0.0,open_public_evidence,0.0,native_overlay
8a2a10721b37fff,-74.00500588383872,40.74260290360287,10,opendata,labels_only_diagnostics,0.0,1,0.0,0.0,0.0,1,1,0,0,,complaint,0.0,1,1.0,1,1.0,open_public_evidence,1.0,native_overlay
8a2a10721b47fff,-74.00241368349339,40.73889685083574,10,opendata,labels_only_diagnostics,0.0,0,0.0,0.0,0.0,0,0,0,0,,none,0.0,0,0.0,0,0.0,open_public_evidence,0.0,native_overlay
8a2a10721b4ffff,-74.00206358726939,40.73777344016451,10,opendata,labels_only_diagnostics,0.0,0,0.0,0.0,0.0,0,0,0,0,,none,0.0,0,0.0,0,0.0,open_public_evidence,0.0,native_overlay
8a2a10721b57fff,-74.0039553746833,40.73923257895897,10,opendata,labels_only_diagnostics,0.0,0,0.0,0.0,0.0,0,0,0,0,,none,0.0,0,0.0,0,0.0,open_public_evidence,0.0,native_overlay
8a2a10721b5ffff,-74.0036052386599,40.73810916750677,10,opendata,labels_only_diagnostics,0.0,1,0.0,0.0,0.0,1,1,0,0,,complaint,0.0,1,1.0,1,1.0,open_public_evidence,1.0,native_overlay
8a2a10721b67fff,-74.00122208945717,40.73968452895153,10,opendata,labels_only_diagnostics,0.0,0,0.0,0.0,0.0,0,0,0,0,,none,0.0,0,0.0,0,0.0,open_public_evidence,0.0,native_overlay
8a2a10721b6ffff,-74.000872016189,40.738561104012895,10,opendata,labels_only_diagnostics,0.0,1,0.0,0.0,0.0,1,1,0,0,,complaint,0.0,1,1.0,1,1.0,open_public_evidence,1.0,native_overlay
8a2a10721b77fff,-74.00276379656219,40.74002027655599,10,opendata,labels_only_diagnostics,0.1099468400867029,0,0.1099468400867029,0.1099468400867029,0.0,0,0,0,0,,dep,0.1099468400867029,1,1.0,1,1.0,open_public_evidence,1.0,native_overlay
8a2a10721b87fff,-74.00893086382774,40.74136307995401,10,opendata,labels_only_diagnostics,0.0,0,0.0,0.0,0.0,0,0,0,0,,none,0.0,0,0.0,0,0.0,open_public_evidence,0.0,native_overlay
8a2a10721b8ffff,-74.00858059154946,40.74023965112037,10,opendata,labels_only_diagnostics,0.0,0,0.0,0.0,0.0,0,0,0,0,,none,0.0,0,0.0,0,0.0,open_public_evidence,0.0,native_overlay
8a2a10721b97fff,-74.0104726903471,40.74169873404322,10,opendata,labels_only_diagnostics,0.0,0,0.0,0.0,0.0,0,0,0,0,,none,0.0,0,0.0,0,0.0,open_public_evidence,0.0,native_overlay
8a2a10721b9ffff,-74.01012237826474,40.74057530443448,10,opendata,labels_only_diagnostics,0.0,0,0.0,0.0,0.0,0,0,0,0,,none,0.0,0,0.0,0,0.0,open_public_evidence,0.0,native_overlay
8a2a10721ba7fff,-74.00773931051457,40.74215085026319,10,opendata,labels_only_diagnostics,0.0,0,0.0,0.0,0.0,0,0,0,0,,none,0.0,0,0.0,0,0.0,open_public_evidence,0.0,native_overlay
8a2a10721baffff,-74.0073890611879,40.7410274071596,10,opendata,labels_only_diagnostics,0.0,0,0.0,0.0,0.0,0,0,0,0,,none,0.0,0,0.0,0,0.0,open_public_evidence,0.0,native_overlay
8a2a10721bb7fff,-74.00928115295974,40.742486523833314,10,opendata,labels_only_diagnostics,0.0,1,0.0,0.0,0.0,1,1,0,0,,complaint,0.0,1,1.0,1,1.0,open_public_evidence,1.0,native_overlay
8a2a10721c07fff,-74.01993498964615,40.74899411680954,10,opendata,labels_only_diagnostics,0.0,0,0.0,0.0,0.0,0,0,0,0,,none,0.0,0,0.0,0,0.0,open_public_evidence,0.0,native_overlay
8a2a10721c0ffff,-74.01958439419471,40.74787060814313,10,opendata,labels_only_diagnostics,0.0,0,0.0,0.0,0.0,0,0,0,0,,none,0.0,0,0.0,0,0.0,open_public_evidence,0.0,native_overlay
8a2a10721c27fff,-74.01874341719162,40.74978207536935,10,opendata,labels_only_diagnostics,0.0,0,0.0,0.0,0.0,0,0,0,0,,none,0.0,0,0.0,0,0.0,open_public_evidence,0.0,native_overlay
8a2a10721c2ffff,-74.01839284468801,40.74865855242929,10,opendata,labels_only_diagnostics,0.0,0,0.0,0.0,0.0,0,0,0,0,,none,0.0,0,0.0,0,0.0,open_public_evidence,0.0,native_overlay
8a2a10721c47fff,-74.01769175028757,40.746411551666675,10,opendata,labels_only_diagnostics,0.0,0,0.0,0.0,0.0,0,0,0,0,,none,0.0,0,0.0,0,0.0,open_public_evidence,0.0,native_overlay
8a2a10721c4ffff,-74.01734122838836,40.7452880738455,10,opendata,labels_only_diagnostics,0.0,0,0.0,0.0,0.0,0,0,0,0,,none,0.0,0,0.0,0,0.0,open_public_evidence,0.0,native_overlay
8a2a10721c57fff,-74.01923381561336,40.7467471145157,10,opendata,labels_only_diagnostics,0.0,0,0.0,0.0,0.0,0,0,0,0,,none,0.0,0,0.0,0,0.0,open_public_evidence,0.0,native_overlay
8a2a10721c5ffff,-74.01888325390088,40.74562363592791,10,opendata,labels_only_diagnostics,0.0,0,0.0,0.0,0.0,0,0,0,0,,none,0.0,0,0.0,0,0.0,open_public_evidence,0.0,native_overlay
8a2a10721c67fff,-74.01650020778655,40.747199462197436,10,opendata,labels_only_diagnostics,0.0,0,0.0,0.0,0.0,0,0,0,0,,none,0.0,0,0.0,0,0.0,open_public_evidence,0.0,native_overlay
8a2a10721c6ffff,-74.01614970883493,40.7460759701032,10,opendata,labels_only_diagnostics,0.0,0,0.0,0.0,0.0,0,0,0,0,,none,0.0,0,0.0,0,0.0,open_public_evidence,0.0,native_overlay
8a2a10721c77fff,-74.0180422890537,40.74753504452815,10,opendata,labels_only_diagnostics,0.0,0,0.0,0.0,0.0,0,0,0,0,,none,0.0,0,0.0,0,0.0,open_public_evidence,0.0,native_overlay
8a2a10721d07fff,-74.01790237226705,40.75169358097044,10,opendata,labels_only_diagnostics,0.0,0,0.0,0.0,0.0,0,0,0,0,,none,0.0,0,0.0,0,0.0,open_public_evidence,0.0,native_overlay
8a2a10721d0ffff,-74.01755180584342,40.750570028719174,10,opendata,labels_only_diagnostics,0.0,0,0.0,0.0,0.0,0,0,0,0,,none,0.0,0,0.0,0,0.0,open_public_evidence,0.0,native_overlay
8a2a10721d17fff,-74.01944461281164,40.752029166363556,10,opendata,labels_only_diagnostics,0.0,0,0.0,0.0,0.0,0,0,0,0,,none,0.0,0,0.0,0,0.0,open_public_evidence,0.0,native_overlay
8a2a10721d1ffff,-74.01909400656578,40.75090561334766,10,opendata,labels_only_diagnostics,0.0,0,0.0,0.0,0.0,0,0,0,0,,none,0.0,0,0.0,0,0.0,open_public_evidence,0.0,native_overlay
8a2a10721d27fff,-74.0167106990718,40.75248154338099,10,opendata,labels_only_diagnostics,0.0,0,0.0,0.0,0.0,0,0,0,0,,none,0.0,0,0.0,0,0.0,open_public_evidence,0.0,native_overlay
8a2a10721d2ffff,-74.01636015560071,40.75135797685743,10,opendata,labels_only_diagnostics,0.0,0,0.0,0.0,0.0,0,0,0,0,,none,0.0,0,0.0,0,0.0,open_public_evidence,0.0,native_overlay
8a2a10721d37fff,-74.01825295556162,40.75281714825923,10,opendata,labels_only_diagnostics,0.0,0,0.0,0.0,0.0,0,0,0,0,,none,0.0,0,0.0,0,0.0,open_public_evidence,0.0,native_overlay
8a2a10721d47fff,-74.01565911926448,40.74911088892559,10,opendata,labels_only_diagnostics,0.0,0,0.0,0.0,0.0,0,0,0,0,,none,0.0,0,0.0,0,0.0,open_public_evidence,0.0,native_overlay
8a2a10721d4ffff,-74.01530862639697,40.74798736751869,10,opendata,labels_only_diagnostics,0.0,0,0.0,0.0,0.0,0,0,0,0,,none,0.0,0,0.0,0,0.0,open_public_evidence,0.0,native_overlay
8a2a10721d57fff,-74.01720125628961,40.74944649150611,10,opendata,labels_only_diagnostics,0.0,0,0.0,0.0,0.0,0,0,0,0,,none,0.0,0,0.0,0,0.0,open_public_evidence,0.0,native_overlay
8a2a10721d5ffff,-74.01685072360438,40.74832296933198,10,opendata,labels_only_diagnostics,0.0,0,0.0,0.0,0.0,0,0,0,0,,none,0.0,0,0.0,0,0.0,open_public_evidence,0.0,native_overlay
8a2a10721d67fff,-74.01446747603316,40.74989880330746,10,opendata,labels_only_diagnostics,0.0,0,0.0,0.0,0.0,0,0,0,0,,none,0.0,0,0.0,0,0.0,open_public_evidence,0.0,native_overlay
8a2a10721d6ffff,-74.01411700611794,40.748775267628865,10,opendata,labels_only_diagnostics,0.0,0,0.0,0.0,0.0,0,0,0,0,,none,0.0,0,0.0,0,0.0,open_public_evidence,0.0,native_overlay
8a2a10721d77fff,-74.01600962899866,40.75023442537208,10,opendata,labels_only_diagnostics,0.0,0,0.0,0.0,0.0,0,0,0,0,,none,0.0,0,0.0,0,0.0,open_public_evidence,0.0,native_overlay
8a2a1072500ffff,-74.00289916164056,40.758901353535265,10,opendata,labels_only_diagnostics,0.0,0,0.0,0.0,0.0,0,0,0,0,,none,0.0,0,0.0,0,0.0,open_public_evidence,0.0,native_overlay
8a2a1072501ffff,-74.00444151378191,40.75923717126279,10,opendata,labels_only_diagnostics,0.0,0,0.0,0.0,0.0,0,0,0,0,,none,0.0,0,0.0,0,0.0,open_public_evidence,0.0,native_overlay
8a2a1072502ffff,-74.00170706757098,40.759689224749444,10,opendata,labels_only_diagnostics,0.0,0,0.0,0.0,0.0,0,0,0,0,,none,0.0,0,0.0,0,0.0,open_public_evidence,0.0,native_overlay
8a2a10725047fff,-74.00100661609572,40.757441824465054,10,opendata,labels_only_diagnostics,0.0,1,0.0,0.0,0.0,1,1,0,0,,complaint,0.0,1,1.0,1,1.0,open_public_evidence,1.0,native_overlay
8a2a1072504ffff,-74.00065641564358,40.756318146882336,10,opendata,labels_only_diagnostics,0.0,0,0.0,0.0,0.0,0,0,0,0,,none,0.0,0,0.0,0,0.0,open_public_evidence,0.0,native_overlay
8a2a10725057fff,-74.00254890449914,40.7577776601377,10,opendata,labels_only_diagnostics,0.0,0,0.0,0.0,0.0,0,0,0,0,,none,0.0,0,0.0,0,0.0,open_public_evidence,0.0,native_overlay
8a2a1072505ffff,-74.00219866421624,40.75665398177933,10,opendata,labels_only_diagnostics,0.0,0,0.0,0.0,0.0,0,0,0,0,,none,0.0,0,0.0,0,0.0,open_public_evidence,0.0,native_overlay
8a2a10725067fff,-73.99981452907531,40.75822966192102,10,opendata,labels_only_diagnostics,0.0,0,0.0,0.0,0.0,0,0,0,0,,none,0.0,0,0.0,0,0.0,open_public_evidence,0.0,native_overlay
8a2a1072506ffff,-73.99946435159856,40.757105970074704,10,opendata,labels_only_diagnostics,0.0,0,0.0,0.0,0.0,0,0,0,0,,none,0.0,0,0.0,0,0.0,open_public_evidence,0.0,native_overlay
8a2a10725077fff,-74.00135683340447,40.75856551708765,10,opendata,labels_only_diagnostics,0.0,0,0.0,0.0,0.0,0,0,0,0,,none,0.0,0,0.0,0,0.0,open_public_evidence,0.0,native_overlay
8a2a10725087fff,-74.0075262897737,40.759908750553265,10,opendata,labels_only_diagnostics,0.0,0,0.0,0.0,0.0,0,0,0,0,,none,0.0,0,0.0,0,0.0,open_public_evidence,0.0,native_overlay
8a2a1072508ffff,-74.00717591313011,40.75878505483861,10,opendata,labels_only_diagnostics,0.0,0,0.0,0.0,0.0,0,0,0,0,,none,0.0,0,0.0,0,0.0,open_public_evidence,0.0,native_overlay
8a2a1072509ffff,-74.00871829714175,40.759120815629686,10,opendata,labels_only_diagnostics,0.0,0,0.0,0.0,0.0,0,0,0,0,,none,0.0,0,0.0,0,0.0,open_public_evidence,0.0,native_overlay
8a2a107250affff,-74.00598388982685,40.75957297026914,10,opendata,labels_only_diagnostics,0.0,0,0.0,0.0,0.0,0,0,0,0,,none,0.0,0,0.0,0,0.0,open_public_evidence,0.0,native_overlay
8a2a107250c7fff,-74.00528323307155,40.757325595419836,10,opendata,labels_only_diagnostics,0.0,0,0.0,0.0,0.0,0,0,0,0,,none,0.0,0,0.0,0,0.0,open_public_evidence,0.0,native_overlay
8a2a107250cffff,-74.00493292998628,40.75620193055275,10,opendata,labels_only_diagnostics,0.0,0,0.0,0.0,0.0,0,0,0,0,,none,0.0,0,0.0,0,0.0,open_public_evidence,0.0,native_overlay
8a2a107250d7fff,-74.00682555335085,40.75766137416119,10,opendata,labels_only_diagnostics,0.0,0,0.0,0.0,0.0,0,0,0,0,,none,0.0,0,0.0,0,0.0,open_public_evidence,0.0,native_overlay
8a2a107250dffff,-74.0064752104347,40.75653770852171,10,opendata,labels_only_diagnostics,0.0,0,0.0,0.0,0.0,0,0,0,0,,none,0.0,0,0.0,0,0.0,open_public_evidence,0.0,native_overlay
8a2a107250e7fff,-74.00409121680713,40.75811347709154,10,opendata,labels_only_diagnostics,0.0,0,0.0,0.0,0.0,0,0,0,0,,none,0.0,0,0.0,0,0.0,open_public_evidence,0.0,native_overlay
8a2a107250effff,-74.0037409366928,40.75698979795886,10,opendata,labels_only_diagnostics,0.0,0,0.0,0.0,0.0,0,0,0,0,,none,0.0,0,0.0,0,0.0,open_public_evidence,0.0,native_overlay
8a2a107250f7fff,-74.00563355301801,40.75844927532554,10,opendata,labels_only_diagnostics,0.0,0,0.0,0.0,0.0,0,0,0,0,,none,0.0,0,0.0,0,0.0,open_public_evidence,0.0,native_overlay
8a2a1072514ffff,-73.9986224031541,40.759017494145695,10,opendata,labels_only_diagnostics,0.0,0,0.0,0.0,0.0,0,0,0,0,,none,0.0,0,0.0,0,0.0,open_public_evidence,0.0,native_overlay
8a2a1072515ffff,-74.00016472340788,40.759353368807204,10,opendata,labels_only_diagnostics,0.0,0,0.0,0.0,0.0,0,0,0,0,,none,0.0,0,0.0,0,0.0,open_public_evidence,0.0,native_overlay
8a2a1072516ffff,-73.99743023833122,40.75980532113753,10,opendata,labels_only_diagnostics,0.3304958198588741,0,0.3304958198588741,0.24596299356227433,0.08453282629658765,0,0,0,0,,dep,0.3304958198588741,1,1.0,1,1.0,open_public_evidence,1.0,native_overlay
8a2a10725207fff,-74.00079787164594,40.75215941875203,10,opendata,labels_only_diagnostics,0.1275262926474382,0,0.1275262926474382,0.10147640058617033,0.02604989206127761,0,0,0,0,,dep,0.1275262926474382,1,1.0,1,1.0,open_public_evidence,1.0,native_overlay
8a2a1072520ffff,-74.00044771563775,40.75103581560016,10,opendata,labels_only_diagnostics,0.0,0,0.0,0.0,0.0,0,0,0,0,,none,0.0,0,0.0,0,0.0,open_public_evidence,0.0,native_overlay
8a2a10725217fff,-74.00233998481608,40.752495231827645,10,opendata,labels_only_diagnostics,0.28118602137259846,0,0.28118602137259846,0.0704674426456641,0.21071857872691993,0,0,0,0,,dep,0.28118602137259846,1,1.0,1,1.0,open_public_evidence,1.0,native_overlay
8a2a1072521ffff,-74.00198978898611,40.75137162789817,10,opendata,labels_only_diagnostics,0.28051990110610425,0,0.28051990110610425,0.26360085208184797,0.016919049024256314,0,0,0,0,,dep,0.28051990110610425,1,1.0,1,1.0,open_public_evidence,1.0,native_overlay
8a2a10725227fff,-73.99960591541469,40.752947204380405,10,opendata,labels_only_diagnostics,0.0,0,0.0,0.0,0.0,0,0,0,0,,none,0.0,0,0.0,0,0.0,open_public_evidence,0.0,native_overlay
8a2a1072522ffff,-73.99925578237696,40.751823586964136,10,opendata,labels_only_diagnostics,0.0,0,0.0,0.0,0.0,0,0,0,0,,none,0.0,0,0.0,0,0.0,open_public_evidence,0.0,native_overlay
8a2a10725237fff,-74.00114804450669,40.75328303694657,10,opendata,labels_only_diagnostics,0.0,0,0.0,0.0,0.0,0,0,0,0,,none,0.0,0,0.0,0,0.0,open_public_evidence,0.0,native_overlay
8a2a10725247fff,-73.99855556685219,40.74957639726228,10,opendata,labels_only_diagnostics,0.0,0,0.0,0.0,0.0,0,0,0,0,,none,0.0,0,0.0,0,0.0,open_public_evidence,0.0,native_overlay
8a2a1072524ffff,-73.99820548436277,40.74845282497808,10,opendata,labels_only_diagnostics,0.0,0,0.0,0.0,0.0,0,0,0,0,,none,0.0,0,0.0,0,0.0,open_public_evidence,0.0,native_overlay
8a2a10725257fff,-74.00009757648093,40.74991222749167,10,opendata,labels_only_diagnostics,0.0,0,0.0,0.0,0.0,0,0,0,0,,none,0.0,0,0.0,0,0.0,open_public_evidence,0.0,native_overlay
8a2a1072525ffff,-73.99974745417427,40.74878865442722,10,opendata,labels_only_diagnostics,0.0,0,0.0,0.0,0.0,0,0,0,0,,none,0.0,0,0.0,0,0.0,open_public_evidence,0.0,native_overlay
8a2a10725267fff,-73.99736364064411,40.750364134872335,10,opendata,labels_only_diagnostics,0.0,0,0.0,0.0,0.0,0,0,0,0,,none,0.0,0,0.0,0,0.0,open_public_evidence,0.0,native_overlay
8a2a1072526ffff,-73.99701358112492,40.74924054832431,10,opendata,labels_only_diagnostics,0.0,0,0.0,0.0,0.0,0,0,0,0,,none,0.0,0,0.0,0,0.0,open_public_evidence,0.0,native_overlay
8a2a10725277fff,-73.99890566618986,40.75069998459119,10,opendata,labels_only_diagnostics,0.0,0,0.0,0.0,0.0,0,0,0,0,,none,0.0,0,0.0,0,0.0,open_public_evidence,0.0,native_overlay
8a2a10725287fff,-74.00507400737749,40.752043196357015,10,opendata,labels_only_diagnostics,0.18562157098181792,0,0.18562157098181792,0.16006394242973881,0.025557628552098168,0,0,0,0,,dep,0.18562157098181792,1,1.0,1,1.0,open_public_evidence,1.0,native_overlay
8a2a1072528ffff,-74.00472374875909,40.750919605917595,10,opendata,labels_only_diagnostics,0.20921535530982271,0,0.20921535530982271,0.08841666609578071,0.12079868921403916,0,0,0,0,,dep,0.20921535530982271,1,1.0,1,1.0,open_public_evidence,1.0,native_overlay
8a2a10725297fff,-74.00661615241717,40.75237895251572,10,opendata,labels_only_diagnostics,0.1782721505690947,0,0.1782721505690947,0.10787718910880803,0.07039496146031758,0,0,0,0,,dep,0.1782721505690947,1,1.0,1,1.0,open_public_evidence,1.0,native_overlay
8a2a1072529ffff,-74.00626585397686,40.75125536130193,10,opendata,labels_only_diagnostics,0.1284864308679336,1,0.1284864308679336,0.11530660579867862,0.013179825069241936,1,1,0,0,,dep+complaint,0.1284864308679336,1,1.0,1,1.0,open_public_evidence,1.0,native_overlay
8a2a107252a7fff,-74.00388212188567,40.752831026189945,10,opendata,labels_only_diagnostics,0.14276699548047825,1,0.14276699548047825,0.0982867719688146,0.04448022351166365,1,1,0,0,,dep+complaint,0.14276699548047825,1,1.0,1,1.0,open_public_evidence,1.0,native_overlay
8a2a107252affff,-74.00353188623323,40.75170742148415,10,opendata,labels_only_diagnostics,0.15133977416418726,0,0.15133977416418726,0.12545438901829015,0.02588538514590151,0,0,0,0,,dep,0.15133977416418726,1,1.0,1,1.0,open_public_evidence,1.0,native_overlay
8a2a107252b7fff,-74.00542428285306,40.753166801837835,10,opendata,labels_only_diagnostics,0.018541560947539625,0,0.018541560947539625,0.018541560947539625,0.0,0,0,0,0,,dep,0.018541560947539625,1,1.0,1,1.0,open_public_evidence,1.0,native_overlay
8a2a107252c7fff,-74.00283146549289,40.749460257199395,10,opendata,labels_only_diagnostics,0.0,0,0.0,0.0,0.0,0,0,0,0,,none,0.0,0,0.0,0,0.0,open_public_evidence,0.0,native_overlay
8a2a107252cffff,-74.00248128040259,40.74833669762181,10,opendata,labels_only_diagnostics,0.0,0,0.0,0.0,0.0,0,0,0,0,,none,0.0,0,0.0,0,0.0,open_public_evidence,0.0,native_overlay
8a2a107252d7fff,-74.00437350699664,40.74979603052026,10,opendata,labels_only_diagnostics,0.08880294087998812,0,0.08880294087998812,0.06995803088554248,0.018844909994451358,0,0,0,0,,dep,0.08880294087998812,1,1.0,1,1.0,open_public_evidence,1.0,native_overlay
8a2a107252dffff,-74.00402328208898,40.74867247016568,10,opendata,labels_only_diagnostics,0.011775776123267915,2,0.011775776123267915,0.011775776123267915,0.0,2,1,0,0,,dep+complaint,0.011775776123267915,1,1.0,1,1.0,open_public_evidence,1.0,native_overlay
8a2a107252e7fff,-74.00163961000943,40.750248039011396,10,opendata,labels_only_diagnostics,0.0,0,0.0,0.0,0.0,0,0,0,0,,none,0.0,0,0.0,0,0.0,open_public_evidence,0.0,native_overlay
8a2a107252effff,-74.00128944788489,40.749124465168016,10,opendata,labels_only_diagnostics,0.0,0,0.0,0.0,0.0,0,0,0,0,,none,0.0,0,0.0,0,0.0,open_public_evidence,0.0,native_overlay
8a2a107252f7fff,-74.00318166743605,40.750583831820386,10,opendata,labels_only_diagnostics,0.0,0,0.0,0.0,0.0,0,0,0,0,,none,0.0,0,0.0,0,0.0,open_public_evidence,0.0,native_overlay
8a2a10725307fff,-73.99876404720786,40.75485863150437,10,opendata,labels_only_diagnostics,0.0,0,0.0,0.0,0.0,0,0,0,0,,none,0.0,0,0.0,0,0.0,open_public_evidence,0.0,native_overlay
8a2a1072530ffff,-73.9984139202915,40.75373498478175,10,opendata,labels_only_diagnostics,0.0,0,0.0,0.0,0.0,0,0,0,0,,none,0.0,0,0.0,0,0.0,open_public_evidence,0.0,native_overlay
8a2a10725317fff,-74.00030623204681,40.7551944843402,10,opendata,labels_only_diagnostics,0.0,0,0.0,0.0,0.0,0,0,0,0,,none,0.0,0,0.0,0,0.0,open_public_evidence,0.0,native_overlay
8a2a1072531ffff,-73.99995606530425,40.75407083683932,10,opendata,labels_only_diagnostics,0.0,0,0.0,0.0,0.0,0,0,0,0,,none,0.0,0,0.0,0,0.0,open_public_evidence,0.0,native_overlay
8a2a10725327fff,-73.99757199021663,40.75564642094016,10,opendata,labels_only_diagnostics,0.0,0,0.0,0.0,0.0,0,0,0,0,,none,0.0,0,0.0,0,0.0,open_public_evidence,0.0,native_overlay
8a2a1072532ffff,-73.99722188627545,40.75452275995451,10,opendata,labels_only_diagnostics,0.0,0,0.0,0.0,0.0,0,0,0,0,,none,0.0,0,0.0,0,0.0,open_public_evidence,0.0,native_overlay
8a2a10725337fff,-73.99911419097648,40.75598229326892,10,opendata,labels_only_diagnostics,0.0,0,0.0,0.0,0.0,0,0,0,0,,none,0.0,0,0.0,0,0.0,open_public_evidence,0.0,native_overlay
8a2a10725347fff,-73.99652172894291,40.75227548311166,10,opendata,labels_only_diagnostics,0.0,0,0.0,0.0,0.0,0,0,0,0,,none,0.0,0,0.0,0,0.0,open_public_evidence,0.0,native_overlay
8a2a1072534ffff,-73.99617167554915,40.75115186725584,10,opendata,labels_only_diagnostics,0.0,0,0.0,0.0,0.0,0,0,0,0,,none,0.0,0,0.0,0,0.0,open_public_evidence,0.0,native_overlay
8a2a10725357fff,-73.99806381022621,40.752611353101734,10,opendata,labels_only_diagnostics,0.0,0,0.0,0.0,0.0,0,0,0,0,,none,0.0,0,0.0,0,0.0,open_public_evidence,0.0,native_overlay
8a2a1072535ffff,-73.99771371701081,40.751487736465045,10,opendata,labels_only_diagnostics,0.0,0,0.0,0.0,0.0,0,0,0,0,,none,0.0,0,0.0,0,0.0,open_public_evidence,0.0,native_overlay
8a2a10725367fff,-73.99532970198528,40.7530632245295,10,opendata,labels_only_diagnostics,0.0,0,0.0,0.0,0.0,0,0,0,0,,none,0.0,0,0.0,0,0.0,open_public_evidence,0.0,native_overlay
8a2a1072536ffff,-73.99497967156648,40.751939594411226,10,opendata,labels_only_diagnostics,0.0,0,0.0,0.0,0.0,0,0,0,0,,none,0.0,0,0.0,0,0.0,open_public_evidence,0.0,native_overlay
8a2a10725377fff,-73.99687179918462,40.753399114011444,10,opendata,labels_only_diagnostics,0.0,3,0.0,0.0,0.0,3,1,0,0,,complaint,0.0,1,1.0,1,1.0,open_public_evidence,1.0,native_overlay
8a2a10725387fff,-74.00304042704067,40.754742484811985,10,opendata,labels_only_diagnostics,0.0,0,0.0,0.0,0.0,0,0,0,0,,none,0.0,0,0.0,0,0.0,open_public_evidence,0.0,native_overlay
8a2a1072538ffff,-74.00269019750054,40.75361885079915,10,opendata,labels_only_diagnostics,0.00036918736407603575,0,0.00036918736407603575,0.0,0.00036918736407603575,0,0,0,0,,dep,0.00036918736407603575,1,1.0,1,1.0,open_public_evidence,1.0,native_overlay
8a2a10725397fff,-74.004582643761,40.75507828072493,10,opendata,labels_only_diagnostics,0.0,0,0.0,0.0,0.0,0,0,0,0,,none,0.0,0,0.0,0,0.0,open_public_evidence,0.0,native_overlay
8a2a1072539ffff,-74.00423237439452,40.75395464593711,10,opendata,labels_only_diagnostics,0.0,0,0.0,0.0,0.0,0,0,0,0,,none,0.0,0,0.0,0,0.0,open_public_evidence,0.0,native_overlay
8a2a107253a7fff,-74.00184844079065,40.75553031846091,10,opendata,labels_only_diagnostics,0.0,0,0.0,0.0,0.0,0,0,0,0,,none,0.0,0,0.0,0,0.0,open_public_evidence,0.0,native_overlay
8a2a107253affff,-74.0014982342212,40.75440667018309,10,opendata,labels_only_diagnostics,0.0,0,0.0,0.0,0.0,0,0,0,0,,none,0.0,0,0.0,0,0.0,open_public_evidence,0.0,native_overlay
8a2a107253b7fff,-74.0033906734377,40.755866133865446,10,opendata,labels_only_diagnostics,0.0,0,0.0,0.0,0.0,0,0,0,0,,none,0.0,0,0.0,0,0.0,open_public_evidence,0.0,native_overlay
8a2a10725447fff,-74.01180313685693,40.759792281041555,10,opendata,labels_only_diagnostics,0.0,0,0.0,0.0,0.0,0,0,0,0,,none,0.0,0,0.0,0,0.0,open_public_evidence,0.0,native_overlay
8a2a1072544ffff,-74.01145265757512,40.75866859805681,10,opendata,labels_only_diagnostics,0.0,0,0.0,0.0,0.0,0,0,0,0,,none,0.0,0,0.0,0,0.0,open_public_evidence,0.0,native_overlay
8a2a1072545ffff,-74.01299507343975,40.75900430190897,10,opendata,labels_only_diagnostics,0.0,0,0.0,0.0,0.0,0,0,0,0,,none,0.0,0,0.0,0,0.0,open_public_evidence,0.0,native_overlay
8a2a1072546ffff,-74.01026070505125,40.75945655769769,10,opendata,labels_only_diagnostics,0.0,0,0.0,0.0,0.0,0,0,0,0,,none,0.0,0,0.0,0,0.0,open_public_evidence,0.0,native_overlay
8a2a107254c7fff,-74.01607997684371,40.75967565343729,10,opendata,labels_only_diagnostics,0.0,0,0.0,0.0,0.0,0,0,0,0,,none,0.0,0,0.0,0,0.0,open_public_evidence,0.0,native_overlay
8a2a107254cffff,-74.01572939492794,40.75855198319092,10,opendata,labels_only_diagnostics,0.0,0,0.0,0.0,0.0,0,0,0,0,,none,0.0,0,0.0,0,0.0,open_public_evidence,0.0,native_overlay
8a2a107254dffff,-74.01727184262826,40.75888763010172,10,opendata,labels_only_diagnostics,0.0,0,0.0,0.0,0.0,0,0,0,0,,none,0.0,0,0.0,0,0.0,open_public_evidence,0.0,native_overlay
8a2a107254effff,-74.0145375131965,40.75933998703616,10,opendata,labels_only_diagnostics,0.0,0,0.0,0.0,0.0,0,0,0,0,,none,0.0,0,0.0,0,0.0,open_public_evidence,0.0,native_overlay
8a2a10725607fff,-74.01159316566698,40.75450971726391,10,opendata,labels_only_diagnostics,0.0,0,0.0,0.0,0.0,0,0,0,0,,none,0.0,0,0.0,0,0.0,open_public_evidence,0.0,native_overlay
8a2a1072560ffff,-74.011242730892,40.753386108696084,10,opendata,labels_only_diagnostics,0.0,0,0.0,0.0,0.0,0,0,0,0,,none,0.0,0,0.0,0,0.0,open_public_evidence,0.0,native_overlay
8a2a10725617fff,-74.01313544609816,40.75484539932372,10,opendata,labels_only_diagnostics,0.0,0,0.0,0.0,0.0,0,0,0,0,,none,0.0,0,0.0,0,0.0,open_public_evidence,0.0,native_overlay
8a2a1072561ffff,-74.01278497149657,40.75372178998738,10,opendata,labels_only_diagnostics,0.0,0,0.0,0.0,0.0,0,0,0,0,,none,0.0,0,0.0,0,0.0,open_public_evidence,0.0,native_overlay
8a2a10725627fff,-74.01040132093848,40.7552976393211,10,opendata,labels_only_diagnostics,0.0,0,0.0,0.0,0.0,0,0,0,0,,none,0.0,0,0.0,0,0.0,open_public_evidence,0.0,native_overlay
8a2a1072562ffff,-74.01005090912521,40.75417401648435,10,opendata,labels_only_diagnostics,0.0,0,0.0,0.0,0.0,0,0,0,0,,none,0.0,0,0.0,0,0.0,open_public_evidence,0.0,native_overlay
8a2a10725637fff,-74.01194361730806,40.7556333408698,10,opendata,labels_only_diagnostics,0.0,0,0.0,0.0,0.0,0,0,0,0,,none,0.0,0,0.0,0,0.0,open_public_evidence,0.0,native_overlay
8a2a10725647fff,-74.00935013608994,40.751926815927696,10,opendata,labels_only_diagnostics,0.0,0,0.0,0.0,0.0,0,0,0,0,,none,0.0,0,0.0,0,0.0,open_public_evidence,0.0,native_overlay
8a2a1072564ffff,-74.00899977486554,40.7508032382092,10,opendata,labels_only_diagnostics,0.011229684495003974,0,0.011229684495003974,0.010385054678414668,0.0008446298165899332,0,0,0,0,,dep,0.011229684495003974,1,1.0,1,1.0,open_public_evidence,1.0,native_overlay
8a2a10725657fff,-74.01089231298187,40.75226251516702,10,opendata,labels_only_diagnostics,0.0,0,0.0,0.0,0.0,0,0,0,0,,none,0.0,0,0.0,0,0.0,open_public_evidence,0.0,native_overlay
8a2a1072565ffff,-74.01054191193548,40.75113893667737,10,opendata,labels_only_diagnostics,0.0,0,0.0,0.0,0.0,0,0,0,0,,none,0.0,0,0.0,0,0.0,open_public_evidence,0.0,native_overlay
8a2a10725667fff,-74.00815832135059,40.752714689959184,10,opendata,labels_only_diagnostics,0.07520376880104367,0,0.07520376880104367,0.05320905227596068,0.02199471652507128,0,0,0,0,,dep,0.07520376880104367,1,1.0,1,1.0,open_public_evidence,1.0,native_overlay
8a2a1072566ffff,-74.0078079830877,40.75159109797233,10,opendata,labels_only_diagnostics,0.19851308298884596,0,0.19851308298884596,0.17792091912753727,0.020592163861308584,0,0,0,0,,dep,0.19851308298884596,1,1.0,1,1.0,open_public_evidence,1.0,native_overlay
8a2a10725677fff,-74.0097005141761,40.75305040868633,10,opendata,labels_only_diagnostics,0.0,0,0.0,0.0,0.0,0,0,0,0,,none,0.0,0,0.0,0,0.0,open_public_evidence,0.0,native_overlay
8a2a10725687fff,-74.0158695243652,40.75439309641035,10,opendata,labels_only_diagnostics,0.0,0,0.0,0.0,0.0,0,0,0,0,,none,0.0,0,0.0,0,0.0,open_public_evidence,0.0,native_overlay
8a2a1072568ffff,-74.01551898697915,40.75326950057775,10,opendata,labels_only_diagnostics,0.0,0,0.0,0.0,0.0,0,0,0,0,,none,0.0,0,0.0,0,0.0,open_public_evidence,0.0,native_overlay
8a2a10725697fff,-74.01741183662585,40.754728721539884,10,opendata,labels_only_diagnostics,0.0,0,0.0,0.0,0.0,0,0,0,0,,none,0.0,0,0.0,0,0.0,open_public_evidence,0.0,native_overlay
8a2a1072569ffff,-74.01706125941311,40.75360512494203,10,opendata,labels_only_diagnostics,0.0,0,0.0,0.0,0.0,0,0,0,0,,none,0.0,0,0.0,0,0.0,open_public_evidence,0.0,native_overlay
8a2a107256a7fff,-74.01467775041704,40.755181062662686,10,opendata,labels_only_diagnostics,0.0,0,0.0,0.0,0.0,0,0,0,0,,none,0.0,0,0.0,0,0.0,open_public_evidence,0.0,native_overlay
8a2a107256affff,-74.01432723598822,40.75405745255916,10,opendata,labels_only_diagnostics,0.0,0,0.0,0.0,0.0,0,0,0,0,,none,0.0,0,0.0,0,0.0,open_public_evidence,0.0,native_overlay
8a2a107256b7fff,-74.01622007862196,40.755516707279746,10,opendata,labels_only_diagnostics,0.0,0,0.0,0.0,0.0,0,0,0,0,,none,0.0,0,0.0,0,0.0,open_public_evidence,0.0,native_overlay
8a2a107256c7fff,-74.01362625773565,40.751810277465154,10,opendata,labels_only_diagnostics,0.0,0,0.0,0.0,0.0,0,0,0,0,,none,0.0,0,0.0,0,0.0,open_public_evidence,0.0,native_overlay
8a2a107256cffff,-74.01327579390954,40.75068671247604,10,opendata,labels_only_diagnostics,0.0,0,0.0,0.0,0.0,0,0,0,0,,none,0.0,0,0.0,0,0.0,open_public_evidence,0.0,native_overlay
8a2a107256d7fff,-74.01516846646257,40.7521459197826,10,opendata,labels_only_diagnostics,0.0,0,0.0,0.0,0.0,0,0,0,0,,none,0.0,0,0.0,0,0.0,open_public_evidence,0.0,native_overlay
8a2a107256dffff,-74.0148179628143,40.751022354025615,10,opendata,labels_only_diagnostics,0.0,0,0.0,0.0,0.0,0,0,0,0,,none,0.0,0,0.0,0,0.0,open_public_evidence,0.0,native_overlay
8a2a107256e7fff,-74.01243451376183,40.75259819568917,10,opendata,labels_only_diagnostics,0.0,0,0.0,0.0,0.0,0,0,0,0,,none,0.0,0,0.0,0,0.0,open_public_evidence,0.0,native_overlay
8a2a107256effff,-74.01208407289272,40.75147461642973,10,opendata,labels_only_diagnostics,0.0,0,0.0,0.0,0.0,0,0,0,0,,none,0.0,0,0.0,0,0.0,open_public_evidence,0.0,native_overlay
8a2a107256f7fff,-74.01397673842816,40.75293385749309,10,opendata,labels_only_diagnostics,0.0,0,0.0,0.0,0.0,0,0,0,0,,none,0.0,0,0.0,0,0.0,open_public_evidence,0.0,native_overlay
8a2a10725707fff,-74.00955984302436,40.75720920830043,10,opendata,labels_only_diagnostics,0.0,0,0.0,0.0,0.0,0,0,0,0,,none,0.0,0,0.0,0,0.0,open_public_evidence,0.0,native_overlay
8a2a1072570ffff,-74.0092094373102,40.75608555615742,10,opendata,labels_only_diagnostics,0.0,0,0.0,0.0,0.0,0,0,0,0,,none,0.0,0,0.0,0,0.0,open_public_evidence,0.0,native_overlay
8a2a10725717fff,-74.01110219516224,40.75754493010801,10,opendata,labels_only_diagnostics,0.0,0,0.0,0.0,0.0,0,0,0,0,,none,0.0,0,0.0,0,0.0,open_public_evidence,0.0,native_overlay
8a2a1072571ffff,-74.0107517496171,40.75642127719589,10,opendata,labels_only_diagnostics,0.0,0,0.0,0.0,0.0,0,0,0,0,,none,0.0,0,0.0,0,0.0,open_public_evidence,0.0,native_overlay
8a2a10725727fff,-74.00836789752898,40.75799713418185,10,opendata,labels_only_diagnostics,0.0,0,0.0,0.0,0.0,0,0,0,0,,none,0.0,0,0.0,0,0.0,open_public_evidence,0.0,native_overlay
8a2a1072572ffff,-74.00801751478129,40.7568734677713,10,opendata,labels_only_diagnostics,0.0,0,0.0,0.0,0.0,0,0,0,0,,none,0.0,0,0.0,0,0.0,open_public_evidence,0.0,native_overlay
8a2a10725737fff,-74.00991026560432,40.758332875480754,10,opendata,labels_only_diagnostics,0.0,0,0.0,0.0,0.0,0,0,0,0,,none,0.0,0,0.0,0,0.0,open_public_evidence,0.0,native_overlay
8a2a10725747fff,-74.00731679987628,40.754626180064804,10,opendata,labels_only_diagnostics,0.03456311198802469,1,0.03456311198802469,0.033033364224523507,0.0015297477635021121,1,1,0,0,,dep+complaint,0.03456311198802469,1,1.0,1,1.0,open_public_evidence,1.0,native_overlay
8a2a1072574ffff,-74.00696646771657,40.75350255877024,10,opendata,labels_only_diagnostics,0.5703953965987558,0,0.5703953965987558,0.18534465608421344,0.38505074051452237,0,0,0,0,,dep,0.5703953965987558,1,1.0,1,1.0,open_public_evidence,1.0,native_overlay
8a2a10725757fff,-74.00885904846065,40.75496191905242,10,opendata,labels_only_diagnostics,0.0,0,0.0,0.0,0.0,0,0,0,0,,none,0.0,0,0.0,0,0.0,open_public_evidence,0.0,native_overlay
8a2a1072575ffff,-74.00850867647452,40.75383829698611,10,opendata,labels_only_diagnostics,0.0,0,0.0,0.0,0.0,0,0,0,0,,none,0.0,0,0.0,0,0.0,open_public_evidence,0.0,native_overlay
8a2a10725767fff,-74.00612488438048,40.75541405792087,10,opendata,labels_only_diagnostics,0.0,0,0.0,0.0,0.0,0,0,0,0,,none,0.0,0,0.0,0,0.0,open_public_evidence,0.0,native_overlay
8a2a1072576ffff,-74.005774575187,40.75429042235935,10,opendata,labels_only_diagnostics,0.04642323969608913,0,0.04642323969608913,0.040816836440716375,0.005606403255372759,0,0,0,0,,dep,0.04642323969608913,1,1.0,1,1.0,open_public_evidence,1.0,native_overlay
8a2a10725777fff,-74.00766714889745,40.755749816398705,10,opendata,labels_only_diagnostics,0.0,0,0.0,0.0,0.0,0,0,0,0,,none,0.0,0,0.0,0,0.0,open_public_evidence,0.0,native_overlay
8a2a10725787fff,-74.01383644590653,40.757092663107876,10,opendata,labels_only_diagnostics,0.0,0,0.0,0.0,0.0,0,0,0,0,,none,0.0,0,0.0,0,0.0,open_public_evidence,0.0,native_overlay
8a2a1072578ffff,-74.01348593756772,40.75596902369743,10,opendata,labels_only_diagnostics,0.0,0,0.0,0.0,0.0,0,0,0,0,,none,0.0,0,0.0,0,0.0,open_public_evidence,0.0,native_overlay
8a2a10725797fff,-74.0153788298857,40.75742832797925,10,opendata,labels_only_diagnostics,0.0,0,0.0,0.0,0.0,0,0,0,0,,none,0.0,0,0.0,0,0.0,open_public_evidence,0.0,native_overlay
8a2a1072579ffff,-74.0150282817158,40.756304687802945,10,opendata,labels_only_diagnostics,0.0,0,0.0,0.0,0.0,0,0,0,0,,none,0.0,0,0.0,0,0.0,open_public_evidence,0.0,native_overlay
8a2a107257a7fff,-74.01264457119326,40.757880633193025,10,opendata,labels_only_diagnostics,0.0,0,0.0,0.0,0.0,0,0,0,0,,none,0.0,0,0.0,0,0.0,open_public_evidence,0.0,native_overlay
8a2a107257affff,-74.01229408581644,40.756756979513064,10,opendata,labels_only_diagnostics,0.0,0,0.0,0.0,0.0,0,0,0,0,,none,0.0,0,0.0,0,0.0,open_public_evidence,0.0,native_overlay
8a2a107257b7fff,-74.01418697111572,40.75821631755434,10,opendata,labels_only_diagnostics,0.0,0,0.0,0.0,0.0,0,0,0,0,,none,0.0,0,0.0,0,0.0,open_public_evidence,0.0,native_overlay
8a2a10725a07fff,-73.99245336126556,40.75767380832861,10,opendata,labels_only_diagnostics,0.0,0,0.0,0.0,0.0,0,0,0,0,,none,0.0,0,0.0,0,0.0,open_public_evidence,0.0,native_overlay
8a2a10725a0ffff,-73.99210336609237,40.756550105340104,10,opendata,labels_only_diagnostics,0.0,0,0.0,0.0,0.0,0,0,0,0,,none,0.0,0,0.0,0,0.0,open_public_evidence,0.0,native_overlay
8a2a10725a17fff,-73.99399558586535,40.75800975785641,10,opendata,labels_only_diagnostics,0.0,0,0.0,0.0,0.0,0,0,0,0,,none,0.0,0,0.0,0,0.0,open_public_evidence,0.0,native_overlay
8a2a10725a1ffff,-73.99364555086164,40.756886054085754,10,opendata,labels_only_diagnostics,0.0,0,0.0,0.0,0.0,0,0,0,0,,none,0.0,0,0.0,0,0.0,open_public_evidence,0.0,native_overlay
8a2a10725a27fff,-73.9912611327723,40.75846155733513,10,opendata,labels_only_diagnostics,0.0,0,0.0,0.0,0.0,0,0,0,0,,none,0.0,0,0.0,0,0.0,open_public_evidence,0.0,native_overlay
8a2a10725a2ffff,-73.99091116058348,40.75733784008693,10,opendata,labels_only_diagnostics,0.0,0,0.0,0.0,0.0,0,0,0,0,,none,0.0,0,0.0,0,0.0,open_public_evidence,0.0,native_overlay
8a2a10725a37fff,-73.99280337328614,40.7587975263596,10,opendata,labels_only_diagnostics,0.0,10,0.0,0.0,0.0,10,1,0,0,,complaint,0.0,1,1.0,1,1.0,open_public_evidence,1.0,native_overlay
8a2a10725a47fff,-73.99021126674096,40.755090450720566,10,opendata,labels_only_diagnostics,0.0,0,0.0,0.0,0.0,0,0,0,0,,none,0.0,0,0.0,0,0.0,open_public_evidence,0.0,native_overlay
8a2a10725a4ffff,-73.98986134508486,40.75396677860379,10,opendata,labels_only_diagnostics,0.0,0,0.0,0.0,0.0,0,0,0,0,,none,0.0,0,0.0,0,0.0,open_public_evidence,0.0,native_overlay
8a2a10725a57fff,-73.99175338776534,40.75542641739472,10,opendata,labels_only_diagnostics,0.0,5,0.0,0.0,0.0,5,1,0,0,,complaint,0.0,1,1.0,1,1.0,open_public_evidence,1.0,native_overlay
8a2a10725a5ffff,-73.9914034262833,40.754302744493174,10,opendata,labels_only_diagnostics,0.0,3,0.0,0.0,0.0,3,1,0,0,,complaint,0.0,1,1.0,1,1.0,open_public_evidence,1.0,native_overlay
8a2a10725a67fff,-73.98901906830652,40.75587815171209,10,opendata,labels_only_diagnostics,0.0,0,0.0,0.0,0.0,0,0,0,0,,none,0.0,0,0.0,0,0.0,open_public_evidence,0.0,native_overlay
8a2a10725a6ffff,-73.98866916963458,40.75475446533621,10,opendata,labels_only_diagnostics,0.0,0,0.0,0.0,0.0,0,0,0,0,,none,0.0,0,0.0,0,0.0,open_public_evidence,0.0,native_overlay
8a2a10725a77fff,-73.9905612052401,40.75621413788185,10,opendata,labels_only_diagnostics,0.0,0,0.0,0.0,0.0,0,0,0,0,,none,0.0,0,0.0,0,0.0,open_public_evidence,0.0,native_overlay
8a2a10725a87fff,-73.99672999214452,40.75755789543499,10,opendata,labels_only_diagnostics,0.2166186334235552,0,0.2166186334235552,0.0,0.2166186334235552,0,0,0,0,,dep,0.2166186334235552,1,1.0,1,1.0,open_public_evidence,1.0,native_overlay
8a2a10725a8ffff,-73.99637989432972,40.756434205145155,10,opendata,labels_only_diagnostics,0.08892647941825334,0,0.08892647941825334,0.004217864762332279,0.08470861465592104,0,0,0,0,,dep,0.08892647941825334,1,1.0,1,1.0,open_public_evidence,1.0,native_overlay
8a2a10725a97fff,-73.99827224865476,40.75789378803645,10,opendata,labels_only_diagnostics,0.00018193208173288453,0,0.00018193208173288453,0.0,0.00018193208173288475,0,0,0,0,,dep,0.00018193208173288453,1,1.0,1,1.0,open_public_evidence,1.0,native_overlay
8a2a10725a9ffff,-73.99792211100933,40.7567700969677,10,opendata,labels_only_diagnostics,0.0,0,0.0,0.0,0.0,0,0,0,0,,none,0.0,0,0.0,0,0.0,open_public_evidence,0.0,native_overlay
8a2a10725aa7fff,-73.99553783438114,40.75834568866924,10,opendata,labels_only_diagnostics,0.03250931574255349,0,0.03250931574255349,0.03250931574255349,0.0,0,0,0,0,,dep,0.03250931574255349,1,1.0,1,1.0,open_public_evidence,1.0,native_overlay
8a2a10725aaffff,-73.99518775954625,40.75722198411774,10,opendata,labels_only_diagnostics,0.22815809825175162,0,0.22815809825175162,0.08222965633962971,0.145928441912122,0,0,0,0,,dep,0.22815809825175162,1,1.0,1,1.0,open_public_evidence,1.0,native_overlay
8a2a10725ab7fff,-73.9970801068113,40.75868160076603,10,opendata,labels_only_diagnostics,0.0859957858953316,0,0.0859957858953316,0.04155414593310294,0.044441639962236566,0,0,0,0,,dep,0.0859957858953316,1,1.0,1,1.0,open_public_evidence,1.0,native_overlay
8a2a10725ac7fff,-73.99448766042539,40.75497462014091,10,opendata,labels_only_diagnostics,0.0,0,0.0,0.0,0.0,0,0,0,0,,none,0.0,0,0.0,0,0.0,open_public_evidence,0.0,native_overlay
8a2a10725acffff,-73.99413763613707,40.75385096071698,10,opendata,labels_only_diagnostics,0.0,0,0.0,0.0,0.0,0,0,0,0,,none,0.0,0,0.0,0,0.0,open_public_evidence,0.0,native_overlay
8a2a10725ad7fff,-73.99602981336571,40.75531052989714,10,opendata,labels_only_diagnostics,0.0,0,0.0,0.0,0.0,0,0,0,0,,none,0.0,0,0.0,0,0.0,open_public_evidence,0.0,native_overlay
8a2a10725adffff,-73.9956797492513,40.754186869691694,10,opendata,labels_only_diagnostics,0.0,0,0.0,0.0,0.0,0,0,0,0,,none,0.0,0,0.0,0,0.0,open_public_evidence,0.0,native_overlay
8a2a10725ae7fff,-73.99329553270604,40.755762365357576,10,opendata,labels_only_diagnostics,0.0,0,0.0,0.0,0.0,0,0,0,0,,none,0.0,0,0.0,0,0.0,open_public_evidence,0.0,native_overlay
8a2a10725aeffff,-73.99294553139737,40.754638691672575,10,opendata,labels_only_diagnostics,0.0,0,0.0,0.0,0.0,0,0,0,0,,none,0.0,0,0.0,0,0.0,open_public_evidence,0.0,native_overlay
8a2a10725af7fff,-73.99483770156141,40.75609829460808,10,opendata,labels_only_diagnostics,0.021480924270885094,0,0.021480924270885094,0.006452399511077896,0.015028524759807198,0,0,0,0,,dep,0.021480924270885094,1,1.0,1,1.0,open_public_evidence,1.0,native_overlay
8a2a10725b0ffff,-73.99006886538098,40.75924930110372,10,opendata,labels_only_diagnostics,0.0,0,0.0,0.0,0.0,0,0,0,0,,none,0.0,0,0.0,0,0.0,open_public_evidence,0.0,native_overlay
8a2a10725b1ffff,-73.99161112180775,40.759585289625754,10,opendata,labels_only_diagnostics,0.0,0,0.0,0.0,0.0,0,0,0,0,,none,0.0,0,0.0,0,0.0,open_public_evidence,0.0,native_overlay
8a2a10725b47fff,-73.98817672350651,40.75778956314487,10,opendata,labels_only_diagnostics,0.0,1,0.0,0.0,0.0,1,1,0,0,,complaint,0.0,1,1.0,1,1.0,open_public_evidence,1.0,native_overlay
8a2a10725b4ffff,-73.98782683097913,40.756665847466145,10,opendata,labels_only_diagnostics,0.0,1,0.0,0.0,0.0,1,1,0,0,,complaint,0.0,1,1.0,1,1.0,open_public_evidence,1.0,native_overlay
8a2a10725b57fff,-73.98971891617855,40.75812556959652,10,opendata,labels_only_diagnostics,0.0,8,0.0,0.0,0.0,8,1,0,0,,complaint,0.0,1,1.0,1,1.0,open_public_evidence,1.0,native_overlay
8a2a10725b5ffff,-73.98936898382077,40.75700185313243,10,opendata,labels_only_diagnostics,0.0,2,0.0,0.0,0.0,2,1,0,0,,complaint,0.0,1,1.0,1,1.0,open_public_evidence,1.0,native_overlay
8a2a10725b67fff,-73.98698442429641,40.758577267917644,10,opendata,labels_only_diagnostics,0.0,1,0.0,0.0,0.0,1,1,0,0,,complaint,0.0,1,1.0,1,1.0,open_public_evidence,1.0,native_overlay
8a2a10725b6ffff,-73.9866345547579,40.75745353798122,10,opendata,labels_only_diagnostics,0.0,6,0.0,0.0,0.0,6,1,0,0,,complaint,0.0,1,1.0,1,1.0,open_public_evidence,1.0,native_overlay
8a2a10725b77fff,-73.98852663287664,40.75891329386733,10,opendata,labels_only_diagnostics,0.0,1,0.0,0.0,0.0,1,1,0,0,,complaint,0.0,1,1.0,1,1.0,open_public_evidence,1.0,native_overlay
8a2a10725b8ffff,-73.99434563771834,40.75913347666887,10,opendata,labels_only_diagnostics,0.030463653292257316,0,0.030463653292257316,0.029719380040668777,0.0007442732516005702,0,0,0,0,,dep,0.030463653292257316,1,1.0,1,1.0,open_public_evidence,1.0,native_overlay
8a2a10725b9ffff,-73.99588792606727,40.75946940826188,10,opendata,labels_only_diagnostics,0.5253576136572409,2,0.5253576136572409,0.20232226446981003,0.3230353491874173,2,1,0,0,,dep+complaint,0.5253576136572409,1,1.0,1,1.0,open_public_evidence,1.0,native_overlay
8a2a10725baffff,-73.99315340215526,40.75992125943235,10,opendata,labels_only_diagnostics,0.0,0,0.0,0.0,0.0,0,0,0,0,,none,0.0,0,0.0,0,0.0,open_public_evidence,0.0,native_overlay
8a2a10728007fff,-74.01600847979245,40.70416790835038,10,opendata,labels_only_diagnostics,0.0,0,0.0,0.0,0.0,0,0,0,0,,none,0.0,0,0.0,0,0.0,open_public_evidence,0.0,native_overlay
8a2a1072800ffff,-74.01565831368742,40.70304502639977,10,opendata,labels_only_diagnostics,0.0,0,0.0,0.0,0.0,0,0,0,0,,none,0.0,0,0.0,0,0.0,open_public_evidence,0.0,native_overlay
8a2a10728017fff,-74.0175491447982,40.704503290684826,10,opendata,labels_only_diagnostics,0.0,0,0.0,0.0,0.0,0,0,0,0,,none,0.0,0,0.0,0,0.0,open_public_evidence,0.0,native_overlay
8a2a1072801ffff,-74.01719893895157,40.70338040795171,10,opendata,labels_only_diagnostics,0.0,0,0.0,0.0,0.0,0,0,0,0,,none,0.0,0,0.0,0,0.0,open_public_evidence,0.0,native_overlay
8a2a10728027fff,-74.01481798181611,40.7049554035751,10,opendata,labels_only_diagnostics,0.0,0,0.0,0.0,0.0,0,0,0,0,,none,0.0,0,0.0,0,0.0,open_public_evidence,0.0,native_overlay
8a2a1072802ffff,-74.01446783861915,40.70383250734504,10,opendata,labels_only_diagnostics,0.0,0,0.0,0.0,0.0,0,0,0,0,,none,0.0,0,0.0,0,0.0,open_public_evidence,0.0,native_overlay
8a2a10728037fff,-74.01635866273226,40.70529080536359,10,opendata,labels_only_diagnostics,0.0,0,0.0,0.0,0.0,0,0,0,0,,none,0.0,0,0.0,0,0.0,open_public_evidence,0.0,native_overlay
8a2a10728047fff,-74.01376760272267,40.70158676007536,10,opendata,labels_only_diagnostics,0.0,0,0.0,0.0,0.0,0,0,0,0,,none,0.0,0,0.0,0,0.0,open_public_evidence,0.0,native_overlay
8a2a1072804ffff,-74.01341751002076,40.70046390903709,10,opendata,labels_only_diagnostics,0.0,0,0.0,0.0,0.0,0,0,0,0,,none,0.0,0,0.0,0,0.0,open_public_evidence,0.0,native_overlay
8a2a10728057fff,-74.01530816441601,40.701922159512435,10,opendata,labels_only_diagnostics,0.0,0,0.0,0.0,0.0,0,0,0,0,,none,0.0,0,0.0,0,0.0,open_public_evidence,0.0,native_overlay
8a2a1072805ffff,-74.01495803197703,40.70079930768907,10,opendata,labels_only_diagnostics,0.0,0,0.0,0.0,0.0,0,0,0,0,,none,0.0,0,0.0,0,0.0,open_public_evidence,0.0,native_overlay
8a2a10728067fff,-74.01257713465617,40.70237420728816,10,opendata,labels_only_diagnostics,0.0,0,0.0,0.0,0.0,0,0,0,0,,none,0.0,0,0.0,0,0.0,open_public_evidence,0.0,native_overlay
8a2a1072806ffff,-74.01222706486209,40.70125134197104,10,opendata,labels_only_diagnostics,0.0,0,0.0,0.0,0.0,0,0,0,0,,none,0.0,0,0.0,0,0.0,open_public_evidence,0.0,native_overlay
8a2a10728077fff,-74.01411771225507,40.70270962617823,10,opendata,labels_only_diagnostics,0.0,0,0.0,0.0,0.0,0,0,0,0,,none,0.0,0,0.0,0,0.0,open_public_evidence,0.0,native_overlay
8a2a1072808ffff,-74.01992999247598,40.70292824580965,10,opendata,labels_only_diagnostics,0.0,0,0.0,0.0,0.0,0,0,0,0,,none,0.0,0,0.0,0,0.0,open_public_evidence,0.0,native_overlay
8a2a107280a7fff,-74.01908983363472,40.70483865434731,10,opendata,labels_only_diagnostics,0.0,0,0.0,0.0,0.0,0,0,0,0,,none,0.0,0,0.0,0,0.0,open_public_evidence,0.0,native_overlay
8a2a107280affff,-74.0187395880458,40.703715770833,10,opendata,labels_only_diagnostics,0.0,0,0.0,0.0,0.0,0,0,0,0,,none,0.0,0,0.0,0,0.0,open_public_evidence,0.0,native_overlay
8a2a107280c7fff,-74.01803914737917,40.70147004899095,10,opendata,labels_only_diagnostics,0.0,0,0.0,0.0,0.0,0,0,0,0,,none,0.0,0,0.0,0,0.0,open_public_evidence,0.0,native_overlay
8a2a107280cffff,-74.01768895229907,40.70034721066458,10,opendata,labels_only_diagnostics,0.0,0,0.0,0.0,0.0,0,0,0,0,,none,0.0,0,0.0,0,0.0,open_public_evidence,0.0,native_overlay
8a2a107280d7fff,-74.01957974082168,40.701805391638736,10,opendata,labels_only_diagnostics,0.0,0,0.0,0.0,0.0,0,0,0,0,,none,0.0,0,0.0,0,0.0,open_public_evidence,0.0,native_overlay
8a2a107280dffff,-74.0192295060044,40.70068255253048,10,opendata,labels_only_diagnostics,0.0,0,0.0,0.0,0.0,0,0,0,0,,none,0.0,0,0.0,0,0.0,open_public_evidence,0.0,native_overlay
8a2a107280e7fff,-74.01684874994048,40.70225754028123,10,opendata,labels_only_diagnostics,0.0,0,0.0,0.0,0.0,0,0,0,0,,none,0.0,0,0.0,0,0.0,open_public_evidence,0.0,native_overlay
8a2a107280effff,-74.01649857776373,40.70113468767403,10,opendata,labels_only_diagnostics,0.0,0,0.0,0.0,0.0,0,0,0,0,,none,0.0,0,0.0,0,0.0,open_public_evidence,0.0,native_overlay
8a2a107280f7fff,-74.01838935929436,40.70259290238066,10,opendata,labels_only_diagnostics,0.0,0,0.0,0.0,0.0,0,0,0,0,,none,0.0,0,0.0,0,0.0,open_public_evidence,0.0,native_overlay
8a2a10728107fff,-74.01397758214196,40.706865819195635,10,opendata,labels_only_diagnostics,0.0,0,0.0,0.0,0.0,0,0,0,0,,none,0.0,0,0.0,0,0.0,open_public_evidence,0.0,native_overlay
8a2a1072810ffff,-74.01362744502171,40.70574289362429,10,opendata,labels_only_diagnostics,0.0,0,0.0,0.0,0.0,0,0,0,0,,none,0.0,0,0.0,0,0.0,open_public_evidence,0.0,native_overlay
8a2a10728117fff,-74.01551831871342,40.70720124122218,10,opendata,labels_only_diagnostics,0.0,0,0.0,0.0,0.0,0,0,0,0,,none,0.0,0,0.0,0,0.0,open_public_evidence,0.0,native_overlay
8a2a1072811ffff,-74.01516814184714,40.706078314867696,10,opendata,labels_only_diagnostics,0.0,0,0.0,0.0,0.0,0,0,0,0,,none,0.0,0,0.0,0,0.0,open_public_evidence,0.0,native_overlay
8a2a10728127fff,-74.01278698361587,40.70765331834585,10,opendata,labels_only_diagnostics,0.0,0,0.0,0.0,0.0,0,0,0,0,,none,0.0,0,0.0,0,0.0,open_public_evidence,0.0,native_overlay
8a2a1072812ffff,-74.01243686940839,40.706530378496424,10,opendata,labels_only_diagnostics,0.0,0,0.0,0.0,0.0,0,0,0,0,,none,0.0,0,0.0,0,0.0,open_public_evidence,0.0,native_overlay
8a2a10728137fff,-74.01432773609672,40.70798875982882,10,opendata,labels_only_diagnostics,0.0,0,0.0,0.0,0.0,0,0,0,0,,none,0.0,0,0.0,0,0.0,open_public_evidence,0.0,native_overlay
8a2a10728147fff,-74.01173669148999,40.70428454398579,10,opendata,labels_only_diagnostics,0.15062706372610146,2,0.15062706372610146,0.148762964045899,0.00186409968020245,2,1,0,0,,dep+complaint,0.15062706372610146,1,1.0,1,1.0,open_public_evidence,1.0,native_overlay
8a2a1072814ffff,-74.01138662777667,40.70316164932592,10,opendata,labels_only_diagnostics,0.23760117900350128,3,0.23760117900350128,0.20971626247120326,0.027884916532297955,3,1,0,0,,dep+complaint,0.23760117900350128,1,1.0,1,1.0,open_public_evidence,1.0,native_overlay
8a2a10728157fff,-74.01327732473479,40.704619983115464,10,opendata,labels_only_diagnostics,0.0,0,0.0,0.0,0.0,0,0,0,0,,none,0.0,0,0.0,0,0.0,open_public_evidence,0.0,native_overlay
8a2a1072815ffff,-74.01292722128002,40.70349708766987,10,opendata,labels_only_diagnostics,0.0,0,0.0,0.0,0.0,0,0,0,0,,none,0.0,0,0.0,0,0.0,open_public_evidence,0.0,native_overlay
8a2a10728167fff,-74.0105461228841,40.70507199512444,10,opendata,labels_only_diagnostics,0.007867327112149077,0,0.007867327112149077,0.007867327112149077,0.0,0,0,0,0,,dep,0.007867327112149077,1,1.0,1,1.0,open_public_evidence,1.0,native_overlay
8a2a1072816ffff,-74.01019608208333,40.703949086187116,10,opendata,labels_only_diagnostics,0.0,0,0.0,0.0,0.0,0,0,0,0,,none,0.0,0,0.0,0,0.0,open_public_evidence,0.0,native_overlay
8a2a10728177fff,-74.01208677203348,40.70540745370952,10,opendata,labels_only_diagnostics,0.015544154824522914,6,0.015544154824522914,0.015544154824522914,0.0,6,1,0,0,,dep+complaint,0.015544154824522914,1,1.0,1,1.0,open_public_evidence,1.0,native_overlay
8a2a10728187fff,-74.0182496070028,40.70674910133614,10,opendata,labels_only_diagnostics,0.0,0,0.0,0.0,0.0,0,0,0,0,,none,0.0,0,0.0,0,0.0,open_public_evidence,0.0,native_overlay
8a2a1072818ffff,-74.01789936748155,40.70562618847987,10,opendata,labels_only_diagnostics,0.0,0,0.0,0.0,0.0,0,0,0,0,,none,0.0,0,0.0,0,0.0,open_public_evidence,0.0,native_overlay
8a2a10728197fff,-74.0197903753297,40.70708446655905,10,opendata,labels_only_diagnostics,0.0,0,0.0,0.0,0.0,0,0,0,0,,none,0.0,0,0.0,0,0.0,open_public_evidence,0.0,native_overlay
8a2a1072819ffff,-74.0194400960623,40.705961552922886,10,opendata,labels_only_diagnostics,0.0,0,0.0,0.0,0.0,0,0,0,0,,none,0.0,0,0.0,0,0.0,open_public_evidence,0.0,native_overlay
8a2a107281a7fff,-74.01705907912103,40.70753664457498,10,opendata,labels_only_diagnostics,0.0,0,0.0,0.0,0.0,0,0,0,0,,none,0.0,0,0.0,0,0.0,open_public_evidence,0.0,native_overlay
8a2a107281affff,-74.01670886250805,40.70641371743867,10,opendata,labels_only_diagnostics,0.0,0,0.0,0.0,0.0,0,0,0,0,,none,0.0,0,0.0,0,0.0,open_public_evidence,0.0,native_overlay
8a2a107281b7fff,-74.01859986336316,40.70787202925298,10,opendata,labels_only_diagnostics,0.0,0,0.0,0.0,0.0,0,0,0,0,,none,0.0,0,0.0,0,0.0,open_public_evidence,0.0,native_overlay
8a2a10728337fff,-74.01187701189657,40.700128491719184,10,opendata,labels_only_diagnostics,0.0,0,0.0,0.0,0.0,0,0,0,0,,none,0.0,0,0.0,0,0.0,open_public_evidence,0.0,native_overlay
8a2a107283b7fff,-74.01614842242016,40.70001185013083,10,opendata,labels_only_diagnostics,0.0,0,0.0,0.0,0.0,0,0,0,0,,none,0.0,0,0.0,0,0.0,open_public_evidence,0.0,native_overlay
8a2a10728807fff,-74.0076741787482,40.70968026618339,10,opendata,labels_only_diagnostics,0.0,0,0.0,0.0,0.0,0,0,0,0,,none,0.0,0,0.0,0,0.0,open_public_evidence,0.0,native_overlay
8a2a1072880ffff,-74.00732417304121,40.70855728429083,10,opendata,labels_only_diagnostics,0.0,0,0.0,0.0,0.0,0,0,0,0,,none,0.0,0,0.0,0,0.0,open_public_evidence,0.0,native_overlay
8a2a10728817fff,-74.00921495510332,40.71001578471457,10,opendata,labels_only_diagnostics,0.0,0,0.0,0.0,0.0,0,0,0,0,,none,0.0,0,0.0,0,0.0,open_public_evidence,0.0,native_overlay
8a2a1072881ffff,-74.00886490964602,40.708892802034995,10,opendata,labels_only_diagnostics,0.0,0,0.0,0.0,0.0,0,0,0,0,,none,0.0,0,0.0,0,0.0,open_public_evidence,0.0,native_overlay
8a2a10728827fff,-74.00648340902708,40.71046772514696,10,opendata,labels_only_diagnostics,0.0,0,0.0,0.0,0.0,0,0,0,0,,none,0.0,0,0.0,0,0.0,open_public_evidence,0.0,native_overlay
8a2a1072882ffff,-74.00613342624204,40.709344728979694,10,opendata,labels_only_diagnostics,0.0,0,0.0,0.0,0.0,0,0,0,0,,none,0.0,0,0.0,0,0.0,open_public_evidence,0.0,native_overlay
8a2a10728837fff,-74.00802420128481,40.71080326313831,10,opendata,labels_only_diagnostics,0.0,0,0.0,0.0,0.0,0,0,0,0,,none,0.0,0,0.0,0,0.0,open_public_evidence,0.0,native_overlay
8a2a10728847fff,-74.00543351115385,40.70709878183493,10,opendata,labels_only_diagnostics,0.08102932252417364,0,0.08102932252417364,0.08102932252417369,0.0,0,0,0,0,,dep,0.08102932252417364,1,1.0,1,1.0,open_public_evidence,1.0,native_overlay
8a2a1072884ffff,-74.00508357884833,40.70597583085882,10,opendata,labels_only_diagnostics,0.058471204069969016,0,0.058471204069969016,0.05152002309611169,0.006951180973851752,0,0,0,0,,dep,0.058471204069969016,1,1.0,1,1.0,open_public_evidence,1.0,native_overlay
8a2a10728857fff,-74.00697418416266,40.70743431746135,10,opendata,labels_only_diagnostics,0.0,0,0.0,0.0,0.0,0,0,0,0,,none,0.0,0,0.0,0,0.0,open_public_evidence,0.0,native_overlay
8a2a1072885ffff,-74.00662421211136,40.70631136569562,10,opendata,labels_only_diagnostics,0.0,0,0.0,0.0,0.0,0,0,0,0,,none,0.0,0,0.0,0,0.0,open_public_evidence,0.0,native_overlay
8a2a10728867fff,-74.00424277137812,40.70788619278989,10,opendata,labels_only_diagnostics,0.0,0,0.0,0.0,0.0,0,0,0,0,,none,0.0,0,0.0,0,0.0,open_public_evidence,0.0,native_overlay
8a2a1072886ffff,-74.0038928619943,40.706763227539646,10,opendata,labels_only_diagnostics,0.052638484450830934,0,0.052638484450830934,0.052638484450830934,0.0,0,0,0,0,,dep,0.052638484450830934,1,1.0,1,1.0,open_public_evidence,1.0,native_overlay
8a2a10728877fff,-74.00578346028469,40.708221747875456,10,opendata,labels_only_diagnostics,0.0,0,0.0,0.0,0.0,0,0,0,0,,none,0.0,0,0.0,0,0.0,open_public_evidence,0.0,native_overlay
8a2a10728887fff,-74.01194645439377,40.709563781505345,10,opendata,labels_only_diagnostics,0.0,0,0.0,0.0,0.0,0,0,0,0,,none,0.0,0,0.0,0,0.0,open_public_evidence,0.0,native_overlay
8a2a1072888ffff,-74.01159634626798,40.708440812316766,10,opendata,labels_only_diagnostics,0.0,0,0.0,0.0,0.0,0,0,0,0,,none,0.0,0,0.0,0,0.0,open_public_evidence,0.0,native_overlay
8a2a10728897fff,-74.01348726253335,40.7098992432294,10,opendata,labels_only_diagnostics,0.0,0,0.0,0.0,0.0,0,0,0,0,,none,0.0,0,0.0,0,0.0,open_public_evidence,0.0,native_overlay
8a2a1072889ffff,-74.01313711465713,40.70877627325707,10,opendata,labels_only_diagnostics,0.0,0,0.0,0.0,0.0,0,0,0,0,,none,0.0,0,0.0,0,0.0,open_public_evidence,0.0,native_overlay
8a2a107288a7fff,-74.01075575530574,40.71035128457213,10,opendata,labels_only_diagnostics,0.0,0,0.0,0.0,0.0,0,0,0,0,,none,0.0,0,0.0,0,0.0,open_public_evidence,0.0,native_overlay
8a2a107288affff,-74.01040567009741,40.70922830110686,10,opendata,labels_only_diagnostics,0.0,1,0.0,0.0,0.0,1,1,0,0,,complaint,0.0,1,1.0,1,1.0,open_public_evidence,1.0,native_overlay
8a2a107288b7fff,-74.01229657935374,40.710686765755014,10,opendata,labels_only_diagnostics,0.0,0,0.0,0.0,0.0,0,0,0,0,,none,0.0,0,0.0,0,0.0,open_public_evidence,0.0,native_overlay
8a2a107288c7fff,-74.00970555017649,40.70698237936226,10,opendata,labels_only_diagnostics,0.0,0,0.0,0.0,0.0,0,0,0,0,,none,0.0,0,0.0,0,0.0,open_public_evidence,0.0,native_overlay
8a2a107288cffff,-74.0093555154615,40.7058594410843,10,opendata,labels_only_diagnostics,0.0,0,0.0,0.0,0.0,0,0,0,0,,none,0.0,0,0.0,0,0.0,open_public_evidence,0.0,native_overlay
8a2a107288d7fff,-74.01124625497523,40.70731785818996,10,opendata,labels_only_diagnostics,0.0,2,0.0,0.0,0.0,2,1,0,0,,complaint,0.0,1,1.0,1,1.0,open_public_evidence,1.0,native_overlay
8a2a107288dffff,-74.01089618051434,40.70619491912563,10,opendata,labels_only_diagnostics,0.0,1,0.0,0.0,0.0,1,1,0,0,,complaint,0.0,1,1.0,1,1.0,open_public_evidence,1.0,native_overlay
8a2a107288e7fff,-74.00851488101907,40.70776983441784,10,opendata,labels_only_diagnostics,0.0,1,0.0,0.0,0.0,1,1,0,0,,complaint,0.0,1,1.0,1,1.0,open_public_evidence,1.0,native_overlay
8a2a107288effff,-74.0081648692213,40.706646881863776,10,opendata,labels_only_diagnostics,0.0,0,0.0,0.0,0.0,0,0,0,0,,none,0.0,0,0.0,0,0.0,open_public_evidence,0.0,native_overlay
8a2a107288f7fff,-74.01005560172139,40.70810533270333,10,opendata,labels_only_diagnostics,0.0,0,0.0,0.0,0.0,0,0,0,0,,none,0.0,0,0.0,0,0.0,open_public_evidence,0.0,native_overlay
8a2a10728907fff,-74.0056425771711,40.71237820442782,10,opendata,labels_only_diagnostics,0.0,2,0.0,0.0,0.0,2,1,0,0,,complaint,0.0,1,1.0,1,1.0,open_public_evidence,1.0,native_overlay
8a2a1072890ffff,-74.00529260048181,40.71125517892419,10,opendata,labels_only_diagnostics,0.0,0,0.0,0.0,0.0,0,0,0,0,,none,0.0,0,0.0,0,0.0,open_public_evidence,0.0,native_overlay
8a2a10728917fff,-74.00718342508506,40.71271376266787,10,opendata,labels_only_diagnostics,0.0,0,0.0,0.0,0.0,0,0,0,0,,none,0.0,0,0.0,0,0.0,open_public_evidence,0.0,native_overlay
8a2a1072891ffff,-74.00683340864103,40.71159073637658,10,opendata,labels_only_diagnostics,0.0,0,0.0,0.0,0.0,0,0,0,0,,none,0.0,0,0.0,0,0.0,open_public_evidence,0.0,native_overlay
8a2a10728927fff,-74.00445170687416,40.713165667290454,10,opendata,labels_only_diagnostics,0.0,0,0.0,0.0,0.0,0,0,0,0,,none,0.0,0,0.0,0,0.0,open_public_evidence,0.0,native_overlay
8a2a1072892ffff,-74.00410175311151,40.71204262751347,10,opendata,labels_only_diagnostics,0.0,0,0.0,0.0,0.0,0,0,0,0,,none,0.0,0,0.0,0,0.0,open_public_evidence,0.0,native_overlay
8a2a10728937fff,-74.00599257068973,40.71350124499309,10,opendata,labels_only_diagnostics,0.0,0,0.0,0.0,0.0,0,0,0,0,,none,0.0,0,0.0,0,0.0,open_public_evidence,0.0,native_overlay
8a2a10728947fff,-74.00340189606726,40.70979659314705,10,opendata,labels_only_diagnostics,0.0,0,0.0,0.0,0.0,0,0,0,0,,none,0.0,0,0.0,0,0.0,open_public_evidence,0.0,native_overlay
8a2a1072894ffff,-74.0030519927833,40.70867359855897,10,opendata,labels_only_diagnostics,0.0,0,0.0,0.0,0.0,0,0,0,0,,none,0.0,0,0.0,0,0.0,open_public_evidence,0.0,native_overlay
8a2a10728957fff,-74.00494264062068,40.71013216848286,10,opendata,labels_only_diagnostics,0.0,0,0.0,0.0,0.0,0,0,0,0,,none,0.0,0,0.0,0,0.0,open_public_evidence,0.0,native_overlay
8a2a1072895ffff,-74.0045926975865,40.70900917310454,10,opendata,labels_only_diagnostics,0.0,0,0.0,0.0,0.0,0,0,0,0,,none,0.0,0,0.0,0,0.0,open_public_evidence,0.0,native_overlay
8a2a10728967fff,-74.00221105572608,40.710584008001426,10,opendata,labels_only_diagnostics,0.0,0,0.0,0.0,0.0,0,0,0,0,,none,0.0,0,0.0,0,0.0,open_public_evidence,0.0,native_overlay
8a2a1072896ffff,-74.00186117536852,40.709460999140596,10,opendata,labels_only_diagnostics,0.0,0,0.0,0.0,0.0,0,0,0,0,,none,0.0,0,0.0,0,0.0,open_public_evidence,0.0,native_overlay
8a2a10728977fff,-74.00375181617629,40.71091960279876,10,opendata,labels_only_diagnostics,0.0,0,0.0,0.0,0.0,0,0,0,0,,none,0.0,0,0.0,0,0.0,open_public_evidence,0.0,native_overlay
8a2a10728987fff,-74.00991509651381,40.712261795258144,10,opendata,labels_only_diagnostics,0.0,0,0.0,0.0,0.0,0,0,0,0,,none,0.0,0,0.0,0,0.0,open_public_evidence,0.0,native_overlay
8a2a1072898ffff,-74.00956501739219,40.71113878245583,10,opendata,labels_only_diagnostics,0.0,1,0.0,0.0,0.0,1,1,0,0,,complaint,0.0,1,1.0,1,1.0,open_public_evidence,1.0,native_overlay
8a2a10728997fff,-74.01145597622398,40.71259729668516,10,opendata,labels_only_diagnostics,0.0,0,0.0,0.0,0.0,0,0,0,0,,none,0.0,0,0.0,0,0.0,open_public_evidence,0.0,native_overlay
8a2a1072899ffff,-74.01110585734753,40.711474283098454,10,opendata,labels_only_diagnostics,0.0,0,0.0,0.0,0.0,0,0,0,0,,none,0.0,0,0.0,0,0.0,open_public_evidence,0.0,native_overlay
8a2a107289a7fff,-74.0087242968517,40.713049302232555,10,opendata,labels_only_diagnostics,0.0,0,0.0,0.0,0.0,0,0,0,0,,none,0.0,0,0.0,0,0.0,open_public_evidence,0.0,native_overlay
8a2a107289affff,-74.00837424065226,40.71192627515494,10,opendata,labels_only_diagnostics,0.0,1,0.0,0.0,0.0,1,1,0,0,,complaint,0.0,1,1.0,1,1.0,open_public_evidence,1.0,native_overlay
8a2a107289b7fff,-74.01026519246933,40.713384823120805,10,opendata,labels_only_diagnostics,0.0,0,0.0,0.0,0.0,0,0,0,0,,none,0.0,0,0.0,0,0.0,open_public_evidence,0.0,native_overlay
8a2a10728a07fff,-74.00522449215497,40.701819709283896,10,opendata,labels_only_diagnostics,0.0,0,0.0,0.0,0.0,0,0,0,0,,none,0.0,0,0.0,0,0.0,open_public_evidence,0.0,native_overlay
8a2a10728a0ffff,-74.00487460422214,40.70069683284721,10,opendata,labels_only_diagnostics,0.0,0,0.0,0.0,0.0,0,0,0,0,,none,0.0,0,0.0,0,0.0,open_public_evidence,0.0,native_overlay
8a2a10728a17fff,-74.00676499029831,40.7021552222922,10,opendata,labels_only_diagnostics,0.0,0,0.0,0.0,0.0,0,0,0,0,,none,0.0,0,0.0,0,0.0,open_public_evidence,0.0,native_overlay
8a2a10728a1ffff,-74.00641506262863,40.701032345063915,10,opendata,labels_only_diagnostics,0.0,0,0.0,0.0,0.0,0,0,0,0,,none,0.0,0,0.0,0,0.0,open_public_evidence,0.0,native_overlay
8a2a10728a27fff,-74.0040338828719,40.70260706832377,10,opendata,labels_only_diagnostics,0.0,0,0.0,0.0,0.0,0,0,0,0,,none,0.0,0,0.0,0,0.0,open_public_evidence,0.0,native_overlay
8a2a10728a2ffff,-74.00368401785582,40.70148417761215,10,opendata,labels_only_diagnostics,0.0,0,0.0,0.0,0.0,0,0,0,0,,none,0.0,0,0.0,0,0.0,open_public_evidence,0.0,native_overlay
8a2a10728a37fff,-74.00557439690913,40.702942600787765,10,opendata,labels_only_diagnostics,0.0,0,0.0,0.0,0.0,0,0,0,0,,none,0.0,0,0.0,0,0.0,open_public_evidence,0.0,native_overlay
8a2a10728a67fff,-74.00179375894132,40.70002575242847,10,opendata,labels_only_diagnostics,0.0,0,0.0,0.0,0.0,0,0,0,0,,none,0.0,0,0.0,0,0.0,open_public_evidence,0.0,native_overlay
8a2a10728a77fff,-74.00333416965914,40.700361301968364,10,opendata,labels_only_diagnostics,0.0,0,0.0,0.0,0.0,0,0,0,0,,none,0.0,0,0.0,0,0.0,open_public_evidence,0.0,native_overlay
8a2a10728a87fff,-74.00949605096544,40.701703313506684,10,opendata,labels_only_diagnostics,0.0,0,0.0,0.0,0.0,0,0,0,0,,none,0.0,0,0.0,0,0.0,open_public_evidence,0.0,native_overlay
8a2a10728a8ffff,-74.00914606064595,40.700580449764985,10,opendata,labels_only_diagnostics,0.0,0,0.0,0.0,0.0,0,0,0,0,,none,0.0,0,0.0,0,0.0,open_public_evidence,0.0,native_overlay
8a2a10728a97fff,-74.01103658089241,40.70203876973062,10,opendata,labels_only_diagnostics,0.0,0,0.0,0.0,0.0,0,0,0,0,,none,0.0,0,0.0,0,0.0,open_public_evidence,0.0,native_overlay
8a2a10728a9ffff,-74.01068655083596,40.70091590520056,10,opendata,labels_only_diagnostics,0.0,0,0.0,0.0,0.0,0,0,0,0,,none,0.0,0,0.0,0,0.0,open_public_evidence,0.0,native_overlay
8a2a10728aa7fff,-74.00830551228415,40.70249071663603,10,opendata,labels_only_diagnostics,0.0,0,0.0,0.0,0.0,0,0,0,0,,none,0.0,0,0.0,0,0.0,open_public_evidence,0.0,native_overlay
8a2a10728aaffff,-74.00795554487696,40.70136783861742,10,opendata,labels_only_diagnostics,0.0,0,0.0,0.0,0.0,0,0,0,0,,none,0.0,0,0.0,0,0.0,open_public_evidence,0.0,native_overlay
8a2a10728ab7fff,-74.00984605811084,40.70282619231429,10,opendata,labels_only_diagnostics,0.0,0,0.0,0.0,0.0,0,0,0,0,,none,0.0,0,0.0,0,0.0,open_public_evidence,0.0,native_overlay
8a2a10728af7fff,-74.00760559429375,40.700244975665385,10,opendata,labels_only_diagnostics,0.0,0,0.0,0.0,0.0,0,0,0,0,,none,0.0,0,0.0,0,0.0,open_public_evidence,0.0,native_overlay
8a2a10728b07fff,-74.0031930936957,40.704517342235,10,opendata,labels_only_diagnostics,0.0,0,0.0,0.0,0.0,0,0,0,0,,none,0.0,0,0.0,0,0.0,open_public_evidence,0.0,native_overlay
8a2a10728b0ffff,-74.00284323477852,40.70339442218201,10,opendata,labels_only_diagnostics,0.0,0,0.0,0.0,0.0,0,0,0,0,,none,0.0,0,0.0,0,0.0,open_public_evidence,0.0,native_overlay
8a2a10728b17fff,-74.00473366336696,40.7048528949478,10,opendata,labels_only_diagnostics,0.056227288899798486,1,0.056227288899798486,0.03908878748682586,0.017138501412974513,1,1,0,0,,dep+complaint,0.056227288899798486,1,1.0,1,1.0,open_public_evidence,1.0,native_overlay
8a2a10728b1ffff,-74.00438376470855,40.703729974102544,10,opendata,labels_only_diagnostics,0.0,0,0.0,0.0,0.0,0,0,0,0,,none,0.0,0,0.0,0,0.0,open_public_evidence,0.0,native_overlay
8a2a10728b27fff,-74.00200238386971,40.7053047051836,10,opendata,labels_only_diagnostics,0.0,0,0.0,0.0,0.0,0,0,0,0,,none,0.0,0,0.0,0,0.0,open_public_evidence,0.0,native_overlay
8a2a10728b2ffff,-74.00165254787402,40.70418177085703,10,opendata,labels_only_diagnostics,0.0,0,0.0,0.0,0.0,0,0,0,0,,none,0.0,0,0.0,0,0.0,open_public_evidence,0.0,native_overlay
8a2a10728b37fff,-74.00354296943388,40.70564027735444,10,opendata,labels_only_diagnostics,0.11210548539699186,0,0.11210548539699186,0.10282537618237175,0.009280109214618507,0,0,0,0,,dep,0.11210548539699186,1,1.0,1,1.0,open_public_evidence,1.0,native_overlay
8a2a10728b47fff,-74.00095292633873,40.701935947405886,10,opendata,labels_only_diagnostics,0.0,0,0.0,0.0,0.0,0,0,0,0,,none,0.0,0,0.0,0,0.0,open_public_evidence,0.0,native_overlay
8a2a10728b4ffff,-74.00060314079676,40.70081305828268,10,opendata,labels_only_diagnostics,0.0,0,0.0,0.0,0.0,0,0,0,0,,none,0.0,0,0.0,0,0.0,open_public_evidence,0.0,native_overlay
8a2a10728b57fff,-74.0024933926812,40.702271517196124,10,opendata,labels_only_diagnostics,0.0,0,0.0,0.0,0.0,0,0,0,0,,none,0.0,0,0.0,0,0.0,open_public_evidence,0.0,native_overlay
8a2a10728b5ffff,-74.00214356740253,40.70114862727805,10,opendata,labels_only_diagnostics,0.0,0,0.0,0.0,0.0,0,0,0,0,,none,0.0,0,0.0,0,0.0,open_public_evidence,0.0,native_overlay
8a2a10728b67fff,-73.99976224646686,40.702723262350325,10,opendata,labels_only_diagnostics,0.0,0,0.0,0.0,0.0,0,0,0,0,,none,0.0,0,0.0,0,0.0,open_public_evidence,0.0,native_overlay
8a2a10728b6ffff,-73.99941248384613,40.701600358954124,10,opendata,labels_only_diagnostics,0.0,0,0.0,0.0,0.0,0,0,0,0,,none,0.0,0,0.0,0,0.0,open_public_evidence,0.0,native_overlay
8a2a10728b77fff,-74.00130272869741,40.70305885159757,10,opendata,labels_only_diagnostics,0.0,0,0.0,0.0,0.0,0,0,0,0,,none,0.0,0,0.0,0,0.0,open_public_evidence,0.0,native_overlay
8a2a10728b87fff,-74.00746489610857,40.70440102194768,10,opendata,labels_only_diagnostics,0.0,0,0.0,0.0,0.0,0,0,0,0,,none,0.0,0,0.0,0,0.0,open_public_evidence,0.0,native_overlay
8a2a10728b8ffff,-74.00711493479123,40.703278114587015,10,opendata,labels_only_diagnostics,0.0,0,0.0,0.0,0.0,0,0,0,0,,none,0.0,0,0.0,0,0.0,open_public_evidence,0.0,native_overlay
8a2a10728b97fff,-74.00900549757523,40.70473651787016,10,opendata,labels_only_diagnostics,0.0,1,0.0,0.0,0.0,1,1,0,0,,complaint,0.0,1,1.0,1,1.0,open_public_evidence,1.0,native_overlay
8a2a10728b9ffff,-74.00865549651651,40.70361360972049,10,opendata,labels_only_diagnostics,0.0,0,0.0,0.0,0.0,0,0,0,0,,none,0.0,0,0.0,0,0.0,open_public_evidence,0.0,native_overlay
8a2a10728ba7fff,-74.00627425688614,40.70518842899431,10,opendata,labels_only_diagnostics,0.0,1,0.0,0.0,0.0,1,1,0,0,,complaint,0.0,1,1.0,1,1.0,open_public_evidence,1.0,native_overlay
8a2a10728baffff,-74.00592431848578,40.704065507358116,10,opendata,labels_only_diagnostics,0.0,0,0.0,0.0,0.0,0,0,0,0,,none,0.0,0,0.0,0,0.0,open_public_evidence,0.0,native_overlay
8a2a10728bb7fff,-74.00781487425154,40.70552394437351,10,opendata,labels_only_diagnostics,0.0,0,0.0,0.0,0.0,0,0,0,0,,none,0.0,0,0.0,0,0.0,open_public_evidence,0.0,native_overlay
8a2a10728c07fff,-74.01846011396843,40.71202850371857,10,opendata,labels_only_diagnostics,0.0,0,0.0,0.0,0.0,0,0,0,0,,none,0.0,0,0.0,0,0.0,open_public_evidence,0.0,native_overlay
8a2a10728c0ffff,-74.01810982999488,40.71090551634429,10,opendata,labels_only_diagnostics,0.0,0,0.0,0.0,0.0,0,0,0,0,,none,0.0,0,0.0,0,0.0,open_public_evidence,0.0,native_overlay
8a2a10728c1ffff,-74.01965073349074,40.71124090335993,10,opendata,labels_only_diagnostics,0.0,0,0.0,0.0,0.0,0,0,0,0,,none,0.0,0,0.0,0,0.0,open_public_evidence,0.0,native_overlay
8a2a10728c27fff,-74.01726945561506,40.71281609889854,10,opendata,labels_only_diagnostics,0.0,0,0.0,0.0,0.0,0,0,0,0,,none,0.0,0,0.0,0,0.0,open_public_evidence,0.0,native_overlay
8a2a10728c2ffff,-74.01691919455473,40.71169309724503,10,opendata,labels_only_diagnostics,0.0,0,0.0,0.0,0.0,0,0,0,0,,none,0.0,0,0.0,0,0.0,open_public_evidence,0.0,native_overlay
8a2a10728c37fff,-74.0188104147851,40.71315150615064,10,opendata,labels_only_diagnostics,0.0,0,0.0,0.0,0.0,0,0,0,0,,none,0.0,0,0.0,0,0.0,open_public_evidence,0.0,native_overlay
8a2a10728c47fff,-74.01621872295644,40.70944713911398,10,opendata,labels_only_diagnostics,0.0,0,0.0,0.0,0.0,0,0,0,0,,none,0.0,0,0.0,0,0.0,open_public_evidence,0.0,native_overlay
8a2a10728c4ffff,-74.01586851241612,40.708324182637824,10,opendata,labels_only_diagnostics,0.0,0,0.0,0.0,0.0,0,0,0,0,,none,0.0,0,0.0,0,0.0,open_public_evidence,0.0,native_overlay
8a2a10728c57fff,-74.01775956286325,40.70978254402847,10,opendata,labels_only_diagnostics,0.0,0,0.0,0.0,0.0,0,0,0,0,,none,0.0,0,0.0,0,0.0,open_public_evidence,0.0,native_overlay
8a2a10728c5ffff,-74.01740931257237,40.70865958677181,10,opendata,labels_only_diagnostics,0.0,2,0.0,0.0,0.0,2,1,0,0,,complaint,0.0,1,1.0,1,1.0,open_public_evidence,1.0,native_overlay
8a2a10728c67fff,-74.01502809451452,40.710234686277964,10,opendata,labels_only_diagnostics,0.0,1,0.0,0.0,0.0,1,1,0,0,,complaint,0.0,1,1.0,1,1.0,open_public_evidence,1.0,native_overlay
8a2a10728c6ffff,-74.01467790688717,40.709111715523164,10,opendata,labels_only_diagnostics,0.0,0,0.0,0.0,0.0,0,0,0,0,,none,0.0,0,0.0,0,0.0,open_public_evidence,0.0,native_overlay
8a2a10728c77fff,-74.01656895033558,40.71057011064995,10,opendata,labels_only_diagnostics,0.0,0,0.0,0.0,0.0,0,0,0,0,,none,0.0,0,0.0,0,0.0,open_public_evidence,0.0,native_overlay
8a2a10728ce7fff,-74.01930042660595,40.71011793026556,10,opendata,labels_only_diagnostics,0.0,0,0.0,0.0,0.0,0,0,0,0,,none,0.0,0,0.0,0,0.0,open_public_evidence,0.0,native_overlay
8a2a10728ceffff,-74.01895013656382,40.70899497222968,10,opendata,labels_only_diagnostics,0.0,0,0.0,0.0,0.0,0,0,0,0,,none,0.0,0,0.0,0,0.0,open_public_evidence,0.0,native_overlay
8a2a10728d07fff,-74.01642901341647,40.71472671988807,10,opendata,labels_only_diagnostics,0.0,0,0.0,0.0,0.0,0,0,0,0,,none,0.0,0,0.0,0,0.0,open_public_evidence,0.0,native_overlay
8a2a10728d0ffff,-74.01607875842971,40.71360368889829,10,opendata,labels_only_diagnostics,0.0,0,0.0,0.0,0.0,0,0,0,0,,none,0.0,0,0.0,0,0.0,open_public_evidence,0.0,native_overlay
8a2a10728d17fff,-74.01797002826403,40.715062147378106,10,opendata,labels_only_diagnostics,0.0,0,0.0,0.0,0.0,0,0,0,0,,none,0.0,0,0.0,0,0.0,open_public_evidence,0.0,native_overlay
8a2a10728d1ffff,-74.01761973351775,40.713939115609804,10,opendata,labels_only_diagnostics,0.0,0,0.0,0.0,0.0,0,0,0,0,,none,0.0,0,0.0,0,0.0,open_public_evidence,0.0,native_overlay
8a2a10728d27fff,-74.01523825448041,40.715514318983885,10,opendata,labels_only_diagnostics,0.0,0,0.0,0.0,0.0,0,0,0,0,,none,0.0,0,0.0,0,0.0,open_public_evidence,0.0,native_overlay
8a2a10728d2ffff,-74.01488802241157,40.71439127371624,10,opendata,labels_only_diagnostics,0.0,0,0.0,0.0,0.0,0,0,0,0,,none,0.0,0,0.0,0,0.0,open_public_evidence,0.0,native_overlay
8a2a10728d37fff,-74.01677928524607,40.71584976593489,10,opendata,labels_only_diagnostics,0.0,0,0.0,0.0,0.0,0,0,0,0,,none,0.0,0,0.0,0,0.0,open_public_evidence,0.0,native_overlay
8a2a10728d47fff,-74.0141876087954,40.712145228354714,10,opendata,labels_only_diagnostics,0.0,0,0.0,0.0,0.0,0,0,0,0,,none,0.0,0,0.0,0,0.0,open_public_evidence,0.0,native_overlay
8a2a10728d4ffff,-74.01383742724572,40.71102222826219,10,opendata,labels_only_diagnostics,0.0,0,0.0,0.0,0.0,0,0,0,0,,none,0.0,0,0.0,0,0.0,open_public_evidence,0.0,native_overlay
8a2a10728d57fff,-74.0157285202846,40.71248067296622,10,opendata,labels_only_diagnostics,0.0,0,0.0,0.0,0.0,0,0,0,0,,none,0.0,0,0.0,0,0.0,open_public_evidence,0.0,native_overlay
8a2a10728d5ffff,-74.01537829897993,40.711357672092525,10,opendata,labels_only_diagnostics,0.0,0,0.0,0.0,0.0,0,0,0,0,,none,0.0,0,0.0,0,0.0,open_public_evidence,0.0,native_overlay
8a2a10728d67fff,-74.01299687978116,40.712932779434894,10,opendata,labels_only_diagnostics,0.038587522440282046,1,0.038587522440282046,0.026726679414514985,0.01186084302576421,1,1,0,0,,dep+complaint,0.038587522440282046,1,1.0,1,1.0,open_public_evidence,1.0,native_overlay
8a2a10728d6ffff,-74.01264672114915,40.7118097650651,10,opendata,labels_only_diagnostics,0.0,0,0.0,0.0,0.0,0,0,0,0,,none,0.0,0,0.0,0,0.0,open_public_evidence,0.0,native_overlay
8a2a10728d77fff,-74.01453780718363,40.7132682435063,10,opendata,labels_only_diagnostics,0.0,0,0.0,0.0,0.0,0,0,0,0,,none,0.0,0,0.0,0,0.0,open_public_evidence,0.0,native_overlay
8a2a10728da7fff,-74.01951106695253,40.71539755618532,10,opendata,labels_only_diagnostics,0.0,0,0.0,0.0,0.0,0,0,0,0,,none,0.0,0,0.0,0,0.0,open_public_evidence,0.0,native_overlay
8a2a10728daffff,-74.01916073244607,40.71427452363977,10,opendata,labels_only_diagnostics,0.0,0,0.0,0.0,0.0,0,0,0,0,,none,0.0,0,0.0,0,0.0,open_public_evidence,0.0,native_overlay
8a2a1072c007fff,-74.00178736299634,40.72305436427269,10,opendata,labels_only_diagnostics,0.0,2,0.0,0.0,0.0,2,1,0,0,,complaint,0.0,1,1.0,1,1.0,open_public_evidence,1.0,native_overlay
8a2a1072c00ffff,-74.00143739998843,40.721931177050514,10,opendata,labels_only_diagnostics,0.0,1,0.0,0.0,0.0,1,1,0,0,,complaint,0.0,1,1.0,1,1.0,open_public_evidence,1.0,native_overlay
8a2a1072c017fff,-74.00332852901349,40.723390024565816,10,opendata,labels_only_diagnostics,0.15090667071212105,0,0.15090667071212105,0.06582104614806572,0.08508562456405531,0,0,0,0,,dep,0.15090667071212105,1,1.0,1,1.0,open_public_evidence,1.0,native_overlay
8a2a1072c01ffff,-74.00297852623305,40.72226683655671,10,opendata,labels_only_diagnostics,0.13784823334719484,6,0.13784823334719484,0.011694494254529762,0.12615373909266506,6,1,0,0,,dep+complaint,0.13784823334719484,1,1.0,1,1.0,open_public_evidence,1.0,native_overlay
8a2a1072c027fff,-74.00059616091637,40.72384188678825,10,opendata,labels_only_diagnostics,0.0,0,0.0,0.0,0.0,0,0,0,0,,none,0.0,0,0.0,0,0.0,open_public_evidence,0.0,native_overlay
8a2a1072c02ffff,-74.00024622084946,40.7227186852963,10,opendata,labels_only_diagnostics,0.0,1,0.0,0.0,0.0,1,1,0,0,,complaint,0.0,1,1.0,1,1.0,open_public_evidence,1.0,native_overlay
8a2a1072c037fff,-74.00213734283703,40.72417756655223,10,opendata,labels_only_diagnostics,0.0,0,0.0,0.0,0.0,0,0,0,0,,none,0.0,0,0.0,0,0.0,open_public_evidence,0.0,native_overlay
8a2a1072c047fff,-73.99954639120696,40.72047232748709,10,opendata,labels_only_diagnostics,0.0,0,0.0,0.0,0.0,0,0,0,0,,none,0.0,0,0.0,0,0.0,open_public_evidence,0.0,native_overlay
8a2a1072c04ffff,-73.99919650162902,40.71934917117122,10,opendata,labels_only_diagnostics,0.0,0,0.0,0.0,0.0,0,0,0,0,,none,0.0,0,0.0,0,0.0,open_public_evidence,0.0,native_overlay
8a2a1072c057fff,-74.0010874538121,40.72080800488637,10,opendata,labels_only_diagnostics,0.0,0,0.0,0.0,0.0,0,0,0,0,,none,0.0,0,0.0,0,0.0,open_public_evidence,0.0,native_overlay
8a2a1072c05ffff,-74.00073752446616,40.71968484778097,10,opendata,labels_only_diagnostics,0.0,1,0.0,0.0,0.0,1,1,0,0,,complaint,0.0,1,1.0,1,1.0,open_public_evidence,1.0,native_overlay
8a2a1072c067fff,-73.99835521910958,40.72125980199326,10,opendata,labels_only_diagnostics,0.0,0,0.0,0.0,0.0,0,0,0,0,,none,0.0,0,0.0,0,0.0,open_public_evidence,0.0,native_overlay
8a2a1072c06ffff,-73.99800535247238,40.7201366314082,10,opendata,labels_only_diagnostics,0.0,0,0.0,0.0,0.0,0,0,0,0,,none,0.0,0,0.0,0,0.0,open_public_evidence,0.0,native_overlay
8a2a1072c077fff,-73.99989629761338,40.72159549886235,10,opendata,labels_only_diagnostics,0.0,2,0.0,0.0,0.0,2,1,0,0,,complaint,0.0,1,1.0,1,1.0,open_public_evidence,1.0,native_overlay
8a2a1072c087fff,-74.00606085032426,40.72293809951892,10,opendata,labels_only_diagnostics,0.0,0,0.0,0.0,0.0,0,0,0,0,,none,0.0,0,0.0,0,0.0,open_public_evidence,0.0,native_overlay
8a2a1072c08ffff,-74.00571078483411,40.72181492499597,10,opendata,labels_only_diagnostics,0.024298228446012073,0,0.024298228446012073,0.012502131321777838,0.01179609712422972,0,0,0,0,,dep,0.024298228446012073,1,1.0,1,1.0,open_public_evidence,1.0,native_overlay
8a2a1072c097fff,-74.00760204816753,40.7232737029728,10,opendata,labels_only_diagnostics,0.0,0,0.0,0.0,0.0,0,0,0,0,,none,0.0,0,0.0,0,0.0,open_public_evidence,0.0,native_overlay
8a2a1072c09ffff,-74.00725194290472,40.72215052766616,10,opendata,labels_only_diagnostics,0.0,0,0.0,0.0,0.0,0,0,0,0,,none,0.0,0,0.0,0,0.0,open_public_evidence,0.0,native_overlay
8a2a1072c0a7fff,-74.0048697188992,40.72372566617459,10,opendata,labels_only_diagnostics,0.00037350709193765516,0,0.00037350709193765516,0.0,0.00037350709193765516,0,0,0,0,,dep,0.00037350709193765516,1,1.0,1,1.0,open_public_evidence,1.0,native_overlay
8a2a1072c0affff,-74.00451967634557,40.722602477379866,10,opendata,labels_only_diagnostics,0.4474512206202515,1,0.4474512206202515,0.03894958457167113,0.40850163604858536,1,1,0,0,,dep+complaint,0.4474512206202515,1,1.0,1,1.0,open_public_evidence,1.0,native_overlay
8a2a1072c0b7fff,-74.0064109326518,40.724061289097946,10,opendata,labels_only_diagnostics,0.0,0,0.0,0.0,0.0,0,0,0,0,,none,0.0,0,0.0,0,0.0,open_public_evidence,0.0,native_overlay
8a2a1072c0c7fff,-74.00381964174338,40.72035614496131,10,opendata,labels_only_diagnostics,0.0,0,0.0,0.0,0.0,0,0,0,0,,none,0.0,0,0.0,0,0.0,open_public_evidence,0.0,native_overlay
8a2a1072c0cffff,-74.00346964969249,40.71923300133884,10,opendata,labels_only_diagnostics,0.0,0,0.0,0.0,0.0,0,0,0,0,,none,0.0,0,0.0,0,0.0,open_public_evidence,0.0,native_overlay
8a2a1072c0d7fff,-74.00536073618011,40.720691765529764,10,opendata,labels_only_diagnostics,0.042447456590325956,0,0.042447456590325956,0.0399313492163069,0.0025161073740153413,0,0,0,0,,dep,0.042447456590325956,1,1.0,1,1.0,open_public_evidence,1.0,native_overlay
8a2a1072c0dffff,-74.00501070436111,40.719568621121006,10,opendata,labels_only_diagnostics,0.02422935643780217,0,0.02422935643780217,0.02422935643780217,0.0,0,0,0,0,,dep,0.02422935643780217,1,1.0,1,1.0,open_public_evidence,1.0,native_overlay
8a2a1072c0e7fff,-74.00262854028611,40.721143663605,10,opendata,labels_only_diagnostics,0.0,0,0.0,0.0,0.0,0,0,0,0,,none,0.0,0,0.0,0,0.0,open_public_evidence,0.0,native_overlay
8a2a1072c0effff,-74.0022785711715,40.72002050571136,10,opendata,labels_only_diagnostics,0.0,0,0.0,0.0,0.0,0,0,0,0,,none,0.0,0,0.0,0,0.0,open_public_evidence,0.0,native_overlay
8a2a1072c0f7fff,-74.00416965062736,40.721479303641885,10,opendata,labels_only_diagnostics,0.20833995100374744,1,0.20833995100374744,0.1390081419717699,0.06933180903198115,1,1,0,0,,dep+complaint,0.20833995100374744,1,1.0,1,1.0,open_public_evidence,1.0,native_overlay
8a2a1072c107fff,-73.99975485394748,40.725752634920234,10,opendata,labels_only_diagnostics,0.0,0,0.0,0.0,0.0,0,0,0,0,,none,0.0,0,0.0,0,0.0,open_public_evidence,0.0,native_overlay
8a2a1072c10ffff,-73.99940491999227,40.72462940410186,10,opendata,labels_only_diagnostics,0.0,0,0.0,0.0,0.0,0,0,0,0,,none,0.0,0,0.0,0,0.0,open_public_evidence,0.0,native_overlay
8a2a1072c117fff,-74.00129609154749,40.726088334943455,10,opendata,labels_only_diagnostics,0.0,0,0.0,0.0,0.0,0,0,0,0,,none,0.0,0,0.0,0,0.0,open_public_evidence,0.0,native_overlay
8a2a1072c11ffff,-74.00094611781532,40.72496510333753,10,opendata,labels_only_diagnostics,0.0,0,0.0,0.0,0.0,0,0,0,0,,none,0.0,0,0.0,0,0.0,open_public_evidence,0.0,native_overlay
8a2a1072c127fff,-73.99856355123264,40.726540161298736,10,opendata,labels_only_diagnostics,0.0,0,0.0,0.0,0.0,0,0,0,0,,none,0.0,0,0.0,0,0.0,open_public_evidence,0.0,native_overlay
8a2a1072c12ffff,-73.99821364022313,40.725416916211955,10,opendata,labels_only_diagnostics,0.0,0,0.0,0.0,0.0,0,0,0,0,,none,0.0,0,0.0,0,0.0,open_public_evidence,0.0,native_overlay
8a2a1072c137fff,-74.00010480473517,40.7268758807952,10,opendata,labels_only_diagnostics,0.0,0,0.0,0.0,0.0,0,0,0,0,,none,0.0,0,0.0,0,0.0,open_public_evidence,0.0,native_overlay
8a2a1072c147fff,-73.99751386869455,40.723170471210885,10,opendata,labels_only_diagnostics,0.0,0,0.0,0.0,0.0,0,0,0,0,,none,0.0,0,0.0,0,0.0,open_public_evidence,0.0,native_overlay
8a2a1072c14ffff,-73.99716400817313,40.72204727129796,10,opendata,labels_only_diagnostics,0.0,1,0.0,0.0,0.0,1,1,0,0,,complaint,0.0,1,1.0,1,1.0,open_public_evidence,1.0,native_overlay
8a2a1072c157fff,-73.99905500286833,40.72350618834079,10,opendata,labels_only_diagnostics,0.0,0,0.0,0.0,0.0,0,0,0,0,,none,0.0,0,0.0,0,0.0,open_public_evidence,0.0,native_overlay
8a2a1072c15ffff,-73.99870510257449,40.722382987637694,10,opendata,labels_only_diagnostics,0.0,0,0.0,0.0,0.0,0,0,0,0,,none,0.0,0,0.0,0,0.0,open_public_evidence,0.0,native_overlay
8a2a1072c167fff,-73.99632259597271,40.723957949580374,10,opendata,labels_only_diagnostics,0.0,5,0.0,0.0,0.0,5,1,0,0,,complaint,0.0,1,1.0,1,1.0,open_public_evidence,1.0,native_overlay
8a2a1072c16ffff,-73.99597275839676,40.722834735399616,10,opendata,labels_only_diagnostics,0.0,0,0.0,0.0,0.0,0,0,0,0,,none,0.0,0,0.0,0,0.0,open_public_evidence,0.0,native_overlay
8a2a1072c177fff,-73.99786374604417,40.72429368618245,10,opendata,labels_only_diagnostics,0.0,1,0.0,0.0,0.0,1,1,0,0,,complaint,0.0,1,1.0,1,1.0,open_public_evidence,1.0,native_overlay
8a2a1072c187fff,-74.00402858507964,40.72563644575339,10,opendata,labels_only_diagnostics,0.0,0,0.0,0.0,0.0,0,0,0,0,,none,0.0,0,0.0,0,0.0,open_public_evidence,0.0,native_overlay
8a2a1072c18ffff,-74.00367854862861,40.72451322763159,10,opendata,labels_only_diagnostics,0.0,0,0.0,0.0,0.0,0,0,0,0,,none,0.0,0,0.0,0,0.0,open_public_evidence,0.0,native_overlay
8a2a1072c197fff,-74.00556985451755,40.72597208893143,10,opendata,labels_only_diagnostics,0.0,0,0.0,0.0,0.0,0,0,0,0,,none,0.0,0,0.0,0,0.0,open_public_evidence,0.0,native_overlay
8a2a1072c19ffff,-74.00521977828947,40.72484887002534,10,opendata,labels_only_diagnostics,0.0,0,0.0,0.0,0.0,0,0,0,0,,none,0.0,0,0.0,0,0.0,open_public_evidence,0.0,native_overlay
8a2a1072c1a7fff,-74.00283735302146,40.726424016280575,10,opendata,labels_only_diagnostics,0.0,0,0.0,0.0,0.0,0,0,0,0,,none,0.0,0,0.0,0,0.0,open_public_evidence,0.0,native_overlay
8a2a1072c1affff,-74.00248733951167,40.72530078388841,10,opendata,labels_only_diagnostics,0.0,0,0.0,0.0,0.0,0,0,0,0,,none,0.0,0,0.0,0,0.0,open_public_evidence,0.0,native_overlay
8a2a1072c1b7fff,-74.00437863836774,40.72675967893051,10,opendata,labels_only_diagnostics,0.0,0,0.0,0.0,0.0,0,0,0,0,,none,0.0,0,0.0,0,0.0,open_public_evidence,0.0,native_overlay
8a2a1072c207fff,-73.99933797536255,40.7151923699604,10,opendata,labels_only_diagnostics,0.0,0,0.0,0.0,0.0,0,0,0,0,,none,0.0,0,0.0,0,0.0,open_public_evidence,0.0,native_overlay
8a2a1072c20ffff,-73.99898813015075,40.714069288158946,10,opendata,labels_only_diagnostics,0.0,1,0.0,0.0,0.0,1,1,0,0,,complaint,0.0,1,1.0,1,1.0,open_public_evidence,1.0,native_overlay
8a2a1072c217fff,-74.00087886301252,40.71552802473127,10,opendata,labels_only_diagnostics,0.0,0,0.0,0.0,0.0,0,0,0,0,,none,0.0,0,0.0,0,0.0,open_public_evidence,0.0,native_overlay
8a2a1072c21ffff,-74.0005289780417,40.7144049421383,10,opendata,labels_only_diagnostics,0.0,0,0.0,0.0,0.0,0,0,0,0,,none,0.0,0,0.0,0,0.0,open_public_evidence,0.0,native_overlay
8a2a1072c227fff,-73.99814693385403,40.715979792586815,10,opendata,labels_only_diagnostics,0.0,0,0.0,0.0,0.0,0,0,0,0,,none,0.0,0,0.0,0,0.0,open_public_evidence,0.0,native_overlay
8a2a1072c22ffff,-73.99779711157805,40.71485669651534,10,opendata,labels_only_diagnostics,0.0,0,0.0,0.0,0.0,0,0,0,0,,none,0.0,0,0.0,0,0.0,open_public_evidence,0.0,native_overlay
8a2a1072c237fff,-73.99968783739881,40.716315466824014,10,opendata,labels_only_diagnostics,0.0,3,0.0,0.0,0.0,3,1,0,0,,complaint,0.0,1,1.0,1,1.0,open_public_evidence,1.0,native_overlay
8a2a1072c247fff,-73.99709751749248,40.7126105495616,10,opendata,labels_only_diagnostics,0.0,0,0.0,0.0,0.0,0,0,0,0,,none,0.0,0,0.0,0,0.0,open_public_evidence,0.0,native_overlay
8a2a1072c24ffff,-73.99674774568051,40.711487498680675,10,opendata,labels_only_diagnostics,0.0,0,0.0,0.0,0.0,0,0,0,0,,none,0.0,0,0.0,0,0.0,open_public_evidence,0.0,native_overlay
8a2a1072c257fff,-73.99863830176223,40.71294622142034,10,opendata,labels_only_diagnostics,0.0,0,0.0,0.0,0.0,0,0,0,0,,none,0.0,0,0.0,0,0.0,open_public_evidence,0.0,native_overlay
8a2a1072c25ffff,-73.99828849019576,40.71182316974527,10,opendata,labels_only_diagnostics,0.0,0,0.0,0.0,0.0,0,0,0,0,,none,0.0,0,0.0,0,0.0,open_public_evidence,0.0,native_overlay
8a2a1072c267fff,-73.9959065059649,40.7133979241827,10,opendata,labels_only_diagnostics,0.0,0,0.0,0.0,0.0,0,0,0,0,,none,0.0,0,0.0,0,0.0,open_public_evidence,0.0,native_overlay
8a2a1072c26ffff,-73.9955567570885,40.71227485903236,10,opendata,labels_only_diagnostics,0.0,1,0.0,0.0,0.0,1,1,0,0,,complaint,0.0,1,1.0,1,1.0,open_public_evidence,1.0,native_overlay
8a2a1072c277fff,-73.9974473061246,40.71373361550671,10,opendata,labels_only_diagnostics,0.0,1,0.0,0.0,0.0,1,1,0,0,,complaint,0.0,1,1.0,1,1.0,open_public_evidence,1.0,native_overlay
8a2a1072c287fff,-74.00361074541121,40.71507619407416,10,opendata,labels_only_diagnostics,0.0,1,0.0,0.0,0.0,1,1,0,0,,complaint,0.0,1,1.0,1,1.0,open_public_evidence,1.0,native_overlay
8a2a1072c28ffff,-74.00326079774932,40.71395312496295,10,opendata,labels_only_diagnostics,0.0,0,0.0,0.0,0.0,0,0,0,0,,none,0.0,0,0.0,0,0.0,open_public_evidence,0.0,native_overlay
8a2a1072c297fff,-74.00515166488644,40.71541179202854,10,opendata,labels_only_diagnostics,0.0,0,0.0,0.0,0.0,0,0,0,0,,none,0.0,0,0.0,0,0.0,open_public_evidence,0.0,native_overlay
8a2a1072c29ffff,-74.00480167746541,40.714288722129034,10,opendata,labels_only_diagnostics,0.0,0,0.0,0.0,0.0,0,0,0,0,,none,0.0,0,0.0,0,0.0,open_public_evidence,0.0,native_overlay
8a2a1072c2a7fff,-74.00241977452627,40.71586366082693,10,opendata,labels_only_diagnostics,0.0,0,0.0,0.0,0.0,0,0,0,0,,none,0.0,0,0.0,0,0.0,open_public_evidence,0.0,native_overlay
8a2a1072c2affff,-74.00206984979575,40.71474057744374,10,opendata,labels_only_diagnostics,0.0,0,0.0,0.0,0.0,0,0,0,0,,none,0.0,0,0.0,0,0.0,open_public_evidence,0.0,native_overlay
8a2a1072c2b7fff,-74.00396070990215,40.71619927824628,10,opendata,labels_only_diagnostics,0.0,0,0.0,0.0,0.0,0,0,0,0,,none,0.0,0,0.0,0,0.0,open_public_evidence,0.0,native_overlay
8a2a1072c2c7fff,-74.00137005081483,40.71249445586266,10,opendata,labels_only_diagnostics,0.0,0,0.0,0.0,0.0,0,0,0,0,,none,0.0,0,0.0,0,0.0,open_public_evidence,0.0,native_overlay
8a2a1072c2cffff,-74.0010201765621,40.71137141766614,10,opendata,labels_only_diagnostics,0.0,0,0.0,0.0,0.0,0,0,0,0,,none,0.0,0,0.0,0,0.0,open_public_evidence,0.0,native_overlay
8a2a1072c2d7fff,-74.0029108669153,40.71283007091329,10,opendata,labels_only_diagnostics,0.0,0,0.0,0.0,0.0,0,0,0,0,,none,0.0,0,0.0,0,0.0,open_public_evidence,0.0,native_overlay
8a2a1072c2dffff,-74.00256095290794,40.7117070319259,10,opendata,labels_only_diagnostics,0.0,0,0.0,0.0,0.0,0,0,0,0,,none,0.0,0,0.0,0,0.0,open_public_evidence,0.0,native_overlay
8a2a1072c2e7fff,-74.00017910989607,40.713281874607524,10,opendata,labels_only_diagnostics,0.0,0,0.0,0.0,0.0,0,0,0,0,,none,0.0,0,0.0,0,0.0,open_public_evidence,0.0,native_overlay
8a2a1072c2effff,-73.99982925857442,40.712158822139635,10,opendata,labels_only_diagnostics,0.0,0,0.0,0.0,0.0,0,0,0,0,,none,0.0,0,0.0,0,0.0,open_public_evidence,0.0,native_overlay
8a2a1072c2f7fff,-74.00171994189232,40.71361750912208,10,opendata,labels_only_diagnostics,0.0,0,0.0,0.0,0.0,0,0,0,0,,none,0.0,0,0.0,0,0.0,open_public_evidence,0.0,native_overlay
8a2a1072c307fff,-73.99730566967641,40.71789033541887,10,opendata,labels_only_diagnostics,0.0,0,0.0,0.0,0.0,0,0,0,0,,none,0.0,0,0.0,0,0.0,open_public_evidence,0.0,native_overlay
8a2a1072c30ffff,-73.99695585351526,40.71676721001598,10,opendata,labels_only_diagnostics,0.0,0,0.0,0.0,0.0,0,0,0,0,,none,0.0,0,0.0,0,0.0,open_public_evidence,0.0,native_overlay
8a2a1072c317fff,-73.99884662887833,40.71822602991543,10,opendata,labels_only_diagnostics,0.0010174323663072363,0,0.0010174323663072363,0.0010174323663072363,0.0,0,0,0,0,,dep,0.0010174323663072363,1,1.0,1,1.0,open_public_evidence,1.0,native_overlay
8a2a1072c31ffff,-73.99849677295373,40.71710290372039,10,opendata,labels_only_diagnostics,0.0,0,0.0,0.0,0.0,0,0,0,0,,none,0.0,0,0.0,0,0.0,open_public_evidence,0.0,native_overlay
8a2a1072c327fff,-73.996114527566,40.71867776191788,10,opendata,labels_only_diagnostics,0.0,0,0.0,0.0,0.0,0,0,0,0,,none,0.0,0,0.0,0,0.0,open_public_evidence,0.0,native_overlay
8a2a1072c32ffff,-73.99576473434536,40.717554622246375,10,opendata,labels_only_diagnostics,0.0,0,0.0,0.0,0.0,0,0,0,0,,none,0.0,0,0.0,0,0.0,open_public_evidence,0.0,native_overlay
8a2a1072c337fff,-73.99765550266171,40.71901347588316,10,opendata,labels_only_diagnostics,0.0,0,0.0,0.0,0.0,0,0,0,0,,none,0.0,0,0.0,0,0.0,open_public_evidence,0.0,native_overlay
8a2a1072c347fff,-73.99506519836963,40.715308388090286,10,opendata,labels_only_diagnostics,0.0,0,0.0,0.0,0.0,0,0,0,0,,none,0.0,0,0.0,0,0.0,open_public_evidence,0.0,native_overlay
8a2a1072c34ffff,-73.99471545561214,40.71418529360706,10,opendata,labels_only_diagnostics,0.0,0,0.0,0.0,0.0,0,0,0,0,,none,0.0,0,0.0,0,0.0,open_public_evidence,0.0,native_overlay
8a2a1072c357fff,-73.99660605417708,40.7156440996752,10,opendata,labels_only_diagnostics,0.0,0,0.0,0.0,0.0,0,0,0,0,,none,0.0,0,0.0,0,0.0,open_public_evidence,0.0,native_overlay
8a2a1072c35ffff,-73.99625627166068,40.71452100439721,10,opendata,labels_only_diagnostics,0.0,0,0.0,0.0,0.0,0,0,0,0,,none,0.0,0,0.0,0,0.0,open_public_evidence,0.0,native_overlay
8a2a1072c367fff,-73.99387408625053,40.716095766584345,10,opendata,labels_only_diagnostics,0.0,1,0.0,0.0,0.0,1,1,0,0,,complaint,0.0,1,1.0,1,1.0,open_public_evidence,1.0,native_overlay
8a2a1072c36ffff,-73.99352436643332,40.714972657833094,10,opendata,labels_only_diagnostics,0.0,0,0.0,0.0,0.0,0,0,0,0,,none,0.0,0,0.0,0,0.0,open_public_evidence,0.0,native_overlay
8a2a1072c377fff,-73.99541495794696,40.71643149763694,10,opendata,labels_only_diagnostics,0.0,0,0.0,0.0,0.0,0,0,0,0,,none,0.0,0,0.0,0,0.0,open_public_evidence,0.0,native_overlay
8a2a1072c387fff,-74.0015786834345,40.71777423510105,10,opendata,labels_only_diagnostics,0.2780857214294176,3,0.2780857214294176,0.1203605720717221,0.15772514935768525,3,1,0,0,,dep+complaint,0.2780857214294176,1,1.0,1,1.0,open_public_evidence,1.0,native_overlay
8a2a1072c38ffff,-74.00122876480972,40.716651122385755,10,opendata,labels_only_diagnostics,0.22783026705334336,0,0.22783026705334336,0.1256689341473034,0.10216133290603642,0,0,0,0,,dep,0.22783026705334336,1,1.0,1,1.0,open_public_evidence,1.0,native_overlay
8a2a1072c397fff,-74.00311967447347,40.71810987277517,10,opendata,labels_only_diagnostics,0.0,0,0.0,0.0,0.0,0,0,0,0,,none,0.0,0,0.0,0,0.0,open_public_evidence,0.0,native_overlay
8a2a1072c39ffff,-74.00276971608511,40.71698675927096,10,opendata,labels_only_diagnostics,0.03880136904678271,0,0.03880136904678271,0.03880136904678271,0.0,0,0,0,0,,dep,0.03880136904678271,1,1.0,1,1.0,open_public_evidence,1.0,native_overlay
8a2a1072c3a7fff,-74.0003876119494,40.718561705735,10,opendata,labels_only_diagnostics,0.35923362741259923,1,0.35923362741259923,0.33530870313217265,0.023924924280427497,1,1,0,0,,dep+complaint,0.35923362741259923,1,1.0,1,1.0,open_public_evidence,1.0,native_overlay
8a2a1072c3affff,-74.0000377162607,40.7174385787491,10,opendata,labels_only_diagnostics,0.1414188169616172,1,0.1414188169616172,0.12830943697258637,0.01310937998904388,1,1,0,0,,dep+complaint,0.1414188169616172,1,1.0,1,1.0,open_public_evidence,1.0,native_overlay
8a2a1072c3b7fff,-74.00192861888803,40.71889736287649,10,opendata,labels_only_diagnostics,0.10865531853117576,0,0.10865531853117576,0.10670101809000858,0.00195430044116717,0,0,0,0,,dep,0.10865531853117576,1,1.0,1,1.0,open_public_evidence,1.0,native_overlay
8a2a1072c407fff,-74.0125760262977,40.7254035939159,10,opendata,labels_only_diagnostics,0.0,0,0.0,0.0,0.0,0,0,0,0,,none,0.0,0,0.0,0,0.0,open_public_evidence,0.0,native_overlay
8a2a1072c40ffff,-74.01222578486777,40.72428040121263,10,opendata,labels_only_diagnostics,0.0,0,0.0,0.0,0.0,0,0,0,0,,none,0.0,0,0.0,0,0.0,open_public_evidence,0.0,native_overlay
8a2a1072c417fff,-74.01411735935963,40.72573912339616,10,opendata,labels_only_diagnostics,0.0,0,0.0,0.0,0.0,0,0,0,0,,none,0.0,0,0.0,0,0.0,open_public_evidence,0.0,native_overlay
8a2a1072c41ffff,-74.01376707815243,40.7246159299151,10,opendata,labels_only_diagnostics,0.0,0,0.0,0.0,0.0,0,0,0,0,,none,0.0,0,0.0,0,0.0,open_public_evidence,0.0,native_overlay
8a2a1072c427fff,-74.01138493559189,40.72619125272245,10,opendata,labels_only_diagnostics,0.0,0,0.0,0.0,0.0,0,0,0,0,,none,0.0,0,0.0,0,0.0,open_public_evidence,0.0,native_overlay
8a2a1072c42ffff,-74.01103471709426,40.72506804574488,10,opendata,labels_only_diagnostics,0.0,1,0.0,0.0,0.0,1,1,0,0,,complaint,0.0,1,1.0,1,1.0,open_public_evidence,1.0,native_overlay
8a2a1072c437fff,-74.0129262845739,40.726526801671916,10,opendata,labels_only_diagnostics,0.0,0,0.0,0.0,0.0,0,0,0,0,,none,0.0,0,0.0,0,0.0,open_public_evidence,0.0,native_overlay
8a2a1072c447fff,-74.01033433063081,40.722821676950645,10,opendata,labels_only_diagnostics,0.0,0,0.0,0.0,0.0,0,0,0,0,,none,0.0,0,0.0,0,0.0,open_public_evidence,0.0,native_overlay
8a2a1072c44ffff,-74.00998416266262,40.721698515135365,10,opendata,labels_only_diagnostics,0.0,0,0.0,0.0,0.0,0,0,0,0,,none,0.0,0,0.0,0,0.0,open_public_evidence,0.0,native_overlay
8a2a1072c457fff,-74.01187556028293,40.7231572235628,10,opendata,labels_only_diagnostics,0.0,0,0.0,0.0,0.0,0,0,0,0,,none,0.0,0,0.0,0,0.0,open_public_evidence,0.0,native_overlay
8a2a1072c45ffff,-74.01152535254197,40.7220340609671,10,opendata,labels_only_diagnostics,0.0,2,0.0,0.0,0.0,2,1,0,0,,complaint,0.0,1,1.0,1,1.0,open_public_evidence,1.0,native_overlay
8a2a1072c467fff,-74.00914326987365,40.723609287740416,10,opendata,labels_only_diagnostics,0.0,0,0.0,0.0,0.0,0,0,0,0,,none,0.0,0,0.0,0,0.0,open_public_evidence,0.0,native_overlay
8a2a1072c46ffff,-74.00879312483751,40.722486111651406,10,opendata,labels_only_diagnostics,0.0,0,0.0,0.0,0.0,0,0,0,0,,none,0.0,0,0.0,0,0.0,open_public_evidence,0.0,native_overlay
8a2a1072c477fff,-74.01068451544096,40.72394485382071,10,opendata,labels_only_diagnostics,0.0,0,0.0,0.0,0.0,0,0,0,0,,none,0.0,0,0.0,0,0.0,open_public_evidence,0.0,native_overlay
8a2a1072c487fff,-74.0168497362885,40.72528693124739,10,opendata,labels_only_diagnostics,0.0,0,0.0,0.0,0.0,0,0,0,0,,none,0.0,0,0.0,0,0.0,open_public_evidence,0.0,native_overlay
8a2a1072c48ffff,-74.0164993923755,40.72416375126606,10,opendata,labels_only_diagnostics,0.0,0,0.0,0.0,0.0,0,0,0,0,,none,0.0,0,0.0,0,0.0,open_public_evidence,0.0,native_overlay
8a2a1072c497fff,-74.0183911011366,40.72562240387508,10,opendata,labels_only_diagnostics,0.0,0,0.0,0.0,0.0,0,0,0,0,,none,0.0,0,0.0,0,0.0,open_public_evidence,0.0,native_overlay
8a2a1072c49ffff,-74.01804071744615,40.72449922311921,10,opendata,labels_only_diagnostics,0.0,0,0.0,0.0,0.0,0,0,0,0,,none,0.0,0,0.0,0,0.0,open_public_evidence,0.0,native_overlay
8a2a1072c4a7fff,-74.01565871627842,40.726074634184606,10,opendata,labels_only_diagnostics,0.0,0,0.0,0.0,0.0,0,0,0,0,,none,0.0,0,0.0,0,0.0,open_public_evidence,0.0,native_overlay
8a2a1072c4affff,-74.01530839529322,40.72495143992703,10,opendata,labels_only_diagnostics,0.0,0,0.0,0.0,0.0,0,0,0,0,,none,0.0,0,0.0,0,0.0,open_public_evidence,0.0,native_overlay
8a2a1072c4b7fff,-74.0172000970524,40.72641012628015,10,opendata,labels_only_diagnostics,0.0,0,0.0,0.0,0.0,0,0,0,0,,none,0.0,0,0.0,0,0.0,open_public_evidence,0.0,native_overlay
8a2a1072c4c7fff,-74.01460780386842,40.722705096568944,10,opendata,labels_only_diagnostics,0.0,0,0.0,0.0,0.0,0,0,0,0,,none,0.0,0,0.0,0,0.0,open_public_evidence,0.0,native_overlay
8a2a1072c4cffff,-74.01425753342644,40.721581947469794,10,opendata,labels_only_diagnostics,0.0,0,0.0,0.0,0.0,0,0,0,0,,none,0.0,0,0.0,0,0.0,open_public_evidence,0.0,native_overlay
8a2a1072c4d7fff,-74.01614906531215,40.72304058633691,10,opendata,labels_only_diagnostics,0.0,0,0.0,0.0,0.0,0,0,0,0,,none,0.0,0,0.0,0,0.0,open_public_evidence,0.0,native_overlay
8a2a1072c4dffff,-74.01579875509728,40.721917436460586,10,opendata,labels_only_diagnostics,0.0,0,0.0,0.0,0.0,0,0,0,0,,none,0.0,0,0.0,0,0.0,open_public_evidence,0.0,native_overlay
8a2a1072c4e7fff,-74.01341681379219,40.723492751486816,10,opendata,labels_only_diagnostics,0.0,0,0.0,0.0,0.0,0,0,0,0,,none,0.0,0,0.0,0,0.0,open_public_evidence,0.0,native_overlay
8a2a1072c4effff,-74.0130665662778,40.72236958811198,10,opendata,labels_only_diagnostics,0.0,0,0.0,0.0,0.0,0,0,0,0,,none,0.0,0,0.0,0,0.0,open_public_evidence,0.0,native_overlay
8a2a1072c4f7fff,-74.01495809115696,40.723828260721575,10,opendata,labels_only_diagnostics,0.0,0,0.0,0.0,0.0,0,0,0,0,,none,0.0,0,0.0,0,0.0,open_public_evidence,0.0,native_overlay
8a2a1072c507fff,-74.0105440184423,40.72810214263707,10,opendata,labels_only_diagnostics,0.2348800155390752,0,0.2348800155390752,0.1573689592392052,0.07751105629988664,0,0,0,0,,dep,0.2348800155390752,1,1.0,1,1.0,open_public_evidence,1.0,native_overlay
8a2a1072c50ffff,-74.01019380603415,40.726978906333166,10,opendata,labels_only_diagnostics,0.13708696722130526,0,0.13708696722130526,0.06523316924556649,0.07185379797572213,0,0,0,0,,dep,0.13708696722130526,1,1.0,1,1.0,open_public_evidence,1.0,native_overlay
8a2a1072c517fff,-74.01208542312496,40.728437711835056,10,opendata,labels_only_diagnostics,0.0,0,0.0,0.0,0.0,0,0,0,0,,none,0.0,0,0.0,0,0.0,open_public_evidence,0.0,native_overlay
8a2a1072c51ffff,-74.01173517093505,40.72731447475273,10,opendata,labels_only_diagnostics,4.029899268478109e-05,0,4.029899268478109e-05,4.029899268478109e-05,0.0,0,0,0,0,,dep,4.029899268478109e-05,1,1.0,1,1.0,open_public_evidence,1.0,native_overlay
8a2a1072c527fff,-74.00935282709479,40.72888980532334,10,opendata,labels_only_diagnostics,0.0,0,0.0,0.0,0.0,0,0,0,0,,none,0.0,0,0.0,0,0.0,open_public_evidence,0.0,native_overlay
8a2a1072c52ffff,-74.00900263762361,40.72776655474654,10,opendata,labels_only_diagnostics,0.0,0,0.0,0.0,0.0,0,0,0,0,,none,0.0,0,0.0,0,0.0,open_public_evidence,0.0,native_overlay
8a2a1072c537fff,-74.01089424769646,40.72922539399294,10,opendata,labels_only_diagnostics,0.13989874976011266,0,0.13989874976011266,0.11667675799086914,0.02322199176924356,0,0,0,0,,dep,0.13989874976011266,1,1.0,1,1.0,open_public_evidence,1.0,native_overlay
8a2a1072c547fff,-74.00830230921223,40.725520098751595,10,opendata,labels_only_diagnostics,0.0,0,0.0,0.0,0.0,0,0,0,0,,none,0.0,0,0.0,0,0.0,open_public_evidence,0.0,native_overlay
8a2a1072c54ffff,-74.00795217026965,40.724396893334834,10,opendata,labels_only_diagnostics,0.0,1,0.0,0.0,0.0,1,1,0,0,,complaint,0.0,1,1.0,1,1.0,open_public_evidence,1.0,native_overlay
8a2a1072c557fff,-74.00984361047078,40.72585568508198,10,opendata,labels_only_diagnostics,0.0,0,0.0,0.0,0.0,0,0,0,0,,none,0.0,0,0.0,0,0.0,open_public_evidence,0.0,native_overlay
8a2a1072c55ffff,-74.00949343175103,40.724732478884164,10,opendata,labels_only_diagnostics,0.0,0,0.0,0.0,0.0,0,0,0,0,,none,0.0,0,0.0,0,0.0,open_public_evidence,0.0,native_overlay
8a2a1072c567fff,-74.00711114782372,40.726307713421456,10,opendata,labels_only_diagnostics,0.0,1,0.0,0.0,0.0,1,1,0,0,,complaint,0.0,1,1.0,1,1.0,open_public_evidence,1.0,native_overlay
8a2a1072c56ffff,-74.00676103181789,40.72518449373235,10,opendata,labels_only_diagnostics,0.0,0,0.0,0.0,0.0,0,0,0,0,,none,0.0,0,0.0,0,0.0,open_public_evidence,0.0,native_overlay
8a2a1072c577fff,-74.00865246499649,40.72664331922239,10,opendata,labels_only_diagnostics,0.0,0,0.0,0.0,0.0,0,0,0,0,,none,0.0,0,0.0,0,0.0,open_public_evidence,0.0,native_overlay
8a2a1072c587fff,-74.01481797231988,40.72798555551391,10,opendata,labels_only_diagnostics,0.0,0,0.0,0.0,0.0,0,0,0,0,,none,0.0,0,0.0,0,0.0,open_public_evidence,0.0,native_overlay
8a2a1072c58ffff,-74.01446765741507,40.72686233192933,10,opendata,labels_only_diagnostics,0.0,0,0.0,0.0,0.0,0,0,0,0,,none,0.0,0,0.0,0,0.0,open_public_evidence,0.0,native_overlay
8a2a1072c597fff,-74.01635940880043,40.72832106785338,10,opendata,labels_only_diagnostics,0.0,0,0.0,0.0,0.0,0,0,0,0,,none,0.0,0,0.0,0,0.0,open_public_evidence,0.0,native_overlay
8a2a1072c59ffff,-74.01600905411377,40.72719784349362,10,opendata,labels_only_diagnostics,0.0,0,0.0,0.0,0.0,0,0,0,0,,none,0.0,0,0.0,0,0.0,open_public_evidence,0.0,native_overlay
8a2a1072c5a7fff,-74.01362685166981,40.72877326233945,10,opendata,labels_only_diagnostics,0.0,0,0.0,0.0,0.0,0,0,0,0,,none,0.0,0,0.0,0,0.0,open_public_evidence,0.0,native_overlay
8a2a1072c5affff,-74.01327655969753,40.72765002448,10,opendata,labels_only_diagnostics,0.0,0,0.0,0.0,0.0,0,0,0,0,,none,0.0,0,0.0,0,0.0,open_public_evidence,0.0,native_overlay
8a2a1072c5b7fff,-74.01516830407526,40.7291087941492,10,opendata,labels_only_diagnostics,0.0,0,0.0,0.0,0.0,0,0,0,0,,none,0.0,0,0.0,0,0.0,open_public_evidence,0.0,native_overlay
8a2a1072c607fff,-74.01012468999326,40.717541561139306,10,opendata,labels_only_diagnostics,0.0,1,0.0,0.0,0.0,1,1,0,0,,complaint,0.0,1,1.0,1,1.0,open_public_evidence,1.0,native_overlay
8a2a1072c60ffff,-74.00977456645393,40.71641847382456,10,opendata,labels_only_diagnostics,0.0,0,0.0,0.0,0.0,0,0,0,0,,none,0.0,0,0.0,0,0.0,open_public_evidence,0.0,native_overlay
8a2a1072c617fff,-74.0116657446546,40.717877085161135,10,opendata,labels_only_diagnostics,0.0,0,0.0,0.0,0.0,0,0,0,0,,none,0.0,0,0.0,0,0.0,open_public_evidence,0.0,native_overlay
8a2a1072c61ffff,-74.01131558135143,40.71675399706396,10,opendata,labels_only_diagnostics,0.0,0,0.0,0.0,0.0,0,0,0,0,,none,0.0,0,0.0,0,0.0,open_public_evidence,0.0,native_overlay
8a2a1072c627fff,-74.00893375979791,40.71832912002511,10,opendata,labels_only_diagnostics,0.0,0,0.0,0.0,0.0,0,0,0,0,,none,0.0,0,0.0,0,0.0,open_public_evidence,0.0,native_overlay
8a2a1072c62ffff,-74.00858365918569,40.717206018435846,10,opendata,labels_only_diagnostics,0.0,0,0.0,0.0,0.0,0,0,0,0,,none,0.0,0,0.0,0,0.0,open_public_evidence,0.0,native_overlay
8a2a1072c637fff,-74.01047483037055,40.718664663511625,10,opendata,labels_only_diagnostics,0.0,0,0.0,0.0,0.0,0,0,0,0,,none,0.0,0,0.0,0,0.0,open_public_evidence,0.0,native_overlay
8a2a1072c647fff,-74.0078835084681,40.71495986043266,10,opendata,labels_only_diagnostics,0.0,0,0.0,0.0,0.0,0,0,0,0,,none,0.0,0,0.0,0,0.0,open_public_evidence,0.0,native_overlay
8a2a1072c64ffff,-74.00753345836034,40.71383680402013,10,opendata,labels_only_diagnostics,0.0,0,0.0,0.0,0.0,0,0,0,0,,none,0.0,0,0.0,0,0.0,open_public_evidence,0.0,native_overlay
8a2a1072c657fff,-74.00942445975134,40.71529540156805,10,opendata,labels_only_diagnostics,0.0,0,0.0,0.0,0.0,0,0,0,0,,none,0.0,0,0.0,0,0.0,open_public_evidence,0.0,native_overlay
8a2a1072c65ffff,-74.00907436988433,40.71417234437049,10,opendata,labels_only_diagnostics,0.0,0,0.0,0.0,0.0,0,0,0,0,,none,0.0,0,0.0,0,0.0,open_public_evidence,0.0,native_overlay
8a2a1072c667fff,-74.00669260821977,40.71574737130577,10,opendata,labels_only_diagnostics,0.0,0,0.0,0.0,0.0,0,0,0,0,,none,0.0,0,0.0,0,0.0,open_public_evidence,0.0,native_overlay
8a2a1072c66ffff,-74.00634258103888,40.714624300619306,10,opendata,labels_only_diagnostics,0.0,0,0.0,0.0,0.0,0,0,0,0,,none,0.0,0,0.0,0,0.0,open_public_evidence,0.0,native_overlay
8a2a1072c677fff,-74.00823357540948,40.71608293190479,10,opendata,labels_only_diagnostics,0.0,1,0.0,0.0,0.0,1,1,0,0,,complaint,0.0,1,1.0,1,1.0,open_public_evidence,1.0,native_overlay
8a2a1072c687fff,-74.01439768269891,40.7174249874975,10,opendata,labels_only_diagnostics,0.0,0,0.0,0.0,0.0,0,0,0,0,,none,0.0,0,0.0,0,0.0,open_public_evidence,0.0,native_overlay
8a2a1072c68ffff,-74.01404745670864,40.71630191289571,10,opendata,labels_only_diagnostics,0.0,0,0.0,0.0,0.0,0,0,0,0,,none,0.0,0,0.0,0,0.0,open_public_evidence,0.0,native_overlay
8a2a1072c697fff,-74.01593876914552,40.717760454689476,10,opendata,labels_only_diagnostics,0.0,0,0.0,0.0,0.0,0,0,0,0,,none,0.0,0,0.0,0,0.0,open_public_evidence,0.0,native_overlay
8a2a1072c69ffff,-74.01558850339131,40.71663737930854,10,opendata,labels_only_diagnostics,0.0,0,0.0,0.0,0.0,0,0,0,0,,none,0.0,0,0.0,0,0.0,open_public_evidence,0.0,native_overlay
8a2a1072c6a7fff,-74.01320682316795,40.71821259050023,10,opendata,labels_only_diagnostics,0.0,0,0.0,0.0,0.0,0,0,0,0,,none,0.0,0,0.0,0,0.0,open_public_evidence,0.0,native_overlay
8a2a1072c6affff,-74.01285662010031,40.71708950162197,10,opendata,labels_only_diagnostics,0.0,2,0.0,0.0,0.0,2,1,0,0,,complaint,0.0,1,1.0,1,1.0,open_public_evidence,1.0,native_overlay
8a2a1072c6b7fff,-74.01474792553172,40.71854807715557,10,opendata,labels_only_diagnostics,0.0,0,0.0,0.0,0.0,0,0,0,0,,none,0.0,0,0.0,0,0.0,open_public_evidence,0.0,native_overlay
8a2a1072c6c7fff,-74.01215626448568,40.714843369036934,10,opendata,labels_only_diagnostics,1.9367547132414126e-08,0,1.9367547132414126e-08,1.9367547132414126e-08,0.0,0,0,0,0,,dep,1.9367547132414126e-08,1,1.0,1,1.0,open_public_evidence,1.0,native_overlay
8a2a1072c6cffff,-74.01180611193631,40.71372032533154,10,opendata,labels_only_diagnostics,0.004405427013697717,0,0.004405427013697717,0.004405427013697717,0.0,0,0,0,0,,dep,0.004405427013697717,1,1.0,1,1.0,open_public_evidence,1.0,native_overlay
8a2a1072c6d7fff,-74.0136972475597,40.71517885335089,10,opendata,labels_only_diagnostics,0.008100498906823064,0,0.008100498906823064,0.008100498906823064,0.0,0,0,0,0,,dep,0.008100498906823064,1,1.0,1,1.0,open_public_evidence,1.0,native_overlay
8a2a1072c6dffff,-74.01334705525095,40.714055808863726,10,opendata,labels_only_diagnostics,0.27234822556571764,1,0.27234822556571764,0.12354615664276672,0.14880206892295372,1,1,0,0,,dep+complaint,0.27234822556571764,1,1.0,1,1.0,open_public_evidence,1.0,native_overlay
8a2a1072c6e7fff,-74.01096543488697,40.7156309240244,10,opendata,labels_only_diagnostics,0.0,0,0.0,0.0,0.0,0,0,0,0,,none,0.0,0,0.0,0,0.0,open_public_evidence,0.0,native_overlay
8a2a1072c6effff,-74.01061530526,40.714507866043114,10,opendata,labels_only_diagnostics,0.0,0,0.0,0.0,0.0,0,0,0,0,,none,0.0,0,0.0,0,0.0,open_public_evidence,0.0,native_overlay
8a2a1072c6f7fff,-74.0125064338733,40.715966427800645,10,opendata,labels_only_diagnostics,0.0,0,0.0,0.0,0.0,0,0,0,0,,none,0.0,0,0.0,0,0.0,open_public_evidence,0.0,native_overlay
8a2a1072c707fff,-74.00809288528413,40.720239804640435,10,opendata,labels_only_diagnostics,0.0,0,0.0,0.0,0.0,0,0,0,0,,none,0.0,0,0.0,0,0.0,open_public_evidence,0.0,native_overlay
8a2a1072c70ffff,-74.00774279076454,40.71911667371982,10,opendata,labels_only_diagnostics,0.0,1,0.0,0.0,0.0,1,1,0,0,,complaint,0.0,1,1.0,1,1.0,open_public_evidence,1.0,native_overlay
8a2a1072c717fff,-74.00963401153518,40.720575368375556,10,opendata,labels_only_diagnostics,0.0,0,0.0,0.0,0.0,0,0,0,0,,none,0.0,0,0.0,0,0.0,open_public_evidence,0.0,native_overlay
8a2a1072c71ffff,-74.00928387724737,40.719452236671906,10,opendata,labels_only_diagnostics,0.0,1,0.0,0.0,0.0,1,1,0,0,,complaint,0.0,1,1.0,1,1.0,open_public_evidence,1.0,native_overlay
8a2a1072c727fff,-74.00690185448,40.72102736741563,10,opendata,labels_only_diagnostics,0.0,0,0.0,0.0,0.0,0,0,0,0,,none,0.0,0,0.0,0,0.0,open_public_evidence,0.0,native_overlay
8a2a1072c72ffff,-74.00655178289222,40.71990422222189,10,opendata,labels_only_diagnostics,0.1450333593051365,0,0.1450333593051365,0.14045146332564765,0.004581895979488842,0,0,0,0,,dep,0.1450333593051365,1,1.0,1,1.0,open_public_evidence,1.0,native_overlay
8a2a1072c737fff,-74.0084429966414,40.72136295061786,10,opendata,labels_only_diagnostics,0.0,0,0.0,0.0,0.0,0,0,0,0,,none,0.0,0,0.0,0,0.0,open_public_evidence,0.0,native_overlay
8a2a1072c747fff,-74.00585169022263,40.71765797700752,10,opendata,labels_only_diagnostics,0.0,0,0.0,0.0,0.0,0,0,0,0,,none,0.0,0,0.0,0,0.0,open_public_evidence,0.0,native_overlay
8a2a1072c74ffff,-74.00550166913845,40.716534876988256,10,opendata,labels_only_diagnostics,0.0,0,0.0,0.0,0.0,0,0,0,0,,none,0.0,0,0.0,0,0.0,open_public_evidence,0.0,native_overlay
8a2a1072c757fff,-74.0073927130814,40.7179935578567,10,opendata,labels_only_diagnostics,0.0,1,0.0,0.0,0.0,1,1,0,0,,complaint,0.0,1,1.0,1,1.0,open_public_evidence,1.0,native_overlay
8a2a1072c75ffff,-74.00704265223352,40.716870457051805,10,opendata,labels_only_diagnostics,0.0,1,0.0,0.0,0.0,1,1,0,0,,complaint,0.0,1,1.0,1,1.0,open_public_evidence,1.0,native_overlay
8a2a1072c767fff,-74.00466068937591,40.718445491770375,10,opendata,labels_only_diagnostics,0.0,0,0.0,0.0,0.0,0,0,0,0,,none,0.0,0,0.0,0,0.0,open_public_evidence,0.0,native_overlay
8a2a1072c76ffff,-74.00431069122332,40.717322377478574,10,opendata,labels_only_diagnostics,0.0,0,0.0,0.0,0.0,0,0,0,0,,none,0.0,0,0.0,0,0.0,open_public_evidence,0.0,native_overlay
8a2a1072c777fff,-74.00620172814016,40.718781092085614,10,opendata,labels_only_diagnostics,0.012722719885295932,0,0.012722719885295932,0.012722719885295932,0.0,0,0,0,0,,dep,0.012722719885295932,1,1.0,1,1.0,open_public_evidence,1.0,native_overlay
8a2a1072c787fff,-74.01236612178168,40.72012330652548,10,opendata,labels_only_diagnostics,0.0,0,0.0,0.0,0.0,0,0,0,0,,none,0.0,0,0.0,0,0.0,open_public_evidence,0.0,native_overlay
8a2a1072c78ffff,-74.0120159247976,40.719000188315206,10,opendata,labels_only_diagnostics,0.0,0,0.0,0.0,0.0,0,0,0,0,,none,0.0,0,0.0,0,0.0,open_public_evidence,0.0,native_overlay
8a2a1072c797fff,-74.01390727982984,40.72045881342484,10,opendata,labels_only_diagnostics,0.0,0,0.0,0.0,0.0,0,0,0,0,,none,0.0,0,0.0,0,0.0,open_public_evidence,0.0,native_overlay
8a2a1072c79ffff,-74.01355704307738,40.71933569443476,10,opendata,labels_only_diagnostics,0.0,0,0.0,0.0,0.0,0,0,0,0,,none,0.0,0,0.0,0,0.0,open_public_evidence,0.0,native_overlay
8a2a1072c7a7fff,-74.01117516164372,40.72091091342621,10,opendata,labels_only_diagnostics,0.0,0,0.0,0.0,0.0,0,0,0,0,,none,0.0,0,0.0,0,0.0,open_public_evidence,0.0,native_overlay
8a2a1072c7affff,-74.01082498758696,40.71978778094082,10,opendata,labels_only_diagnostics,0.0,0,0.0,0.0,0.0,0,0,0,0,,none,0.0,0,0.0,0,0.0,open_public_evidence,0.0,native_overlay
8a2a1072c7b7fff,-74.012716335608,40.721246439791315,10,opendata,labels_only_diagnostics,0.0,0,0.0,0.0,0.0,0,0,0,0,,none,0.0,0,0.0,0,0.0,open_public_evidence,0.0,native_overlay
8a2a1072c807fff,-73.99344813267909,40.72856691258618,10,opendata,labels_only_diagnostics,0.0,0,0.0,0.0,0.0,0,0,0,0,,none,0.0,0,0.0,0,0.0,open_public_evidence,0.0,native_overlay
8a2a1072c80ffff,-73.99309833029986,40.72744362548967,10,opendata,labels_only_diagnostics,0.0,0,0.0,0.0,0.0,0,0,0,0,,none,0.0,0,0.0,0,0.0,open_public_evidence,0.0,native_overlay
8a2a1072c817fff,-73.99498940999746,40.7289027091936,10,opendata,labels_only_diagnostics,0.0,0,0.0,0.0,0.0,0,0,0,0,,none,0.0,0,0.0,0,0.0,open_public_evidence,0.0,native_overlay
8a2a1072c81ffff,-73.99463956783697,40.72777942130565,10,opendata,labels_only_diagnostics,0.0,0,0.0,0.0,0.0,0,0,0,0,,none,0.0,0,0.0,0,0.0,open_public_evidence,0.0,native_overlay
8a2a1072c827fff,-73.99225665867185,40.729354398655424,10,opendata,labels_only_diagnostics,0.0,0,0.0,0.0,0.0,0,0,0,0,,none,0.0,0,0.0,0,0.0,open_public_evidence,0.0,native_overlay
8a2a1072c82ffff,-73.99190687924751,40.72823109729386,10,opendata,labels_only_diagnostics,0.0,0,0.0,0.0,0.0,0,0,0,0,,none,0.0,0,0.0,0,0.0,open_public_evidence,0.0,native_overlay
8a2a1072c837fff,-73.99379795188592,40.72969021473983,10,opendata,labels_only_diagnostics,0.0,0,0.0,0.0,0.0,0,0,0,0,,none,0.0,0,0.0,0,0.0,open_public_evidence,0.0,native_overlay
8a2a1072c847fff,-73.99120737087458,40.7259845397448,10,opendata,labels_only_diagnostics,0.0,0,0.0,0.0,0.0,0,0,0,0,,none,0.0,0,0.0,0,0.0,open_public_evidence,0.0,native_overlay
8a2a1072c84ffff,-73.99085764192365,40.72486128355868,10,opendata,labels_only_diagnostics,0.0,13,0.0,0.0,0.0,13,1,0,0,,complaint,0.0,1,1.0,1,1.0,open_public_evidence,1.0,native_overlay
8a2a1072c857fff,-73.992748544747,40.72632035345099,10,opendata,labels_only_diagnostics,0.0,1,0.0,0.0,0.0,1,1,0,0,,complaint,0.0,1,1.0,1,1.0,open_public_evidence,1.0,native_overlay
8a2a1072c85ffff,-73.99239877601937,40.72519709647082,10,opendata,labels_only_diagnostics,0.0,0,0.0,0.0,0.0,0,0,0,0,,none,0.0,0,0.0,0,0.0,open_public_evidence,0.0,native_overlay
8a2a1072c867fff,-73.99001592688553,40.72677197780797,10,opendata,labels_only_diagnostics,0.0,0,0.0,0.0,0.0,0,0,0,0,,none,0.0,0,0.0,0,0.0,open_public_evidence,0.0,native_overlay
8a2a1072c86ffff,-73.98966622088923,40.72564870735738,10,opendata,labels_only_diagnostics,0.0,1,0.0,0.0,0.0,1,1,0,0,,complaint,0.0,1,1.0,1,1.0,open_public_evidence,1.0,native_overlay
8a2a1072c877fff,-73.9915571166488,40.727107810990084,10,opendata,labels_only_diagnostics,0.0,0,0.0,0.0,0.0,0,0,0,0,,none,0.0,0,0.0,0,0.0,open_public_evidence,0.0,native_overlay
8a2a1072c887fff,-73.99772211456276,40.72845095688255,10,opendata,labels_only_diagnostics,0.0,0,0.0,0.0,0.0,0,0,0,0,,none,0.0,0,0.0,0,0.0,open_public_evidence,0.0,native_overlay
8a2a1072c88ffff,-73.99737220966995,40.72732768247151,10,opendata,labels_only_diagnostics,0.0,0,0.0,0.0,0.0,0,0,0,0,,none,0.0,0,0.0,0,0.0,open_public_evidence,0.0,native_overlay
8a2a1072c897fff,-73.99926342374808,40.72878669664132,10,opendata,labels_only_diagnostics,0.0,0,0.0,0.0,0.0,0,0,0,0,,none,0.0,0,0.0,0,0.0,open_public_evidence,0.0,native_overlay
8a2a1072c89ffff,-73.9989134790739,40.727663421442074,10,opendata,labels_only_diagnostics,0.0,0,0.0,0.0,0.0,0,0,0,0,,none,0.0,0,0.0,0,0.0,open_public_evidence,0.0,native_overlay
8a2a1072c8a7fff,-73.99653071120089,40.72923848711505,10,opendata,labels_only_diagnostics,0.0,0,0.0,0.0,0.0,0,0,0,0,,none,0.0,0,0.0,0,0.0,open_public_evidence,0.0,native_overlay
8a2a1072c8affff,-73.9961808292585,40.728115198436974,10,opendata,labels_only_diagnostics,0.0,0,0.0,0.0,0.0,0,0,0,0,,none,0.0,0,0.0,0,0.0,open_public_evidence,0.0,native_overlay
8a2a1072c8b7fff,-73.99807203628775,40.72957424634946,10,opendata,labels_only_diagnostics,0.0,0,0.0,0.0,0.0,0,0,0,0,,none,0.0,0,0.0,0,0.0,open_public_evidence,0.0,native_overlay
8a2a1072c8c7fff,-73.99548111586327,40.72586866625105,10,opendata,labels_only_diagnostics,0.0,0,0.0,0.0,0.0,0,0,0,0,,none,0.0,0,0.0,0,0.0,open_public_evidence,0.0,native_overlay
8a2a1072c8cffff,-73.99513128440809,40.724745422744576,10,opendata,labels_only_diagnostics,0.0,0,0.0,0.0,0.0,0,0,0,0,,none,0.0,0,0.0,0,0.0,open_public_evidence,0.0,native_overlay
8a2a1072c8d7fff,-73.99702232160811,40.726204423117,10,opendata,labels_only_diagnostics,0.0,0,0.0,0.0,0.0,0,0,0,0,,none,0.0,0,0.0,0,0.0,open_public_evidence,0.0,native_overlay
8a2a1072c8dffff,-73.99667245037611,40.72508117881972,10,opendata,labels_only_diagnostics,0.0,0,0.0,0.0,0.0,0,0,0,0,,none,0.0,0,0.0,0,0.0,open_public_evidence,0.0,native_overlay
8a2a1072c8e7fff,-73.99428974250482,40.72665614847488,10,opendata,labels_only_diagnostics,0.0,0,0.0,0.0,0.0,0,0,0,0,,none,0.0,0,0.0,0,0.0,open_public_evidence,0.0,native_overlay
8a2a1072c8effff,-73.99393993399981,40.72553289070196,10,opendata,labels_only_diagnostics,0.0,0,0.0,0.0,0.0,0,0,0,0,,none,0.0,0,0.0,0,0.0,open_public_evidence,0.0,native_overlay
8a2a1072c8f7fff,-73.99583096414635,40.7269919248154,10,opendata,labels_only_diagnostics,0.0,0,0.0,0.0,0.0,0,0,0,0,,none,0.0,0,0.0,0,0.0,open_public_evidence,0.0,native_overlay
8a2a1072c907fff,-73.99141491910795,40.73126521019487,10,opendata,labels_only_diagnostics,0.0,0,0.0,0.0,0.0,0,0,0,0,,none,0.0,0,0.0,0,0.0,open_public_evidence,0.0,native_overlay
8a2a1072c90ffff,-73.99106514581437,40.73014187951185,10,opendata,labels_only_diagnostics,0.0,1,0.0,0.0,0.0,1,1,0,0,,complaint,0.0,1,1.0,1,1.0,open_public_evidence,1.0,native_overlay
8a2a1072c917fff,-73.99295626800226,40.731601046549194,10,opendata,labels_only_diagnostics,0.0,0,0.0,0.0,0.0,0,0,0,0,,none,0.0,0,0.0,0,0.0,open_public_evidence,0.0,native_overlay
8a2a1072c91ffff,-73.99260645492303,40.73047771507411,10,opendata,labels_only_diagnostics,0.0,0,0.0,0.0,0.0,0,0,0,0,,none,0.0,0,0.0,0,0.0,open_public_evidence,0.0,native_overlay
8a2a1072c927fff,-73.99022334443977,40.73205270010059,10,opendata,labels_only_diagnostics,0.0,0,0.0,0.0,0.0,0,0,0,0,,none,0.0,0,0.0,0,0.0,open_public_evidence,0.0,native_overlay
8a2a1072c92ffff,-73.98987359410579,40.73092935515388,10,opendata,labels_only_diagnostics,0.0,1,0.0,0.0,0.0,1,1,0,0,,complaint,0.0,1,1.0,1,1.0,open_public_evidence,1.0,native_overlay
8a2a1072c937fff,-73.9917647092288,40.7323885559343,10,opendata,labels_only_diagnostics,0.0,0,0.0,0.0,0.0,0,0,0,0,,none,0.0,0,0.0,0,0.0,open_public_evidence,0.0,native_overlay
8a2a1072c947fff,-73.98917414391276,40.72868271043228,10,opendata,labels_only_diagnostics,0.0,0,0.0,0.0,0.0,0,0,0,0,,none,0.0,0,0.0,0,0.0,open_public_evidence,0.0,native_overlay
8a2a1072c94ffff,-73.98882444405132,40.727559410658785,10,opendata,labels_only_diagnostics,0.0,0,0.0,0.0,0.0,0,0,0,0,,none,0.0,0,0.0,0,0.0,open_public_evidence,0.0,native_overlay
8a2a1072c957fff,-73.9907153893469,40.729018563885894,10,opendata,labels_only_diagnostics,0.0,0,0.0,0.0,0.0,0,0,0,0,,none,0.0,0,0.0,0,0.0,open_public_evidence,0.0,native_overlay
8a2a1072c95ffff,-73.99036564970436,40.7278952633177,10,opendata,labels_only_diagnostics,0.0,0,0.0,0.0,0.0,0,0,0,0,,none,0.0,0,0.0,0,0.0,open_public_evidence,0.0,native_overlay
8a2a1072c967fff,-73.98798259927318,40.72947015233229,10,opendata,labels_only_diagnostics,0.0,0,0.0,0.0,0.0,0,0,0,0,,none,0.0,0,0.0,0,0.0,open_public_evidence,0.0,native_overlay
8a2a1072c96ffff,-73.9876329223711,40.728346838295685,10,opendata,labels_only_diagnostics,0.0,0,0.0,0.0,0.0,0,0,0,0,,none,0.0,0,0.0,0,0.0,open_public_evidence,0.0,native_overlay
8a2a1072c977fff,-73.9895238605972,40.729806025264224,10,opendata,labels_only_diagnostics,0.0,4,0.0,0.0,0.0,4,1,0,0,,complaint,0.0,1,1.0,1,1.0,open_public_evidence,1.0,native_overlay
8a2a1072c987fff,-73.99568914480813,40.731149330138244,10,opendata,labels_only_diagnostics,0.0,0,0.0,0.0,0.0,0,0,0,0,,none,0.0,0,0.0,0,0.0,open_public_evidence,0.0,native_overlay
8a2a1072c98ffff,-73.99533926898744,40.73002601213803,10,opendata,labels_only_diagnostics,0.0,0,0.0,0.0,0.0,0,0,0,0,,none,0.0,0,0.0,0,0.0,open_public_evidence,0.0,native_overlay
8a2a1072c997fff,-73.9972305255812,40.73148510963799,10,opendata,labels_only_diagnostics,0.0,0,0.0,0.0,0.0,0,0,0,0,,none,0.0,0,0.0,0,0.0,open_public_evidence,0.0,native_overlay
8a2a1072c99ffff,-73.99688060997474,40.73036179084895,10,opendata,labels_only_diagnostics,0.0,0,0.0,0.0,0.0,0,0,0,0,,none,0.0,0,0.0,0,0.0,open_public_evidence,0.0,native_overlay
8a2a1072c9a7fff,-73.99449764078707,40.73193686421579,10,opendata,labels_only_diagnostics,0.0,0,0.0,0.0,0.0,0,0,0,0,,none,0.0,0,0.0,0,0.0,open_public_evidence,0.0,native_overlay
8a2a1072c9affff,-73.99414778792152,40.73081353194992,10,opendata,labels_only_diagnostics,0.0,0,0.0,0.0,0.0,0,0,0,0,,none,0.0,0,0.0,0,0.0,open_public_evidence,0.0,native_overlay
8a2a1072c9b7fff,-73.99603903746072,40.73227266319356,10,opendata,labels_only_diagnostics,0.0,0,0.0,0.0,0.0,0,0,0,0,,none,0.0,0,0.0,0,0.0,open_public_evidence,0.0,native_overlay
8a2a1072ca07fff,-73.99099986933716,40.72070421914905,10,opendata,labels_only_diagnostics,0.0,0,0.0,0.0,0.0,0,0,0,0,,none,0.0,0,0.0,0,0.0,open_public_evidence,0.0,native_overlay
8a2a1072ca0ffff,-73.99065018471775,40.71958103747178,10,opendata,labels_only_diagnostics,0.0,0,0.0,0.0,0.0,0,0,0,0,,none,0.0,0,0.0,0,0.0,open_public_evidence,0.0,native_overlay
8a2a1072ca17fff,-73.99254086822738,40.72104001020264,10,opendata,labels_only_diagnostics,0.0,0,0.0,0.0,0.0,0,0,0,0,,none,0.0,0,0.0,0,0.0,open_public_evidence,0.0,native_overlay
8a2a1072ca1ffff,-73.99219114384023,40.71991682772932,10,opendata,labels_only_diagnostics,0.0,0,0.0,0.0,0.0,0,0,0,0,,none,0.0,0,0.0,0,0.0,open_public_evidence,0.0,native_overlay
8a2a1072ca27fff,-73.98980855599861,40.72149160536224,10,opendata,labels_only_diagnostics,0.0,0,0.0,0.0,0.0,0,0,0,0,,none,0.0,0,0.0,0,0.0,open_public_evidence,0.0,native_overlay
8a2a1072ca2ffff,-73.98945889432892,40.720368409419684,10,opendata,labels_only_diagnostics,0.0,0,0.0,0.0,0.0,0,0,0,0,,none,0.0,0,0.0,0,0.0,open_public_evidence,0.0,native_overlay
8a2a1072ca37fff,-73.99134957077584,40.72182741588828,10,opendata,labels_only_diagnostics,0.0,0,0.0,0.0,0.0,0,0,0,0,,none,0.0,0,0.0,0,0.0,open_public_evidence,0.0,native_overlay
8a2a1072ca47fff,-73.98875962144035,40.71812206272308,10,opendata,labels_only_diagnostics,0.0,0,0.0,0.0,0.0,0,0,0,0,,none,0.0,0,0.0,0,0.0,open_public_evidence,0.0,native_overlay
8a2a1072ca4ffff,-73.98841001021911,40.71699891197041,10,opendata,labels_only_diagnostics,0.0,0,0.0,0.0,0.0,0,0,0,0,,none,0.0,0,0.0,0,0.0,open_public_evidence,0.0,native_overlay
8a2a1072ca57fff,-73.99030051691643,40.71845787085713,10,opendata,labels_only_diagnostics,0.0,1,0.0,0.0,0.0,1,1,0,0,,complaint,0.0,1,1.0,1,1.0,open_public_evidence,1.0,native_overlay
8a2a1072ca5ffff,-73.989950865932,40.7173347193058,10,opendata,labels_only_diagnostics,0.0,3,0.0,0.0,0.0,3,1,0,0,,complaint,0.0,1,1.0,1,1.0,open_public_evidence,1.0,native_overlay
8a2a1072ca67fff,-73.98756833811832,40.71890940093427,10,opendata,labels_only_diagnostics,0.0,1,0.0,0.0,0.0,1,1,0,0,,complaint,0.0,1,1.0,1,1.0,open_public_evidence,1.0,native_overlay
8a2a1072ca6ffff,-73.98721874984655,40.71778623591691,10,opendata,labels_only_diagnostics,0.0,1,0.0,0.0,0.0,1,1,0,0,,complaint,0.0,1,1.0,1,1.0,open_public_evidence,1.0,native_overlay
8a2a1072ca77fff,-73.98910924947656,40.71924522853974,10,opendata,labels_only_diagnostics,0.0,1,0.0,0.0,0.0,1,1,0,0,,complaint,0.0,1,1.0,1,1.0,open_public_evidence,1.0,native_overlay
8a2a1072ca87fff,-73.99527313372238,40.72058835221668,10,opendata,labels_only_diagnostics,0.0,1,0.0,0.0,0.0,1,1,0,0,,complaint,0.0,1,1.0,1,1.0,open_public_evidence,1.0,native_overlay
8a2a1072ca8ffff,-73.99492334662159,40.719465183215874,10,opendata,labels_only_diagnostics,0.0,0,0.0,0.0,0.0,0,0,0,0,,none,0.0,0,0.0,0,0.0,open_public_evidence,0.0,native_overlay
8a2a1072ca97fff,-73.99681416447868,40.72092408644436,10,opendata,labels_only_diagnostics,0.0,0,0.0,0.0,0.0,0,0,0,0,,none,0.0,0,0.0,0,0.0,open_public_evidence,0.0,native_overlay
8a2a1072ca9ffff,-73.99646433761004,40.71980091665077,10,opendata,labels_only_diagnostics,0.0,0,0.0,0.0,0.0,0,0,0,0,,none,0.0,0,0.0,0,0.0,open_public_evidence,0.0,native_overlay
8a2a1072caa7fff,-73.99408189099789,40.721375782579365,10,opendata,labels_only_diagnostics,0.0,0,0.0,0.0,0.0,0,0,0,0,,none,0.0,0,0.0,0,0.0,open_public_evidence,0.0,native_overlay
8a2a1072caaffff,-73.99373212684235,40.72025259931131,10,opendata,labels_only_diagnostics,0.0,0,0.0,0.0,0.0,0,0,0,0,,none,0.0,0,0.0,0,0.0,open_public_evidence,0.0,native_overlay
8a2a1072cab7fff,-73.99562293764703,40.721711536278164,10,opendata,labels_only_diagnostics,0.0,0,0.0,0.0,0.0,0,0,0,0,,none,0.0,0,0.0,0,0.0,open_public_evidence,0.0,native_overlay
8a2a1072cac7fff,-73.99303264899584,40.71800627795989,10,opendata,labels_only_diagnostics,0.0,1,0.0,0.0,0.0,1,1,0,0,,complaint,0.0,1,1.0,1,1.0,open_public_evidence,1.0,native_overlay
8a2a1072cacffff,-73.99268293530254,40.716883139877886,10,opendata,labels_only_diagnostics,0.0,0,0.0,0.0,0.0,0,0,0,0,,none,0.0,0,0.0,0,0.0,open_public_evidence,0.0,native_overlay
8a2a1072cad7fff,-73.99457357634346,40.71834202927643,10,opendata,labels_only_diagnostics,0.0,2,0.0,0.0,0.0,2,1,0,0,,complaint,0.0,1,1.0,1,1.0,open_public_evidence,1.0,native_overlay
8a2a1072cadffff,-73.99422382288684,40.717218890399025,10,opendata,labels_only_diagnostics,0.0,0,0.0,0.0,0.0,0,0,0,0,,none,0.0,0,0.0,0,0.0,open_public_evidence,0.0,native_overlay
8a2a1072cae7fff,-73.9918414362731,40.71879366031799,10,opendata,labels_only_diagnostics,0.0,0,0.0,0.0,0.0,0,0,0,0,,none,0.0,0,0.0,0,0.0,open_public_evidence,0.0,native_overlay
8a2a1072caeffff,-73.9914917455248,40.71767050796934,10,opendata,labels_only_diagnostics,0.0,0,0.0,0.0,0.0,0,0,0,0,,none,0.0,0,0.0,0,0.0,open_public_evidence,0.0,native_overlay
8a2a1072caf7fff,-73.99338237950872,40.7191294311046,10,opendata,labels_only_diagnostics,0.0,1,0.0,0.0,0.0,1,1,0,0,,complaint,0.0,1,1.0,1,1.0,open_public_evidence,1.0,native_overlay
8a2a1072cb07fff,-73.98896685935952,40.72340221163636,10,opendata,labels_only_diagnostics,0.0,0,0.0,0.0,0.0,0,0,0,0,,none,0.0,0,0.0,0,0.0,open_public_evidence,0.0,native_overlay
8a2a1072cb0ffff,-73.98861720382374,40.72227898636732,10,opendata,labels_only_diagnostics,0.0,0,0.0,0.0,0.0,0,0,0,0,,none,0.0,0,0.0,0,0.0,open_public_evidence,0.0,native_overlay
8a2a1072cb17fff,-73.99050792979479,40.72373804243242,10,opendata,labels_only_diagnostics,0.0,1,0.0,0.0,0.0,1,1,0,0,,complaint,0.0,1,1.0,1,1.0,open_public_evidence,1.0,native_overlay
8a2a1072cb1ffff,-73.99015823448684,40.72261481636671,10,opendata,labels_only_diagnostics,0.0,0,0.0,0.0,0.0,0,0,0,0,,none,0.0,0,0.0,0,0.0,open_public_evidence,0.0,native_overlay
8a2a1072cb27fff,-73.98777544539301,40.724189601695684,10,opendata,labels_only_diagnostics,0.0,7,0.0,0.0,0.0,7,1,0,0,,complaint,0.0,1,1.0,1,1.0,open_public_evidence,1.0,native_overlay
8a2a1072cb2ffff,-73.98742581281164,40.72306636216275,10,opendata,labels_only_diagnostics,0.0,0,0.0,0.0,0.0,0,0,0,0,,none,0.0,0,0.0,0,0.0,open_public_evidence,0.0,native_overlay
8a2a1072cb37fff,-73.9893165317143,40.72452545196661,10,opendata,labels_only_diagnostics,0.0,0,0.0,0.0,0.0,0,0,0,0,,none,0.0,0,0.0,0,0.0,open_public_evidence,0.0,native_overlay
8a2a1072cb47fff,-73.98672659809884,40.72081992828314,10,opendata,labels_only_diagnostics,0.0,0,0.0,0.0,0.0,0,0,0,0,,none,0.0,0,0.0,0,0.0,open_public_evidence,0.0,native_overlay
8a2a1072cb4ffff,-73.98637701596503,40.719696733937845,10,opendata,labels_only_diagnostics,0.0,3,0.0,0.0,0.0,3,1,0,0,,complaint,0.0,1,1.0,1,1.0,open_public_evidence,1.0,native_overlay
8a2a1072cb57fff,-73.98826756510573,40.72115577616017,10,opendata,labels_only_diagnostics,0.0,2,0.0,0.0,0.0,2,1,0,0,,complaint,0.0,1,1.0,1,1.0,open_public_evidence,1.0,native_overlay
8a2a1072cb5ffff,-73.98791794320431,40.72003258101558,10,opendata,labels_only_diagnostics,0.0,1,0.0,0.0,0.0,1,1,0,0,,complaint,0.0,1,1.0,1,1.0,open_public_evidence,1.0,native_overlay
8a2a1072cb67fff,-73.98553521415924,40.72160727034083,10,opendata,labels_only_diagnostics,0.0,0,0.0,0.0,0.0,0,0,0,0,,none,0.0,0,0.0,0,0.0,open_public_evidence,0.0,native_overlay
8a2a1072cb6ffff,-73.98518565497963,40.720484061732236,10,opendata,labels_only_diagnostics,0.0,0,0.0,0.0,0.0,0,0,0,0,,none,0.0,0,0.0,0,0.0,open_public_evidence,0.0,native_overlay
8a2a1072cb77fff,-73.9870761970473,40.72194313769165,10,opendata,labels_only_diagnostics,0.0,1,0.0,0.0,0.0,1,1,0,0,,complaint,0.0,1,1.0,1,1.0,open_public_evidence,1.0,native_overlay
8a2a1072cb87fff,-73.99324036746644,40.72328642033247,10,opendata,labels_only_diagnostics,0.0,0,0.0,0.0,0.0,0,0,0,0,,none,0.0,0,0.0,0,0.0,open_public_evidence,0.0,native_overlay
8a2a1072cb8ffff,-73.99289060943572,40.72216320773724,10,opendata,labels_only_diagnostics,0.0,0,0.0,0.0,0.0,0,0,0,0,,none,0.0,0,0.0,0,0.0,open_public_evidence,0.0,native_overlay
8a2a1072cb97fff,-73.99478146977958,40.72362219429668,10,opendata,labels_only_diagnostics,0.0,0,0.0,0.0,0.0,0,0,0,0,,none,0.0,0,0.0,0,0.0,open_public_evidence,0.0,native_overlay
8a2a1072cb9ffff,-73.99443167197659,40.72249898090806,10,opendata,labels_only_diagnostics,0.0,0,0.0,0.0,0.0,0,0,0,0,,none,0.0,0,0.0,0,0.0,open_public_evidence,0.0,native_overlay
8a2a1072cba7fff,-73.99204902411576,40.72407385454985,10,opendata,labels_only_diagnostics,0.0,0,0.0,0.0,0.0,0,0,0,0,,none,0.0,0,0.0,0,0.0,open_public_evidence,0.0,native_overlay
8a2a1072cbaffff,-73.99169928903498,40.72295062768878,10,opendata,labels_only_diagnostics,0.0,0,0.0,0.0,0.0,0,0,0,0,,none,0.0,0,0.0,0,0.0,open_public_evidence,0.0,native_overlay
8a2a1072cbb7fff,-73.99359014232076,40.724409647987585,10,opendata,labels_only_diagnostics,0.0,0,0.0,0.0,0.0,0,0,0,0,,none,0.0,0,0.0,0,0.0,open_public_evidence,0.0,native_overlay
8a2a1072cc07fff,-74.00423757543584,40.73091709639526,10,opendata,labels_only_diagnostics,0.0,0,0.0,0.0,0.0,0,0,0,0,,none,0.0,0,0.0,0,0.0,open_public_evidence,0.0,native_overlay
8a2a1072cc0ffff,-74.00388749457359,40.729793803786066,10,opendata,labels_only_diagnostics,0.0799194373009891,2,0.0799194373009891,0.0799194373009891,0.0,2,1,0,0,,dep+complaint,0.0799194373009891,1,1.0,1,1.0,open_public_evidence,1.0,native_overlay
8a2a1072cc17fff,-74.00577901991464,40.73125276217841,10,opendata,labels_only_diagnostics,0.0,0,0.0,0.0,0.0,0,0,0,0,,none,0.0,0,0.0,0,0.0,open_public_evidence,0.0,native_overlay
8a2a1072cc1ffff,-74.00542889926636,40.7301294687869,10,opendata,labels_only_diagnostics,0.024871612679510956,1,0.024871612679510956,0.023323447907260434,0.0015481647722580673,1,1,0,0,,dep+complaint,0.024871612679510956,1,1.0,1,1.0,open_public_evidence,1.0,native_overlay
8a2a1072cc27fff,-74.00304621274815,40.7317047187985,10,opendata,labels_only_diagnostics,0.0,0,0.0,0.0,0.0,0,0,0,0,,none,0.0,0,0.0,0,0.0,open_public_evidence,0.0,native_overlay
8a2a1072cc2ffff,-74.00269615483208,40.730581411919715,10,opendata,labels_only_diagnostics,0.0,1,0.0,0.0,0.0,1,1,0,0,,complaint,0.0,1,1.0,1,1.0,open_public_evidence,1.0,native_overlay
8a2a1072cc37fff,-74.00458767313918,40.73204040405699,10,opendata,labels_only_diagnostics,0.0,0,0.0,0.0,0.0,0,0,0,0,,none,0.0,0,0.0,0,0.0,open_public_evidence,0.0,native_overlay
8a2a1072cc47fff,-74.00199608951621,40.72833484332245,10,opendata,labels_only_diagnostics,0.0,1,0.0,0.0,0.0,1,1,0,0,,complaint,0.0,1,1.0,1,1.0,open_public_evidence,1.0,native_overlay
8a2a1072cc4ffff,-74.00164608211405,40.727211581605324,10,opendata,labels_only_diagnostics,0.0,1,0.0,0.0,0.0,1,1,0,0,,complaint,0.0,1,1.0,1,1.0,open_public_evidence,1.0,native_overlay
8a2a1072cc57fff,-74.00353743055122,40.7286705262301,10,opendata,labels_only_diagnostics,0.0,0,0.0,0.0,0.0,0,0,0,0,,none,0.0,0,0.0,0,0.0,open_public_evidence,0.0,native_overlay
8a2a1072cc5ffff,-74.00318738336759,40.72754726372804,10,opendata,labels_only_diagnostics,0.0,1,0.0,0.0,0.0,1,1,0,0,,complaint,0.0,1,1.0,1,1.0,open_public_evidence,1.0,native_overlay
8a2a1072cc67fff,-74.00080475681276,40.72912241771221,10,opendata,labels_only_diagnostics,0.0,0,0.0,0.0,0.0,0,0,0,0,,none,0.0,0,0.0,0,0.0,open_public_evidence,0.0,native_overlay
8a2a1072cc6ffff,-74.00045477235653,40.72799914172609,10,opendata,labels_only_diagnostics,0.0,0,0.0,0.0,0.0,0,0,0,0,,none,0.0,0,0.0,0,0.0,open_public_evidence,0.0,native_overlay
8a2a1072cc77fff,-74.00234611375515,40.729458120094144,10,opendata,labels_only_diagnostics,0.0,0,0.0,0.0,0.0,0,0,0,0,,none,0.0,0,0.0,0,0.0,open_public_evidence,0.0,native_overlay
8a2a1072cc87fff,-74.00851178026825,40.730800742711025,10,opendata,labels_only_diagnostics,0.0,0,0.0,0.0,0.0,0,0,0,0,,none,0.0,0,0.0,0,0.0,open_public_evidence,0.0,native_overlay
8a2a1072cc8ffff,-74.00816159689157,40.729677462810024,10,opendata,labels_only_diagnostics,0.0,0,0.0,0.0,0.0,0,0,0,0,,none,0.0,0,0.0,0,0.0,open_public_evidence,0.0,native_overlay
8a2a1072cc97fff,-74.01005325657403,40.731136351632166,10,opendata,labels_only_diagnostics,0.0,0,0.0,0.09758099314298474,0.13058263894463548,0,0,0,0,,none,0.0,0,0.0,0,0.0,open_public_evidence,0.0,native_overlay
8a2a1072cc9ffff,-74.00970303341118,40.73001307095212,10,opendata,labels_only_diagnostics,0.0,0,0.0,0.0911203223662047,0.017519262369757236,0,0,0,0,,none,0.0,0,0.0,0,0.0,open_public_evidence,0.0,native_overlay
8a2a1072cca7fff,-74.0073204882668,40.73158840926809,10,opendata,labels_only_diagnostics,0.0,0,0.0,0.0,0.0,0,0,0,0,,none,0.0,0,0.0,0,0.0,open_public_evidence,0.0,native_overlay
8a2a1072ccaffff,-74.0069703278318,40.73046511509556,10,opendata,labels_only_diagnostics,0.0,0,0.0,0.0,0.0,0,0,0,0,,none,0.0,0,0.0,0,0.0,open_public_evidence,0.0,native_overlay
8a2a1072ccb7fff,-74.00886198049064,40.73192403766327,10,opendata,labels_only_diagnostics,0.0,0,0.0,0.0,0.0,0,0,0,0,,none,0.0,0,0.0,0,0.0,open_public_evidence,0.0,native_overlay
8a2a1072ccc7fff,-74.00627005749192,40.728218571906936,10,opendata,labels_only_diagnostics,0.0,0,0.0,0.0,0.0,0,0,0,0,,none,0.0,0,0.0,0,0.0,open_public_evidence,0.0,native_overlay
8a2a1072cccffff,-74.00591994758464,40.7270953228922,10,opendata,labels_only_diagnostics,0.0,0,0.0,0.0,0.0,0,0,0,0,,none,0.0,0,0.0,0,0.0,open_public_evidence,0.0,native_overlay
8a2a1072ccd7fff,-74.00781143035938,40.72855419796098,10,opendata,labels_only_diagnostics,0.0,0,0.0,0.0,0.0,0,0,0,0,,none,0.0,0,0.0,0,0.0,open_public_evidence,0.0,native_overlay
8a2a1072ccdffff,-74.0074612806705,40.72743094816457,10,opendata,labels_only_diagnostics,0.0,5,0.0,0.0,0.0,5,1,0,0,,complaint,0.0,1,1.0,1,1.0,open_public_evidence,1.0,native_overlay
8a2a1072cce7fff,-74.00507879545991,40.72900619044795,10,opendata,labels_only_diagnostics,0.1443967726886465,1,0.1443967726886465,0.13200568195608725,0.012391090732551692,1,1,0,0,,dep+complaint,0.1443967726886465,1,1.0,1,1.0,open_public_evidence,1.0,native_overlay
8a2a1072cceffff,-74.0047287084941,40.727882927162256,10,opendata,labels_only_diagnostics,0.0,0,0.0,0.0,0.0,0,0,0,0,,none,0.0,0,0.0,0,0.0,open_public_evidence,0.0,native_overlay
8a2a1072ccf7fff,-74.00662018424057,40.72934183597496,10,opendata,labels_only_diagnostics,0.0,0,0.0,0.0,0.0,0,0,0,0,,none,0.0,0,0.0,0,0.0,open_public_evidence,0.0,native_overlay
8a2a1072cd07fff,-74.00220486300994,40.73361567219517,10,opendata,labels_only_diagnostics,0.0,0,0.0,0.0,0.0,0,0,0,0,,none,0.0,0,0.0,0,0.0,open_public_evidence,0.0,native_overlay
8a2a1072cd0ffff,-74.00185481120242,40.73249233599505,10,opendata,labels_only_diagnostics,0.03874840011201173,0,0.03874840011201173,0.02965131574162159,0.009097084370391794,0,0,0,0,,dep,0.03874840011201173,1,1.0,1,1.0,open_public_evidence,1.0,native_overlay
8a2a1072cd17fff,-74.00374637910254,40.73395137771288,10,opendata,labels_only_diagnostics,0.0,2,0.0,0.0,0.0,2,1,0,0,,complaint,0.0,1,1.0,1,1.0,open_public_evidence,1.0,native_overlay
8a2a1072cd1ffff,-74.00339628750459,40.73282804072977,10,opendata,labels_only_diagnostics,0.0,0,0.0,0.0,0.0,0,0,0,0,,none,0.0,0,0.0,0,0.0,open_public_evidence,0.0,native_overlay
8a2a1072cd27fff,-74.00101339965441,40.73440329845169,10,opendata,labels_only_diagnostics,0.0,0,0.0,0.0,0.0,0,0,0,0,,none,0.0,0,0.0,0,0.0,open_public_evidence,0.0,native_overlay
8a2a1072cd2ffff,-74.00066337079778,40.733279947983334,10,opendata,labels_only_diagnostics,0.23717206523491405,0,0.23717206523491405,0.06141246600437813,0.17575959923055384,0,0,0,0,,dep,0.23717206523491405,1,1.0,1,1.0,open_public_evidence,1.0,native_overlay
8a2a1072cd37fff,-74.00255493165827,40.73473902344711,10,opendata,labels_only_diagnostics,0.0,0,0.0,0.0,0.0,0,0,0,0,,none,0.0,0,0.0,0,0.0,open_public_evidence,0.0,native_overlay
8a2a1072cd47fff,-73.99996336359993,40.731033292204685,10,opendata,labels_only_diagnostics,0.0,0,0.0,0.0,0.0,0,0,0,0,,none,0.0,0,0.0,0,0.0,open_public_evidence,0.0,native_overlay
8a2a1072cd4ffff,-73.99961338525635,40.72990998689575,10,opendata,labels_only_diagnostics,0.0,0,0.0,0.0,0.0,0,0,0,0,,none,0.0,0,0.0,0,0.0,open_public_evidence,0.0,native_overlay
8a2a1072cd57fff,-74.00150477623451,40.73136901484737,10,opendata,labels_only_diagnostics,0.006515811343139392,9,0.006515811343139392,0.006515811343139392,0.0,9,1,0,0,,dep+complaint,0.006515811343139392,1,1.0,1,1.0,open_public_evidence,1.0,native_overlay
8a2a1072cd5ffff,-74.00115475810502,40.73024570875287,10,opendata,labels_only_diagnostics,0.0,0,0.0,0.0,0.0,0,0,0,0,,none,0.0,0,0.0,0,0.0,open_public_evidence,0.0,native_overlay
8a2a1072cd67fff,-73.99877193023907,40.73182087044808,10,opendata,labels_only_diagnostics,0.0,1,0.0,0.0,0.0,1,1,0,0,,complaint,0.0,1,1.0,1,1.0,open_public_evidence,1.0,native_overlay
8a2a1072cd6ffff,-73.99842197484612,40.73069755087153,10,opendata,labels_only_diagnostics,0.0,0,0.0,0.0,0.0,0,0,0,0,,none,0.0,0,0.0,0,0.0,open_public_evidence,0.0,native_overlay
8a2a1072cd77fff,-74.00031335878002,40.73215661256745,10,opendata,labels_only_diagnostics,0.3240856472273862,2,0.3240856472273862,0.06699925219762526,0.25708639502975933,2,1,0,0,,dep+complaint,0.3240856472273862,1,1.0,1,1.0,open_public_evidence,1.0,native_overlay
8a2a1072cd87fff,-74.00647931174144,40.73349939411639,10,opendata,labels_only_diagnostics,0.0,3,0.0,0.0,0.0,3,1,0,0,,complaint,0.0,1,1.0,1,1.0,open_public_evidence,1.0,native_overlay
8a2a1072cd8ffff,-74.00612915740594,40.732376070621804,10,opendata,labels_only_diagnostics,0.0,0,0.0,0.0,0.0,0,0,0,0,,none,0.0,0,0.0,0,0.0,open_public_evidence,0.0,native_overlay
8a2a1072cd97fff,-74.00802085967281,40.733835042766145,10,opendata,labels_only_diagnostics,0.0,0,0.0,0.0,0.0,0,0,0,0,,none,0.0,0,0.0,0,0.0,open_public_evidence,0.0,native_overlay
8a2a1072cd9ffff,-74.00767066554673,40.732711718491856,10,opendata,labels_only_diagnostics,0.0,0,0.0,0.0,0.0,0,0,0,0,,none,0.0,0,0.0,0,0.0,open_public_evidence,0.0,native_overlay
8a2a1072cda7fff,-74.0052879190739,40.73428706453532,10,opendata,labels_only_diagnostics,0.0,0,0.0,0.0,0.0,0,0,0,0,,none,0.0,0,0.0,0,0.0,open_public_evidence,0.0,native_overlay
8a2a1072cdaffff,-74.00493778768481,40.73316372677058,10,opendata,labels_only_diagnostics,0.0,0,0.0,0.0,0.0,0,0,0,0,,none,0.0,0,0.0,0,0.0,open_public_evidence,0.0,native_overlay
8a2a1072cdb7fff,-74.00682948292236,40.73462273266148,10,opendata,labels_only_diagnostics,0.0,1,0.0,0.0,0.0,1,1,0,0,,complaint,0.0,1,1.0,1,1.0,open_public_evidence,1.0,native_overlay
8a2a1072d007fff,-73.98610581467901,40.70498104661735,10,opendata,labels_only_diagnostics,0.03293083744428888,0,0.03293083744428888,0.02033457943732005,0.012596258006954074,0,0,0,0,,dep,0.03293083744428888,1,1.0,1,1.0,open_public_evidence,1.0,native_overlay
8a2a1072d00ffff,-73.98575636540475,40.703858075879516,10,opendata,labels_only_diagnostics,0.010935840881807579,0,0.010935840881807579,0.01080692838082168,0.00012891250098855608,0,0,0,0,,dep,0.010935840881807579,1,1.0,1,1.0,open_public_evidence,1.0,native_overlay
8a2a1072d017fff,-73.98764625699636,40.70531682646672,10,opendata,labels_only_diagnostics,0.0,0,0.0,0.0,0.0,0,0,0,0,,none,0.0,0,0.0,0,0.0,open_public_evidence,0.0,native_overlay
8a2a1072d01ffff,-73.98729676798136,40.70419385492369,10,opendata,labels_only_diagnostics,0.06541135865322446,0,0.06541135865322446,0.0391725730690929,0.02623878558414367,0,0,0,0,,dep,0.06541135865322446,1,1.0,1,1.0,open_public_evidence,1.0,native_overlay
8a2a1072d027fff,-73.98491482256894,40.7057682331139,10,opendata,labels_only_diagnostics,0.0,0,0.0,0.0,0.0,0,0,0,0,,none,0.0,0,0.0,0,0.0,open_public_evidence,0.0,native_overlay
8a2a1072d02ffff,-73.98456539623402,40.70464524811038,10,opendata,labels_only_diagnostics,0.0,0,0.0,0.0,0.0,0,0,0,0,,none,0.0,0,0.0,0,0.0,open_public_evidence,0.0,native_overlay
8a2a1072d037fff,-73.9864552807559,40.70610403242673,10,opendata,labels_only_diagnostics,0.0,0,0.0,0.0,0.0,0,0,0,0,,none,0.0,0,0.0,0,0.0,open_public_evidence,0.0,native_overlay
8a2a1072d047fff,-73.98386659396523,40.702399323320684,10,opendata,labels_only_diagnostics,0.0,0,0.0,0.0,0.0,0,0,0,0,,none,0.0,0,0.0,0,0.0,open_public_evidence,0.0,native_overlay
8a2a1072d04ffff,-73.98351721802896,40.70127638353588,10,opendata,labels_only_diagnostics,0.0,0,0.0,0.0,0.0,0,0,0,0,,none,0.0,0,0.0,0,0.0,open_public_evidence,0.0,native_overlay
8a2a1072d057fff,-73.985406932932,40.70273512021395,10,opendata,labels_only_diagnostics,0.0,0,0.0,0.0,0.0,0,0,0,0,,none,0.0,0,0.0,0,0.0,open_public_evidence,0.0,native_overlay
8a2a1072d05ffff,-73.9850575172595,40.70161217962131,10,opendata,labels_only_diagnostics,0.0,0,0.0,0.0,0.0,0,0,0,0,,none,0.0,0,0.0,0,0.0,open_public_evidence,0.0,native_overlay
8a2a1072d067fff,-73.98267563186833,40.70318646182344,10,opendata,labels_only_diagnostics,0.0,1,0.0,0.0,0.0,1,1,0,0,,complaint,0.0,1,1.0,1,1.0,open_public_evidence,1.0,native_overlay
8a2a1072d06ffff,-73.98232627887117,40.70206350777354,10,opendata,labels_only_diagnostics,0.0,0,0.0,0.0,0.0,0,0,0,0,,none,0.0,0,0.0,0,0.0,open_public_evidence,0.0,native_overlay
8a2a1072d077fff,-73.98421598669985,40.70352227817908,10,opendata,labels_only_diagnostics,0.0,0,0.0,0.0,0.0,0,0,0,0,,none,0.0,0,0.0,0,0.0,open_public_evidence,0.0,native_overlay
8a2a1072d087fff,-73.990377644743,40.70486535703891,10,opendata,labels_only_diagnostics,0.0,1,0.0,0.0,0.0,1,1,0,0,,complaint,0.0,1,1.0,1,1.0,open_public_evidence,1.0,native_overlay
8a2a1072d08ffff,-73.9900280930517,40.703742398959605,10,opendata,labels_only_diagnostics,0.0,1,0.0,0.0,0.0,1,1,0,0,,complaint,0.0,1,1.0,1,1.0,open_public_evidence,1.0,native_overlay
8a2a1072d097fff,-73.99191811892469,40.70520108010785,10,opendata,labels_only_diagnostics,0.0,0,0.0,0.0,0.0,0,0,0,0,,none,0.0,0,0.0,0,0.0,open_public_evidence,0.0,native_overlay
8a2a1072d09ffff,-73.9915685274925,40.704078121226566,10,opendata,labels_only_diagnostics,0.0,0,0.0,0.0,0.0,0,0,0,0,,none,0.0,0,0.0,0,0.0,open_public_evidence,0.0,native_overlay
8a2a1072d0a7fff,-73.98918672318443,40.70565258765747,10,opendata,labels_only_diagnostics,0.0,0,0.0,0.0,0.0,0,0,0,0,,none,0.0,0,0.0,0,0.0,open_public_evidence,0.0,native_overlay
8a2a1072d0affff,-73.988837194428,40.70452961531049,10,opendata,labels_only_diagnostics,0.0,0,0.0,0.0,0.0,0,0,0,0,,none,0.0,0,0.0,0,0.0,open_public_evidence,0.0,native_overlay
8a2a1072d0b7fff,-73.99072721324156,40.70598833018851,10,opendata,labels_only_diagnostics,0.0,0,0.0,0.0,0.0,0,0,0,0,,none,0.0,0,0.0,0,0.0,open_public_evidence,0.0,native_overlay
8a2a1072d0c7fff,-73.98813818732995,40.70228371583007,10,opendata,labels_only_diagnostics,0.0,0,0.0,0.0,0.0,0,0,0,0,,none,0.0,0,0.0,0,0.0,open_public_evidence,0.0,native_overlay
8a2a1072d0cffff,-73.98778870898593,40.70116078869797,10,opendata,labels_only_diagnostics,0.0,0,0.0,0.0,0.0,0,0,0,0,,none,0.0,0,0.0,0,0.0,open_public_evidence,0.0,native_overlay
8a2a1072d0d7fff,-73.98967855816647,40.70261945595128,10,opendata,labels_only_diagnostics,0.0,0,0.0,0.0,0.0,0,0,0,0,,none,0.0,0,0.0,0,0.0,open_public_evidence,0.0,native_overlay
8a2a1072d0dffff,-73.98932904008613,40.701496528014594,10,opendata,labels_only_diagnostics,0.0,0,0.0,0.0,0.0,0,0,0,0,,none,0.0,0,0.0,0,0.0,open_public_evidence,0.0,native_overlay
8a2a1072d0e7fff,-73.98694729576977,40.703070898452225,10,opendata,labels_only_diagnostics,0.0,0,0.0,0.0,0.0,0,0,0,0,,none,0.0,0,0.0,0,0.0,open_public_evidence,0.0,native_overlay
8a2a1072d0effff,-73.98659784036039,40.70194795705305,10,opendata,labels_only_diagnostics,0.0,0,0.0,0.0,0.0,0,0,0,0,,none,0.0,0,0.0,0,0.0,open_public_evidence,0.0,native_overlay
8a2a1072d0f7fff,-73.98848768247692,40.70340665803448,10,opendata,labels_only_diagnostics,0.0,0,0.0,0.0,0.0,0,0,0,0,,none,0.0,0,0.0,0,0.0,open_public_evidence,0.0,native_overlay
8a2a1072d107fff,-73.98407321184506,40.7076784287519,10,opendata,labels_only_diagnostics,0.0,0,0.0,0.0,0.0,0,0,0,0,,none,0.0,0,0.0,0,0.0,open_public_evidence,0.0,native_overlay
8a2a1072d10ffff,-73.98372379165029,40.70655541441184,10,opendata,labels_only_diagnostics,0.0,0,0.0,0.0,0.0,0,0,0,0,,none,0.0,0,0.0,0,0.0,open_public_evidence,0.0,native_overlay
8a2a1072d117fff,-73.98561372564569,40.70801424833489,10,opendata,labels_only_diagnostics,0.0,0,0.0,0.0,0.0,0,0,0,0,,none,0.0,0,0.0,0,0.0,open_public_evidence,0.0,native_overlay
8a2a1072d11ffff,-73.98526426570574,40.70689123318896,10,opendata,labels_only_diagnostics,0.0,0,0.0,0.0,0.0,0,0,0,0,,none,0.0,0,0.0,0,0.0,open_public_evidence,0.0,native_overlay
8a2a1072d127fff,-73.98288211917294,40.70846561911395,10,opendata,labels_only_diagnostics,0.0,0,0.0,0.0,0.0,0,0,0,0,,none,0.0,0,0.0,0,0.0,open_public_evidence,0.0,native_overlay
8a2a1072d12ffff,-73.98253272192223,40.70734259050957,10,opendata,labels_only_diagnostics,0.0,0,0.0,0.0,0.0,0,0,0,0,,none,0.0,0,0.0,0,0.0,open_public_evidence,0.0,native_overlay
8a2a1072d137fff,-73.98442264884218,40.708801458162775,10,opendata,labels_only_diagnostics,0.0,0,0.0,0.0,0.0,0,0,0,0,,none,0.0,0,0.0,0,0.0,open_public_evidence,0.0,native_overlay
8a2a1072d147fff,-73.9818339778209,40.705096578515935,10,opendata,labels_only_diagnostics,0.0,0,0.0,0.0,0.0,0,0,0,0,,none,0.0,0,0.0,0,0.0,open_public_evidence,0.0,native_overlay
8a2a1072d14ffff,-73.98148463096794,40.70397359512804,10,opendata,labels_only_diagnostics,0.0,0,0.0,0.0,0.0,0,0,0,0,,none,0.0,0,0.0,0,0.0,open_public_evidence,0.0,native_overlay
8a2a1072d157fff,-73.9833743882567,40.70543241514329,10,opendata,labels_only_diagnostics,0.0,0,0.0,0.0,0.0,0,0,0,0,,none,0.0,0,0.0,0,0.0,open_public_evidence,0.0,native_overlay
8a2a1072d15ffff,-73.98302500166311,40.70430943094693,10,opendata,labels_only_diagnostics,0.0,0,0.0,0.0,0.0,0,0,0,0,,none,0.0,0,0.0,0,0.0,open_public_evidence,0.0,native_overlay
8a2a1072d167fff,-73.98064291517237,40.70588372088453,10,opendata,labels_only_diagnostics,0.0,0,0.0,0.0,0.0,0,0,0,0,,none,0.0,0,0.0,0,0.0,open_public_evidence,0.0,native_overlay
8a2a1072d16ffff,-73.9802935912632,40.70476072323289,10,opendata,labels_only_diagnostics,0.0,0,0.0,0.0,0.0,0,0,0,0,,none,0.0,0,0.0,0,0.0,open_public_evidence,0.0,native_overlay
8a2a1072d177fff,-73.98218334147194,40.706219576976665,10,opendata,labels_only_diagnostics,0.0,0,0.0,0.0,0.0,0,0,0,0,,none,0.0,0,0.0,0,0.0,open_public_evidence,0.0,native_overlay
8a2a1072d187fff,-73.98834528544128,40.707562814764856,10,opendata,labels_only_diagnostics,0.0,0,0.0,0.0,0.0,0,0,0,0,,none,0.0,0,0.0,0,0.0,open_public_evidence,0.0,native_overlay
8a2a1072d18ffff,-73.98799576281594,40.70643981308068,10,opendata,labels_only_diagnostics,0.0,0,0.0,0.0,0.0,0,0,0,0,,none,0.0,0,0.0,0,0.0,open_public_evidence,0.0,native_overlay
8a2a1072d197fff,-73.989885831118,40.70789857756148,10,opendata,labels_only_diagnostics,0.0,0,0.0,0.0,0.0,0,0,0,0,,none,0.0,0,0.0,0,0.0,open_public_evidence,0.0,native_overlay
8a2a1072d19ffff,-73.98953626874737,40.706775575074694,10,opendata,labels_only_diagnostics,0.0,0,0.0,0.0,0.0,0,0,0,0,,none,0.0,0,0.0,0,0.0,open_public_evidence,0.0,native_overlay
8a2a1072d1a7fff,-73.98715426332241,40.70835004925748,10,opendata,labels_only_diagnostics,0.0,0,0.0,0.0,0.0,0,0,0,0,,none,0.0,0,0.0,0,0.0,open_public_evidence,0.0,native_overlay
8a2a1072d1affff,-73.98680476363664,40.707227033307,10,opendata,labels_only_diagnostics,0.0,0,0.0,0.0,0.0,0,0,0,0,,none,0.0,0,0.0,0,0.0,open_public_evidence,0.0,native_overlay
8a2a1072d1b7fff,-73.98869482487358,40.708685831518586,10,opendata,labels_only_diagnostics,0.0,0,0.0,0.0,0.0,0,0,0,0,,none,0.0,0,0.0,0,0.0,open_public_evidence,0.0,native_overlay
8a2a1072d317fff,-73.98316785888987,40.700153458825355,10,opendata,labels_only_diagnostics,0.0,0,0.0,0.0,0.0,0,0,0,0,,none,0.0,0,0.0,0,0.0,open_public_evidence,0.0,native_overlay
8a2a1072d327fff,-73.98043669118556,40.700604735408305,10,opendata,labels_only_diagnostics,0.0,0,0.0,0.0,0.0,0,0,0,0,,none,0.0,0,0.0,0,0.0,open_public_evidence,0.0,native_overlay
8a2a1072d337fff,-73.98197694267043,40.70094056879786,10,opendata,labels_only_diagnostics,0.0,0,0.0,0.0,0.0,0,0,0,0,,none,0.0,0,0.0,0,0.0,open_public_evidence,0.0,native_overlay
8a2a1072d397fff,-73.98743924744369,40.70003787663889,10,opendata,labels_only_diagnostics,0.0,0,0.0,0.0,0.0,0,0,0,0,,none,0.0,0,0.0,0,0.0,open_public_evidence,0.0,native_overlay
8a2a1072d3a7fff,-73.98470811838612,40.7004892541023,10,opendata,labels_only_diagnostics,0.0,0,0.0,0.0,0.0,0,0,0,0,,none,0.0,0,0.0,0,0.0,open_public_evidence,0.0,native_overlay
8a2a1072d3b7fff,-73.98624840175205,40.70082503072685,10,opendata,labels_only_diagnostics,0.0,0,0.0,0.0,0.0,0,0,0,0,,none,0.0,0,0.0,0,0.0,open_public_evidence,0.0,native_overlay
8a2a1072d407fff,-73.99688941212699,40.70733111369416,10,opendata,labels_only_diagnostics,0.0,0,0.0,0.0,0.0,0,0,0,0,,none,0.0,0,0.0,0,0.0,open_public_evidence,0.0,native_overlay
8a2a1072d40ffff,-73.99653968465311,40.7062081373471,10,opendata,labels_only_diagnostics,0.0,0,0.0,0.0,0.0,0,0,0,0,,none,0.0,0,0.0,0,0.0,open_public_evidence,0.0,native_overlay
8a2a1072d417fff,-73.99843002150423,40.70766676291061,10,opendata,labels_only_diagnostics,0.0,0,0.0,0.0,0.0,0,0,0,0,,none,0.0,0,0.0,0,0.0,open_public_evidence,0.0,native_overlay
8a2a1072d41ffff,-73.99808025428482,40.706543785767444,10,opendata,labels_only_diagnostics,0.0,0,0.0,0.0,0.0,0,0,0,0,,none,0.0,0,0.0,0,0.0,open_public_evidence,0.0,native_overlay
8a2a1072d427fff,-73.99569853115366,40.708118436429935,10,opendata,labels_only_diagnostics,0.0,0,0.0,0.0,0.0,0,0,0,0,,none,0.0,0,0.0,0,0.0,open_public_evidence,0.0,native_overlay
8a2a1072d42ffff,-73.99534882661042,40.706995445812666,10,opendata,labels_only_diagnostics,0.0,0,0.0,0.0,0.0,0,0,0,0,,none,0.0,0,0.0,0,0.0,open_public_evidence,0.0,native_overlay
8a2a1072d437fff,-73.997239156417,40.708454105108196,10,opendata,labels_only_diagnostics,0.0003202960569211572,0,0.0003202960569211572,0.0003202960569211572,0.0,0,0,0,0,,dep,0.0003202960569211572,1,1.0,1,1.0,open_public_evidence,1.0,native_overlay
8a2a1072d447fff,-73.99464946796543,40.70474950978168,10,opendata,labels_only_diagnostics,0.0,0,0.0,0.0,0.0,0,0,0,0,,none,0.0,0,0.0,0,0.0,open_public_evidence,0.0,native_overlay
8a2a1072d44ffff,-73.99429981386129,40.70362656436935,10,opendata,labels_only_diagnostics,0.0,0,0.0,0.0,0.0,0,0,0,0,,none,0.0,0,0.0,0,0.0,open_public_evidence,0.0,native_overlay
8a2a1072d457fff,-73.9961899739942,40.7050851760677,10,opendata,labels_only_diagnostics,0.0,0,0.0,0.0,0.0,0,0,0,0,,none,0.0,0,0.0,0,0.0,open_public_evidence,0.0,native_overlay
8a2a1072d45ffff,-73.99584028014907,40.70396222985664,10,opendata,labels_only_diagnostics,0.0,0,0.0,0.0,0.0,0,0,0,0,,none,0.0,0,0.0,0,0.0,open_public_evidence,0.0,native_overlay
8a2a1072d467fff,-73.99345861697138,40.70553678451624,10,opendata,labels_only_diagnostics,0.0,0,0.0,0.0,0.0,0,0,0,0,,none,0.0,0,0.0,0,0.0,open_public_evidence,0.0,native_overlay
8a2a1072d46ffff,-73.99310898579765,40.704413824834276,10,opendata,labels_only_diagnostics,0.0,0,0.0,0.0,0.0,0,0,0,0,,none,0.0,0,0.0,0,0.0,open_public_evidence,0.0,native_overlay
8a2a1072d477fff,-73.99499913888143,40.70587247026302,10,opendata,labels_only_diagnostics,0.0,0,0.0,0.0,0.0,0,0,0,0,,none,0.0,0,0.0,0,0.0,open_public_evidence,0.0,native_overlay
8a2a1072d487fff,-74.00116146512151,40.70721502661259,10,opendata,labels_only_diagnostics,0.24149346517862208,0,0.24149346517862208,0.16135574820955134,0.08013771696907067,0,0,0,0,,dep,0.24149346517862208,1,1.0,1,1.0,open_public_evidence,1.0,native_overlay
8a2a1072d48ffff,-74.00081163522971,40.706092062946766,10,opendata,labels_only_diagnostics,0.0,0,0.0,0.0,0.0,0,0,0,0,,none,0.0,0,0.0,0,0.0,open_public_evidence,0.0,native_overlay
8a2a1072d497fff,-74.00270210632316,40.70755061903527,10,opendata,labels_only_diagnostics,0.03818476524073457,0,0.03818476524073457,0.03812549839735369,5.926684338277111e-05,0,0,0,0,,dep,0.03818476524073457,1,1.0,1,1.0,open_public_evidence,1.0,native_overlay
8a2a1072d49ffff,-74.0023522366857,40.70642765457657,10,opendata,labels_only_diagnostics,0.1380650499591248,0,0.1380650499591248,0.07670400971161284,0.06136104024751529,0,0,0,0,,dep,0.1380650499591248,1,1.0,1,1.0,open_public_evidence,1.0,native_overlay
8a2a1072d4a7fff,-73.99997065474048,40.70800239346095,10,opendata,labels_only_diagnostics,0.07006203003636238,0,0.07006203003636238,0.04953687383916692,0.020525156197195457,0,0,0,0,,dep,0.07006203003636238,1,1.0,1,1.0,open_public_evidence,1.0,native_overlay
8a2a1072d4affff,-73.99962084777484,40.70687941552296,10,opendata,labels_only_diagnostics,0.0,0,0.0,0.0,0.0,0,0,0,0,,none,0.0,0,0.0,0,0.0,open_public_evidence,0.0,native_overlay
8a2a1072d4b7fff,-74.00151131183407,40.7083380053441,10,opendata,labels_only_diagnostics,0.03656491552354048,1,0.03656491552354048,0.03640004872495361,0.0001648667985868329,1,1,0,0,,dep+complaint,0.03656491552354048,1,1.0,1,1.0,open_public_evidence,1.0,native_overlay
8a2a1072d4c7fff,-73.99892128429883,40.704633504846704,10,opendata,labels_only_diagnostics,0.0,0,0.0,0.0,0.0,0,0,0,0,,none,0.0,0,0.0,0,0.0,open_public_evidence,0.0,native_overlay
8a2a1072d4cffff,-73.99857152778607,40.7035105721098,10,opendata,labels_only_diagnostics,0.0,0,0.0,0.0,0.0,0,0,0,0,,none,0.0,0,0.0,0,0.0,open_public_evidence,0.0,native_overlay
8a2a1072d4d7fff,-74.00046182215745,40.704969114347335,10,opendata,labels_only_diagnostics,0.0,0,0.0,0.0,0.0,0,0,0,0,,none,0.0,0,0.0,0,0.0,open_public_evidence,0.0,native_overlay
8a2a1072d4dffff,-74.00011202590358,40.70384618081495,10,opendata,labels_only_diagnostics,0.0,0,0.0,0.0,0.0,0,0,0,0,,none,0.0,0,0.0,0,0.0,open_public_evidence,0.0,native_overlay
8a2a1072d4e7fff,-73.9977305038823,40.70542082369126,10,opendata,labels_only_diagnostics,0.0,0,0.0,0.0,0.0,0,0,0,0,,none,0.0,0,0.0,0,0.0,open_public_evidence,0.0,native_overlay
8a2a1072d4effff,-73.99738077029546,40.70429787668278,10,opendata,labels_only_diagnostics,0.0,0,0.0,0.0,0.0,0,0,0,0,,none,0.0,0,0.0,0,0.0,open_public_evidence,0.0,native_overlay
8a2a1072d4f7fff,-73.99927105762802,40.705756452651315,10,opendata,labels_only_diagnostics,0.0,0,0.0,0.0,0.0,0,0,0,0,,none,0.0,0,0.0,0,0.0,open_public_evidence,0.0,native_overlay
8a2a1072d507fff,-73.99485730978923,40.710028773926915,10,opendata,labels_only_diagnostics,0.0,0,0.0,0.0,0.0,0,0,0,0,,none,0.0,0,0.0,0,0.0,open_public_evidence,0.0,native_overlay
8a2a1072d50ffff,-73.99450761136397,40.70890575397319,10,opendata,labels_only_diagnostics,0.0,0,0.0,0.0,0.0,0,0,0,0,,none,0.0,0,0.0,0,0.0,open_public_evidence,0.0,native_overlay
8a2a1072d517fff,-73.99639799068751,40.710364462864625,10,opendata,labels_only_diagnostics,0.0,0,0.0,0.0,0.0,0,0,0,0,,none,0.0,0,0.0,0,0.0,open_public_evidence,0.0,native_overlay
8a2a1072d51ffff,-73.9960482525123,40.709241442114156,10,opendata,labels_only_diagnostics,0.10806539460869079,1,0.10806539460869079,0.09603180444006688,0.012033590168623905,1,1,0,0,,dep+complaint,0.10806539460869079,1,1.0,1,1.0,open_public_evidence,1.0,native_overlay
8a2a1072d527fff,-73.99366632824696,40.710816100544946,10,opendata,labels_only_diagnostics,0.0,0,0.0,0.0,0.0,0,0,0,0,,none,0.0,0,0.0,0,0.0,open_public_evidence,0.0,native_overlay
8a2a1072d52ffff,-73.99331665275702,40.7096930663224,10,opendata,labels_only_diagnostics,0.024585518697076453,0,0.024585518697076453,0.024585518697076453,0.0,0,0,0,0,,dep,0.024585518697076453,1,1.0,1,1.0,open_public_evidence,1.0,native_overlay
8a2a1072d537fff,-73.99520702503034,40.711151808946866,10,opendata,labels_only_diagnostics,0.0,0,0.0,0.0,0.0,0,0,0,0,,none,0.0,0,0.0,0,0.0,open_public_evidence,0.0,native_overlay
8a2a1072d547fff,-73.99261735221775,40.707447043078595,10,opendata,labels_only_diagnostics,0.0,0,0.0,0.0,0.0,0,0,0,0,,none,0.0,0,0.0,0,0.0,open_public_evidence,0.0,native_overlay
8a2a1072d54ffff,-73.99226772716604,40.706324054058754,10,opendata,labels_only_diagnostics,0.0,0,0.0,0.0,0.0,0,0,0,0,,none,0.0,0,0.0,0,0.0,open_public_evidence,0.0,native_overlay
8a2a1072d557fff,-73.99415792975334,40.707782749086384,10,opendata,labels_only_diagnostics,0.0,0,0.0,0.0,0.0,0,0,0,0,,none,0.0,0,0.0,0,0.0,open_public_evidence,0.0,native_overlay
8a2a1072d55ffff,-73.99380826495621,40.70665975926717,10,opendata,labels_only_diagnostics,0.0,0,0.0,0.0,0.0,0,0,0,0,,none,0.0,0,0.0,0,0.0,open_public_evidence,0.0,native_overlay
8a2a1072d567fff,-73.99142640066513,40.70823432169578,10,opendata,labels_only_diagnostics,0.0,0,0.0,0.0,0.0,0,0,0,0,,none,0.0,0,0.0,0,0.0,open_public_evidence,0.0,native_overlay
8a2a1072d56ffff,-73.99107679854852,40.7071113184077,10,opendata,labels_only_diagnostics,0.0,0,0.0,0.0,0.0,0,0,0,0,,none,0.0,0,0.0,0,0.0,open_public_evidence,0.0,native_overlay
8a2a1072d577fff,-73.99296699408102,40.70857004716672,10,opendata,labels_only_diagnostics,0.0,0,0.0,0.0,0.0,0,0,0,0,,none,0.0,0,0.0,0,0.0,open_public_evidence,0.0,native_overlay
8a2a1072d587fff,-73.99912960639844,40.70991276239524,10,opendata,labels_only_diagnostics,0.0,0,0.0,0.0,0.0,0,0,0,0,,none,0.0,0,0.0,0,0.0,open_public_evidence,0.0,native_overlay
8a2a1072d58ffff,-73.9987798055417,40.70878975512012,10,opendata,labels_only_diagnostics,0.012814097038526111,0,0.012814097038526111,0.012814097038526111,0.0,0,0,0,0,,dep,0.012814097038526111,1,1.0,1,1.0,open_public_evidence,1.0,native_overlay
8a2a1072d597fff,-74.00067031913292,40.71024839453324,10,opendata,labels_only_diagnostics,0.0,0,0.0,0.0,0.0,0,0,0,0,,none,0.0,0,0.0,0,0.0,open_public_evidence,0.0,native_overlay
8a2a1072d59ffff,-74.0003204785261,40.709125386464606,10,opendata,labels_only_diagnostics,0.0,0,0.0,0.0,0.0,0,0,0,0,,none,0.0,0,0.0,0,0.0,open_public_evidence,0.0,native_overlay
8a2a1072d5a7fff,-73.9979386954502,40.710700133134445,10,opendata,labels_only_diagnostics,0.0,0,0.0,0.0,0.0,0,0,0,0,,none,0.0,0,0.0,0,0.0,open_public_evidence,0.0,native_overlay
8a2a1072d5affff,-73.99758891752435,40.70957711158853,10,opendata,labels_only_diagnostics,0.07928183157620083,0,0.07928183157620083,0.0744291737415277,0.00485265783467315,0,0,0,0,,dep,0.07928183157620083,1,1.0,1,1.0,open_public_evidence,1.0,native_overlay
8a2a1072d5b7fff,-73.99947942407562,40.71103578473531,10,opendata,labels_only_diagnostics,0.0,0,0.0,0.0,0.0,0,0,0,0,,none,0.0,0,0.0,0,0.0,open_public_evidence,0.0,native_overlay
8a2a1072d627fff,-73.99325095240809,40.70025781855324,10,opendata,labels_only_diagnostics,0.0,0,0.0,0.0,0.0,0,0,0,0,,none,0.0,0,0.0,0,0.0,open_public_evidence,0.0,native_overlay
8a2a1072d637fff,-73.9947912994844,40.700593481640404,10,opendata,labels_only_diagnostics,0.0,0,0.0,0.0,0.0,0,0,0,0,,none,0.0,0,0.0,0,0.0,open_public_evidence,0.0,native_overlay
8a2a1072d6a7fff,-73.9975223591345,40.7001418643123,10,opendata,labels_only_diagnostics,0.0,0,0.0,0.0,0.0,0,0,0,0,,none,0.0,0,0.0,0,0.0,open_public_evidence,0.0,native_overlay
8a2a1072d6b7fff,-73.99906273804021,40.70047747062706,10,opendata,labels_only_diagnostics,0.0,0,0.0,0.0,0.0,0,0,0,0,,none,0.0,0,0.0,0,0.0,open_public_evidence,0.0,native_overlay
8a2a1072d707fff,-73.99240977387873,40.702167950680035,10,opendata,labels_only_diagnostics,0.0,0,0.0,0.0,0.0,0,0,0,0,,none,0.0,0,0.0,0,0.0,open_public_evidence,0.0,native_overlay
8a2a1072d70ffff,-73.99206019313118,40.7010450362091,10,opendata,labels_only_diagnostics,0.0,0,0.0,0.0,0.0,0,0,0,0,,none,0.0,0,0.0,0,0.0,open_public_evidence,0.0,native_overlay
8a2a1072d717fff,-73.99395017656782,40.70250363402671,10,opendata,labels_only_diagnostics,0.0,0,0.0,0.0,0.0,0,0,0,0,,none,0.0,0,0.0,0,0.0,open_public_evidence,0.0,native_overlay
8a2a1072d71ffff,-73.9936005560838,40.70138071875445,10,opendata,labels_only_diagnostics,0.0,0,0.0,0.0,0.0,0,0,0,0,,none,0.0,0,0.0,0,0.0,open_public_evidence,0.0,native_overlay
8a2a1072d727fff,-73.99121895286832,40.7029551774156,10,opendata,labels_only_diagnostics,0.0,1,0.0,0.0,0.0,1,1,0,0,,complaint,0.0,1,1.0,1,1.0,open_public_evidence,1.0,native_overlay
8a2a1072d72ffff,-73.99086939505094,40.701832248675636,10,opendata,labels_only_diagnostics,0.0,2,0.0,0.0,0.0,2,1,0,0,,complaint,0.0,1,1.0,1,1.0,open_public_evidence,1.0,native_overlay
8a2a1072d737fff,-73.99275937143382,40.70329088022198,10,opendata,labels_only_diagnostics,0.0,0,0.0,0.0,0.0,0,0,0,0,,none,0.0,0,0.0,0,0.0,open_public_evidence,0.0,native_overlay
8a2a1072d767fff,-73.98897953880946,40.700373615150255,10,opendata,labels_only_diagnostics,0.0,0,0.0,0.0,0.0,0,0,0,0,,none,0.0,0,0.0,0,0.0,open_public_evidence,0.0,native_overlay
8a2a1072d777fff,-73.99051985403919,40.70070933500736,10,opendata,labels_only_diagnostics,0.0,0,0.0,0.0,0.0,0,0,0,0,,none,0.0,0,0.0,0,0.0,open_public_evidence,0.0,native_overlay
8a2a1072d787fff,-73.99668135356416,40.70205202787161,10,opendata,labels_only_diagnostics,0.0,0,0.0,0.0,0.0,0,0,0,0,,none,0.0,0,0.0,0,0.0,open_public_evidence,0.0,native_overlay
8a2a1072d78ffff,-73.99633167041729,40.700929126070314,10,opendata,labels_only_diagnostics,0.0,0,0.0,0.0,0.0,0,0,0,0,,none,0.0,0,0.0,0,0.0,open_public_evidence,0.0,native_overlay
8a2a1072d797fff,-73.99822178808856,40.70238765444131,10,opendata,labels_only_diagnostics,0.0,0,0.0,0.0,0.0,0,0,0,0,,none,0.0,0,0.0,0,0.0,open_public_evidence,0.0,native_overlay
8a2a1072d79ffff,-73.9978720652051,40.701264751841926,10,opendata,labels_only_diagnostics,0.0,0,0.0,0.0,0.0,0,0,0,0,,none,0.0,0,0.0,0,0.0,open_public_evidence,0.0,native_overlay
8a2a1072d7a7fff,-73.99549060311651,40.70283929871462,10,opendata,labels_only_diagnostics,0.0,0,0.0,0.0,0.0,0,0,0,0,,none,0.0,0,0.0,0,0.0,open_public_evidence,0.0,native_overlay
8a2a1072d7affff,-73.99514094289535,40.701716382642324,10,opendata,labels_only_diagnostics,0.0,0,0.0,0.0,0.0,0,0,0,0,,none,0.0,0,0.0,0,0.0,open_public_evidence,0.0,native_overlay
8a2a1072d7b7fff,-73.99703105352316,40.70317494474267,10,opendata,labels_only_diagnostics,0.0,0,0.0,0.0,0.0,0,0,0,0,,none,0.0,0,0.0,0,0.0,open_public_evidence,0.0,native_overlay
8a2a1072d807fff,-73.97776805489823,40.710491242867484,10,opendata,labels_only_diagnostics,0.0,0,0.0,0.0,0.0,0,0,0,0,,none,0.0,0,0.0,0,0.0,open_public_evidence,0.0,native_overlay
8a2a1072d80ffff,-73.97741876624099,40.70936817228393,10,opendata,labels_only_diagnostics,0.0,0,0.0,0.0,0.0,0,0,0,0,,none,0.0,0,0.0,0,0.0,open_public_evidence,0.0,native_overlay
8a2a1072d817fff,-73.97930860827942,40.710827158979335,10,opendata,labels_only_diagnostics,0.0,0,0.0,0.0,0.0,0,0,0,0,,none,0.0,0,0.0,0,0.0,open_public_evidence,0.0,native_overlay
8a2a1072d81ffff,-73.97895927987273,40.709704087586054,10,opendata,labels_only_diagnostics,0.0,0,0.0,0.0,0.0,0,0,0,0,,none,0.0,0,0.0,0,0.0,open_public_evidence,0.0,native_overlay
8a2a1072d827fff,-73.97657679110999,40.71127839294094,10,opendata,labels_only_diagnostics,0.0,0,0.0,0.0,0.0,0,0,0,0,,none,0.0,0,0.0,0,0.0,open_public_evidence,0.0,native_overlay
8a2a1072d82ffff,-73.97622752540593,40.710155308096425,10,opendata,labels_only_diagnostics,0.0,0,0.0,0.0,0.0,0,0,0,0,,none,0.0,0,0.0,0,0.0,open_public_evidence,0.0,native_overlay
8a2a1072d837fff,-73.97811736035297,40.71161432852238,10,opendata,labels_only_diagnostics,0.0,0,0.0,0.0,0.0,0,0,0,0,,none,0.0,0,0.0,0,0.0,open_public_evidence,0.0,native_overlay
8a2a1072d847fff,-73.97552904438331,40.70790918362411,10,opendata,labels_only_diagnostics,0.0,0,0.0,0.0,0.0,0,0,0,0,,none,0.0,0,0.0,0,0.0,open_public_evidence,0.0,native_overlay
8a2a1072d84ffff,-73.97517982906236,40.70678614399767,10,opendata,labels_only_diagnostics,0.0,0,0.0,0.0,0.0,0,0,0,0,,none,0.0,0,0.0,0,0.0,open_public_evidence,0.0,native_overlay
8a2a1072d857fff,-73.97706949438002,40.70824511677242,10,opendata,labels_only_diagnostics,0.0,0,0.0,0.0,0.0,0,0,0,0,,none,0.0,0,0.0,0,0.0,open_public_evidence,0.0,native_overlay
8a2a1072d85ffff,-73.97672023931416,40.707122076333654,10,opendata,labels_only_diagnostics,0.0,0,0.0,0.0,0.0,0,0,0,0,,none,0.0,0,0.0,0,0.0,open_public_evidence,0.0,native_overlay
8a2a1072d867fff,-73.97433781064377,40.70869628570709,10,opendata,labels_only_diagnostics,0.0,0,0.0,0.0,0.0,0,0,0,0,,none,0.0,0,0.0,0,0.0,open_public_evidence,0.0,native_overlay
8a2a1072d86ffff,-73.9739886182758,40.70757323182026,10,opendata,labels_only_diagnostics,0.0,0,0.0,0.0,0.0,0,0,0,0,,none,0.0,0,0.0,0,0.0,open_public_evidence,0.0,native_overlay
8a2a1072d877fff,-73.97587827649745,40.709032238323914,10,opendata,labels_only_diagnostics,0.0,0,0.0,0.0,0.0,0,0,0,0,,none,0.0,0,0.0,0,0.0,open_public_evidence,0.0,native_overlay
8a2a1072d887fff,-73.98204037879412,40.71037586221235,10,opendata,labels_only_diagnostics,0.08011729452324519,0,0.08011729452324519,0.08011729452324519,0.0,0,0,0,0,,dep,0.08011729452324519,1,1.0,1,1.0,open_public_evidence,1.0,native_overlay
8a2a1072d88ffff,-73.98169098768854,40.70925280427357,10,opendata,labels_only_diagnostics,0.0,0,0.0,0.0,0.0,0,0,0,0,,none,0.0,0,0.0,0,0.0,open_public_evidence,0.0,native_overlay
8a2a1072d897fff,-73.98358096408043,40.71071172153438,10,opendata,labels_only_diagnostics,0.010084317878358031,0,0.010084317878358031,0.010084317878358031,0.0,0,0,0,0,,dep,0.010084317878358031,1,1.0,1,1.0,open_public_evidence,1.0,native_overlay
8a2a1072d89ffff,-73.98323153322528,40.70958866278911,10,opendata,labels_only_diagnostics,0.01634521060130414,0,0.01634521060130414,0.01634521060130414,0.0,0,0,0,0,,dep,0.01634521060130414,1,1.0,1,1.0,open_public_evidence,1.0,native_overlay
8a2a1072d8a7fff,-73.98084918554783,40.71116305643094,10,opendata,labels_only_diagnostics,0.0,0,0.0,0.0,0.0,0,0,0,0,,none,0.0,0,0.0,0,0.0,open_public_evidence,0.0,native_overlay
8a2a1072d8affff,-73.98049981739099,40.71003998422921,10,opendata,labels_only_diagnostics,0.0,0,0.0,0.0,0.0,0,0,0,0,,none,0.0,0,0.0,0,0.0,open_public_evidence,0.0,native_overlay
8a2a1072d8b7fff,-73.98238978670176,40.711498935221194,10,opendata,labels_only_diagnostics,0.0,0,0.0,0.0,0.0,0,0,0,0,,none,0.0,0,0.0,0,0.0,open_public_evidence,0.0,native_overlay
8a2a1072d8c7fff,-73.97980113147656,40.70779388503865,10,opendata,labels_only_diagnostics,0.0,0,0.0,0.0,0.0,0,0,0,0,,none,0.0,0,0.0,0,0.0,open_public_evidence,0.0,native_overlay
8a2a1072d8cffff,-73.97945181371661,40.70667085805119,10,opendata,labels_only_diagnostics,0.0,0,0.0,0.0,0.0,0,0,0,0,,none,0.0,0,0.0,0,0.0,open_public_evidence,0.0,native_overlay
8a2a1072d8d7fff,-73.98134161338385,40.70812976140555,10,opendata,labels_only_diagnostics,0.0,0,0.0,0.0,0.0,0,0,0,0,,none,0.0,0,0.0,0,0.0,open_public_evidence,0.0,native_overlay
8a2a1072d8dffff,-73.98099225587885,40.70700673360898,10,opendata,labels_only_diagnostics,0.0,0,0.0,0.0,0.0,0,0,0,0,,none,0.0,0,0.0,0,0.0,open_public_evidence,0.0,native_overlay
8a2a1072d8e7fff,-73.97860996826425,40.70858103126415,10,opendata,labels_only_diagnostics,0.0,0,0.0,0.0,0.0,0,0,0,0,,none,0.0,0,0.0,0,0.0,open_public_evidence,0.0,native_overlay
8a2a1072d8effff,-73.9782606734528,40.707457990014326,10,opendata,labels_only_diagnostics,0.0,0,0.0,0.0,0.0,0,0,0,0,,none,0.0,0,0.0,0,0.0,open_public_evidence,0.0,native_overlay
8a2a1072d8f7fff,-73.98015046603432,40.70891692709823,10,opendata,labels_only_diagnostics,0.0,0,0.0,0.0,0.0,0,0,0,0,,none,0.0,0,0.0,0,0.0,open_public_evidence,0.0,native_overlay
8a2a1072d907fff,-73.9757347480519,40.713188651981014,10,opendata,labels_only_diagnostics,0.0,0,0.0,0.0,0.0,0,0,0,0,,none,0.0,0,0.0,0,0.0,open_public_evidence,0.0,native_overlay
8a2a1072d90ffff,-73.97538548850709,40.7120655378049,10,opendata,labels_only_diagnostics,0.0,0,0.0,0.0,0.0,0,0,0,0,,none,0.0,0,0.0,0,0.0,open_public_evidence,0.0,native_overlay
8a2a1072d917fff,-73.97727537290943,40.713524607843276,10,opendata,labels_only_diagnostics,0.01663150788732076,0,0.01663150788732076,0.01663150788732076,0.0,0,0,0,0,,dep,0.01663150788732076,1,1.0,1,1.0,open_public_evidence,1.0,native_overlay
8a2a1072d91ffff,-73.97692607361074,40.712401492856785,10,opendata,labels_only_diagnostics,0.0,0,0.0,0.0,0.0,0,0,0,0,,none,0.0,0,0.0,0,0.0,open_public_evidence,0.0,native_overlay
8a2a1072d927fff,-73.9745433836756,40.7139758058935,10,opendata,labels_only_diagnostics,0.0,0,0.0,0.0,0.0,0,0,0,0,,none,0.0,0,0.0,0,0.0,open_public_evidence,0.0,native_overlay
8a2a1072d92ffff,-73.9741941470887,40.71285267745779,10,opendata,labels_only_diagnostics,0.0,0,0.0,0.0,0.0,0,0,0,0,,none,0.0,0,0.0,0,0.0,open_public_evidence,0.0,native_overlay
8a2a1072d937fff,-73.97608402439391,40.71431178122773,10,opendata,labels_only_diagnostics,0.07351820990182255,0,0.07351820990182255,0.07351820990182255,0.0,0,0,0,0,,dep,0.07351820990182255,1,1.0,1,1.0,open_public_evidence,1.0,native_overlay
8a2a1072d947fff,-73.97349572429943,40.71060646580088,10,opendata,labels_only_diagnostics,0.0,0,0.0,0.0,0.0,0,0,0,0,,none,0.0,0,0.0,0,0.0,open_public_evidence,0.0,native_overlay
8a2a1072d94ffff,-73.9731465380947,40.70948338258103,10,opendata,labels_only_diagnostics,0.0,0,0.0,0.0,0.0,0,0,0,0,,none,0.0,0,0.0,0,0.0,open_public_evidence,0.0,native_overlay
8a2a1072d957fff,-73.97503624575825,40.71094243870009,10,opendata,labels_only_diagnostics,0.0,0,0.0,0.0,0.0,0,0,0,0,,none,0.0,0,0.0,0,0.0,open_public_evidence,0.0,native_overlay
8a2a1072d95ffff,-73.97468701980421,40.709819354667246,10,opendata,labels_only_diagnostics,0.0,0,0.0,0.0,0.0,0,0,0,0,,none,0.0,0,0.0,0,0.0,open_public_evidence,0.0,native_overlay
8a2a1072d967fff,-73.97230438998224,40.71139357172324,10,opendata,labels_only_diagnostics,0.0,0,0.0,0.0,0.0,0,0,0,0,,none,0.0,0,0.0,0,0.0,open_public_evidence,0.0,native_overlay
8a2a1072d96ffff,-73.97195522673519,40.71027047424438,10,opendata,labels_only_diagnostics,0.0,0,0.0,0.0,0.0,0,0,0,0,,none,0.0,0,0.0,0,0.0,open_public_evidence,0.0,native_overlay
8a2a1072d977fff,-73.97384492729702,40.71172956409336,10,opendata,labels_only_diagnostics,0.0,0,0.0,0.0,0.0,0,0,0,0,,none,0.0,0,0.0,0,0.0,open_public_evidence,0.0,native_overlay
8a2a1072d987fff,-73.9800073154922,40.7130733469773,10,opendata,labels_only_diagnostics,0.0,0,0.0,0.0,0.0,0,0,0,0,,none,0.0,0,0.0,0,0.0,open_public_evidence,0.0,native_overlay
8a2a1072d98ffff,-73.97965795348551,40.71195024544332,10,opendata,labels_only_diagnostics,0.0,0,0.0,0.0,0.0,0,0,0,0,,none,0.0,0,0.0,0,0.0,open_public_evidence,0.0,native_overlay
8a2a1072d997fff,-73.98154797226664,40.71340924604381,10,opendata,labels_only_diagnostics,0.0,0,0.0,0.0,0.0,0,0,0,0,,none,0.0,0,0.0,0,0.0,open_public_evidence,0.0,native_overlay
8a2a1072d99ffff,-73.98119857050597,40.7122861437027,10,opendata,labels_only_diagnostics,0.0,1,0.0,0.0,0.0,1,1,0,0,,complaint,0.0,1,1.0,1,1.0,open_public_evidence,1.0,native_overlay
8a2a1072d9a7fff,-73.97881602165957,40.713860545043495,10,opendata,labels_only_diagnostics,0.0,0,0.0,0.0,0.0,0,0,0,0,,none,0.0,0,0.0,0,0.0,open_public_evidence,0.0,native_overlay
8a2a1072d9affff,-73.97846668260634,40.712737429247944,10,opendata,labels_only_diagnostics,0.0,0,0.0,0.0,0.0,0,0,0,0,,none,0.0,0,0.0,0,0.0,open_public_evidence,0.0,native_overlay
8a2a1072d9b7fff,-73.98035669430065,40.71419646358061,10,opendata,labels_only_diagnostics,0.0,0,0.0,0.0,0.0,0,0,0,0,,none,0.0,0,0.0,0,0.0,open_public_evidence,0.0,native_overlay
8a2a1072da07fff,-73.97532338697795,40.70263006531952,10,opendata,labels_only_diagnostics,0.0,0,0.0,0.0,0.0,0,0,0,0,,none,0.0,0,0.0,0,0.0,open_public_evidence,0.0,native_overlay
8a2a1072da0ffff,-73.97497421586979,40.701507100254666,10,opendata,labels_only_diagnostics,0.0,0,0.0,0.0,0.0,0,0,0,0,,none,0.0,0,0.0,0,0.0,open_public_evidence,0.0,native_overlay
8a2a1072da17fff,-73.9768636621535,40.70296597574945,10,opendata,labels_only_diagnostics,0.0,0,0.0,0.0,0.0,0,0,0,0,,none,0.0,0,0.0,0,0.0,open_public_evidence,0.0,native_overlay
8a2a1072da1ffff,-73.97651445130938,40.70184300987027,10,opendata,labels_only_diagnostics,0.0,0,0.0,0.0,0.0,0,0,0,0,,none,0.0,0,0.0,0,0.0,open_public_evidence,0.0,native_overlay
8a2a1072da27fff,-73.97413228384663,40.70341711556554,10,opendata,labels_only_diagnostics,0.0,0,0.0,0.0,0.0,0,0,0,0,,none,0.0,0,0.0,0,0.0,open_public_evidence,0.0,native_overlay
8a2a1072da2ffff,-73.9737831356865,40.7022941362395,10,opendata,labels_only_diagnostics,0.0,0,0.0,0.0,0.0,0,0,0,0,,none,0.0,0,0.0,0,0.0,open_public_evidence,0.0,native_overlay
8a2a1072da37fff,-73.97567257487528,40.70375304546054,10,opendata,labels_only_diagnostics,0.0,0,0.0,0.0,0.0,0,0,0,0,,none,0.0,0,0.0,0,0.0,open_public_evidence,0.0,native_overlay
8a2a1072da47fff,-73.97308488972679,40.70004822281854,10,opendata,labels_only_diagnostics,0.0,0,0.0,0.0,0.0,0,0,0,0,,none,0.0,0,0.0,0,0.0,open_public_evidence,0.0,native_overlay
8a2a1072da57fff,-73.97462506154963,40.70038415026665,10,opendata,labels_only_diagnostics,0.0,0,0.0,0.0,0.0,0,0,0,0,,none,0.0,0,0.0,0,0.0,open_public_evidence,0.0,native_overlay
8a2a1072da67fff,-73.97189381664249,40.70083522507815,10,opendata,labels_only_diagnostics,0.0,0,0.0,0.0,0.0,0,0,0,0,,none,0.0,0,0.0,0,0.0,open_public_evidence,0.0,native_overlay
8a2a1072da77fff,-73.97343400431362,40.70117117199027,10,opendata,labels_only_diagnostics,0.0,0,0.0,0.0,0.0,0,0,0,0,,none,0.0,0,0.0,0,0.0,open_public_evidence,0.0,native_overlay
8a2a1072da87fff,-73.97959499383208,40.702514773150845,10,opendata,labels_only_diagnostics,0.0,0,0.0,0.0,0.0,0,0,0,0,,none,0.0,0,0.0,0,0.0,open_public_evidence,0.0,native_overlay
8a2a1072da8ffff,-73.97924572030777,40.7013918207218,10,opendata,labels_only_diagnostics,0.0,0,0.0,0.0,0.0,0,0,0,0,,none,0.0,0,0.0,0,0.0,open_public_evidence,0.0,native_overlay
8a2a1072da97fff,-73.98113530091184,40.702850626813685,10,opendata,labels_only_diagnostics,0.0,0,0.0,0.0,0.0,0,0,0,0,,none,0.0,0,0.0,0,0.0,open_public_evidence,0.0,native_overlay
8a2a1072da9ffff,-73.98078598765144,40.70172767357356,10,opendata,labels_only_diagnostics,0.0,0,0.0,0.0,0.0,0,0,0,0,,none,0.0,0,0.0,0,0.0,open_public_evidence,0.0,native_overlay
8a2a1072daa7fff,-73.97840396121146,40.703301867528225,10,opendata,labels_only_diagnostics,0.0,0,0.0,0.0,0.0,0,0,0,0,,none,0.0,0,0.0,0,0.0,open_public_evidence,0.0,native_overlay
8a2a1072daaffff,-73.9780547106307,40.70217890083602,10,opendata,labels_only_diagnostics,0.0,0,0.0,0.0,0.0,0,0,0,0,,none,0.0,0,0.0,0,0.0,open_public_evidence,0.0,native_overlay
8a2a1072dab7fff,-73.97994428415015,40.70363774065478,10,opendata,labels_only_diagnostics,0.0,0,0.0,0.0,0.0,0,0,0,0,,none,0.0,0,0.0,0,0.0,open_public_evidence,0.0,native_overlay
8a2a1072dad7fff,-73.97889646357604,40.700268883368295,10,opendata,labels_only_diagnostics,0.0,0,0.0,0.0,0.0,0,0,0,0,,none,0.0,0,0.0,0,0.0,open_public_evidence,0.0,native_overlay
8a2a1072dae7fff,-73.97616525725519,40.70072005906728,10,opendata,labels_only_diagnostics,0.0,0,0.0,0.0,0.0,0,0,0,0,,none,0.0,0,0.0,0,0.0,open_public_evidence,0.0,native_overlay
8a2a1072daf7fff,-73.97770547684179,40.701055949219345,10,opendata,labels_only_diagnostics,0.0,0,0.0,0.0,0.0,0,0,0,0,,none,0.0,0,0.0,0,0.0,open_public_evidence,0.0,native_overlay
8a2a1072db07fff,-73.97329028391235,40.705327169269424,10,opendata,labels_only_diagnostics,0.0,0,0.0,0.0,0.0,0,0,0,0,,none,0.0,0,0.0,0,0.0,open_public_evidence,0.0,native_overlay
8a2a1072db0ffff,-73.97294114191455,40.70420416060678,10,opendata,labels_only_diagnostics,0.0,0,0.0,0.0,0.0,0,0,0,0,,none,0.0,0,0.0,0,0.0,open_public_evidence,0.0,native_overlay
8a2a1072db17fff,-73.97483063053338,40.70566311944531,10,opendata,labels_only_diagnostics,0.0,0,0.0,0.0,0.0,0,0,0,0,,none,0.0,0,0.0,0,0.0,open_public_evidence,0.0,native_overlay
8a2a1072db1ffff,-73.97448144879519,40.7045401099677,10,opendata,labels_only_diagnostics,0.0,0,0.0,0.0,0.0,0,0,0,0,,none,0.0,0,0.0,0,0.0,open_public_evidence,0.0,native_overlay
8a2a1072db27fff,-73.97209908022592,40.70611422336413,10,opendata,labels_only_diagnostics,0.0,0,0.0,0.0,0.0,0,0,0,0,,none,0.0,0,0.0,0,0.0,open_public_evidence,0.0,native_overlay
8a2a1072db2ffff,-73.97174996118083,40.70499120044169,10,opendata,labels_only_diagnostics,0.0,0,0.0,0.0,0.0,0,0,0,0,,none,0.0,0,0.0,0,0.0,open_public_evidence,0.0,native_overlay
8a2a1072db37fff,-73.97363944269904,40.706450193007484,10,opendata,labels_only_diagnostics,0.0,0,0.0,0.0,0.0,0,0,0,0,,none,0.0,0,0.0,0,0.0,open_public_evidence,0.0,native_overlay
8a2a1072db47fff,-73.97105177345033,40.70274519982567,10,opendata,labels_only_diagnostics,0.0,0,0.0,0.0,0.0,0,0,0,0,,none,0.0,0,0.0,0,0.0,open_public_evidence,0.0,native_overlay
8a2a1072db4ffff,-73.97070270476253,40.70162222213347,10,opendata,labels_only_diagnostics,0.0,0,0.0,0.0,0.0,0,0,0,0,,none,0.0,0,0.0,0,0.0,open_public_evidence,0.0,native_overlay
8a2a1072db57fff,-73.97259201670441,40.70308116702024,10,opendata,labels_only_diagnostics,0.0,0,0.0,0.0,0.0,0,0,0,0,,none,0.0,0,0.0,0,0.0,open_public_evidence,0.0,native_overlay
8a2a1072db5ffff,-73.9722429082808,40.701958188510446,10,opendata,labels_only_diagnostics,0.0,0,0.0,0.0,0.0,0,0,0,0,,none,0.0,0,0.0,0,0.0,open_public_evidence,0.0,native_overlay
8a2a1072db77fff,-73.97140085892269,40.70386819259531,10,opendata,labels_only_diagnostics,0.0,0,0.0,0.0,0.0,0,0,0,0,,none,0.0,0,0.0,0,0.0,open_public_evidence,0.0,native_overlay
8a2a1072db87fff,-73.9775621342162,40.70521195273364,10,opendata,labels_only_diagnostics,0.0,0,0.0,0.0,0.0,0,0,0,0,,none,0.0,0,0.0,0,0.0,open_public_evidence,0.0,native_overlay
8a2a1072db8ffff,-73.9772128897887,40.70408895670415,10,opendata,labels_only_diagnostics,0.0,0,0.0,0.0,0.0,0,0,0,0,,none,0.0,0,0.0,0,0.0,open_public_evidence,0.0,native_overlay
8a2a1072db97fff,-73.97910251275322,40.7055478461365,10,opendata,labels_only_diagnostics,0.0,0,0.0,0.0,0.0,0,0,0,0,,none,0.0,0,0.0,0,0.0,open_public_evidence,0.0,native_overlay
8a2a1072db9ffff,-73.97875322858523,40.70442484929529,10,opendata,labels_only_diagnostics,0.0,0,0.0,0.0,0.0,0,0,0,0,,none,0.0,0,0.0,0,0.0,open_public_evidence,0.0,native_overlay
8a2a1072dba7fff,-73.9763710010422,40.70599905096828,10,opendata,labels_only_diagnostics,0.0,0,0.0,0.0,0.0,0,0,0,0,,none,0.0,0,0.0,0,0.0,open_public_evidence,0.0,native_overlay
8a2a1072dbaffff,-73.97602177956297,40.70487604067701,10,opendata,labels_only_diagnostics,0.0,0,0.0,0.0,0.0,0,0,0,0,,none,0.0,0,0.0,0,0.0,open_public_evidence,0.0,native_overlay
8a2a1072dbb7fff,-73.97791139543718,40.70633496383725,10,opendata,labels_only_diagnostics,0.0,0,0.0,0.0,0.0,0,0,0,0,,none,0.0,0,0.0,0,0.0,open_public_evidence,0.0,native_overlay
8a2a1072dc07fff,-73.98855243013952,40.712842263747554,10,opendata,labels_only_diagnostics,0.0,0,0.0,0.0,0.0,0,0,0,0,,none,0.0,0,0.0,0,0.0,open_public_evidence,0.0,native_overlay
8a2a1072dc0ffff,-73.98820286322176,40.71171918752318,10,opendata,labels_only_diagnostics,0.0,0,0.0,0.0,0.0,0,0,0,0,,none,0.0,0,0.0,0,0.0,open_public_evidence,0.0,native_overlay
8a2a1072dc17fff,-73.99009315069607,40.713178049215124,10,opendata,labels_only_diagnostics,0.0,0,0.0,0.0,0.0,0,0,0,0,,none,0.0,0,0.0,0,0.0,open_public_evidence,0.0,native_overlay
8a2a1072dc1ffff,-73.98974354402408,40.71205497219012,10,opendata,labels_only_diagnostics,0.0,0,0.0,0.0,0.0,0,0,0,0,,none,0.0,0,0.0,0,0.0,open_public_evidence,0.0,native_overlay
8a2a1072dc27fff,-73.98736127743337,40.713629550103185,10,opendata,labels_only_diagnostics,0.0,0,0.0,0.0,0.0,0,0,0,0,,none,0.0,0,0.0,0,0.0,open_public_evidence,0.0,native_overlay
8a2a1072dc2ffff,-73.98701173346012,40.7125064596133,10,opendata,labels_only_diagnostics,0.0,0,0.0,0.0,0.0,0,0,0,0,,none,0.0,0,0.0,0,0.0,open_public_evidence,0.0,native_overlay
8a2a1072dc37fff,-73.98890201386823,40.713965355038695,10,opendata,labels_only_diagnostics,0.0,1,0.0,0.0,0.0,1,1,0,0,,complaint,0.0,1,1.0,1,1.0,open_public_evidence,1.0,native_overlay
8a2a1072dc47fff,-73.98631269593957,40.710260323836515,10,opendata,labels_only_diagnostics,0.0,0,0.0,0.0,0.0,0,0,0,0,,none,0.0,0,0.0,0,0.0,open_public_evidence,0.0,native_overlay
8a2a1072dc4ffff,-73.9859632023899,40.709137278550955,10,opendata,labels_only_diagnostics,0.0,0,0.0,0.0,0.0,0,0,0,0,,none,0.0,0,0.0,0,0.0,open_public_evidence,0.0,native_overlay
8a2a1072dc57fff,-73.98785331311377,40.71059612636624,10,opendata,labels_only_diagnostics,0.0,0,0.0,0.0,0.0,0,0,0,0,,none,0.0,0,0.0,0,0.0,open_public_evidence,0.0,native_overlay
8a2a1072dc5ffff,-73.98750377981439,40.709473080277455,10,opendata,labels_only_diagnostics,0.0,0,0.0,0.0,0.0,0,0,0,0,,none,0.0,0,0.0,0,0.0,open_public_evidence,0.0,native_overlay
8a2a1072dc67fff,-73.98512157324826,40.71104756219423,10,opendata,labels_only_diagnostics,0.0,0,0.0,0.0,0.0,0,0,0,0,,none,0.0,0,0.0,0,0.0,open_public_evidence,0.0,native_overlay
8a2a1072dc6ffff,-73.98477210264285,40.70992450264379,10,opendata,labels_only_diagnostics,0.0,0,0.0,0.0,0.0,0,0,0,0,,none,0.0,0,0.0,0,0.0,open_public_evidence,0.0,native_overlay
8a2a1072dc77fff,-73.98666220629593,40.71138338419087,10,opendata,labels_only_diagnostics,0.0,1,0.0,0.0,0.0,1,1,0,0,,complaint,0.0,1,1.0,1,1.0,open_public_evidence,1.0,native_overlay
8a2a1072dc87fff,-73.99282497725154,40.712726485523575,10,opendata,labels_only_diagnostics,0.0,0,0.0,0.0,0.0,0,0,0,0,,none,0.0,0,0.0,0,0.0,open_public_evidence,0.0,native_overlay
8a2a1072dc8ffff,-73.99247530788458,40.7116034219667,10,opendata,labels_only_diagnostics,0.0,0,0.0,0.0,0.0,0,0,0,0,,none,0.0,0,0.0,0,0.0,open_public_evidence,0.0,native_overlay
8a2a1072dc97fff,-73.9943657296733,40.71306221418797,10,opendata,labels_only_diagnostics,0.0,2,0.0,0.0,0.0,2,1,0,0,,complaint,0.0,1,1.0,1,1.0,open_public_evidence,1.0,native_overlay
8a2a1072dc9ffff,-73.99401602055197,40.71193914983371,10,opendata,labels_only_diagnostics,0.0,0,0.0,0.0,0.0,0,0,0,0,,none,0.0,0,0.0,0,0.0,open_public_evidence,0.0,native_overlay
8a2a1072dca7fff,-73.99163389512815,40.713513816014945,10,opendata,labels_only_diagnostics,0.0,0,0.0,0.0,0.0,0,0,0,0,,none,0.0,0,0.0,0,0.0,open_public_evidence,0.0,native_overlay
8a2a1072dcaffff,-73.99128424870123,40.7123907381906,10,opendata,labels_only_diagnostics,0.0,0,0.0,0.0,0.0,0,0,0,0,,none,0.0,0,0.0,0,0.0,open_public_evidence,0.0,native_overlay
8a2a1072dcb7fff,-73.99317466343408,40.71384956414594,10,opendata,labels_only_diagnostics,0.0,0,0.0,0.0,0.0,0,0,0,0,,none,0.0,0,0.0,0,0.0,open_public_evidence,0.0,native_overlay
8a2a1072dcc7fff,-73.9905850062871,40.71014462774102,10,opendata,labels_only_diagnostics,0.08548877941771987,0,0.08548877941771987,0.04907132414094927,0.03641745527676983,0,0,0,0,,dep,0.08548877941771987,1,1.0,1,1.0,open_public_evidence,1.0,native_overlay
8a2a1072dccffff,-73.99023541029753,40.709021595117164,10,opendata,labels_only_diagnostics,0.0,0,0.0,0.0,0.0,0,0,0,0,,none,0.0,0,0.0,0,0.0,open_public_evidence,0.0,native_overlay
8a2a1072dcd7fff,-73.99212565533198,40.71048037347598,10,opendata,labels_only_diagnostics,0.018776483235082204,0,0.018776483235082204,0.018776483235082204,0.0,0,0,0,0,,dep,0.018776483235082204,1,1.0,1,1.0,open_public_evidence,1.0,native_overlay
8a2a1072dcdffff,-73.99177601959256,40.70935734005212,10,opendata,labels_only_diagnostics,0.030814419578207485,1,0.030814419578207485,0.030814419578207485,0.0,1,1,0,0,,dep+complaint,0.030814419578207485,1,1.0,1,1.0,open_public_evidence,1.0,native_overlay
8a2a1072dce7fff,-73.98939395416379,40.710931910231906,10,opendata,labels_only_diagnostics,0.003694472743771404,1,0.003694472743771404,0.003694472743771404,0.0,1,1,0,0,,dep+complaint,0.003694472743771404,1,1.0,1,1.0,open_public_evidence,1.0,native_overlay
8a2a1072dceffff,-73.98904438111403,40.70980886334116,10,opendata,labels_only_diagnostics,0.051764917023732156,0,0.051764917023732156,0.047547982234076094,0.004216934789656817,0,0,0,0,,dep,0.051764917023732156,1,1.0,1,1.0,open_public_evidence,1.0,native_overlay
8a2a1072dcf7fff,-73.99093461908795,40.711267675432396,10,opendata,labels_only_diagnostics,0.0,0,0.0,0.0,0.0,0,0,0,0,,none,0.0,0,0.0,0,0.0,open_public_evidence,0.0,native_overlay
8a2a1072dd07fff,-73.98651962374096,40.715539951076806,10,opendata,labels_only_diagnostics,0.0,3,0.0,0.0,0.0,3,1,0,0,,complaint,0.0,1,1.0,1,1.0,open_public_evidence,1.0,native_overlay
8a2a1072dd0ffff,-73.98617008590475,40.71441683125544,10,opendata,labels_only_diagnostics,0.0,0,0.0,0.0,0.0,0,0,0,0,,none,0.0,0,0.0,0,0.0,open_public_evidence,0.0,native_overlay
8a2a1072dd17fff,-73.98806041581166,40.71587577628242,10,opendata,labels_only_diagnostics,0.0,0,0.0,0.0,0.0,0,0,0,0,,none,0.0,0,0.0,0,0.0,open_public_evidence,0.0,native_overlay
8a2a1072dd1ffff,-73.98771083821681,40.71475265565977,10,opendata,labels_only_diagnostics,0.0,0,0.0,0.0,0.0,0,0,0,0,,none,0.0,0,0.0,0,0.0,open_public_evidence,0.0,native_overlay
8a2a1072dd27fff,-73.9853283704398,40.71632724128823,10,opendata,labels_only_diagnostics,0.0,0,0.0,0.0,0.0,0,0,0,0,,none,0.0,0,0.0,0,0.0,open_public_evidence,0.0,native_overlay
8a2a1072dd2ffff,-73.98497885555282,40.71520410720276,10,opendata,labels_only_diagnostics,0.0,0,0.0,0.0,0.0,0,0,0,0,,none,0.0,0,0.0,0,0.0,open_public_evidence,0.0,native_overlay
8a2a1072dd37fff,-73.98686917838782,40.71666308596419,10,opendata,labels_only_diagnostics,0.0,0,0.0,0.0,0.0,0,0,0,0,,none,0.0,0,0.0,0,0.0,open_public_evidence,0.0,native_overlay
8a2a1072dd47fff,-73.9842798762039,40.71295788423248,10,opendata,labels_only_diagnostics,0.0,0,0.0,0.0,0.0,0,0,0,0,,none,0.0,0,0.0,0,0.0,open_public_evidence,0.0,native_overlay
8a2a1072dd4ffff,-73.98393041173956,40.71183479534906,10,opendata,labels_only_diagnostics,0.0,0,0.0,0.0,0.0,0,0,0,0,,none,0.0,0,0.0,0,0.0,open_public_evidence,0.0,native_overlay
8a2a1072dd57fff,-73.98582056487801,40.713293726500744,10,opendata,labels_only_diagnostics,0.0,0,0.0,0.0,0.0,0,0,0,0,,none,0.0,0,0.0,0,0.0,open_public_evidence,0.0,native_overlay
8a2a1072dd5ffff,-73.98547106065959,40.712170636813475,10,opendata,labels_only_diagnostics,0.0,0,0.0,0.0,0.0,0,0,0,0,,none,0.0,0,0.0,0,0.0,open_public_evidence,0.0,native_overlay
8a2a1072dd67fff,-73.98308865292799,40.71374512644637,10,opendata,labels_only_diagnostics,0.0,1,0.0,0.0,0.0,1,1,0,0,,complaint,0.0,1,1.0,1,1.0,open_public_evidence,1.0,native_overlay
8a2a1072dd6ffff,-73.98273921141265,40.71262202329944,10,opendata,labels_only_diagnostics,0.0,0,0.0,0.0,0.0,0,0,0,0,,none,0.0,0,0.0,0,0.0,open_public_evidence,0.0,native_overlay
8a2a1072dd77fff,-73.98462935747459,40.71408098818395,10,opendata,labels_only_diagnostics,0.0,0,0.0,0.0,0.0,0,0,0,0,,none,0.0,0,0.0,0,0.0,open_public_evidence,0.0,native_overlay
8a2a1072dd87fff,-73.99079241447991,40.71542424846277,10,opendata,labels_only_diagnostics,0.0,0,0.0,0.0,0.0,0,0,0,0,,none,0.0,0,0.0,0,0.0,open_public_evidence,0.0,native_overlay
8a2a1072dd8ffff,-73.99044277418096,40.714301141306244,10,opendata,labels_only_diagnostics,0.0,1,0.0,0.0,0.0,1,1,0,0,,complaint,0.0,1,1.0,1,1.0,open_public_evidence,1.0,native_overlay
8a2a1072dd97fff,-73.99233323842762,40.715760016859264,10,opendata,labels_only_diagnostics,0.0,3,0.0,0.0,0.0,3,1,0,0,,complaint,0.0,1,1.0,1,1.0,open_public_evidence,1.0,native_overlay
8a2a1072dd9ffff,-73.9919835583699,40.71463690890472,10,opendata,labels_only_diagnostics,0.0,2,0.0,0.0,0.0,2,1,0,0,,complaint,0.0,1,1.0,1,1.0,open_public_evidence,1.0,native_overlay
8a2a1072dda7fff,-73.98960123176329,40.71621158281851,10,opendata,labels_only_diagnostics,0.0,1,0.0,0.0,0.0,1,1,0,0,,complaint,0.0,1,1.0,1,1.0,open_public_evidence,1.0,native_overlay
8a2a1072ddaffff,-73.98925161440908,40.7150884613959,10,opendata,labels_only_diagnostics,0.0,0,0.0,0.0,0.0,0,0,0,0,,none,0.0,0,0.0,0,0.0,open_public_evidence,0.0,native_overlay
8a2a1072ddb7fff,-73.99114207159414,40.71654737068402,10,opendata,labels_only_diagnostics,0.0,0,0.0,0.0,0.0,0,0,0,0,,none,0.0,0,0.0,0,0.0,open_public_evidence,0.0,native_overlay
8a2a1072e867fff,-74.01993248983581,40.725957857809036,10,opendata,labels_only_diagnostics,0.0,0,0.0,0.0,0.0,0,0,0,0,,none,0.0,0,0.0,0,0.0,open_public_evidence,0.0,native_overlay
8a2a1072e86ffff,-74.01958206636726,40.72483467627991,10,opendata,labels_only_diagnostics,0.0,0,0.0,0.0,0.0,0,0,0,0,,none,0.0,0,0.0,0,0.0,open_public_evidence,0.0,native_overlay
8a2a1072e92ffff,-74.01979280443817,40.73011527739973,10,opendata,labels_only_diagnostics,0.0,0,0.0,0.0,0.0,0,0,0,0,,none,0.0,0,0.0,0,0.0,open_public_evidence,0.0,native_overlay
8a2a1072e947fff,-74.01909191907703,40.72786881053854,10,opendata,labels_only_diagnostics,0.0,0,0.0,0.0,0.0,0,0,0,0,,none,0.0,0,0.0,0,0.0,open_public_evidence,0.0,native_overlay
8a2a1072e94ffff,-74.01874150167983,40.726745599681756,10,opendata,labels_only_diagnostics,0.0,0,0.0,0.0,0.0,0,0,0,0,,none,0.0,0,0.0,0,0.0,open_public_evidence,0.0,native_overlay
8a2a1072e967fff,-74.0179008691375,40.72865656149735,10,opendata,labels_only_diagnostics,0.0,0,0.0,0.0,0.0,0,0,0,0,,none,0.0,0,0.0,0,0.0,open_public_evidence,0.0,native_overlay
8a2a1072e96ffff,-74.01755047466831,40.72753333636371,10,opendata,labels_only_diagnostics,0.0,0,0.0,0.0,0.0,0,0,0,0,,none,0.0,0,0.0,0,0.0,open_public_evidence,0.0,native_overlay
8a2a1072e977fff,-74.01944235332942,40.728992036444765,10,opendata,labels_only_diagnostics,0.0,0,0.0,0.0,0.0,0,0,0,0,,none,0.0,0,0.0,0,0.0,open_public_evidence,0.0,native_overlay
8a2a1072ea27fff,-74.0197217546905,40.72067753205151,10,opendata,labels_only_diagnostics,0.0,0,0.0,0.0,0.0,0,0,0,0,,none,0.0,0,0.0,0,0.0,open_public_evidence,0.0,native_overlay
8a2a1072ea2ffff,-74.01937137570854,40.71955442500821,10,opendata,labels_only_diagnostics,0.0,0,0.0,0.0,0.0,0,0,0,0,,none,0.0,0,0.0,0,0.0,open_public_evidence,0.0,native_overlay
8a2a1072ea47fff,-74.01867066829203,40.717308256083186,10,opendata,labels_only_diagnostics,0.0,0,0.0,0.0,0.0,0,0,0,0,,none,0.0,0,0.0,0,0.0,open_public_evidence,0.0,native_overlay
8a2a1072ea4ffff,-74.01832033985507,40.7161851942028,10,opendata,labels_only_diagnostics,0.0,0,0.0,0.0,0.0,0,0,0,0,,none,0.0,0,0.0,0,0.0,open_public_evidence,0.0,native_overlay
8a2a1072ea5ffff,-74.01986141830568,40.716520603786584,10,opendata,labels_only_diagnostics,0.0,0,0.0,0.0,0.0,0,0,0,0,,none,0.0,0,0.0,0,0.0,open_public_evidence,0.0,native_overlay
8a2a1072ea67fff,-74.0174798794385,40.71809590319686,10,opendata,labels_only_diagnostics,0.0,0,0.0,0.0,0.0,0,0,0,0,,none,0.0,0,0.0,0,0.0,open_public_evidence,0.0,native_overlay
8a2a1072ea6ffff,-74.01712957391968,40.71697282703805,10,opendata,labels_only_diagnostics,0.0,0,0.0,0.0,0.0,0,0,0,0,,none,0.0,0,0.0,0,0.0,open_public_evidence,0.0,native_overlay
8a2a1072ea77fff,-74.01902101357614,40.71843133301856,10,opendata,labels_only_diagnostics,0.0,0,0.0,0.0,0.0,0,0,0,0,,none,0.0,0,0.0,0,0.0,open_public_evidence,0.0,native_overlay
8a2a1072eb07fff,-74.01888126998956,40.72258835837487,10,opendata,labels_only_diagnostics,0.0,0,0.0,0.0,0.0,0,0,0,0,,none,0.0,0,0.0,0,0.0,open_public_evidence,0.0,native_overlay
8a2a1072eb0ffff,-74.01853089707805,40.72146522200033,10,opendata,labels_only_diagnostics,0.0,0,0.0,0.0,0.0,0,0,0,0,,none,0.0,0,0.0,0,0.0,open_public_evidence,0.0,native_overlay
8a2a1072eb27fff,-74.01769035060731,40.723376057414825,10,opendata,labels_only_diagnostics,0.0,0,0.0,0.0,0.0,0,0,0,0,,none,0.0,0,0.0,0,0.0,open_public_evidence,0.0,native_overlay
8a2a1072eb2ffff,-74.01734000061889,40.72225290676264,10,opendata,labels_only_diagnostics,0.0,0,0.0,0.0,0.0,0,0,0,0,,none,0.0,0,0.0,0,0.0,open_public_evidence,0.0,native_overlay
8a2a1072eb37fff,-74.01923165975224,40.723711509801625,10,opendata,labels_only_diagnostics,0.0,0,0.0,0.0,0.0,0,0,0,0,,none,0.0,0,0.0,0,0.0,open_public_evidence,0.0,native_overlay
8a2a1072eb47fff,-74.0166393511885,40.72000665061756,10,opendata,labels_only_diagnostics,0.0,0,0.0,0.0,0.0,0,0,0,0,,none,0.0,0,0.0,0,0.0,open_public_evidence,0.0,native_overlay
8a2a1072eb4ffff,-74.01628905174418,40.71888354512607,10,opendata,labels_only_diagnostics,0.0,0,0.0,0.0,0.0,0,0,0,0,,none,0.0,0,0.0,0,0.0,open_public_evidence,0.0,native_overlay
8a2a1072eb57fff,-74.01818054101648,40.72034210067869,10,opendata,labels_only_diagnostics,0.0,0,0.0,0.0,0.0,0,0,0,0,,none,0.0,0,0.0,0,0.0,open_public_evidence,0.0,native_overlay
8a2a1072eb5ffff,-74.01783020180369,40.71921899441063,10,opendata,labels_only_diagnostics,0.0,0,0.0,0.0,0.0,0,0,0,0,,none,0.0,0,0.0,0,0.0,open_public_evidence,0.0,native_overlay
8a2a1072eb67fff,-74.01544846172972,40.72079430163781,10,opendata,labels_only_diagnostics,0.0,0,0.0,0.0,0.0,0,0,0,0,,none,0.0,0,0.0,0,0.0,open_public_evidence,0.0,native_overlay
8a2a1072eb6ffff,-74.01509818520826,40.71967118186924,10,opendata,labels_only_diagnostics,0.0,0,0.0,0.0,0.0,0,0,0,0,,none,0.0,0,0.0,0,0.0,open_public_evidence,0.0,native_overlay
8a2a1072eb77fff,-74.01698966747968,40.72112977116332,10,opendata,labels_only_diagnostics,0.0,0,0.0,0.0,0.0,0,0,0,0,,none,0.0,0,0.0,0,0.0,open_public_evidence,0.0,native_overlay
