{"type": "FeatureCollection", "features": [{"type": "Feature", "properties": {"unique_key": "15685423", "complaint_type": "Sewer", "descriptor": "Street Flooding (SJ)", "created_date": "2010-01-07T17:56:00.000", "agency": "DEP", "incident_address": null, "borough": "MANHATTAN", "source": "nyc_311_soda_76ig-c548", "hazard": "pluvial_311", "official_identity_verified": true}, "geometry": {"type": "Point", "coordinates": [-73.99700835637634, 40.74222718212239]}}, {"type": "Feature", "properties": {"unique_key": "15802833", "complaint_type": "Sewer", "descriptor": "Street Flooding (SJ)", "created_date": "2010-01-25T16:17:00.000", "agency": "DEP", "incident_address": "49 WEST   57 STREET", "borough": "MANHATTAN", "source": "nyc_311_soda_76ig-c548", "hazard": "pluvial_311", "official_identity_verified": true}, "geometry": {"type": "Point", "coordinates": [-73.97555376986742, 40.763641884306544]}}, {"type": "Feature", "properties": {"unique_key": "15805421", "complaint_type": "Sewer", "descriptor": "Street Flooding (SJ)", "created_date": "2010-01-25T15:23:00.000", "agency": "DEP", "incident_address": null, "borough": "MANHATTAN", "source": "nyc_311_soda_76ig-c548", "hazard": "pluvial_311", "official_identity_verified": true}, "geometry": {"type": "Point", "coordinates": [-73.97255342667354, 40.76489830047662]}}, {"type": "Feature", "properties": {"unique_key": "15805425", "complaint_type": "Sewer", "descriptor": "Street Flooding (SJ)", "created_date": "2010-01-25T15:38:00.000", "agency": "DEP", "incident_address": null, "borough": "MANHATTAN", "source": "nyc_311_soda_76ig-c548", "hazard": "pluvial_311", "official_identity_verified": true}, "geometry": {"type": "Point", "coordinates": [-73.97811527626749, 40.75728557318907]}}, {"type": "Feature", "properties": {"unique_key": "15805427", "complaint_type": "Sewer", "descriptor": "Street Flooding (SJ)", "created_date": "2010-01-25T15:44:00.000", "agency": "DEP", "incident_address": null, "borough": "MANHATTAN", "source": "nyc_311_soda_76ig-c548", "hazard": "pluvial_311", "official_identity_verified": true}, "geometry": {"type": "Point", "coordinates": [-73.97537423703137, 40.761039829835816]}}, {"type": "Feature", "properties": {"unique_key": "15805435", "complaint_type": "Sewer", "descriptor": "Street Flooding (SJ)", "created_date": "2010-01-25T16:20:00.000", "agency": "DEP", "incident_address": null, "borough": "MANHATTAN", "source": "nyc_311_soda_76ig-c548", "hazard": "pluvial_311", "official_identity_verified": true}, "geometry": {"type": "Point", "coordinates": [-73.97445687774159, 40.76229397770745]}}, {"type": "Feature", "properties": {"unique_key": "15805436", "complaint_type": "Sewer", "descriptor": "Street Flooding (SJ)", "created_date": "2010-01-25T16:24:00.000", "agency": "DEP", "incident_address": null, "borough": "MANHATTAN", "source": "nyc_311_soda_76ig-c548", "hazard": "pluvial_311", "official_identity_verified": true}, "geometry": {"type": "Point", "coordinates": [-73.97628795208624, 40.759785673685684]}}, {"type": "Feature", "properties": {"unique_key": "15823438", "complaint_type": "Sewer", "descriptor": "Street Flooding (SJ)", "created_date": "2010-01-27T21:04:00.000", "agency": "DEP", "incident_address": null, "borough": "MANHATTAN", "source": "nyc_311_soda_76ig-c548", "hazard": "pluvial_311", "official_identity_verified": true}, "geometry": {"type": "Point", "coordinates": [-73.984175109585, 40.75984192199021]}}, {"type": "Feature", "properties": {"unique_key": "15949213", "complaint_type": "Sewer", "descriptor": "Street Flooding (SJ)", "created_date": "2010-02-06T13:31:00.000", "agency": "DEP", "incident_address": null, "borough": "MANHATTAN", "source": "nyc_311_soda_76ig-c548", "hazard": "pluvial_311", "official_identity_verified": true}, "geometry": {"type": "Point", "coordinates": [-73.95417815370344, 40.7814295082462]}}, {"type": "Feature", "properties": {"unique_key": "15963414", "complaint_type": "Sewer", "descriptor": "Street Flooding (SJ)", "created_date": "2010-02-08T08:01:00.000", "agency": "DEP", "incident_address": "EAGLE STREET", "borough": "BROOKLYN", "source": "nyc_311_soda_76ig-c548", "hazard": "pluvial_311", "official_identity_verified": true}, "geometry": {"type": "Point", "coordinates": [-73.95122559720323, 40.73552244190731]}}, {"type": "Feature", "properties": {"unique_key": "15969869", "complaint_type": "Sewer", "descriptor": "Street Flooding (SJ)", "created_date": "2010-02-09T13:45:00.000", "agency": "DEP", "incident_address": null, "borough": "MANHATTAN", "source": "nyc_311_soda_76ig-c548", "hazard": "pluvial_311", "official_identity_verified": true}, "geometry": {"type": "Point", "coordinates": [-73.95398496911395, 40.77882193224481]}}, {"type": "Feature", "properties": {"unique_key": "15985365", "complaint_type": "Sewer", "descriptor": "Street Flooding (SJ)", "created_date": "2010-02-11T13:57:00.000", "agency": "DEP", "incident_address": "26 BEAVER STREET", "borough": "MANHATTAN", "source": "nyc_311_soda_76ig-c548", "hazard": "pluvial_311", "official_identity_verified": true}, "geometry": {"type": "Point", "coordinates": [-74.01190217687649, 40.70495828502452]}}, {"type": "Feature", "properties": {"unique_key": "15986082", "complaint_type": "Sewer", "descriptor": "Street Flooding (SJ)", "created_date": "2010-02-11T10:31:00.000", "agency": "DEP", "incident_address": null, "borough": "MANHATTAN", "source": "nyc_311_soda_76ig-c548", "hazard": "pluvial_311", "official_identity_verified": true}, "geometry": {"type": "Point", "coordinates": [-74.01154871686809, 40.70495008673648]}}, {"type": "Feature", "properties": {"unique_key": "15986397", "complaint_type": "Sewer", "descriptor": "Street Flooding (SJ)", "created_date": "2010-02-11T11:15:00.000", "agency": "DEP", "incident_address": null, "borough": "MANHATTAN", "source": "nyc_311_soda_76ig-c548", "hazard": "pluvial_311", "official_identity_verified": true}, "geometry": {"type": "Point", "coordinates": [-74.01154871686809, 40.70495008673648]}}, {"type": "Feature", "properties": {"unique_key": "15986468", "complaint_type": "Sewer", "descriptor": "Street Flooding (SJ)", "created_date": "2010-02-11T16:50:00.000", "agency": "DEP", "incident_address": null, "borough": "MANHATTAN", "source": "nyc_311_soda_76ig-c548", "hazard": "pluvial_311", "official_identity_verified": true}, "geometry": {"type": "Point", "coordinates": [-74.01154871686809, 40.70495008673648]}}, {"type": "Feature", "properties": {"unique_key": "16017453", "complaint_type": "Sewer", "descriptor": "Street Flooding (SJ)", "created_date": "2010-02-16T11:14:00.000", "agency": "DEP", "incident_address": null, "borough": "MANHATTAN", "source": "nyc_311_soda_76ig-c548", "hazard": "pluvial_311", "official_identity_verified": true}, "geometry": {"type": "Point", "coordinates": [-73.9739692885707, 40.76296633054511]}}, {"type": "Feature", "properties": {"unique_key": "16017572", "complaint_type": "Sewer", "descriptor": "Street Flooding (SJ)", "created_date": "2010-02-16T14:31:00.000", "agency": "DEP", "incident_address": null, "borough": "MANHATTAN", "source": "nyc_311_soda_76ig-c548", "hazard": "pluvial_311", "official_identity_verified": true}, "geometry": {"type": "Point", "coordinates": [-73.96246950211095, 40.76718457129881]}}, {"type": "Feature", "properties": {"unique_key": "16026233", "complaint_type": "Sewer", "descriptor": "Street Flooding (SJ)", "created_date": "2010-02-17T10:39:00.000", "agency": "DEP", "incident_address": "45 EAST   65 STREET", "borough": "MANHATTAN", "source": "nyc_311_soda_76ig-c548", "hazard": "pluvial_311", "official_identity_verified": true}, "geometry": {"type": "Point", "coordinates": [-73.96818068526731, 40.767142374278706]}}, {"type": "Feature", "properties": {"unique_key": "16048830", "complaint_type": "Sewer", "descriptor": "Street Flooding (SJ)", "created_date": "2010-02-20T10:17:00.000", "agency": "DEP", "incident_address": "51 EAST   65 STREET", "borough": "MANHATTAN", "source": "nyc_311_soda_76ig-c548", "hazard": "pluvial_311", "official_identity_verified": true}, "geometry": {"type": "Point", "coordinates": [-73.96809045148878, 40.7671039229491]}}, {"type": "Feature", "properties": {"unique_key": "16059458", "complaint_type": "Sewer", "descriptor": "Street Flooding (SJ)", "created_date": "2010-02-22T11:41:00.000", "agency": "DEP", "incident_address": null, "borough": "MANHATTAN", "source": "nyc_311_soda_76ig-c548", "hazard": "pluvial_311", "official_identity_verified": true}, "geometry": {"type": "Point", "coordinates": [-73.9537477543563, 40.766852031168725]}}, {"type": "Feature", "properties": {"unique_key": "16059469", "complaint_type": "Sewer", "descriptor": "Street Flooding (SJ)", "created_date": "2010-02-22T13:41:00.000", "agency": "DEP", "incident_address": null, "borough": "MANHATTAN", "source": "nyc_311_soda_76ig-c548", "hazard": "pluvial_311", "official_identity_verified": true}, "geometry": {"type": "Point", "coordinates": [-73.99248966793999, 40.71508134044143]}}, {"type": "Feature", "properties": {"unique_key": "16070076", "complaint_type": "Sewer", "descriptor": "Street Flooding (SJ)", "created_date": "2010-02-23T14:34:00.000", "agency": "DEP", "incident_address": null, "borough": "MANHATTAN", "source": "nyc_311_soda_76ig-c548", "hazard": "pluvial_311", "official_identity_verified": true}, "geometry": {"type": "Point", "coordinates": [-73.97618028909402, 40.727748927327575]}}, {"type": "Feature", "properties": {"unique_key": "16078216", "complaint_type": "Sewer", "descriptor": "Street Flooding (SJ)", "created_date": "2010-02-24T01:15:00.000", "agency": "DEP", "incident_address": null, "borough": "MANHATTAN", "source": "nyc_311_soda_76ig-c548", "hazard": "pluvial_311", "official_identity_verified": true}, "geometry": {"type": "Point", "coordinates": [-73.96704087525497, 40.77246135980183]}}, {"type": "Feature", "properties": {"unique_key": "16085837", "complaint_type": "Sewer", "descriptor": "Street Flooding (SJ)", "created_date": "2010-02-25T10:32:00.000", "agency": "DEP", "incident_address": "130 WATER STREET", "borough": "MANHATTAN", "source": "nyc_311_soda_76ig-c548", "hazard": "pluvial_311", "official_identity_verified": true}, "geometry": {"type": "Point", "coordinates": [-74.00692856814005, 40.70552136857152]}}, {"type": "Feature", "properties": {"unique_key": "16087800", "complaint_type": "Sewer", "descriptor": "Street Flooding (SJ)", "created_date": "2010-02-25T14:08:00.000", "agency": "DEP", "incident_address": null, "borough": "MANHATTAN", "source": "nyc_311_soda_76ig-c548", "hazard": "pluvial_311", "official_identity_verified": true}, "geometry": {"type": "Point", "coordinates": [-73.96853980476219, 40.74821471278705]}}, {"type": "Feature", "properties": {"unique_key": "16087943", "complaint_type": "Sewer", "descriptor": "Street Flooding (SJ)", "created_date": "2010-02-25T15:58:00.000", "agency": "DEP", "incident_address": null, "borough": "BROOKLYN", "source": "nyc_311_soda_76ig-c548", "hazard": "pluvial_311", "official_identity_verified": true}, "geometry": {"type": "Point", "coordinates": [-73.99174234048598, 40.690993229453106]}}, {"type": "Feature", "properties": {"unique_key": "16088030", "complaint_type": "Sewer", "descriptor": "Street Flooding (SJ)", "created_date": "2010-02-25T14:23:00.000", "agency": "DEP", "incident_address": null, "borough": "MANHATTAN", "source": "nyc_311_soda_76ig-c548", "hazard": "pluvial_311", "official_identity_verified": true}, "geometry": {"type": "Point", "coordinates": [-74.00039699417712, 40.74776886981272]}}, {"type": "Feature", "properties": {"unique_key": "16095405", "complaint_type": "Sewer", "descriptor": "Street Flooding (SJ)", "created_date": "2010-02-26T11:00:00.000", "agency": "DEP", "incident_address": null, "borough": "MANHATTAN", "source": "nyc_311_soda_76ig-c548", "hazard": "pluvial_311", "official_identity_verified": true}, "geometry": {"type": "Point", "coordinates": [-73.99452761756353, 40.76092705262407]}}, {"type": "Feature", "properties": {"unique_key": "16095485", "complaint_type": "Sewer", "descriptor": "Street Flooding (SJ)", "created_date": "2010-02-26T15:32:00.000", "agency": "DEP", "incident_address": null, "borough": "MANHATTAN", "source": "nyc_311_soda_76ig-c548", "hazard": "pluvial_311", "official_identity_verified": true}, "geometry": {"type": "Point", "coordinates": [-73.99786005613711, 40.7410551924439]}}, {"type": "Feature", "properties": {"unique_key": "16095502", "complaint_type": "Sewer", "descriptor": "Street Flooding (SJ)", "created_date": "2010-02-26T18:45:00.000", "agency": "DEP", "incident_address": null, "borough": "MANHATTAN", "source": "nyc_311_soda_76ig-c548", "hazard": "pluvial_311", "official_identity_verified": true}, "geometry": {"type": "Point", "coordinates": [-73.94941931511931, 40.78106246795127]}}, {"type": "Feature", "properties": {"unique_key": "16095509", "complaint_type": "Sewer", "descriptor": "Street Flooding (SJ)", "created_date": "2010-02-26T20:28:00.000", "agency": "DEP", "incident_address": null, "borough": "MANHATTAN", "source": "nyc_311_soda_76ig-c548", "hazard": "pluvial_311", "official_identity_verified": true}, "geometry": {"type": "Point", "coordinates": [-73.97758548577407, 40.78704667417996]}}, {"type": "Feature", "properties": {"unique_key": "16100436", "complaint_type": "Sewer", "descriptor": "Street Flooding (SJ)", "created_date": "2010-02-27T10:28:00.000", "agency": "DEP", "incident_address": "112 SUFFOLK STREET", "borough": "MANHATTAN", "source": "nyc_311_soda_76ig-c548", "hazard": "pluvial_311", "official_identity_verified": true}, "geometry": {"type": "Point", "coordinates": [-73.98611843750476, 40.71889871002159]}}, {"type": "Feature", "properties": {"unique_key": "16114234", "complaint_type": "Sewer", "descriptor": "Street Flooding (SJ)", "created_date": "2010-03-01T13:54:00.000", "agency": "DEP", "incident_address": "35 3 AVENUE", "borough": "MANHATTAN", "source": "nyc_311_soda_76ig-c548", "hazard": "pluvial_311", "official_identity_verified": true}, "geometry": {"type": "Point", "coordinates": [-73.98931282733865, 40.73032822077843]}}, {"type": "Feature", "properties": {"unique_key": "16121434", "complaint_type": "Sewer", "descriptor": "Street Flooding (SJ)", "created_date": "2010-03-02T13:13:00.000", "agency": "DEP", "incident_address": "29 3 AVENUE", "borough": "MANHATTAN", "source": "nyc_311_soda_76ig-c548", "hazard": "pluvial_311", "official_identity_verified": true}, "geometry": {"type": "Point", "coordinates": [-73.98972062868705, 40.72976558304959]}}, {"type": "Feature", "properties": {"unique_key": "16121437", "complaint_type": "Sewer", "descriptor": "Street Flooding (SJ)", "created_date": "2010-03-02T13:21:00.000", "agency": "DEP", "incident_address": "105 DOBBIN STREET", "borough": "BROOKLYN", "source": "nyc_311_soda_76ig-c548", "hazard": "pluvial_311", "official_identity_verified": true}, "geometry": {"type": "Point", "coordinates": [-73.95483711062856, 40.725568686532974]}}, {"type": "Feature", "properties": {"unique_key": "16122526", "complaint_type": "Sewer", "descriptor": "Street Flooding (SJ)", "created_date": "2010-03-02T17:27:00.000", "agency": "DEP", "incident_address": "12 WEST   69 STREET", "borough": "MANHATTAN", "source": "nyc_311_soda_76ig-c548", "hazard": "pluvial_311", "official_identity_verified": true}, "geometry": {"type": "Point", "coordinates": [-73.97800490108438, 40.774541741243816]}}, {"type": "Feature", "properties": {"unique_key": "16140820", "complaint_type": "Sewer", "descriptor": "Street Flooding (SJ)", "created_date": "2010-03-04T10:51:00.000", "agency": "DEP", "incident_address": null, "borough": "MANHATTAN", "source": "nyc_311_soda_76ig-c548", "hazard": "pluvial_311", "official_identity_verified": true}, "geometry": {"type": "Point", "coordinates": [-73.99045428715185, 40.77161206451384]}}, {"type": "Feature", "properties": {"unique_key": "16150859", "complaint_type": "Sewer", "descriptor": "Street Flooding (SJ)", "created_date": "2010-03-04T09:49:00.000", "agency": "DEP", "incident_address": null, "borough": "MANHATTAN", "source": "nyc_311_soda_76ig-c548", "hazard": "pluvial_311", "official_identity_verified": true}, "geometry": {"type": "Point", "coordinates": [-73.97352371591124, 40.75780885565467]}}, {"type": "Feature", "properties": {"unique_key": "16165226", "complaint_type": "Sewer", "descriptor": "Street Flooding (SJ)", "created_date": "2010-03-08T09:16:00.000", "agency": "DEP", "incident_address": "76 SOUTH ELLIOTT PLACE", "borough": "BROOKLYN", "source": "nyc_311_soda_76ig-c548", "hazard": "pluvial_311", "official_identity_verified": true}, "geometry": {"type": "Point", "coordinates": [-73.97571863068822, 40.6877027294972]}}, {"type": "Feature", "properties": {"unique_key": "16165246", "complaint_type": "Sewer", "descriptor": "Street Flooding (SJ)", "created_date": "2010-03-08T09:45:00.000", "agency": "DEP", "incident_address": "51 LEROY STREET", "borough": "MANHATTAN", "source": "nyc_311_soda_76ig-c548", "hazard": "pluvial_311", "official_identity_verified": true}, "geometry": {"type": "Point", "coordinates": [-74.00512348336714, 40.73020783350585]}}, {"type": "Feature", "properties": {"unique_key": "16193661", "complaint_type": "Sewer", "descriptor": "Street Flooding (SJ)", "created_date": "2010-03-10T13:03:00.000", "agency": "DEP", "incident_address": null, "borough": "MANHATTAN", "source": "nyc_311_soda_76ig-c548", "hazard": "pluvial_311", "official_identity_verified": true}, "geometry": {"type": "Point", "coordinates": [-73.99045428715185, 40.77161206451384]}}, {"type": "Feature", "properties": {"unique_key": "16206984", "complaint_type": "Sewer", "descriptor": "Street Flooding (SJ)", "created_date": "2010-03-13T13:31:00.000", "agency": "DEP", "incident_address": "192 EAST BROADWAY", "borough": "MANHATTAN", "source": "nyc_311_soda_76ig-c548", "hazard": "pluvial_311", "official_identity_verified": true}, "geometry": {"type": "Point", "coordinates": [-73.98865889969987, 40.714197213721604]}}, {"type": "Feature", "properties": {"unique_key": "16207314", "complaint_type": "Sewer", "descriptor": "Street Flooding (SJ)", "created_date": "2010-03-13T20:38:00.000", "agency": "DEP", "incident_address": null, "borough": "MANHATTAN", "source": "nyc_311_soda_76ig-c548", "hazard": "pluvial_311", "official_identity_verified": true}, "geometry": {"type": "Point", "coordinates": [-73.9521279666576, 40.76527314307152]}}, {"type": "Feature", "properties": {"unique_key": "16207397", "complaint_type": "Sewer", "descriptor": "Street Flooding (SJ)", "created_date": "2010-03-13T13:54:00.000", "agency": "DEP", "incident_address": null, "borough": "BROOKLYN", "source": "nyc_311_soda_76ig-c548", "hazard": "pluvial_311", "official_identity_verified": true}, "geometry": {"type": "Point", "coordinates": [-73.95347016154248, 40.71979865985743]}}, {"type": "Feature", "properties": {"unique_key": "16207487", "complaint_type": "Sewer", "descriptor": "Street Flooding (SJ)", "created_date": "2010-03-13T18:57:00.000", "agency": "DEP", "incident_address": null, "borough": "MANHATTAN", "source": "nyc_311_soda_76ig-c548", "hazard": "pluvial_311", "official_identity_verified": true}, "geometry": {"type": "Point", "coordinates": [-74.00427341365126, 40.75264346296054]}}, {"type": "Feature", "properties": {"unique_key": "16207493", "complaint_type": "Sewer", "descriptor": "Street Flooding (SJ)", "created_date": "2010-03-13T19:17:00.000", "agency": "DEP", "incident_address": null, "borough": "MANHATTAN", "source": "nyc_311_soda_76ig-c548", "hazard": "pluvial_311", "official_identity_verified": true}, "geometry": {"type": "Point", "coordinates": [-74.00806277650474, 40.74930290257624]}}, {"type": "Feature", "properties": {"unique_key": "16207494", "complaint_type": "Sewer", "descriptor": "Street Flooding (SJ)", "created_date": "2010-03-13T19:20:00.000", "agency": "DEP", "incident_address": null, "borough": "MANHATTAN", "source": "nyc_311_soda_76ig-c548", "hazard": "pluvial_311", "official_identity_verified": true}, "geometry": {"type": "Point", "coordinates": [-74.00673875382216, 40.75449055936124]}}, {"type": "Feature", "properties": {"unique_key": "16214357", "complaint_type": "Sewer", "descriptor": "Street Flooding (SJ)", "created_date": "2010-03-14T01:13:00.000", "agency": "DEP", "incident_address": null, "borough": "BROOKLYN", "source": "nyc_311_soda_76ig-c548", "hazard": "pluvial_311", "official_identity_verified": true}, "geometry": {"type": "Point", "coordinates": [-73.95128697646454, 40.70092202135726]}}, {"type": "Feature", "properties": {"unique_key": "16214358", "complaint_type": "Sewer", "descriptor": "Street Flooding (SJ)", "created_date": "2010-03-14T01:16:00.000", "agency": "DEP", "incident_address": null, "borough": "BROOKLYN", "source": "nyc_311_soda_76ig-c548", "hazard": "pluvial_311", "official_identity_verified": true}, "geometry": {"type": "Point", "coordinates": [-73.954460770821, 40.70081627494719]}}, {"type": "Feature", "properties": {"unique_key": "16214360", "complaint_type": "Sewer", "descriptor": "Street Flooding (SJ)", "created_date": "2010-03-14T01:19:00.000", "agency": "DEP", "incident_address": null, "borough": "BROOKLYN", "source": "nyc_311_soda_76ig-c548", "hazard": "pluvial_311", "official_identity_verified": true}, "geometry": {"type": "Point", "coordinates": [-73.94753791012657, 40.70334949155992]}}, {"type": "Feature", "properties": {"unique_key": "16214379", "complaint_type": "Sewer", "descriptor": "Street Flooding (SJ)", "created_date": "2010-03-14T05:27:00.000", "agency": "DEP", "incident_address": null, "borough": "MANHATTAN", "source": "nyc_311_soda_76ig-c548", "hazard": "pluvial_311", "official_identity_verified": true}, "geometry": {"type": "Point", "coordinates": [-73.96481255932004, 40.75331337547471]}}, {"type": "Feature", "properties": {"unique_key": "16214450", "complaint_type": "Sewer", "descriptor": "Street Flooding (SJ)", "created_date": "2010-03-14T14:15:00.000", "agency": "DEP", "incident_address": null, "borough": "MANHATTAN", "source": "nyc_311_soda_76ig-c548", "hazard": "pluvial_311", "official_identity_verified": true}, "geometry": {"type": "Point", "coordinates": [-73.97872406623014, 40.772420193583955]}}, {"type": "Feature", "properties": {"unique_key": "16223999", "complaint_type": "Sewer", "descriptor": "Street Flooding (SJ)", "created_date": "2010-03-15T14:12:00.000", "agency": "DEP", "incident_address": null, "borough": "MANHATTAN", "source": "nyc_311_soda_76ig-c548", "hazard": "pluvial_311", "official_identity_verified": true}, "geometry": {"type": "Point", "coordinates": [-73.95494631218527, 40.77750483853602]}}, {"type": "Feature", "properties": {"unique_key": "16224003", "complaint_type": "Sewer", "descriptor": "Street Flooding (SJ)", "created_date": "2010-03-15T14:36:00.000", "agency": "DEP", "incident_address": null, "borough": "MANHATTAN", "source": "nyc_311_soda_76ig-c548", "hazard": "pluvial_311", "official_identity_verified": true}, "geometry": {"type": "Point", "coordinates": [-73.98915628749786, 40.71670871778625]}}, {"type": "Feature", "properties": {"unique_key": "16224011", "complaint_type": "Sewer", "descriptor": "Street Flooding (SJ)", "created_date": "2010-03-15T14:42:00.000", "agency": "DEP", "incident_address": null, "borough": "MANHATTAN", "source": "nyc_311_soda_76ig-c548", "hazard": "pluvial_311", "official_identity_verified": true}, "geometry": {"type": "Point", "coordinates": [-73.96772789303769, 40.76285221680354]}}, {"type": "Feature", "properties": {"unique_key": "16259218", "complaint_type": "Sewer", "descriptor": "Street Flooding (SJ)", "created_date": "2010-03-19T15:11:00.000", "agency": "DEP", "incident_address": "203 WEST   28 STREET", "borough": "MANHATTAN", "source": "nyc_311_soda_76ig-c548", "hazard": "pluvial_311", "official_identity_verified": true}, "geometry": {"type": "Point", "coordinates": [-73.99382135729188, 40.74744207968947]}}, {"type": "Feature", "properties": {"unique_key": "16265570", "complaint_type": "Sewer", "descriptor": "Street Flooding (SJ)", "created_date": "2010-03-18T21:51:00.000", "agency": "DEP", "incident_address": "284 PACIFIC STREET", "borough": "BROOKLYN", "source": "nyc_311_soda_76ig-c548", "hazard": "pluvial_311", "official_identity_verified": true}, "geometry": {"type": "Point", "coordinates": [-73.98907805942045, 40.68777613694996]}}, {"type": "Feature", "properties": {"unique_key": "16277995", "complaint_type": "Sewer", "descriptor": "Street Flooding (SJ)", "created_date": "2010-03-22T18:26:00.000", "agency": "DEP", "incident_address": null, "borough": "BROOKLYN", "source": "nyc_311_soda_76ig-c548", "hazard": "pluvial_311", "official_identity_verified": true}, "geometry": {"type": "Point", "coordinates": [-73.97631543008036, 40.68250974604686]}}, {"type": "Feature", "properties": {"unique_key": "16279250", "complaint_type": "Sewer", "descriptor": "Street Flooding (SJ)", "created_date": "2010-03-22T12:18:00.000", "agency": "DEP", "incident_address": null, "borough": "MANHATTAN", "source": "nyc_311_soda_76ig-c548", "hazard": "pluvial_311", "official_identity_verified": true}, "geometry": {"type": "Point", "coordinates": [-73.99045428715185, 40.77161206451384]}}, {"type": "Feature", "properties": {"unique_key": "16286964", "complaint_type": "Sewer", "descriptor": "Street Flooding (SJ)", "created_date": "2010-03-23T00:01:00.000", "agency": "DEP", "incident_address": "53 EAST   64 STREET", "borough": "MANHATTAN", "source": "nyc_311_soda_76ig-c548", "hazard": "pluvial_311", "official_identity_verified": true}, "geometry": {"type": "Point", "coordinates": [-73.96853839771708, 40.76647824516382]}}, {"type": "Feature", "properties": {"unique_key": "16288608", "complaint_type": "Sewer", "descriptor": "Street Flooding (SJ)", "created_date": "2010-03-23T13:29:00.000", "agency": "DEP", "incident_address": null, "borough": "MANHATTAN", "source": "nyc_311_soda_76ig-c548", "hazard": "pluvial_311", "official_identity_verified": true}, "geometry": {"type": "Point", "coordinates": [-73.9781532847726, 40.75145299507849]}}, {"type": "Feature", "properties": {"unique_key": "16331616", "complaint_type": "Sewer", "descriptor": "Street Flooding (SJ)", "created_date": "2010-03-29T16:54:00.000", "agency": "DEP", "incident_address": null, "borough": "BROOKLYN", "source": "nyc_311_soda_76ig-c548", "hazard": "pluvial_311", "official_identity_verified": true}, "geometry": {"type": "Point", "coordinates": [-73.94797989386747, 40.70544120328564]}}, {"type": "Feature", "properties": {"unique_key": "16341194", "complaint_type": "Sewer", "descriptor": "Street Flooding (SJ)", "created_date": "2010-03-30T10:52:00.000", "agency": "DEP", "incident_address": "73 5 AVENUE", "borough": "MANHATTAN", "source": "nyc_311_soda_76ig-c548", "hazard": "pluvial_311", "official_identity_verified": true}, "geometry": {"type": "Point", "coordinates": [-73.99303931375468, 40.73678142311129]}}, {"type": "Feature", "properties": {"unique_key": "16341450", "complaint_type": "Sewer", "descriptor": "Street Flooding (SJ)", "created_date": "2010-03-30T11:53:00.000", "agency": "DEP", "incident_address": "113 EAST   55 STREET", "borough": "MANHATTAN", "source": "nyc_311_soda_76ig-c548", "hazard": "pluvial_311", "official_identity_verified": true}, "geometry": {"type": "Point", "coordinates": [-73.97096356165773, 40.76001226846279]}}, {"type": "Feature", "properties": {"unique_key": "16343010", "complaint_type": "Sewer", "descriptor": "Street Flooding (SJ)", "created_date": "2010-03-30T12:15:00.000", "agency": "DEP", "incident_address": null, "borough": "BROOKLYN", "source": "nyc_311_soda_76ig-c548", "hazard": "pluvial_311", "official_identity_verified": true}, "geometry": {"type": "Point", "coordinates": [-73.94797989386747, 40.70544120328564]}}, {"type": "Feature", "properties": {"unique_key": "16365169", "complaint_type": "Sewer", "descriptor": "Street Flooding (SJ)", "created_date": "2010-04-02T06:46:00.000", "agency": "DEP", "incident_address": null, "borough": "MANHATTAN", "source": "nyc_311_soda_76ig-c548", "hazard": "pluvial_311", "official_identity_verified": true}, "geometry": {"type": "Point", "coordinates": [-73.99781969164724, 40.76150081329756]}}, {"type": "Feature", "properties": {"unique_key": "16366487", "complaint_type": "Sewer", "descriptor": "Street Flooding (SJ)", "created_date": "2010-04-02T09:22:00.000", "agency": "DEP", "incident_address": "70 BROAD STREET", "borough": "MANHATTAN", "source": "nyc_311_soda_76ig-c548", "hazard": "pluvial_311", "official_identity_verified": true}, "geometry": {"type": "Point", "coordinates": [-74.01155953131604, 40.70491714847567]}}, {"type": "Feature", "properties": {"unique_key": "16382351", "complaint_type": "Sewer", "descriptor": "Street Flooding (SJ)", "created_date": "2010-04-05T18:49:00.000", "agency": "DEP", "incident_address": null, "borough": "MANHATTAN", "source": "nyc_311_soda_76ig-c548", "hazard": "pluvial_311", "official_identity_verified": true}, "geometry": {"type": "Point", "coordinates": [-73.98994986610529, 40.71697228678662]}}, {"type": "Feature", "properties": {"unique_key": "16390363", "complaint_type": "Sewer", "descriptor": "Street Flooding (SJ)", "created_date": "2010-04-06T13:12:00.000", "agency": "DEP", "incident_address": null, "borough": "MANHATTAN", "source": "nyc_311_soda_76ig-c548", "hazard": "pluvial_311", "official_identity_verified": true}, "geometry": {"type": "Point", "coordinates": [-73.9485564582438, 40.794909261886374]}}, {"type": "Feature", "properties": {"unique_key": "16405448", "complaint_type": "Sewer", "descriptor": "Street Flooding (SJ)", "created_date": "2010-04-08T13:23:00.000", "agency": "DEP", "incident_address": "58 HENRY STREET", "borough": "BROOKLYN", "source": "nyc_311_soda_76ig-c548", "hazard": "pluvial_311", "official_identity_verified": true}, "geometry": {"type": "Point", "coordinates": [-73.99220655647453, 40.69915071250748]}}, {"type": "Feature", "properties": {"unique_key": "16414781", "complaint_type": "Sewer", "descriptor": "Street Flooding (SJ)", "created_date": "2010-04-09T12:04:00.000", "agency": "DEP", "incident_address": "197 FRANKLIN STREET", "borough": "BROOKLYN", "source": "nyc_311_soda_76ig-c548", "hazard": "pluvial_311", "official_identity_verified": true}, "geometry": {"type": "Point", "coordinates": [-73.958216224686, 40.73360111799606]}}, {"type": "Feature", "properties": {"unique_key": "16423664", "complaint_type": "Sewer", "descriptor": "Street Flooding (SJ)", "created_date": "2010-04-11T18:31:00.000", "agency": "DEP", "incident_address": "133 WEST   22 STREET", "borough": "MANHATTAN", "source": "nyc_311_soda_76ig-c548", "hazard": "pluvial_311", "official_identity_verified": true}, "geometry": {"type": "Point", "coordinates": [-73.99435950334471, 40.742693690462986]}}, {"type": "Feature", "properties": {"unique_key": "16440544", "complaint_type": "Sewer", "descriptor": "Street Flooding (SJ)", "created_date": "2010-04-13T12:53:00.000", "agency": "DEP", "incident_address": "1580 3 AVENUE", "borough": "MANHATTAN", "source": "nyc_311_soda_76ig-c548", "hazard": "pluvial_311", "official_identity_verified": true}, "geometry": {"type": "Point", "coordinates": [-73.95273443046402, 40.78055335452873]}}, {"type": "Feature", "properties": {"unique_key": "16456140", "complaint_type": "Sewer", "descriptor": "Street Flooding (SJ)", "created_date": "2010-04-15T12:08:00.000", "agency": "DEP", "incident_address": "69 GOLD STREET", "borough": "BROOKLYN", "source": "nyc_311_soda_76ig-c548", "hazard": "pluvial_311", "official_identity_verified": true}, "geometry": {"type": "Point", "coordinates": [-73.98274238580606, 40.702863350984295]}}, {"type": "Feature", "properties": {"unique_key": "16457133", "complaint_type": "Sewer", "descriptor": "Street Flooding (SJ)", "created_date": "2010-04-15T15:57:00.000", "agency": "DEP", "incident_address": null, "borough": "MANHATTAN", "source": "nyc_311_soda_76ig-c548", "hazard": "pluvial_311", "official_identity_verified": true}, "geometry": {"type": "Point", "coordinates": [-74.00716249172962, 40.734294664249724]}}, {"type": "Feature", "properties": {"unique_key": "16481989", "complaint_type": "Sewer", "descriptor": "Street Flooding (SJ)", "created_date": "2010-04-19T10:42:00.000", "agency": "DEP", "incident_address": "43 WEST   22 STREET", "borough": "MANHATTAN", "source": "nyc_311_soda_76ig-c548", "hazard": "pluvial_311", "official_identity_verified": true}, "geometry": {"type": "Point", "coordinates": [-73.99151234176423, 40.741496804491895]}}, {"type": "Feature", "properties": {"unique_key": "16505476", "complaint_type": "Sewer", "descriptor": "Street Flooding (SJ)", "created_date": "2010-04-22T13:13:00.000", "agency": "DEP", "incident_address": null, "borough": "MANHATTAN", "source": "nyc_311_soda_76ig-c548", "hazard": "pluvial_311", "official_identity_verified": true}, "geometry": {"type": "Point", "coordinates": [-73.998487869284, 40.74529309693587]}}, {"type": "Feature", "properties": {"unique_key": "16516975", "complaint_type": "Sewer", "descriptor": "Street Flooding (SJ)", "created_date": "2010-04-24T08:44:00.000", "agency": "DEP", "incident_address": null, "borough": "MANHATTAN", "source": "nyc_311_soda_76ig-c548", "hazard": "pluvial_311", "official_identity_verified": true}, "geometry": {"type": "Point", "coordinates": [-73.9675808951411, 40.79786676610781]}}, {"type": "Feature", "properties": {"unique_key": "16527784", "complaint_type": "Sewer", "descriptor": "Street Flooding (SJ)", "created_date": "2010-04-26T09:37:00.000", "agency": "DEP", "incident_address": "1515 BROADWAY", "borough": "MANHATTAN", "source": "nyc_311_soda_76ig-c548", "hazard": "pluvial_311", "official_identity_verified": true}, "geometry": {"type": "Point", "coordinates": [-73.98580355106148, 40.75763535980379]}}, {"type": "Feature", "properties": {"unique_key": "16528847", "complaint_type": "Sewer", "descriptor": "Street Flooding (SJ)", "created_date": "2010-04-26T15:37:00.000", "agency": "DEP", "incident_address": null, "borough": "MANHATTAN", "source": "nyc_311_soda_76ig-c548", "hazard": "pluvial_311", "official_identity_verified": true}, "geometry": {"type": "Point", "coordinates": [-73.99463190105429, 40.76588131743674]}}, {"type": "Feature", "properties": {"unique_key": "16529151", "complaint_type": "Sewer", "descriptor": "Street Flooding (SJ)", "created_date": "2010-04-26T08:19:00.000", "agency": "DEP", "incident_address": null, "borough": "MANHATTAN", "source": "nyc_311_soda_76ig-c548", "hazard": "pluvial_311", "official_identity_verified": true}, "geometry": {"type": "Point", "coordinates": [-73.97998787457806, 40.78384401265165]}}, {"type": "Feature", "properties": {"unique_key": "16535873", "complaint_type": "Sewer", "descriptor": "Street Flooding (SJ)", "created_date": "2010-04-27T13:07:00.000", "agency": "DEP", "incident_address": "2 CORNELIA STREET", "borough": "MANHATTAN", "source": "nyc_311_soda_76ig-c548", "hazard": "pluvial_311", "official_identity_verified": true}, "geometry": {"type": "Point", "coordinates": [-74.00142883377391, 40.731670893056894]}}, {"type": "Feature", "properties": {"unique_key": "16536482", "complaint_type": "Sewer", "descriptor": "Street Flooding (SJ)", "created_date": "2010-04-27T14:38:00.000", "agency": "DEP", "incident_address": "EAST   60 STREET", "borough": "MANHATTAN", "source": "nyc_311_soda_76ig-c548", "hazard": "pluvial_311", "official_identity_verified": true}, "geometry": {"type": "Point", "coordinates": [-73.9717557696854, 40.76455501494813]}}, {"type": "Feature", "properties": {"unique_key": "16536606", "complaint_type": "Sewer", "descriptor": "Street Flooding (SJ)", "created_date": "2010-04-27T11:00:00.000", "agency": "DEP", "incident_address": null, "borough": "MANHATTAN", "source": "nyc_311_soda_76ig-c548", "hazard": "pluvial_311", "official_identity_verified": true}, "geometry": {"type": "Point", "coordinates": [-73.97346363241188, 40.76365789029119]}}, {"type": "Feature", "properties": {"unique_key": "16536669", "complaint_type": "Sewer", "descriptor": "Street Flooding (SJ)", "created_date": "2010-04-27T16:25:00.000", "agency": "DEP", "incident_address": null, "borough": "MANHATTAN", "source": "nyc_311_soda_76ig-c548", "hazard": "pluvial_311", "official_identity_verified": true}, "geometry": {"type": "Point", "coordinates": [-73.98222574060378, 40.77387549830657]}}, {"type": "Feature", "properties": {"unique_key": "16537790", "complaint_type": "Sewer", "descriptor": "Street Flooding (SJ)", "created_date": "2010-04-27T16:52:00.000", "agency": "DEP", "incident_address": "292 HENRY STREET", "borough": "MANHATTAN", "source": "nyc_311_soda_76ig-c548", "hazard": "pluvial_311", "official_identity_verified": true}, "geometry": {"type": "Point", "coordinates": [-73.98311825964475, 40.7139989117455]}}, {"type": "Feature", "properties": {"unique_key": "16544124", "complaint_type": "Sewer", "descriptor": "Street Flooding (SJ)", "created_date": "2010-04-28T12:33:00.000", "agency": "DEP", "incident_address": "55 WEST   44 STREET", "borough": "MANHATTAN", "source": "nyc_311_soda_76ig-c548", "hazard": "pluvial_311", "official_identity_verified": true}, "geometry": {"type": "Point", "coordinates": [-73.98166034526245, 40.75551583146469]}}, {"type": "Feature", "properties": {"unique_key": "16544888", "complaint_type": "Sewer", "descriptor": "Street Flooding (SJ)", "created_date": "2010-04-28T16:33:00.000", "agency": "DEP", "incident_address": "55 WOOSTER STREET", "borough": "MANHATTAN", "source": "nyc_311_soda_76ig-c548", "hazard": "pluvial_311", "official_identity_verified": true}, "geometry": {"type": "Point", "coordinates": [-74.00230170335934, 40.722794336629335]}}, {"type": "Feature", "properties": {"unique_key": "16558898", "complaint_type": "Sewer", "descriptor": "Street Flooding (SJ)", "created_date": "2010-04-30T11:25:00.000", "agency": "DEP", "incident_address": "231 COURT STREET", "borough": "BROOKLYN", "source": "nyc_311_soda_76ig-c548", "hazard": "pluvial_311", "official_identity_verified": true}, "geometry": {"type": "Point", "coordinates": [-73.9940541947274, 40.68616257638759]}}, {"type": "Feature", "properties": {"unique_key": "16573316", "complaint_type": "Sewer", "descriptor": "Street Flooding (SJ)", "created_date": "2010-05-03T15:46:00.000", "agency": "DEP", "incident_address": "19 WEST   69 STREET", "borough": "MANHATTAN", "source": "nyc_311_soda_76ig-c548", "hazard": "pluvial_311", "official_identity_verified": true}, "geometry": {"type": "Point", "coordinates": [-73.9781529050131, 40.77462136679754]}}, {"type": "Feature", "properties": {"unique_key": "16573730", "complaint_type": "Sewer", "descriptor": "Street Flooding (SJ)", "created_date": "2010-04-30T08:35:00.000", "agency": "DEP", "incident_address": "25 3 AVENUE", "borough": "MANHATTAN", "source": "nyc_311_soda_76ig-c548", "hazard": "pluvial_311", "official_identity_verified": true}, "geometry": {"type": "Point", "coordinates": [-73.98974228086706, 40.729740882180934]}}, {"type": "Feature", "properties": {"unique_key": "16578131", "complaint_type": "Sewer", "descriptor": "Street Flooding (SJ)", "created_date": "2010-05-03T06:45:00.000", "agency": "DEP", "incident_address": null, "borough": "MANHATTAN", "source": "nyc_311_soda_76ig-c548", "hazard": "pluvial_311", "official_identity_verified": true}, "geometry": {"type": "Point", "coordinates": [-73.99297988521025, 40.75285467380101]}}, {"type": "Feature", "properties": {"unique_key": "16578923", "complaint_type": "Sewer", "descriptor": "Street Flooding (SJ)", "created_date": "2010-04-29T12:38:00.000", "agency": "DEP", "incident_address": null, "borough": "MANHATTAN", "source": "nyc_311_soda_76ig-c548", "hazard": "pluvial_311", "official_identity_verified": true}, "geometry": {"type": "Point", "coordinates": [-73.99034191604916, 40.72493212081157]}}, {"type": "Feature", "properties": {"unique_key": "16587985", "complaint_type": "Sewer", "descriptor": "Street Flooding (SJ)", "created_date": "2010-05-04T13:05:00.000", "agency": "DEP", "incident_address": "334 WEST   89 STREET", "borough": "MANHATTAN", "source": "nyc_311_soda_76ig-c548", "hazard": "pluvial_311", "official_identity_verified": true}, "geometry": {"type": "Point", "coordinates": [-73.97732768719436, 40.79117470027568]}}, {"type": "Feature", "properties": {"unique_key": "16594326", "complaint_type": "Sewer", "descriptor": "Street Flooding (SJ)", "created_date": "2010-05-05T13:08:00.000", "agency": "DEP", "incident_address": "197 FRANKLIN STREET", "borough": "BROOKLYN", "source": "nyc_311_soda_76ig-c548", "hazard": "pluvial_311", "official_identity_verified": true}, "geometry": {"type": "Point", "coordinates": [-73.958216224686, 40.73360111799606]}}, {"type": "Feature", "properties": {"unique_key": "16603877", "complaint_type": "Sewer", "descriptor": "Street Flooding (SJ)", "created_date": "2010-05-06T08:00:00.000", "agency": "DEP", "incident_address": null, "borough": "MANHATTAN", "source": "nyc_311_soda_76ig-c548", "hazard": "pluvial_311", "official_identity_verified": true}, "geometry": {"type": "Point", "coordinates": [-73.998487869284, 40.74529309693587]}}, {"type": "Feature", "properties": {"unique_key": "16604561", "complaint_type": "Sewer", "descriptor": "Street Flooding (SJ)", "created_date": "2010-05-06T23:49:00.000", "agency": "DEP", "incident_address": null, "borough": "MANHATTAN", "source": "nyc_311_soda_76ig-c548", "hazard": "pluvial_311", "official_identity_verified": true}, "geometry": {"type": "Point", "coordinates": [-73.98217925056508, 40.77220943489252]}}, {"type": "Feature", "properties": {"unique_key": "16629448", "complaint_type": "Sewer", "descriptor": "Street Flooding (SJ)", "created_date": "2010-05-10T18:01:00.000", "agency": "DEP", "incident_address": "32 EAST    2 STREET", "borough": "MANHATTAN", "source": "nyc_311_soda_76ig-c548", "hazard": "pluvial_311", "official_identity_verified": true}, "geometry": {"type": "Point", "coordinates": [-73.99082894012994, 40.72514350694292]}}, {"type": "Feature", "properties": {"unique_key": "16629729", "complaint_type": "Sewer", "descriptor": "Street Flooding (SJ)", "created_date": "2010-05-10T12:33:00.000", "agency": "DEP", "incident_address": "119 WEST   82 STREET", "borough": "MANHATTAN", "source": "nyc_311_soda_76ig-c548", "hazard": "pluvial_311", "official_identity_verified": true}, "geometry": {"type": "Point", "coordinates": [-73.97484566987575, 40.78424099139704]}}, {"type": "Feature", "properties": {"unique_key": "16629732", "complaint_type": "Sewer", "descriptor": "Street Flooding (SJ)", "created_date": "2010-05-10T12:40:00.000", "agency": "DEP", "incident_address": "113 WEST   82 STREET", "borough": "MANHATTAN", "source": "nyc_311_soda_76ig-c548", "hazard": "pluvial_311", "official_identity_verified": true}, "geometry": {"type": "Point", "coordinates": [-73.97472291517225, 40.78418881459524]}}, {"type": "Feature", "properties": {"unique_key": "16638224", "complaint_type": "Sewer", "descriptor": "Street Flooding (SJ)", "created_date": "2010-05-11T10:26:00.000", "agency": "DEP", "incident_address": "349 WEST   54 STREET", "borough": "MANHATTAN", "source": "nyc_311_soda_76ig-c548", "hazard": "pluvial_311", "official_identity_verified": true}, "geometry": {"type": "Point", "coordinates": [-73.98567554853891, 40.76538924328734]}}, {"type": "Feature", "properties": {"unique_key": "16663958", "complaint_type": "Sewer", "descriptor": "Street Flooding (SJ)", "created_date": "2010-05-14T11:05:00.000", "agency": "DEP", "incident_address": "70 EAST   77 STREET", "borough": "MANHATTAN", "source": "nyc_311_soda_76ig-c548", "hazard": "pluvial_311", "official_identity_verified": true}, "geometry": {"type": "Point", "coordinates": [-73.96232086390704, 40.774669427422126]}}, {"type": "Feature", "properties": {"unique_key": "16686899", "complaint_type": "Sewer", "descriptor": "Street Flooding (SJ)", "created_date": "2010-05-18T15:51:00.000", "agency": "DEP", "incident_address": null, "borough": "MANHATTAN", "source": "nyc_311_soda_76ig-c548", "hazard": "pluvial_311", "official_identity_verified": true}, "geometry": {"type": "Point", "coordinates": [-73.94525452040779, 40.77848600219572]}}, {"type": "Feature", "properties": {"unique_key": "16687272", "complaint_type": "Sewer", "descriptor": "Street Flooding (SJ)", "created_date": "2010-05-18T11:13:00.000", "agency": "DEP", "incident_address": null, "borough": "MANHATTAN", "source": "nyc_311_soda_76ig-c548", "hazard": "pluvial_311", "official_identity_verified": true}, "geometry": {"type": "Point", "coordinates": [-73.9739692885707, 40.76296633054511]}}, {"type": "Feature", "properties": {"unique_key": "16687289", "complaint_type": "Sewer", "descriptor": "Street Flooding (SJ)", "created_date": "2010-05-18T12:44:00.000", "agency": "DEP", "incident_address": null, "borough": "MANHATTAN", "source": "nyc_311_soda_76ig-c548", "hazard": "pluvial_311", "official_identity_verified": true}, "geometry": {"type": "Point", "coordinates": [-73.97352371591124, 40.75780885565467]}}, {"type": "Feature", "properties": {"unique_key": "16687295", "complaint_type": "Sewer", "descriptor": "Street Flooding (SJ)", "created_date": "2010-05-18T13:49:00.000", "agency": "DEP", "incident_address": null, "borough": "MANHATTAN", "source": "nyc_311_soda_76ig-c548", "hazard": "pluvial_311", "official_identity_verified": true}, "geometry": {"type": "Point", "coordinates": [-73.97053445526421, 40.75899934895229]}}, {"type": "Feature", "properties": {"unique_key": "16694147", "complaint_type": "Sewer", "descriptor": "Street Flooding (SJ)", "created_date": "2010-05-19T09:43:00.000", "agency": "DEP", "incident_address": "236 EAST   47 STREET", "borough": "MANHATTAN", "source": "nyc_311_soda_76ig-c548", "hazard": "pluvial_311", "official_identity_verified": true}, "geometry": {"type": "Point", "coordinates": [-73.97122625129624, 40.75355120432254]}}, {"type": "Feature", "properties": {"unique_key": "16695648", "complaint_type": "Sewer", "descriptor": "Street Flooding (SJ)", "created_date": "2010-05-19T12:16:00.000", "agency": "DEP", "incident_address": null, "borough": "MANHATTAN", "source": "nyc_311_soda_76ig-c548", "hazard": "pluvial_311", "official_identity_verified": true}, "geometry": {"type": "Point", "coordinates": [-73.98806457477922, 40.76979207954942]}}, {"type": "Feature", "properties": {"unique_key": "16726688", "complaint_type": "Sewer", "descriptor": "Street Flooding (SJ)", "created_date": "2010-05-24T17:03:00.000", "agency": "DEP", "incident_address": "218 WEST   20 STREET", "borough": "MANHATTAN", "source": "nyc_311_soda_76ig-c548", "hazard": "pluvial_311", "official_identity_verified": true}, "geometry": {"type": "Point", "coordinates": [-73.99780587666984, 40.742553825405004]}}, {"type": "Feature", "properties": {"unique_key": "16733301", "complaint_type": "Sewer", "descriptor": "Street Flooding (SJ)", "created_date": "2010-05-25T18:25:00.000", "agency": "DEP", "incident_address": "200 EAST   33 STREET", "borough": "MANHATTAN", "source": "nyc_311_soda_76ig-c548", "hazard": "pluvial_311", "official_identity_verified": true}, "geometry": {"type": "Point", "coordinates": [-73.97827452453438, 40.744906792889005]}}, {"type": "Feature", "properties": {"unique_key": "16741264", "complaint_type": "Sewer", "descriptor": "Street Flooding (SJ)", "created_date": "2010-05-26T13:05:00.000", "agency": "DEP", "incident_address": null, "borough": "MANHATTAN", "source": "nyc_311_soda_76ig-c548", "hazard": "pluvial_311", "official_identity_verified": true}, "geometry": {"type": "Point", "coordinates": [-73.97352371591124, 40.75780885565467]}}, {"type": "Feature", "properties": {"unique_key": "16754554", "complaint_type": "Sewer", "descriptor": "Street Flooding (SJ)", "created_date": "2010-05-28T16:11:00.000", "agency": "DEP", "incident_address": null, "borough": "MANHATTAN", "source": "nyc_311_soda_76ig-c548", "hazard": "pluvial_311", "official_identity_verified": true}, "geometry": {"type": "Point", "coordinates": [-73.9815199245466, 40.78028160288897]}}, {"type": "Feature", "properties": {"unique_key": "16757102", "complaint_type": "Sewer", "descriptor": "Street Flooding (SJ)", "created_date": "2010-05-28T13:29:00.000", "agency": "DEP", "incident_address": null, "borough": "MANHATTAN", "source": "nyc_311_soda_76ig-c548", "hazard": "pluvial_311", "official_identity_verified": true}, "geometry": {"type": "Point", "coordinates": [-73.98529401466276, 40.72759400086383]}}, {"type": "Feature", "properties": {"unique_key": "16757343", "complaint_type": "Sewer", "descriptor": "Street Flooding (SJ)", "created_date": "2010-05-28T12:29:00.000", "agency": "DEP", "incident_address": "36 PECK SLIP", "borough": "MANHATTAN", "source": "nyc_311_soda_76ig-c548", "hazard": "pluvial_311", "official_identity_verified": true}, "geometry": {"type": "Point", "coordinates": [-74.0014066802207, 40.70776953019157]}}, {"type": "Feature", "properties": {"unique_key": "16774676", "complaint_type": "Sewer", "descriptor": "Street Flooding (SJ)", "created_date": "2010-06-01T11:30:00.000", "agency": "DEP", "incident_address": "544 EAST   11 STREET", "borough": "MANHATTAN", "source": "nyc_311_soda_76ig-c548", "hazard": "pluvial_311", "official_identity_verified": true}, "geometry": {"type": "Point", "coordinates": [-73.98071902649858, 40.72798582582332]}}, {"type": "Feature", "properties": {"unique_key": "16784428", "complaint_type": "Sewer", "descriptor": "Street Flooding (SJ)", "created_date": "2010-06-02T09:53:00.000", "agency": "DEP", "incident_address": null, "borough": "MANHATTAN", "source": "nyc_311_soda_76ig-c548", "hazard": "pluvial_311", "official_identity_verified": true}, "geometry": {"type": "Point", "coordinates": [-73.97405860126572, 40.78390046991279]}}, {"type": "Feature", "properties": {"unique_key": "16793444", "complaint_type": "Sewer", "descriptor": "Street Flooding (SJ)", "created_date": "2010-06-03T14:02:00.000", "agency": "DEP", "incident_address": null, "borough": "MANHATTAN", "source": "nyc_311_soda_76ig-c548", "hazard": "pluvial_311", "official_identity_verified": true}, "geometry": {"type": "Point", "coordinates": [-73.96984949341186, 40.75707510571882]}}, {"type": "Feature", "properties": {"unique_key": "16819004", "complaint_type": "Sewer", "descriptor": "Street Flooding (SJ)", "created_date": "2010-06-07T19:47:00.000", "agency": "DEP", "incident_address": "15 EAST   31 STREET", "borough": "MANHATTAN", "source": "nyc_311_soda_76ig-c548", "hazard": "pluvial_311", "official_identity_verified": true}, "geometry": {"type": "Point", "coordinates": [-73.98491820576696, 40.74611005473971]}}, {"type": "Feature", "properties": {"unique_key": "16833882", "complaint_type": "Sewer", "descriptor": "Street Flooding (SJ)", "created_date": "2010-06-09T22:33:00.000", "agency": "DEP", "incident_address": null, "borough": "MANHATTAN", "source": "nyc_311_soda_76ig-c548", "hazard": "pluvial_311", "official_identity_verified": true}, "geometry": {"type": "Point", "coordinates": [-73.97501409492868, 40.78768566806202]}}, {"type": "Feature", "properties": {"unique_key": "16833924", "complaint_type": "Sewer", "descriptor": "Street Flooding (SJ)", "created_date": "2010-06-09T23:03:00.000", "agency": "DEP", "incident_address": null, "borough": "MANHATTAN", "source": "nyc_311_soda_76ig-c548", "hazard": "pluvial_311", "official_identity_verified": true}, "geometry": {"type": "Point", "coordinates": [-73.97501409492868, 40.78768566806202]}}, {"type": "Feature", "properties": {"unique_key": "16841510", "complaint_type": "Sewer", "descriptor": "Street Flooding (SJ)", "created_date": "2010-06-10T18:55:00.000", "agency": "DEP", "incident_address": null, "borough": "MANHATTAN", "source": "nyc_311_soda_76ig-c548", "hazard": "pluvial_311", "official_identity_verified": true}, "geometry": {"type": "Point", "coordinates": [-73.98797177444611, 40.72391359257348]}}, {"type": "Feature", "properties": {"unique_key": "16856435", "complaint_type": "Sewer", "descriptor": "Street Flooding (SJ)", "created_date": "2010-06-11T10:15:00.000", "agency": "DEP", "incident_address": null, "borough": "MANHATTAN", "source": "nyc_311_soda_76ig-c548", "hazard": "pluvial_311", "official_identity_verified": true}, "geometry": {"type": "Point", "coordinates": [-73.99186927462867, 40.74418668572297]}}, {"type": "Feature", "properties": {"unique_key": "16856855", "complaint_type": "Sewer", "descriptor": "Street Flooding (SJ)", "created_date": "2010-06-13T17:28:00.000", "agency": "DEP", "incident_address": null, "borough": "MANHATTAN", "source": "nyc_311_soda_76ig-c548", "hazard": "pluvial_311", "official_identity_verified": true}, "geometry": {"type": "Point", "coordinates": [-73.97501409492868, 40.78768566806202]}}, {"type": "Feature", "properties": {"unique_key": "16865317", "complaint_type": "Sewer", "descriptor": "Street Flooding (SJ)", "created_date": "2010-06-14T19:30:00.000", "agency": "DEP", "incident_address": null, "borough": "MANHATTAN", "source": "nyc_311_soda_76ig-c548", "hazard": "pluvial_311", "official_identity_verified": true}, "geometry": {"type": "Point", "coordinates": [-73.97569655804341, 40.72847618663845]}}, {"type": "Feature", "properties": {"unique_key": "16865701", "complaint_type": "Sewer", "descriptor": "Street Flooding (SJ)", "created_date": "2010-06-14T10:35:00.000", "agency": "DEP", "incident_address": null, "borough": "MANHATTAN", "source": "nyc_311_soda_76ig-c548", "hazard": "pluvial_311", "official_identity_verified": true}, "geometry": {"type": "Point", "coordinates": [-73.9735728717903, 40.779478591619075]}}, {"type": "Feature", "properties": {"unique_key": "16865713", "complaint_type": "Sewer", "descriptor": "Street Flooding (SJ)", "created_date": "2010-06-13T11:36:00.000", "agency": "DEP", "incident_address": null, "borough": "MANHATTAN", "source": "nyc_311_soda_76ig-c548", "hazard": "pluvial_311", "official_identity_verified": true}, "geometry": {"type": "Point", "coordinates": [-73.96772789303769, 40.76285221680354]}}, {"type": "Feature", "properties": {"unique_key": "16865734", "complaint_type": "Sewer", "descriptor": "Street Flooding (SJ)", "created_date": "2010-06-14T11:39:00.000", "agency": "DEP", "incident_address": null, "borough": "MANHATTAN", "source": "nyc_311_soda_76ig-c548", "hazard": "pluvial_311", "official_identity_verified": true}, "geometry": {"type": "Point", "coordinates": [-73.97708993502012, 40.726464565834064]}}, {"type": "Feature", "properties": {"unique_key": "16873332", "complaint_type": "Sewer", "descriptor": "Street Flooding (SJ)", "created_date": "2010-06-15T08:52:00.000", "agency": "DEP", "incident_address": "86 FORSYTH STREET", "borough": "MANHATTAN", "source": "nyc_311_soda_76ig-c548", "hazard": "pluvial_311", "official_identity_verified": true}, "geometry": {"type": "Point", "coordinates": [-73.99323611421659, 40.71762577966987]}}, {"type": "Feature", "properties": {"unique_key": "16880121", "complaint_type": "Sewer", "descriptor": "Street Flooding (SJ)", "created_date": "2010-06-16T08:49:00.000", "agency": "DEP", "incident_address": "321 WEST   24 STREET", "borough": "MANHATTAN", "source": "nyc_311_soda_76ig-c548", "hazard": "pluvial_311", "official_identity_verified": true}, "geometry": {"type": "Point", "coordinates": [-73.99856724881818, 40.74605339352792]}}, {"type": "Feature", "properties": {"unique_key": "16889293", "complaint_type": "Sewer", "descriptor": "Street Flooding (SJ)", "created_date": "2010-06-17T08:21:00.000", "agency": "DEP", "incident_address": null, "borough": "MANHATTAN", "source": "nyc_311_soda_76ig-c548", "hazard": "pluvial_311", "official_identity_verified": true}, "geometry": {"type": "Point", "coordinates": [-73.99034191604916, 40.72493212081157]}}, {"type": "Feature", "properties": {"unique_key": "16896855", "complaint_type": "Sewer", "descriptor": "Street Flooding (SJ)", "created_date": "2010-06-18T13:04:00.000", "agency": "DEP", "incident_address": "70 BROAD STREET", "borough": "MANHATTAN", "source": "nyc_311_soda_76ig-c548", "hazard": "pluvial_311", "official_identity_verified": true}, "geometry": {"type": "Point", "coordinates": [-74.01155953131604, 40.70491714847567]}}, {"type": "Feature", "properties": {"unique_key": "16912328", "complaint_type": "Sewer", "descriptor": "Street Flooding (SJ)", "created_date": "2010-06-21T11:27:00.000", "agency": "DEP", "incident_address": "41 EAST   30 STREET", "borough": "MANHATTAN", "source": "nyc_311_soda_76ig-c548", "hazard": "pluvial_311", "official_identity_verified": true}, "geometry": {"type": "Point", "coordinates": [-73.98429410946481, 40.74504226378823]}}, {"type": "Feature", "properties": {"unique_key": "16920954", "complaint_type": "Sewer", "descriptor": "Street Flooding (SJ)", "created_date": "2010-06-22T15:04:00.000", "agency": "DEP", "incident_address": "140 EAST  117 STREET", "borough": "MANHATTAN", "source": "nyc_311_soda_76ig-c548", "hazard": "pluvial_311", "official_identity_verified": true}, "geometry": {"type": "Point", "coordinates": [-73.94152791082982, 40.79945941569435]}}, {"type": "Feature", "properties": {"unique_key": "16936967", "complaint_type": "Sewer", "descriptor": "Street Flooding (SJ)", "created_date": "2010-06-24T23:44:00.000", "agency": "DEP", "incident_address": "52 BOND STREET", "borough": "MANHATTAN", "source": "nyc_311_soda_76ig-c548", "hazard": "pluvial_311", "official_identity_verified": true}, "geometry": {"type": "Point", "coordinates": [-73.99274459751969, 40.725980794494944]}}, {"type": "Feature", "properties": {"unique_key": "16937999", "complaint_type": "Sewer", "descriptor": "Street Flooding (SJ)", "created_date": "2010-06-24T05:58:00.000", "agency": "DEP", "incident_address": null, "borough": "MANHATTAN", "source": "nyc_311_soda_76ig-c548", "hazard": "pluvial_311", "official_identity_verified": true}, "geometry": {"type": "Point", "coordinates": [-74.0117042983323, 40.707755219930775]}}, {"type": "Feature", "properties": {"unique_key": "16938528", "complaint_type": "Sewer", "descriptor": "Street Flooding (SJ)", "created_date": "2010-06-24T08:24:00.000", "agency": "DEP", "incident_address": "10 HANOVER SQUARE", "borough": "MANHATTAN", "source": "nyc_311_soda_76ig-c548", "hazard": "pluvial_311", "official_identity_verified": true}, "geometry": {"type": "Point", "coordinates": [-74.00922950977888, 40.70432723447391]}}, {"type": "Feature", "properties": {"unique_key": "16946232", "complaint_type": "Sewer", "descriptor": "Street Flooding (SJ)", "created_date": "2010-06-25T16:27:00.000", "agency": "DEP", "incident_address": null, "borough": "MANHATTAN", "source": "nyc_311_soda_76ig-c548", "hazard": "pluvial_311", "official_identity_verified": true}, "geometry": {"type": "Point", "coordinates": [-73.99993146040269, 40.716544542826895]}}, {"type": "Feature", "properties": {"unique_key": "16946994", "complaint_type": "Sewer", "descriptor": "Street Flooding (SJ)", "created_date": "2010-06-25T10:58:00.000", "agency": "DEP", "incident_address": "38 WEST   32 STREET", "borough": "MANHATTAN", "source": "nyc_311_soda_76ig-c548", "hazard": "pluvial_311", "official_identity_verified": true}, "geometry": {"type": "Point", "coordinates": [-73.98725285485801, 40.74788893406422]}}, {"type": "Feature", "properties": {"unique_key": "17538199", "complaint_type": "Sewer", "descriptor": "Street Flooding (SJ)", "created_date": "2010-06-28T08:58:00.000", "agency": "DEP", "incident_address": "51 EAST   65 STREET", "borough": "MANHATTAN", "source": "nyc_311_soda_76ig-c548", "hazard": "pluvial_311", "official_identity_verified": true}, "geometry": {"type": "Point", "coordinates": [-73.96809045148878, 40.7671039229491]}}, {"type": "Feature", "properties": {"unique_key": "17618462", "complaint_type": "Sewer", "descriptor": "Street Flooding (SJ)", "created_date": "2010-07-09T12:47:00.000", "agency": "DEP", "incident_address": "2000 BROADWAY", "borough": "MANHATTAN", "source": "nyc_311_soda_76ig-c548", "hazard": "pluvial_311", "official_identity_verified": true}, "geometry": {"type": "Point", "coordinates": [-73.98214945684576, 40.775607416026595]}}, {"type": "Feature", "properties": {"unique_key": "18256064", "complaint_type": "Sewer", "descriptor": "Street Flooding (SJ)", "created_date": "2010-07-13T12:08:00.000", "agency": "DEP", "incident_address": null, "borough": "MANHATTAN", "source": "nyc_311_soda_76ig-c548", "hazard": "pluvial_311", "official_identity_verified": true}, "geometry": {"type": "Point", "coordinates": [-73.97618028909402, 40.727748927327575]}}, {"type": "Feature", "properties": {"unique_key": "18256065", "complaint_type": "Sewer", "descriptor": "Street Flooding (SJ)", "created_date": "2010-07-13T12:16:00.000", "agency": "DEP", "incident_address": null, "borough": "MANHATTAN", "source": "nyc_311_soda_76ig-c548", "hazard": "pluvial_311", "official_identity_verified": true}, "geometry": {"type": "Point", "coordinates": [-73.97708993502012, 40.726464565834064]}}, {"type": "Feature", "properties": {"unique_key": "18265063", "complaint_type": "Sewer", "descriptor": "Street Flooding (SJ)", "created_date": "2010-07-14T12:15:00.000", "agency": "DEP", "incident_address": "2000 BROADWAY", "borough": "MANHATTAN", "source": "nyc_311_soda_76ig-c548", "hazard": "pluvial_311", "official_identity_verified": true}, "geometry": {"type": "Point", "coordinates": [-73.98214945684576, 40.775607416026595]}}, {"type": "Feature", "properties": {"unique_key": "18265071", "complaint_type": "Sewer", "descriptor": "Street Flooding (SJ)", "created_date": "2010-07-14T12:46:00.000", "agency": "DEP", "incident_address": null, "borough": "MANHATTAN", "source": "nyc_311_soda_76ig-c548", "hazard": "pluvial_311", "official_identity_verified": true}, "geometry": {"type": "Point", "coordinates": [-73.97501409492868, 40.78768566806202]}}, {"type": "Feature", "properties": {"unique_key": "18265323", "complaint_type": "Sewer", "descriptor": "Street Flooding (SJ)", "created_date": "2010-07-14T10:56:00.000", "agency": "DEP", "incident_address": null, "borough": "MANHATTAN", "source": "nyc_311_soda_76ig-c548", "hazard": "pluvial_311", "official_identity_verified": true}, "geometry": {"type": "Point", "coordinates": [-74.00132449156148, 40.74649255468646]}}, {"type": "Feature", "properties": {"unique_key": "18265327", "complaint_type": "Sewer", "descriptor": "Street Flooding (SJ)", "created_date": "2010-07-14T11:03:00.000", "agency": "DEP", "incident_address": null, "borough": "MANHATTAN", "source": "nyc_311_soda_76ig-c548", "hazard": "pluvial_311", "official_identity_verified": true}, "geometry": {"type": "Point", "coordinates": [-73.998487869284, 40.74529309693587]}}, {"type": "Feature", "properties": {"unique_key": "18265342", "complaint_type": "Sewer", "descriptor": "Street Flooding (SJ)", "created_date": "2010-07-14T11:33:00.000", "agency": "DEP", "incident_address": null, "borough": "MANHATTAN", "source": "nyc_311_soda_76ig-c548", "hazard": "pluvial_311", "official_identity_verified": true}, "geometry": {"type": "Point", "coordinates": [-73.97501409492868, 40.78768566806202]}}, {"type": "Feature", "properties": {"unique_key": "18273711", "complaint_type": "Sewer", "descriptor": "Street Flooding (SJ)", "created_date": "2010-07-15T12:41:00.000", "agency": "DEP", "incident_address": null, "borough": "MANHATTAN", "source": "nyc_311_soda_76ig-c548", "hazard": "pluvial_311", "official_identity_verified": true}, "geometry": {"type": "Point", "coordinates": [-73.98582167954895, 40.75725658725952]}}, {"type": "Feature", "properties": {"unique_key": "18273712", "complaint_type": "Sewer", "descriptor": "Street Flooding (SJ)", "created_date": "2010-07-15T12:44:00.000", "agency": "DEP", "incident_address": null, "borough": "MANHATTAN", "source": "nyc_311_soda_76ig-c548", "hazard": "pluvial_311", "official_identity_verified": true}, "geometry": {"type": "Point", "coordinates": [-73.98533768299346, 40.75869477281765]}}, {"type": "Feature", "properties": {"unique_key": "18273743", "complaint_type": "Sewer", "descriptor": "Street Flooding (SJ)", "created_date": "2010-07-15T12:36:00.000", "agency": "DEP", "incident_address": null, "borough": "MANHATTAN", "source": "nyc_311_soda_76ig-c548", "hazard": "pluvial_311", "official_identity_verified": true}, "geometry": {"type": "Point", "coordinates": [-73.9874463328081, 40.75537388055335]}}, {"type": "Feature", "properties": {"unique_key": "18273744", "complaint_type": "Sewer", "descriptor": "Street Flooding (SJ)", "created_date": "2010-07-15T12:39:00.000", "agency": "DEP", "incident_address": null, "borough": "MANHATTAN", "source": "nyc_311_soda_76ig-c548", "hazard": "pluvial_311", "official_identity_verified": true}, "geometry": {"type": "Point", "coordinates": [-73.98235155256397, 40.76234211822177]}}, {"type": "Feature", "properties": {"unique_key": "18330258", "complaint_type": "Sewer", "descriptor": "Street Flooding (SJ)", "created_date": "2010-07-23T18:09:00.000", "agency": "DEP", "incident_address": "337 EAST   10 STREET", "borough": "MANHATTAN", "source": "nyc_311_soda_76ig-c548", "hazard": "pluvial_311", "official_identity_verified": true}, "geometry": {"type": "Point", "coordinates": [-73.98049919274871, 40.727123935300355]}}, {"type": "Feature", "properties": {"unique_key": "18337233", "complaint_type": "Sewer", "descriptor": "Street Flooding (SJ)", "created_date": "2010-07-23T23:57:00.000", "agency": "DEP", "incident_address": null, "borough": "MANHATTAN", "source": "nyc_311_soda_76ig-c548", "hazard": "pluvial_311", "official_identity_verified": true}, "geometry": {"type": "Point", "coordinates": [-73.99084431033397, 40.718309059514546]}}, {"type": "Feature", "properties": {"unique_key": "18349174", "complaint_type": "Sewer", "descriptor": "Street Flooding (SJ)", "created_date": "2010-07-26T15:44:00.000", "agency": "DEP", "incident_address": "1125 LEXINGTON AVENUE", "borough": "MANHATTAN", "source": "nyc_311_soda_76ig-c548", "hazard": "pluvial_311", "official_identity_verified": true}, "geometry": {"type": "Point", "coordinates": [-73.9593098884484, 40.77437746126572]}}, {"type": "Feature", "properties": {"unique_key": "18350209", "complaint_type": "Sewer", "descriptor": "Street Flooding (SJ)", "created_date": "2010-07-26T12:05:00.000", "agency": "DEP", "incident_address": null, "borough": "MANHATTAN", "source": "nyc_311_soda_76ig-c548", "hazard": "pluvial_311", "official_identity_verified": true}, "geometry": {"type": "Point", "coordinates": [-73.9916333785805, 40.754707287552556]}}, {"type": "Feature", "properties": {"unique_key": "18359041", "complaint_type": "Sewer", "descriptor": "Street Flooding (SJ)", "created_date": "2010-07-27T11:48:00.000", "agency": "DEP", "incident_address": "10 WEST   68 STREET", "borough": "MANHATTAN", "source": "nyc_311_soda_76ig-c548", "hazard": "pluvial_311", "official_identity_verified": true}, "geometry": {"type": "Point", "coordinates": [-73.97842031632139, 40.77389680636589]}}, {"type": "Feature", "properties": {"unique_key": "18367609", "complaint_type": "Sewer", "descriptor": "Street Flooding (SJ)", "created_date": "2010-07-28T13:57:00.000", "agency": "DEP", "incident_address": null, "borough": "MANHATTAN", "source": "nyc_311_soda_76ig-c548", "hazard": "pluvial_311", "official_identity_verified": true}, "geometry": {"type": "Point", "coordinates": [-73.97708993502012, 40.726464565834064]}}, {"type": "Feature", "properties": {"unique_key": "18396876", "complaint_type": "Sewer", "descriptor": "Street Flooding (SJ)", "created_date": "2010-08-02T17:17:00.000", "agency": "DEP", "incident_address": "58 WEST   58 STREET", "borough": "MANHATTAN", "source": "nyc_311_soda_76ig-c548", "hazard": "pluvial_311", "official_identity_verified": true}, "geometry": {"type": "Point", "coordinates": [-73.97551013823026, 40.76449274511101]}}, {"type": "Feature", "properties": {"unique_key": "18397168", "complaint_type": "Sewer", "descriptor": "Street Flooding (SJ)", "created_date": "2010-08-02T13:43:00.000", "agency": "DEP", "incident_address": "27 WEST   90 STREET", "borough": "MANHATTAN", "source": "nyc_311_soda_76ig-c548", "hazard": "pluvial_311", "official_identity_verified": true}, "geometry": {"type": "Point", "coordinates": [-73.96866888582554, 40.78838127976767]}}, {"type": "Feature", "properties": {"unique_key": "18440538", "complaint_type": "Sewer", "descriptor": "Street Flooding (SJ)", "created_date": "2010-08-08T22:48:00.000", "agency": "DEP", "incident_address": "41 EAST   30 STREET", "borough": "MANHATTAN", "source": "nyc_311_soda_76ig-c548", "hazard": "pluvial_311", "official_identity_verified": true}, "geometry": {"type": "Point", "coordinates": [-73.98429410946481, 40.74504226378823]}}, {"type": "Feature", "properties": {"unique_key": "18455701", "complaint_type": "Sewer", "descriptor": "Street Flooding (SJ)", "created_date": "2010-08-10T17:01:00.000", "agency": "DEP", "incident_address": "42-81 HUNTER STREET", "borough": "QUEENS", "source": "nyc_311_soda_76ig-c548", "hazard": "pluvial_311", "official_identity_verified": true}, "geometry": {"type": "Point", "coordinates": [-73.94073527372169, 40.748566069245484]}}, {"type": "Feature", "properties": {"unique_key": "18474009", "complaint_type": "Sewer", "descriptor": "Street Flooding (SJ)", "created_date": "2010-08-12T14:58:00.000", "agency": "DEP", "incident_address": "2 WEST   45 STREET", "borough": "MANHATTAN", "source": "nyc_311_soda_76ig-c548", "hazard": "pluvial_311", "official_identity_verified": true}, "geometry": {"type": "Point", "coordinates": [-73.9799747021531, 40.755603382623804]}}, {"type": "Feature", "properties": {"unique_key": "18474342", "complaint_type": "Sewer", "descriptor": "Street Flooding (SJ)", "created_date": "2010-08-12T11:19:00.000", "agency": "DEP", "incident_address": "1407 2 AVENUE", "borough": "MANHATTAN", "source": "nyc_311_soda_76ig-c548", "hazard": "pluvial_311", "official_identity_verified": true}, "geometry": {"type": "Point", "coordinates": [-73.95769895582774, 40.769730037821354]}}, {"type": "Feature", "properties": {"unique_key": "18474493", "complaint_type": "Sewer", "descriptor": "Street Flooding (SJ)", "created_date": "2010-08-12T08:16:00.000", "agency": "DEP", "incident_address": "2000 BROADWAY", "borough": "MANHATTAN", "source": "nyc_311_soda_76ig-c548", "hazard": "pluvial_311", "official_identity_verified": true}, "geometry": {"type": "Point", "coordinates": [-73.98214945684576, 40.775607416026595]}}, {"type": "Feature", "properties": {"unique_key": "18497263", "complaint_type": "Sewer", "descriptor": "Street Flooding (SJ)", "created_date": "2010-08-16T19:38:00.000", "agency": "DEP", "incident_address": null, "borough": "MANHATTAN", "source": "nyc_311_soda_76ig-c548", "hazard": "pluvial_311", "official_identity_verified": true}, "geometry": {"type": "Point", "coordinates": [-74.01286752934263, 40.71717511862166]}}, {"type": "Feature", "properties": {"unique_key": "18497265", "complaint_type": "Sewer", "descriptor": "Street Flooding (SJ)", "created_date": "2010-08-16T19:50:00.000", "agency": "DEP", "incident_address": null, "borough": "MANHATTAN", "source": "nyc_311_soda_76ig-c548", "hazard": "pluvial_311", "official_identity_verified": true}, "geometry": {"type": "Point", "coordinates": [-73.99280410305454, 40.742910439074564]}}, {"type": "Feature", "properties": {"unique_key": "18497310", "complaint_type": "Sewer", "descriptor": "Street Flooding (SJ)", "created_date": "2010-08-16T21:16:00.000", "agency": "DEP", "incident_address": null, "borough": "BROOKLYN", "source": "nyc_311_soda_76ig-c548", "hazard": "pluvial_311", "official_identity_verified": true}, "geometry": {"type": "Point", "coordinates": [-73.96910479890923, 40.68946877607678]}}, {"type": "Feature", "properties": {"unique_key": "18520167", "complaint_type": "Sewer", "descriptor": "Street Flooding (SJ)", "created_date": "2010-08-19T09:23:00.000", "agency": "DEP", "incident_address": null, "borough": "MANHATTAN", "source": "nyc_311_soda_76ig-c548", "hazard": "pluvial_311", "official_identity_verified": true}, "geometry": {"type": "Point", "coordinates": [-73.98519221959798, 40.763544715600496]}}, {"type": "Feature", "properties": {"unique_key": "18527150", "complaint_type": "Sewer", "descriptor": "Street Flooding (SJ)", "created_date": "2010-08-20T07:45:00.000", "agency": "DEP", "incident_address": null, "borough": "MANHATTAN", "source": "nyc_311_soda_76ig-c548", "hazard": "pluvial_311", "official_identity_verified": true}, "geometry": {"type": "Point", "coordinates": [-73.97965231891881, 40.77115503657826]}}, {"type": "Feature", "properties": {"unique_key": "18527196", "complaint_type": "Sewer", "descriptor": "Street Flooding (SJ)", "created_date": "2010-08-20T11:03:00.000", "agency": "DEP", "incident_address": null, "borough": "MANHATTAN", "source": "nyc_311_soda_76ig-c548", "hazard": "pluvial_311", "official_identity_verified": true}, "geometry": {"type": "Point", "coordinates": [-73.97708993502012, 40.726464565834064]}}, {"type": "Feature", "properties": {"unique_key": "18535242", "complaint_type": "Sewer", "descriptor": "Street Flooding (SJ)", "created_date": "2010-08-22T16:22:00.000", "agency": "DEP", "incident_address": "122 NEWTON STREET", "borough": "BROOKLYN", "source": "nyc_311_soda_76ig-c548", "hazard": "pluvial_311", "official_identity_verified": true}, "geometry": {"type": "Point", "coordinates": [-73.94706629863218, 40.7204381674167]}}, {"type": "Feature", "properties": {"unique_key": "18559256", "complaint_type": "Sewer", "descriptor": "Street Flooding (SJ)", "created_date": "2010-08-25T06:47:00.000", "agency": "DEP", "incident_address": null, "borough": "MANHATTAN", "source": "nyc_311_soda_76ig-c548", "hazard": "pluvial_311", "official_identity_verified": true}, "geometry": {"type": "Point", "coordinates": [-74.01286752934263, 40.71717511862166]}}, {"type": "Feature", "properties": {"unique_key": "18559298", "complaint_type": "Sewer", "descriptor": "Street Flooding (SJ)", "created_date": "2010-08-25T09:51:00.000", "agency": "DEP", "incident_address": null, "borough": "MANHATTAN", "source": "nyc_311_soda_76ig-c548", "hazard": "pluvial_311", "official_identity_verified": true}, "geometry": {"type": "Point", "coordinates": [-73.95816379303211, 40.7596405355241]}}, {"type": "Feature", "properties": {"unique_key": "18567493", "complaint_type": "Sewer", "descriptor": "Street Flooding (SJ)", "created_date": "2010-08-26T18:52:00.000", "agency": "DEP", "incident_address": "357 NOSTRAND AVENUE", "borough": "BROOKLYN", "source": "nyc_311_soda_76ig-c548", "hazard": "pluvial_311", "official_identity_verified": true}, "geometry": {"type": "Point", "coordinates": [-73.95066695500523, 40.685899636221926]}}, {"type": "Feature", "properties": {"unique_key": "18567537", "complaint_type": "Sewer", "descriptor": "Street Flooding (SJ)", "created_date": "2010-08-26T09:14:00.000", "agency": "DEP", "incident_address": "440 PARK AVENUE SOUTH", "borough": "MANHATTAN", "source": "nyc_311_soda_76ig-c548", "hazard": "pluvial_311", "official_identity_verified": true}, "geometry": {"type": "Point", "coordinates": [-73.98325128372129, 40.744471208907925]}}, {"type": "Feature", "properties": {"unique_key": "18574003", "complaint_type": "Sewer", "descriptor": "Street Flooding (SJ)", "created_date": "2010-08-27T00:00:00.000", "agency": "DEP", "incident_address": null, "borough": "MANHATTAN", "source": "nyc_311_soda_76ig-c548", "hazard": "pluvial_311", "official_identity_verified": true}, "geometry": {"type": "Point", "coordinates": [-73.9815199245466, 40.78028160288897]}}, {"type": "Feature", "properties": {"unique_key": "18589926", "complaint_type": "Sewer", "descriptor": "Street Flooding (SJ)", "created_date": "2010-08-30T15:41:00.000", "agency": "DEP", "incident_address": "41 EAST   30 STREET", "borough": "MANHATTAN", "source": "nyc_311_soda_76ig-c548", "hazard": "pluvial_311", "official_identity_verified": true}, "geometry": {"type": "Point", "coordinates": [-73.98429410946481, 40.74504226378823]}}, {"type": "Feature", "properties": {"unique_key": "18600576", "complaint_type": "Sewer", "descriptor": "Street Flooding (SJ)", "created_date": "2010-09-01T00:00:00.000", "agency": "DEP", "incident_address": "92 MADISON STREET", "borough": "MANHATTAN", "source": "nyc_311_soda_76ig-c548", "hazard": "pluvial_311", "official_identity_verified": true}, "geometry": {"type": "Point", "coordinates": [-73.99571835955047, 40.71217480341595]}}, {"type": "Feature", "properties": {"unique_key": "18608504", "complaint_type": "Sewer", "descriptor": "Street Flooding (SJ)", "created_date": "2010-09-02T00:00:00.000", "agency": "DEP", "incident_address": "160 BROADWAY", "borough": "MANHATTAN", "source": "nyc_311_soda_76ig-c548", "hazard": "pluvial_311", "official_identity_verified": true}, "geometry": {"type": "Point", "coordinates": [-74.01024017537995, 40.70949279464519]}}, {"type": "Feature", "properties": {"unique_key": "18608505", "complaint_type": "Sewer", "descriptor": "Street Flooding (SJ)", "created_date": "2010-09-02T00:00:00.000", "agency": "DEP", "incident_address": "27 WEST   84 STREET", "borough": "MANHATTAN", "source": "nyc_311_soda_76ig-c548", "hazard": "pluvial_311", "official_identity_verified": true}, "geometry": {"type": "Point", "coordinates": [-73.97124542539208, 40.78438562022959]}}, {"type": "Feature", "properties": {"unique_key": "18616304", "complaint_type": "Sewer", "descriptor": "Street Flooding (SJ)", "created_date": "2010-09-03T10:37:00.000", "agency": "DEP", "incident_address": null, "borough": "MANHATTAN", "source": "nyc_311_soda_76ig-c548", "hazard": "pluvial_311", "official_identity_verified": true}, "geometry": {"type": "Point", "coordinates": [-73.99137552318417, 40.739086902530815]}}, {"type": "Feature", "properties": {"unique_key": "18616305", "complaint_type": "Sewer", "descriptor": "Street Flooding (SJ)", "created_date": "2010-09-03T00:00:00.000", "agency": "DEP", "incident_address": "1149 1 AVENUE", "borough": "MANHATTAN", "source": "nyc_311_soda_76ig-c548", "hazard": "pluvial_311", "official_identity_verified": true}, "geometry": {"type": "Point", "coordinates": [-73.96025240930017, 40.76196881770932]}}, {"type": "Feature", "properties": {"unique_key": "18634669", "complaint_type": "Sewer", "descriptor": "Street Flooding (SJ)", "created_date": "2010-09-07T03:20:00.000", "agency": "DEP", "incident_address": "29 CLAY STREET", "borough": "BROOKLYN", "source": "nyc_311_soda_76ig-c548", "hazard": "pluvial_311", "official_identity_verified": true}, "geometry": {"type": "Point", "coordinates": [-73.9570525430786, 40.73642229680528]}}, {"type": "Feature", "properties": {"unique_key": "18634670", "complaint_type": "Sewer", "descriptor": "Street Flooding (SJ)", "created_date": "2010-09-07T00:00:00.000", "agency": "DEP", "incident_address": "44 WEST   77 STREET", "borough": "MANHATTAN", "source": "nyc_311_soda_76ig-c548", "hazard": "pluvial_311", "official_identity_verified": true}, "geometry": {"type": "Point", "coordinates": [-73.97487615604577, 40.780005872388536]}}, {"type": "Feature", "properties": {"unique_key": "18642766", "complaint_type": "Sewer", "descriptor": "Street Flooding (SJ)", "created_date": "2010-09-08T00:00:00.000", "agency": "DEP", "incident_address": null, "borough": "MANHATTAN", "source": "nyc_311_soda_76ig-c548", "hazard": "pluvial_311", "official_identity_verified": true}, "geometry": {"type": "Point", "coordinates": [-73.97708993502012, 40.726464565834064]}}, {"type": "Feature", "properties": {"unique_key": "18657782", "complaint_type": "Sewer", "descriptor": "Street Flooding (SJ)", "created_date": "2010-09-10T09:30:00.000", "agency": "DEP", "incident_address": null, "borough": "MANHATTAN", "source": "nyc_311_soda_76ig-c548", "hazard": "pluvial_311", "official_identity_verified": true}, "geometry": {"type": "Point", "coordinates": [-73.99034191604916, 40.72493212081157]}}, {"type": "Feature", "properties": {"unique_key": "18680325", "complaint_type": "Sewer", "descriptor": "Street Flooding (SJ)", "created_date": "2010-09-14T00:00:00.000", "agency": "DEP", "incident_address": null, "borough": "MANHATTAN", "source": "nyc_311_soda_76ig-c548", "hazard": "pluvial_311", "official_identity_verified": true}, "geometry": {"type": "Point", "coordinates": [-73.97708993502012, 40.726464565834064]}}, {"type": "Feature", "properties": {"unique_key": "18680327", "complaint_type": "Sewer", "descriptor": "Street Flooding (SJ)", "created_date": "2010-09-14T10:55:00.000", "agency": "DEP", "incident_address": null, "borough": "MANHATTAN", "source": "nyc_311_soda_76ig-c548", "hazard": "pluvial_311", "official_identity_verified": true}, "geometry": {"type": "Point", "coordinates": [-73.98894651811928, 40.763484752641574]}}, {"type": "Feature", "properties": {"unique_key": "18688162", "complaint_type": "Sewer", "descriptor": "Street Flooding (SJ)", "created_date": "2010-09-15T00:00:00.000", "agency": "DEP", "incident_address": "378 8 AVENUE", "borough": "MANHATTAN", "source": "nyc_311_soda_76ig-c548", "hazard": "pluvial_311", "official_identity_verified": true}, "geometry": {"type": "Point", "coordinates": [-73.99580622323438, 40.7489545254255]}}, {"type": "Feature", "properties": {"unique_key": "18704792", "complaint_type": "Sewer", "descriptor": "Street Flooding (SJ)", "created_date": "2010-09-17T00:00:00.000", "agency": "DEP", "incident_address": "48 WEST   48 STREET", "borough": "MANHATTAN", "source": "nyc_311_soda_76ig-c548", "hazard": "pluvial_311", "official_identity_verified": true}, "geometry": {"type": "Point", "coordinates": [-73.98008945590671, 40.75810935472837]}}, {"type": "Feature", "properties": {"unique_key": "18714830", "complaint_type": "Sewer", "descriptor": "Street Flooding (SJ)", "created_date": "2010-09-18T00:00:00.000", "agency": "DEP", "incident_address": null, "borough": "MANHATTAN", "source": "nyc_311_soda_76ig-c548", "hazard": "pluvial_311", "official_identity_verified": true}, "geometry": {"type": "Point", "coordinates": [-73.9416189410132, 40.79862231980249]}}, {"type": "Feature", "properties": {"unique_key": "18733837", "complaint_type": "Sewer", "descriptor": "Street Flooding (SJ)", "created_date": "2010-09-21T00:00:00.000", "agency": "DEP", "incident_address": null, "borough": "MANHATTAN", "source": "nyc_311_soda_76ig-c548", "hazard": "pluvial_311", "official_identity_verified": true}, "geometry": {"type": "Point", "coordinates": [-73.99588353147973, 40.72440271411308]}}, {"type": "Feature", "properties": {"unique_key": "18764766", "complaint_type": "Sewer", "descriptor": "Street Flooding (SJ)", "created_date": "2010-09-25T00:00:00.000", "agency": "DEP", "incident_address": null, "borough": "MANHATTAN", "source": "nyc_311_soda_76ig-c548", "hazard": "pluvial_311", "official_identity_verified": true}, "geometry": {"type": "Point", "coordinates": [-73.98255460051172, 40.731351188882584]}}, {"type": "Feature", "properties": {"unique_key": "18773003", "complaint_type": "Sewer", "descriptor": "Street Flooding (SJ)", "created_date": "2010-09-27T16:04:00.000", "agency": "DEP", "incident_address": null, "borough": "BROOKLYN", "source": "nyc_311_soda_76ig-c548", "hazard": "pluvial_311", "official_identity_verified": true}, "geometry": {"type": "Point", "coordinates": [-74.00730471293318, 40.682122194035344]}}, {"type": "Feature", "properties": {"unique_key": "18773011", "complaint_type": "Sewer", "descriptor": "Street Flooding (SJ)", "created_date": "2010-09-27T00:00:00.000", "agency": "DEP", "incident_address": "368 EAST   69 STREET", "borough": "MANHATTAN", "source": "nyc_311_soda_76ig-c548", "hazard": "pluvial_311", "official_identity_verified": true}, "geometry": {"type": "Point", "coordinates": [-73.95827878805295, 40.76622521526902]}}, {"type": "Feature", "properties": {"unique_key": "18781160", "complaint_type": "Sewer", "descriptor": "Street Flooding (SJ)", "created_date": "2010-09-28T00:00:00.000", "agency": "DEP", "incident_address": "530 WEST   21 STREET", "borough": "MANHATTAN", "source": "nyc_311_soda_76ig-c548", "hazard": "pluvial_311", "official_identity_verified": true}, "geometry": {"type": "Point", "coordinates": [-74.00631212522586, 40.74690135693858]}}, {"type": "Feature", "properties": {"unique_key": "18789450", "complaint_type": "Sewer", "descriptor": "Street Flooding (SJ)", "created_date": "2010-09-29T00:00:00.000", "agency": "DEP", "incident_address": null, "borough": "MANHATTAN", "source": "nyc_311_soda_76ig-c548", "hazard": "pluvial_311", "official_identity_verified": true}, "geometry": {"type": "Point", "coordinates": [-73.95417815370344, 40.7814295082462]}}, {"type": "Feature", "properties": {"unique_key": "18797158", "complaint_type": "Sewer", "descriptor": "Street Flooding (SJ)", "created_date": "2010-09-29T00:00:00.000", "agency": "DEP", "incident_address": null, "borough": "MANHATTAN", "source": "nyc_311_soda_76ig-c548", "hazard": "pluvial_311", "official_identity_verified": true}, "geometry": {"type": "Point", "coordinates": [-73.99606121056311, 40.70920498261151]}}, {"type": "Feature", "properties": {"unique_key": "18797161", "complaint_type": "Sewer", "descriptor": "Street Flooding (SJ)", "created_date": "2010-09-30T00:00:00.000", "agency": "DEP", "incident_address": null, "borough": "MANHATTAN", "source": "nyc_311_soda_76ig-c548", "hazard": "pluvial_311", "official_identity_verified": true}, "geometry": {"type": "Point", "coordinates": [-73.98236465466958, 40.767392445116776]}}, {"type": "Feature", "properties": {"unique_key": "18797166", "complaint_type": "Sewer", "descriptor": "Street Flooding (SJ)", "created_date": "2010-09-30T00:00:00.000", "agency": "DEP", "incident_address": null, "borough": "MANHATTAN", "source": "nyc_311_soda_76ig-c548", "hazard": "pluvial_311", "official_identity_verified": true}, "geometry": {"type": "Point", "coordinates": [-73.97501409492868, 40.78768566806202]}}, {"type": "Feature", "properties": {"unique_key": "18805648", "complaint_type": "Sewer", "descriptor": "Street Flooding (SJ)", "created_date": "2010-10-01T00:00:00.000", "agency": "DEP", "incident_address": null, "borough": "MANHATTAN", "source": "nyc_311_soda_76ig-c548", "hazard": "pluvial_311", "official_identity_verified": true}, "geometry": {"type": "Point", "coordinates": [-74.00510668394942, 40.74640187237436]}}, {"type": "Feature", "properties": {"unique_key": "18805649", "complaint_type": "Sewer", "descriptor": "Street Flooding (SJ)", "created_date": "2010-10-01T00:00:00.000", "agency": "DEP", "incident_address": null, "borough": "MANHATTAN", "source": "nyc_311_soda_76ig-c548", "hazard": "pluvial_311", "official_identity_verified": true}, "geometry": {"type": "Point", "coordinates": [-73.97998787457806, 40.78384401265165]}}, {"type": "Feature", "properties": {"unique_key": "18805651", "complaint_type": "Sewer", "descriptor": "Street Flooding (SJ)", "created_date": "2010-10-01T11:35:00.000", "agency": "DEP", "incident_address": null, "borough": "BROOKLYN", "source": "nyc_311_soda_76ig-c548", "hazard": "pluvial_311", "official_identity_verified": true}, "geometry": {"type": "Point", "coordinates": [-73.95009046462805, 40.69979066488213]}}, {"type": "Feature", "properties": {"unique_key": "18805658", "complaint_type": "Sewer", "descriptor": "Street Flooding (SJ)", "created_date": "2010-10-01T09:01:00.000", "agency": "DEP", "incident_address": null, "borough": "BROOKLYN", "source": "nyc_311_soda_76ig-c548", "hazard": "pluvial_311", "official_identity_verified": true}, "geometry": {"type": "Point", "coordinates": [-73.95347016154248, 40.71979865985743]}}, {"type": "Feature", "properties": {"unique_key": "18805659", "complaint_type": "Sewer", "descriptor": "Street Flooding (SJ)", "created_date": "2010-10-01T09:43:00.000", "agency": "DEP", "incident_address": null, "borough": "BROOKLYN", "source": "nyc_311_soda_76ig-c548", "hazard": "pluvial_311", "official_identity_verified": true}, "geometry": {"type": "Point", "coordinates": [-73.99436033480413, 40.69023857588785]}}, {"type": "Feature", "properties": {"unique_key": "18805664", "complaint_type": "Sewer", "descriptor": "Street Flooding (SJ)", "created_date": "2010-10-01T00:00:00.000", "agency": "DEP", "incident_address": "550 1 AVENUE", "borough": "MANHATTAN", "source": "nyc_311_soda_76ig-c548", "hazard": "pluvial_311", "official_identity_verified": true}, "geometry": {"type": "Point", "coordinates": [-73.97459446053105, 40.742293037645034]}}, {"type": "Feature", "properties": {"unique_key": "18805667", "complaint_type": "Sewer", "descriptor": "Street Flooding (SJ)", "created_date": "2010-10-01T13:37:00.000", "agency": "DEP", "incident_address": "236 NORTH   12 STREET", "borough": "BROOKLYN", "source": "nyc_311_soda_76ig-c548", "hazard": "pluvial_311", "official_identity_verified": true}, "geometry": {"type": "Point", "coordinates": [-73.95275256998842, 40.71936744034219]}}, {"type": "Feature", "properties": {"unique_key": "18805670", "complaint_type": "Sewer", "descriptor": "Street Flooding (SJ)", "created_date": "2010-10-01T19:42:00.000", "agency": "DEP", "incident_address": null, "borough": "MANHATTAN", "source": "nyc_311_soda_76ig-c548", "hazard": "pluvial_311", "official_identity_verified": true}, "geometry": {"type": "Point", "coordinates": [-73.98797177444611, 40.72391359257348]}}, {"type": "Feature", "properties": {"unique_key": "18805709", "complaint_type": "Sewer", "descriptor": "Street Flooding (SJ)", "created_date": "2010-10-01T09:41:00.000", "agency": "DEP", "incident_address": null, "borough": "BROOKLYN", "source": "nyc_311_soda_76ig-c548", "hazard": "pluvial_311", "official_identity_verified": true}, "geometry": {"type": "Point", "coordinates": [-73.96451862024068, 40.70207417300346]}}, {"type": "Feature", "properties": {"unique_key": "18805757", "complaint_type": "Sewer", "descriptor": "Street Flooding (SJ)", "created_date": "2010-10-01T11:26:00.000", "agency": "DEP", "incident_address": "506 DRIGGS AVENUE", "borough": "BROOKLYN", "source": "nyc_311_soda_76ig-c548", "hazard": "pluvial_311", "official_identity_verified": true}, "geometry": {"type": "Point", "coordinates": [-73.95534723565386, 40.71806471492713]}}, {"type": "Feature", "properties": {"unique_key": "18805777", "complaint_type": "Sewer", "descriptor": "Street Flooding (SJ)", "created_date": "2010-10-01T09:21:00.000", "agency": "DEP", "incident_address": "30 MANHATTAN AVENUE", "borough": "BROOKLYN", "source": "nyc_311_soda_76ig-c548", "hazard": "pluvial_311", "official_identity_verified": true}, "geometry": {"type": "Point", "coordinates": [-73.94426318191873, 40.70323541701502]}}, {"type": "Feature", "properties": {"unique_key": "18822198", "complaint_type": "Sewer", "descriptor": "Street Flooding (SJ)", "created_date": "2010-10-04T13:26:00.000", "agency": "DEP", "incident_address": "401A MONROE STREET", "borough": "BROOKLYN", "source": "nyc_311_soda_76ig-c548", "hazard": "pluvial_311", "official_identity_verified": true}, "geometry": {"type": "Point", "coordinates": [-73.94121586447102, 40.68655394152424]}}, {"type": "Feature", "properties": {"unique_key": "18822204", "complaint_type": "Sewer", "descriptor": "Street Flooding (SJ)", "created_date": "2010-10-04T15:04:00.000", "agency": "DEP", "incident_address": null, "borough": "MANHATTAN", "source": "nyc_311_soda_76ig-c548", "hazard": "pluvial_311", "official_identity_verified": true}, "geometry": {"type": "Point", "coordinates": [-73.98564720153576, 40.76291622716406]}}, {"type": "Feature", "properties": {"unique_key": "18839296", "complaint_type": "Sewer", "descriptor": "Street Flooding (SJ)", "created_date": "2010-10-06T00:00:00.000", "agency": "DEP", "incident_address": null, "borough": "MANHATTAN", "source": "nyc_311_soda_76ig-c548", "hazard": "pluvial_311", "official_identity_verified": true}, "geometry": {"type": "Point", "coordinates": [-73.9452296218527, 40.78680802661814]}}, {"type": "Feature", "properties": {"unique_key": "18839304", "complaint_type": "Sewer", "descriptor": "Street Flooding (SJ)", "created_date": "2010-10-06T11:50:00.000", "agency": "DEP", "incident_address": "135 WEST   82 STREET", "borough": "MANHATTAN", "source": "nyc_311_soda_76ig-c548", "hazard": "pluvial_311", "official_identity_verified": true}, "geometry": {"type": "Point", "coordinates": [-73.97517061002648, 40.784378298552866]}}, {"type": "Feature", "properties": {"unique_key": "18851526", "complaint_type": "Sewer", "descriptor": "Street Flooding (SJ)", "created_date": "2010-10-07T14:01:00.000", "agency": "DEP", "incident_address": null, "borough": "MANHATTAN", "source": "nyc_311_soda_76ig-c548", "hazard": "pluvial_311", "official_identity_verified": true}, "geometry": {"type": "Point", "coordinates": [-73.97352371591124, 40.75780885565467]}}, {"type": "Feature", "properties": {"unique_key": "18871846", "complaint_type": "Sewer", "descriptor": "Street Flooding (SJ)", "created_date": "2010-10-11T21:18:00.000", "agency": "DEP", "incident_address": null, "borough": "BROOKLYN", "source": "nyc_311_soda_76ig-c548", "hazard": "pluvial_311", "official_identity_verified": true}, "geometry": {"type": "Point", "coordinates": [-73.96254703454233, 40.687089857287326]}}, {"type": "Feature", "properties": {"unique_key": "18871848", "complaint_type": "Sewer", "descriptor": "Street Flooding (SJ)", "created_date": "2010-10-11T21:22:00.000", "agency": "DEP", "incident_address": null, "borough": "BROOKLYN", "source": "nyc_311_soda_76ig-c548", "hazard": "pluvial_311", "official_identity_verified": true}, "geometry": {"type": "Point", "coordinates": [-73.98003650949708, 40.68185170639119]}}, {"type": "Feature", "properties": {"unique_key": "18871855", "complaint_type": "Sewer", "descriptor": "Street Flooding (SJ)", "created_date": "2010-10-11T21:35:00.000", "agency": "DEP", "incident_address": null, "borough": "BROOKLYN", "source": "nyc_311_soda_76ig-c548", "hazard": "pluvial_311", "official_identity_verified": true}, "geometry": {"type": "Point", "coordinates": [-73.98743108944684, 40.683126326113076]}}, {"type": "Feature", "properties": {"unique_key": "18871856", "complaint_type": "Sewer", "descriptor": "Street Flooding (SJ)", "created_date": "2010-10-11T21:35:00.000", "agency": "DEP", "incident_address": null, "borough": "BROOKLYN", "source": "nyc_311_soda_76ig-c548", "hazard": "pluvial_311", "official_identity_verified": true}, "geometry": {"type": "Point", "coordinates": [-73.99892905682664, 40.68922588900121]}}, {"type": "Feature", "properties": {"unique_key": "18871864", "complaint_type": "Sewer", "descriptor": "Street Flooding (SJ)", "created_date": "2010-10-11T21:49:00.000", "agency": "DEP", "incident_address": null, "borough": "BROOKLYN", "source": "nyc_311_soda_76ig-c548", "hazard": "pluvial_311", "official_identity_verified": true}, "geometry": {"type": "Point", "coordinates": [-74.0013882289821, 40.68775194394551]}}, {"type": "Feature", "properties": {"unique_key": "18871865", "complaint_type": "Sewer", "descriptor": "Street Flooding (SJ)", "created_date": "2010-10-11T21:50:00.000", "agency": "DEP", "incident_address": "471 VANDERBILT AVENUE", "borough": "BROOKLYN", "source": "nyc_311_soda_76ig-c548", "hazard": "pluvial_311", "official_identity_verified": true}, "geometry": {"type": "Point", "coordinates": [-73.96802919855655, 40.68413264729373]}}, {"type": "Feature", "properties": {"unique_key": "18871877", "complaint_type": "Sewer", "descriptor": "Street Flooding (SJ)", "created_date": "2010-10-11T22:00:00.000", "agency": "DEP", "incident_address": null, "borough": "BROOKLYN", "source": "nyc_311_soda_76ig-c548", "hazard": "pluvial_311", "official_identity_verified": true}, "geometry": {"type": "Point", "coordinates": [-73.95030059039335, 40.68400009636692]}}, {"type": "Feature", "properties": {"unique_key": "18871880", "complaint_type": "Sewer", "descriptor": "Street Flooding (SJ)", "created_date": "2010-10-11T22:10:00.000", "agency": "DEP", "incident_address": "1449 FULTON STREET", "borough": "BROOKLYN", "source": "nyc_311_soda_76ig-c548", "hazard": "pluvial_311", "official_identity_verified": true}, "geometry": {"type": "Point", "coordinates": [-73.9429521843563, 40.680041469847744]}}, {"type": "Feature", "properties": {"unique_key": "18871930", "complaint_type": "Sewer", "descriptor": "Street Flooding (SJ)", "created_date": "2010-10-11T23:08:00.000", "agency": "DEP", "incident_address": "9 DECATUR STREET", "borough": "BROOKLYN", "source": "nyc_311_soda_76ig-c548", "hazard": "pluvial_311", "official_identity_verified": true}, "geometry": {"type": "Point", "coordinates": [-73.94266705557074, 40.68039540393785]}}, {"type": "Feature", "properties": {"unique_key": "18871934", "complaint_type": "Sewer", "descriptor": "Street Flooding (SJ)", "created_date": "2010-10-11T23:20:00.000", "agency": "DEP", "incident_address": null, "borough": "BROOKLYN", "source": "nyc_311_soda_76ig-c548", "hazard": "pluvial_311", "official_identity_verified": true}, "geometry": {"type": "Point", "coordinates": [-73.94672832076486, 40.68291431286934]}}, {"type": "Feature", "properties": {"unique_key": "18871952", "complaint_type": "Sewer", "descriptor": "Street Flooding (SJ)", "created_date": "2010-10-11T23:49:00.000", "agency": "DEP", "incident_address": null, "borough": "BROOKLYN", "source": "nyc_311_soda_76ig-c548", "hazard": "pluvial_311", "official_identity_verified": true}, "geometry": {"type": "Point", "coordinates": [-73.94672832076486, 40.68291431286934]}}, {"type": "Feature", "properties": {"unique_key": "18879177", "complaint_type": "Sewer", "descriptor": "Street Flooding (SJ)", "created_date": "2010-10-11T23:57:00.000", "agency": "DEP", "incident_address": "450 BALTIC STREET", "borough": "BROOKLYN", "source": "nyc_311_soda_76ig-c548", "hazard": "pluvial_311", "official_identity_verified": true}, "geometry": {"type": "Point", "coordinates": [-73.98698764291343, 40.682947866626996]}}, {"type": "Feature", "properties": {"unique_key": "18879180", "complaint_type": "Sewer", "descriptor": "Street Flooding (SJ)", "created_date": "2010-10-12T00:20:00.000", "agency": "DEP", "incident_address": null, "borough": "BROOKLYN", "source": "nyc_311_soda_76ig-c548", "hazard": "pluvial_311", "official_identity_verified": true}, "geometry": {"type": "Point", "coordinates": [-73.95901663890433, 40.699412666834114]}}, {"type": "Feature", "properties": {"unique_key": "18879183", "complaint_type": "Sewer", "descriptor": "Street Flooding (SJ)", "created_date": "2010-10-12T00:28:00.000", "agency": "DEP", "incident_address": "4 AVENUE", "borough": "BROOKLYN", "source": "nyc_311_soda_76ig-c548", "hazard": "pluvial_311", "official_identity_verified": true}, "geometry": {"type": "Point", "coordinates": [-73.97828421065111, 40.681974903800075]}}, {"type": "Feature", "properties": {"unique_key": "18879324", "complaint_type": "Sewer", "descriptor": "Street Flooding (SJ)", "created_date": "2010-10-12T08:56:00.000", "agency": "DEP", "incident_address": null, "borough": "BROOKLYN", "source": "nyc_311_soda_76ig-c548", "hazard": "pluvial_311", "official_identity_verified": true}, "geometry": {"type": "Point", "coordinates": [-73.97961447311611, 40.68249390917163]}}, {"type": "Feature", "properties": {"unique_key": "18879408", "complaint_type": "Sewer", "descriptor": "Street Flooding (SJ)", "created_date": "2010-10-12T10:21:00.000", "agency": "DEP", "incident_address": null, "borough": "BROOKLYN", "source": "nyc_311_soda_76ig-c548", "hazard": "pluvial_311", "official_identity_verified": true}, "geometry": {"type": "Point", "coordinates": [-73.98743108944684, 40.683126326113076]}}, {"type": "Feature", "properties": {"unique_key": "18879830", "complaint_type": "Sewer", "descriptor": "Street Flooding (SJ)", "created_date": "2010-10-12T00:00:00.000", "agency": "DEP", "incident_address": "172 EAST    4 STREET", "borough": "MANHATTAN", "source": "nyc_311_soda_76ig-c548", "hazard": "pluvial_311", "official_identity_verified": true}, "geometry": {"type": "Point", "coordinates": [-73.98568792029181, 40.72461598927448]}}, {"type": "Feature", "properties": {"unique_key": "18879841", "complaint_type": "Sewer", "descriptor": "Street Flooding (SJ)", "created_date": "2010-10-12T17:01:00.000", "agency": "DEP", "incident_address": "188 GRAND STREET", "borough": "BROOKLYN", "source": "nyc_311_soda_76ig-c548", "hazard": "pluvial_311", "official_identity_verified": true}, "geometry": {"type": "Point", "coordinates": [-73.96070651720932, 40.71425145127047]}}, {"type": "Feature", "properties": {"unique_key": "18914861", "complaint_type": "Sewer", "descriptor": "Street Flooding (SJ)", "created_date": "2010-10-17T19:23:00.000", "agency": "DEP", "incident_address": "115 BERGEN STREET", "borough": "BROOKLYN", "source": "nyc_311_soda_76ig-c548", "hazard": "pluvial_311", "official_identity_verified": true}, "geometry": {"type": "Point", "coordinates": [-73.98906389735339, 40.68618416850394]}}, {"type": "Feature", "properties": {"unique_key": "18932373", "complaint_type": "Sewer", "descriptor": "Street Flooding (SJ)", "created_date": "2010-10-19T16:00:00.000", "agency": "DEP", "incident_address": null, "borough": "MANHATTAN", "source": "nyc_311_soda_76ig-c548", "hazard": "pluvial_311", "official_identity_verified": true}, "geometry": {"type": "Point", "coordinates": [-73.98616377795233, 40.726397394805126]}}, {"type": "Feature", "properties": {"unique_key": "18952721", "complaint_type": "Sewer", "descriptor": "Street Flooding (SJ)", "created_date": "2010-10-21T12:25:00.000", "agency": "DEP", "incident_address": "45-40 VERNON BOULEVARD", "borough": "QUEENS", "source": "nyc_311_soda_76ig-c548", "hazard": "pluvial_311", "official_identity_verified": true}, "geometry": {"type": "Point", "coordinates": [-73.95255586704955, 40.74737208950417]}}, {"type": "Feature", "properties": {"unique_key": "18975330", "complaint_type": "Sewer", "descriptor": "Street Flooding (SJ)", "created_date": "2010-10-25T00:00:00.000", "agency": "DEP", "incident_address": "355 EAST   72 STREET", "borough": "MANHATTAN", "source": "nyc_311_soda_76ig-c548", "hazard": "pluvial_311", "official_identity_verified": true}, "geometry": {"type": "Point", "coordinates": [-73.95707171922261, 40.76826685921193]}}, {"type": "Feature", "properties": {"unique_key": "18983617", "complaint_type": "Sewer", "descriptor": "Street Flooding (SJ)", "created_date": "2010-10-26T00:00:00.000", "agency": "DEP", "incident_address": null, "borough": "MANHATTAN", "source": "nyc_311_soda_76ig-c548", "hazard": "pluvial_311", "official_identity_verified": true}, "geometry": {"type": "Point", "coordinates": [-73.95763486922289, 40.785344822107795]}}, {"type": "Feature", "properties": {"unique_key": "18990851", "complaint_type": "Sewer", "descriptor": "Street Flooding (SJ)", "created_date": "2010-10-27T00:00:00.000", "agency": "DEP", "incident_address": null, "borough": "MANHATTAN", "source": "nyc_311_soda_76ig-c548", "hazard": "pluvial_311", "official_identity_verified": true}, "geometry": {"type": "Point", "coordinates": [-73.97082869895915, 40.79595730280253]}}, {"type": "Feature", "properties": {"unique_key": "19024722", "complaint_type": "Sewer", "descriptor": "Street Flooding (SJ)", "created_date": "2010-11-01T09:19:00.000", "agency": "DEP", "incident_address": "45-40 VERNON BOULEVARD", "borough": "QUEENS", "source": "nyc_311_soda_76ig-c548", "hazard": "pluvial_311", "official_identity_verified": true}, "geometry": {"type": "Point", "coordinates": [-73.95255586704955, 40.74737208950417]}}, {"type": "Feature", "properties": {"unique_key": "19043066", "complaint_type": "Sewer", "descriptor": "Street Flooding (SJ)", "created_date": "2010-11-03T14:47:00.000", "agency": "DEP", "incident_address": null, "borough": "MANHATTAN", "source": "nyc_311_soda_76ig-c548", "hazard": "pluvial_311", "official_identity_verified": true}, "geometry": {"type": "Point", "coordinates": [-73.96193871143237, 40.77368943029783]}}, {"type": "Feature", "properties": {"unique_key": "19050918", "complaint_type": "Sewer", "descriptor": "Street Flooding (SJ)", "created_date": "2010-11-04T15:59:00.000", "agency": "DEP", "incident_address": null, "borough": "MANHATTAN", "source": "nyc_311_soda_76ig-c548", "hazard": "pluvial_311", "official_identity_verified": true}, "geometry": {"type": "Point", "coordinates": [-73.97082869895915, 40.79595730280253]}}, {"type": "Feature", "properties": {"unique_key": "19050957", "complaint_type": "Sewer", "descriptor": "Street Flooding (SJ)", "created_date": "2010-11-04T00:00:00.000", "agency": "DEP", "incident_address": null, "borough": "MANHATTAN", "source": "nyc_311_soda_76ig-c548", "hazard": "pluvial_311", "official_identity_verified": true}, "geometry": {"type": "Point", "coordinates": [-73.97082869895915, 40.79595730280253]}}, {"type": "Feature", "properties": {"unique_key": "19081449", "complaint_type": "Sewer", "descriptor": "Street Flooding (SJ)", "created_date": "2010-11-08T13:45:00.000", "agency": "DEP", "incident_address": null, "borough": "MANHATTAN", "source": "nyc_311_soda_76ig-c548", "hazard": "pluvial_311", "official_identity_verified": true}, "geometry": {"type": "Point", "coordinates": [-73.98621258752621, 40.734617942572335]}}, {"type": "Feature", "properties": {"unique_key": "19092383", "complaint_type": "Sewer", "descriptor": "Street Flooding (SJ)", "created_date": "2010-11-09T13:21:00.000", "agency": "DEP", "incident_address": null, "borough": "MANHATTAN", "source": "nyc_311_soda_76ig-c548", "hazard": "pluvial_311", "official_identity_verified": true}, "geometry": {"type": "Point", "coordinates": [-73.97352371591124, 40.75780885565467]}}, {"type": "Feature", "properties": {"unique_key": "19101289", "complaint_type": "Sewer", "descriptor": "Street Flooding (SJ)", "created_date": "2010-11-10T00:00:00.000", "agency": "DEP", "incident_address": null, "borough": "MANHATTAN", "source": "nyc_311_soda_76ig-c548", "hazard": "pluvial_311", "official_identity_verified": true}, "geometry": {"type": "Point", "coordinates": [-74.0051378625965, 40.729518899248305]}}, {"type": "Feature", "properties": {"unique_key": "19116529", "complaint_type": "Sewer", "descriptor": "Street Flooding (SJ)", "created_date": "2010-11-12T09:43:00.000", "agency": "DEP", "incident_address": null, "borough": "MANHATTAN", "source": "nyc_311_soda_76ig-c548", "hazard": "pluvial_311", "official_identity_verified": true}, "geometry": {"type": "Point", "coordinates": [-73.97352371591124, 40.75780885565467]}}, {"type": "Feature", "properties": {"unique_key": "19149694", "complaint_type": "Sewer", "descriptor": "Street Flooding (SJ)", "created_date": "2010-11-17T07:46:00.000", "agency": "DEP", "incident_address": "44-36 VERNON BOULEVARD", "borough": "QUEENS", "source": "nyc_311_soda_76ig-c548", "hazard": "pluvial_311", "official_identity_verified": true}, "geometry": {"type": "Point", "coordinates": [-73.95223322208895, 40.74938385696626]}}, {"type": "Feature", "properties": {"unique_key": "19157946", "complaint_type": "Sewer", "descriptor": "Street Flooding (SJ)", "created_date": "2010-11-18T12:47:00.000", "agency": "DEP", "incident_address": null, "borough": "MANHATTAN", "source": "nyc_311_soda_76ig-c548", "hazard": "pluvial_311", "official_identity_verified": true}, "geometry": {"type": "Point", "coordinates": [-73.96991438209491, 40.797216898202706]}}, {"type": "Feature", "properties": {"unique_key": "19197791", "complaint_type": "Sewer", "descriptor": "Street Flooding (SJ)", "created_date": "2010-11-24T00:00:00.000", "agency": "DEP", "incident_address": null, "borough": "MANHATTAN", "source": "nyc_311_soda_76ig-c548", "hazard": "pluvial_311", "official_identity_verified": true}, "geometry": {"type": "Point", "coordinates": [-73.98717987386496, 40.73329233817604]}}, {"type": "Feature", "properties": {"unique_key": "19206746", "complaint_type": "Sewer", "descriptor": "Street Flooding (SJ)", "created_date": "2010-11-26T00:00:00.000", "agency": "DEP", "incident_address": null, "borough": "MANHATTAN", "source": "nyc_311_soda_76ig-c548", "hazard": "pluvial_311", "official_identity_verified": true}, "geometry": {"type": "Point", "coordinates": [-73.98797177444611, 40.72391359257348]}}, {"type": "Feature", "properties": {"unique_key": "19232538", "complaint_type": "Sewer", "descriptor": "Street Flooding (SJ)", "created_date": "2010-11-30T00:00:00.000", "agency": "DEP", "incident_address": null, "borough": "MANHATTAN", "source": "nyc_311_soda_76ig-c548", "hazard": "pluvial_311", "official_identity_verified": true}, "geometry": {"type": "Point", "coordinates": [-73.98806457477922, 40.76979207954942]}}, {"type": "Feature", "properties": {"unique_key": "19241752", "complaint_type": "Sewer", "descriptor": "Street Flooding (SJ)", "created_date": "2010-12-01T17:46:00.000", "agency": "DEP", "incident_address": null, "borough": "BROOKLYN", "source": "nyc_311_soda_76ig-c548", "hazard": "pluvial_311", "official_identity_verified": true}, "geometry": {"type": "Point", "coordinates": [-73.95475389558149, 40.72060064126233]}}, {"type": "Feature", "properties": {"unique_key": "19242807", "complaint_type": "Sewer", "descriptor": "Street Flooding (SJ)", "created_date": "2010-12-01T15:04:00.000", "agency": "DEP", "incident_address": null, "borough": "BROOKLYN", "source": "nyc_311_soda_76ig-c548", "hazard": "pluvial_311", "official_identity_verified": true}, "geometry": {"type": "Point", "coordinates": [-73.94047476226626, 40.680635830773596]}}, {"type": "Feature", "properties": {"unique_key": "19242852", "complaint_type": "Sewer", "descriptor": "Street Flooding (SJ)", "created_date": "2010-12-01T14:54:00.000", "agency": "DEP", "incident_address": null, "borough": "MANHATTAN", "source": "nyc_311_soda_76ig-c548", "hazard": "pluvial_311", "official_identity_verified": true}, "geometry": {"type": "Point", "coordinates": [-73.99034191604916, 40.72493212081157]}}, {"type": "Feature", "properties": {"unique_key": "19242866", "complaint_type": "Sewer", "descriptor": "Street Flooding (SJ)", "created_date": "2010-12-01T15:16:00.000", "agency": "DEP", "incident_address": null, "borough": "BROOKLYN", "source": "nyc_311_soda_76ig-c548", "hazard": "pluvial_311", "official_identity_verified": true}, "geometry": {"type": "Point", "coordinates": [-73.95347016154248, 40.71979865985743]}}, {"type": "Feature", "properties": {"unique_key": "19242922", "complaint_type": "Sewer", "descriptor": "Street Flooding (SJ)", "created_date": "2010-12-01T15:32:00.000", "agency": "DEP", "incident_address": "EAST   34 STREET", "borough": "MANHATTAN", "source": "nyc_311_soda_76ig-c548", "hazard": "pluvial_311", "official_identity_verified": true}, "geometry": {"type": "Point", "coordinates": [-73.97287259367154, 40.74351405895796]}}, {"type": "Feature", "properties": {"unique_key": "19242967", "complaint_type": "Sewer", "descriptor": "Street Flooding (SJ)", "created_date": "2010-12-01T15:46:00.000", "agency": "DEP", "incident_address": null, "borough": "BROOKLYN", "source": "nyc_311_soda_76ig-c548", "hazard": "pluvial_311", "official_identity_verified": true}, "geometry": {"type": "Point", "coordinates": [-73.95901663890433, 40.699412666834114]}}, {"type": "Feature", "properties": {"unique_key": "19309965", "complaint_type": "Sewer", "descriptor": "Street Flooding (SJ)", "created_date": "2010-12-09T09:45:00.000", "agency": "DEP", "incident_address": "18 EAST   84 STREET", "borough": "MANHATTAN", "source": "nyc_311_soda_76ig-c548", "hazard": "pluvial_311", "official_identity_verified": true}, "geometry": {"type": "Point", "coordinates": [-73.96049810510932, 40.77984264605071]}}, {"type": "Feature", "properties": {"unique_key": "19328172", "complaint_type": "Sewer", "descriptor": "Street Flooding (SJ)", "created_date": "2010-12-12T09:13:00.000", "agency": "DEP", "incident_address": null, "borough": "BROOKLYN", "source": "nyc_311_soda_76ig-c548", "hazard": "pluvial_311", "official_identity_verified": true}, "geometry": {"type": "Point", "coordinates": [-73.99129741503246, 40.7016566188967]}}, {"type": "Feature", "properties": {"unique_key": "19328274", "complaint_type": "Sewer", "descriptor": "Street Flooding (SJ)", "created_date": "2010-12-12T00:00:00.000", "agency": "DEP", "incident_address": "401 EAST   34 STREET", "borough": "MANHATTAN", "source": "nyc_311_soda_76ig-c548", "hazard": "pluvial_311", "official_identity_verified": true}, "geometry": {"type": "Point", "coordinates": [-73.97330918018613, 40.74371178298426]}}, {"type": "Feature", "properties": {"unique_key": "19328395", "complaint_type": "Sewer", "descriptor": "Street Flooding (SJ)", "created_date": "2010-12-12T18:54:00.000", "agency": "DEP", "incident_address": null, "borough": "BROOKLYN", "source": "nyc_311_soda_76ig-c548", "hazard": "pluvial_311", "official_identity_verified": true}, "geometry": {"type": "Point", "coordinates": [-73.97376251912186, 40.683049912414596]}}, {"type": "Feature", "properties": {"unique_key": "19336475", "complaint_type": "Sewer", "descriptor": "Street Flooding (SJ)", "created_date": "2010-12-13T00:00:00.000", "agency": "DEP", "incident_address": null, "borough": "MANHATTAN", "source": "nyc_311_soda_76ig-c548", "hazard": "pluvial_311", "official_identity_verified": true}, "geometry": {"type": "Point", "coordinates": [-73.9675888307687, 40.75189515597686]}}, {"type": "Feature", "properties": {"unique_key": "19336730", "complaint_type": "Sewer", "descriptor": "Street Flooding (SJ)", "created_date": "2010-12-13T12:03:00.000", "agency": "DEP", "incident_address": "369 SOUTH    1 STREET", "borough": "BROOKLYN", "source": "nyc_311_soda_76ig-c548", "hazard": "pluvial_311", "official_identity_verified": true}, "geometry": {"type": "Point", "coordinates": [-73.95294988270376, 40.71070505437981]}}, {"type": "Feature", "properties": {"unique_key": "19501156", "complaint_type": "Sewer", "descriptor": "Street Flooding (SJ)", "created_date": "2010-12-30T13:21:00.000", "agency": "DEP", "incident_address": null, "borough": "MANHATTAN", "source": "nyc_311_soda_76ig-c548", "hazard": "pluvial_311", "official_identity_verified": true}, "geometry": {"type": "Point", "coordinates": [-73.98205472388632, 40.77879404063979]}}, {"type": "Feature", "properties": {"unique_key": "19589115", "complaint_type": "Sewer", "descriptor": "Street Flooding (SJ)", "created_date": "2011-01-12T14:11:00.000", "agency": "DEP", "incident_address": null, "borough": "BROOKLYN", "source": "nyc_311_soda_76ig-c548", "hazard": "pluvial_311", "official_identity_verified": true}, "geometry": {"type": "Point", "coordinates": [-73.97838797601256, 40.684423260147994]}}, {"type": "Feature", "properties": {"unique_key": "19589175", "complaint_type": "Sewer", "descriptor": "Street Flooding (SJ)", "created_date": "2011-01-12T16:11:00.000", "agency": "DEP", "incident_address": null, "borough": "MANHATTAN", "source": "nyc_311_soda_76ig-c548", "hazard": "pluvial_311", "official_identity_verified": true}, "geometry": {"type": "Point", "coordinates": [-73.95558406794517, 40.77949776479802]}}, {"type": "Feature", "properties": {"unique_key": "19610333", "complaint_type": "Sewer", "descriptor": "Street Flooding (SJ)", "created_date": "2011-01-15T14:46:00.000", "agency": "DEP", "incident_address": null, "borough": "MANHATTAN", "source": "nyc_311_soda_76ig-c548", "hazard": "pluvial_311", "official_identity_verified": true}, "geometry": {"type": "Point", "coordinates": [-73.98131028936288, 40.78102539234052]}}, {"type": "Feature", "properties": {"unique_key": "19627783", "complaint_type": "Sewer", "descriptor": "Street Flooding (SJ)", "created_date": "2011-01-18T11:32:00.000", "agency": "DEP", "incident_address": "E 47 ST", "borough": "MANHATTAN", "source": "nyc_311_soda_76ig-c548", "hazard": "pluvial_311", "official_identity_verified": true}, "geometry": {"type": "Point", "coordinates": [-73.96879403217015, 40.75251854635272]}}, {"type": "Feature", "properties": {"unique_key": "19627816", "complaint_type": "Sewer", "descriptor": "Street Flooding (SJ)", "created_date": "2011-01-18T12:04:00.000", "agency": "DEP", "incident_address": null, "borough": "MANHATTAN", "source": "nyc_311_soda_76ig-c548", "hazard": "pluvial_311", "official_identity_verified": true}, "geometry": {"type": "Point", "coordinates": [-73.99280410305454, 40.742910439074564]}}, {"type": "Feature", "properties": {"unique_key": "19627847", "complaint_type": "Sewer", "descriptor": "Street Flooding (SJ)", "created_date": "2011-01-18T12:34:00.000", "agency": "DEP", "incident_address": "249 DEKALB AVE", "borough": "BROOKLYN", "source": "nyc_311_soda_76ig-c548", "hazard": "pluvial_311", "official_identity_verified": true}, "geometry": {"type": "Point", "coordinates": [-73.96925984551612, 40.68948254144843]}}, {"type": "Feature", "properties": {"unique_key": "19627912", "complaint_type": "Sewer", "descriptor": "Street Flooding (SJ)", "created_date": "2011-01-18T13:28:00.000", "agency": "DEP", "incident_address": "47 5 AVE", "borough": "MANHATTAN", "source": "nyc_311_soda_76ig-c548", "hazard": "pluvial_311", "official_identity_verified": true}, "geometry": {"type": "Point", "coordinates": [-73.99480764025138, 40.73434966500959]}}, {"type": "Feature", "properties": {"unique_key": "19628074", "complaint_type": "Sewer", "descriptor": "Street Flooding (SJ)", "created_date": "2011-01-18T15:16:00.000", "agency": "DEP", "incident_address": null, "borough": "BROOKLYN", "source": "nyc_311_soda_76ig-c548", "hazard": "pluvial_311", "official_identity_verified": true}, "geometry": {"type": "Point", "coordinates": [-73.990669654755, 40.70324304416737]}}, {"type": "Feature", "properties": {"unique_key": "19628099", "complaint_type": "Sewer", "descriptor": "Street Flooding (SJ)", "created_date": "2011-01-18T15:28:00.000", "agency": "DEP", "incident_address": null, "borough": "MANHATTAN", "source": "nyc_311_soda_76ig-c548", "hazard": "pluvial_311", "official_identity_verified": true}, "geometry": {"type": "Point", "coordinates": [-73.99463190105429, 40.76588131743674]}}, {"type": "Feature", "properties": {"unique_key": "19628149", "complaint_type": "Sewer", "descriptor": "Street Flooding (SJ)", "created_date": "2011-01-18T16:01:00.000", "agency": "DEP", "incident_address": "25 BOERUM ST", "borough": "BROOKLYN", "source": "nyc_311_soda_76ig-c548", "hazard": "pluvial_311", "official_identity_verified": true}, "geometry": {"type": "Point", "coordinates": [-73.9487806568039, 40.705356474677004]}}, {"type": "Feature", "properties": {"unique_key": "19628203", "complaint_type": "Sewer", "descriptor": "Street Flooding (SJ)", "created_date": "2011-01-18T16:55:00.000", "agency": "DEP", "incident_address": null, "borough": "MANHATTAN", "source": "nyc_311_soda_76ig-c548", "hazard": "pluvial_311", "official_identity_verified": true}, "geometry": {"type": "Point", "coordinates": [-73.99280410305454, 40.742910439074564]}}, {"type": "Feature", "properties": {"unique_key": "19628312", "complaint_type": "Sewer", "descriptor": "Street Flooding (SJ)", "created_date": "2011-01-18T19:22:00.000", "agency": "DEP", "incident_address": null, "borough": "BROOKLYN", "source": "nyc_311_soda_76ig-c548", "hazard": "pluvial_311", "official_identity_verified": true}, "geometry": {"type": "Point", "coordinates": [-73.99133198127466, 40.685448763006015]}}, {"type": "Feature", "properties": {"unique_key": "19637246", "complaint_type": "Sewer", "descriptor": "Street Flooding (SJ)", "created_date": "2011-01-19T13:56:00.000", "agency": "DEP", "incident_address": null, "borough": "MANHATTAN", "source": "nyc_311_soda_76ig-c548", "hazard": "pluvial_311", "official_identity_verified": true}, "geometry": {"type": "Point", "coordinates": [-73.99280410305454, 40.742910439074564]}}, {"type": "Feature", "properties": {"unique_key": "19637254", "complaint_type": "Sewer", "descriptor": "Street Flooding (SJ)", "created_date": "2011-01-19T11:45:00.000", "agency": "DEP", "incident_address": null, "borough": "MANHATTAN", "source": "nyc_311_soda_76ig-c548", "hazard": "pluvial_311", "official_identity_verified": true}, "geometry": {"type": "Point", "coordinates": [-73.99156182379805, 40.74970635362618]}}, {"type": "Feature", "properties": {"unique_key": "19645146", "complaint_type": "Sewer", "descriptor": "Street Flooding (SJ)", "created_date": "2011-01-20T17:32:00.000", "agency": "DEP", "incident_address": null, "borough": "BROOKLYN", "source": "nyc_311_soda_76ig-c548", "hazard": "pluvial_311", "official_identity_verified": true}, "geometry": {"type": "Point", "coordinates": [-73.94978863790115, 40.6983111041311]}}, {"type": "Feature", "properties": {"unique_key": "19692909", "complaint_type": "Sewer", "descriptor": "Street Flooding (SJ)", "created_date": "2011-01-26T16:24:00.000", "agency": "DEP", "incident_address": null, "borough": "MANHATTAN", "source": "nyc_311_soda_76ig-c548", "hazard": "pluvial_311", "official_identity_verified": true}, "geometry": {"type": "Point", "coordinates": [-74.00648805506913, 40.73754998145706]}}, {"type": "Feature", "properties": {"unique_key": "19703885", "complaint_type": "Sewer", "descriptor": "Street Flooding (SJ)", "created_date": "2011-01-27T17:14:00.000", "agency": "DEP", "incident_address": "240 W 14 ST", "borough": "MANHATTAN", "source": "nyc_311_soda_76ig-c548", "hazard": "pluvial_311", "official_identity_verified": true}, "geometry": {"type": "Point", "coordinates": [-74.00092379306913, 40.73906800849591]}}, {"type": "Feature", "properties": {"unique_key": "19713142", "complaint_type": "Sewer", "descriptor": "Street Flooding (SJ)", "created_date": "2011-01-28T21:57:00.000", "agency": "DEP", "incident_address": null, "borough": "MANHATTAN", "source": "nyc_311_soda_76ig-c548", "hazard": "pluvial_311", "official_identity_verified": true}, "geometry": {"type": "Point", "coordinates": [-73.98521636785432, 40.768595042659975]}}, {"type": "Feature", "properties": {"unique_key": "19713143", "complaint_type": "Sewer", "descriptor": "Street Flooding (SJ)", "created_date": "2011-01-28T14:58:00.000", "agency": "DEP", "incident_address": "238 COURT ST", "borough": "BROOKLYN", "source": "nyc_311_soda_76ig-c548", "hazard": "pluvial_311", "official_identity_verified": true}, "geometry": {"type": "Point", "coordinates": [-73.99423811430944, 40.68583046843045]}}, {"type": "Feature", "properties": {"unique_key": "19713148", "complaint_type": "Sewer", "descriptor": "Street Flooding (SJ)", "created_date": "2011-01-28T09:55:00.000", "agency": "DEP", "incident_address": "103 WALWORTH ST", "borough": "BROOKLYN", "source": "nyc_311_soda_76ig-c548", "hazard": "pluvial_311", "official_identity_verified": true}, "geometry": {"type": "Point", "coordinates": [-73.95449665391963, 40.69579885452782]}}, {"type": "Feature", "properties": {"unique_key": "19713149", "complaint_type": "Sewer", "descriptor": "Street Flooding (SJ)", "created_date": "2011-01-28T09:35:00.000", "agency": "DEP", "incident_address": null, "borough": "MANHATTAN", "source": "nyc_311_soda_76ig-c548", "hazard": "pluvial_311", "official_identity_verified": true}, "geometry": {"type": "Point", "coordinates": [-73.96819758978111, 40.799782757794425]}}, {"type": "Feature", "properties": {"unique_key": "19717366", "complaint_type": "Sewer", "descriptor": "Street Flooding (SJ)", "created_date": "2011-01-29T10:02:00.000", "agency": "DEP", "incident_address": null, "borough": "MANHATTAN", "source": "nyc_311_soda_76ig-c548", "hazard": "pluvial_311", "official_identity_verified": true}, "geometry": {"type": "Point", "coordinates": [-73.97998787457806, 40.78384401265165]}}, {"type": "Feature", "properties": {"unique_key": "19740325", "complaint_type": "Sewer", "descriptor": "Street Flooding (SJ)", "created_date": "2011-02-01T15:39:00.000", "agency": "DEP", "incident_address": "296 WILLOUGHBY AVE", "borough": "BROOKLYN", "source": "nyc_311_soda_76ig-c548", "hazard": "pluvial_311", "official_identity_verified": true}, "geometry": {"type": "Point", "coordinates": [-73.95920473834501, 40.69259472988436]}}, {"type": "Feature", "properties": {"unique_key": "19740326", "complaint_type": "Sewer", "descriptor": "Street Flooding (SJ)", "created_date": "2011-02-01T07:58:00.000", "agency": "DEP", "incident_address": null, "borough": "MANHATTAN", "source": "nyc_311_soda_76ig-c548", "hazard": "pluvial_311", "official_identity_verified": true}, "geometry": {"type": "Point", "coordinates": [-73.98628730097782, 40.722241846649354]}}, {"type": "Feature", "properties": {"unique_key": "19740327", "complaint_type": "Sewer", "descriptor": "Street Flooding (SJ)", "created_date": "2011-02-01T00:16:00.000", "agency": "DEP", "incident_address": null, "borough": "MANHATTAN", "source": "nyc_311_soda_76ig-c548", "hazard": "pluvial_311", "official_identity_verified": true}, "geometry": {"type": "Point", "coordinates": [-73.97030086599663, 40.789054171197954]}}, {"type": "Feature", "properties": {"unique_key": "19749439", "complaint_type": "Sewer", "descriptor": "Street Flooding (SJ)", "created_date": "2011-02-02T08:23:00.000", "agency": "DEP", "incident_address": null, "borough": "MANHATTAN", "source": "nyc_311_soda_76ig-c548", "hazard": "pluvial_311", "official_identity_verified": true}, "geometry": {"type": "Point", "coordinates": [-73.99280410305454, 40.742910439074564]}}, {"type": "Feature", "properties": {"unique_key": "19749441", "complaint_type": "Sewer", "descriptor": "Street Flooding (SJ)", "created_date": "2011-02-02T07:19:00.000", "agency": "DEP", "incident_address": null, "borough": "MANHATTAN", "source": "nyc_311_soda_76ig-c548", "hazard": "pluvial_311", "official_identity_verified": true}, "geometry": {"type": "Point", "coordinates": [-73.9996824485918, 40.738551998380736]}}, {"type": "Feature", "properties": {"unique_key": "19749445", "complaint_type": "Sewer", "descriptor": "Street Flooding (SJ)", "created_date": "2011-02-02T18:30:00.000", "agency": "DEP", "incident_address": "687 BEDFORD AVE", "borough": "BROOKLYN", "source": "nyc_311_soda_76ig-c548", "hazard": "pluvial_311", "official_identity_verified": true}, "geometry": {"type": "Point", "coordinates": [-73.95736418420807, 40.7005291865997]}}, {"type": "Feature", "properties": {"unique_key": "19749459", "complaint_type": "Sewer", "descriptor": "Street Flooding (SJ)", "created_date": "2011-02-02T15:27:00.000", "agency": "DEP", "incident_address": null, "borough": "BROOKLYN", "source": "nyc_311_soda_76ig-c548", "hazard": "pluvial_311", "official_identity_verified": true}, "geometry": {"type": "Point", "coordinates": [-73.96248628061491, 40.70535077829402]}}, {"type": "Feature", "properties": {"unique_key": "19749472", "complaint_type": "Sewer", "descriptor": "Street Flooding (SJ)", "created_date": "2011-02-02T13:20:00.000", "agency": "DEP", "incident_address": null, "borough": "MANHATTAN", "source": "nyc_311_soda_76ig-c548", "hazard": "pluvial_311", "official_identity_verified": true}, "geometry": {"type": "Point", "coordinates": [-73.99497105001717, 40.72062589060049]}}, {"type": "Feature", "properties": {"unique_key": "19749482", "complaint_type": "Sewer", "descriptor": "Street Flooding (SJ)", "created_date": "2011-02-02T11:34:00.000", "agency": "DEP", "incident_address": "755 12 AVE", "borough": "MANHATTAN", "source": "nyc_311_soda_76ig-c548", "hazard": "pluvial_311", "official_identity_verified": true}, "geometry": {"type": "Point", "coordinates": [-73.99540425297953, 40.768667262701435]}}, {"type": "Feature", "properties": {"unique_key": "19749502", "complaint_type": "Sewer", "descriptor": "Street Flooding (SJ)", "created_date": "2011-02-02T10:01:00.000", "agency": "DEP", "incident_address": null, "borough": "MANHATTAN", "source": "nyc_311_soda_76ig-c548", "hazard": "pluvial_311", "official_identity_verified": true}, "geometry": {"type": "Point", "coordinates": [-73.9900268662777, 40.732757392854445]}}, {"type": "Feature", "properties": {"unique_key": "19749503", "complaint_type": "Sewer", "descriptor": "Street Flooding (SJ)", "created_date": "2011-02-02T10:17:00.000", "agency": "DEP", "incident_address": null, "borough": "MANHATTAN", "source": "nyc_311_soda_76ig-c548", "hazard": "pluvial_311", "official_identity_verified": true}, "geometry": {"type": "Point", "coordinates": [-73.97352371591124, 40.75780885565467]}}, {"type": "Feature", "properties": {"unique_key": "19749513", "complaint_type": "Sewer", "descriptor": "Street Flooding (SJ)", "created_date": "2011-02-02T09:45:00.000", "agency": "DEP", "incident_address": null, "borough": "MANHATTAN", "source": "nyc_311_soda_76ig-c548", "hazard": "pluvial_311", "official_identity_verified": true}, "geometry": {"type": "Point", "coordinates": [-74.00098843369604, 40.71793064247224]}}, {"type": "Feature", "properties": {"unique_key": "19757486", "complaint_type": "Sewer", "descriptor": "Street Flooding (SJ)", "created_date": "2011-02-03T12:39:00.000", "agency": "DEP", "incident_address": null, "borough": "BROOKLYN", "source": "nyc_311_soda_76ig-c548", "hazard": "pluvial_311", "official_identity_verified": true}, "geometry": {"type": "Point", "coordinates": [-73.9617488532033, 40.70194428186411]}}, {"type": "Feature", "properties": {"unique_key": "19773476", "complaint_type": "Sewer", "descriptor": "Street Flooding (SJ)", "created_date": "2011-02-06T19:50:00.000", "agency": "DEP", "incident_address": "62 E 7 ST", "borough": "MANHATTAN", "source": "nyc_311_soda_76ig-c548", "hazard": "pluvial_311", "official_identity_verified": true}, "geometry": {"type": "Point", "coordinates": [-73.98718458223156, 40.72757226874964]}}, {"type": "Feature", "properties": {"unique_key": "19773480", "complaint_type": "Sewer", "descriptor": "Street Flooding (SJ)", "created_date": "2011-02-06T10:55:00.000", "agency": "DEP", "incident_address": null, "borough": "MANHATTAN", "source": "nyc_311_soda_76ig-c548", "hazard": "pluvial_311", "official_identity_verified": true}, "geometry": {"type": "Point", "coordinates": [-73.97758548577407, 40.78704667417996]}}, {"type": "Feature", "properties": {"unique_key": "19802149", "complaint_type": "Sewer", "descriptor": "Street Flooding (SJ)", "created_date": "2011-02-09T15:36:00.000", "agency": "DEP", "incident_address": null, "borough": "BROOKLYN", "source": "nyc_311_soda_76ig-c548", "hazard": "pluvial_311", "official_identity_verified": true}, "geometry": {"type": "Point", "coordinates": [-73.95569726850539, 40.70704188520367]}}, {"type": "Feature", "properties": {"unique_key": "19810971", "complaint_type": "Sewer", "descriptor": "Street Flooding (SJ)", "created_date": "2011-02-10T10:07:00.000", "agency": "DEP", "incident_address": null, "borough": "MANHATTAN", "source": "nyc_311_soda_76ig-c548", "hazard": "pluvial_311", "official_identity_verified": true}, "geometry": {"type": "Point", "coordinates": [-73.99280410305454, 40.742910439074564]}}, {"type": "Feature", "properties": {"unique_key": "19835149", "complaint_type": "Sewer", "descriptor": "Street Flooding (SJ)", "created_date": "2011-02-14T16:45:00.000", "agency": "DEP", "incident_address": null, "borough": "MANHATTAN", "source": "nyc_311_soda_76ig-c548", "hazard": "pluvial_311", "official_identity_verified": true}, "geometry": {"type": "Point", "coordinates": [-73.95977656581132, 40.76686801738645]}}, {"type": "Feature", "properties": {"unique_key": "19916075", "complaint_type": "Sewer", "descriptor": "Street Flooding (SJ)", "created_date": "2011-02-25T11:33:00.000", "agency": "DEP", "incident_address": null, "borough": "BROOKLYN", "source": "nyc_311_soda_76ig-c548", "hazard": "pluvial_311", "official_identity_verified": true}, "geometry": {"type": "Point", "coordinates": [-73.98710407596151, 40.696131009997224]}}, {"type": "Feature", "properties": {"unique_key": "19916539", "complaint_type": "Sewer", "descriptor": "Street Flooding (SJ)", "created_date": "2011-02-25T10:53:00.000", "agency": "DEP", "incident_address": null, "borough": "BROOKLYN", "source": "nyc_311_soda_76ig-c548", "hazard": "pluvial_311", "official_identity_verified": true}, "geometry": {"type": "Point", "coordinates": [-73.94690719974291, 40.702783780620315]}}, {"type": "Feature", "properties": {"unique_key": "19916573", "complaint_type": "Sewer", "descriptor": "Street Flooding (SJ)", "created_date": "2011-02-25T06:42:00.000", "agency": "DEP", "incident_address": null, "borough": "MANHATTAN", "source": "nyc_311_soda_76ig-c548", "hazard": "pluvial_311", "official_identity_verified": true}, "geometry": {"type": "Point", "coordinates": [-73.98724024932024, 40.77601705805608]}}, {"type": "Feature", "properties": {"unique_key": "19932827", "complaint_type": "Sewer", "descriptor": "Street Flooding (SJ)", "created_date": "2011-02-28T10:53:00.000", "agency": "DEP", "incident_address": null, "borough": "MANHATTAN", "source": "nyc_311_soda_76ig-c548", "hazard": "pluvial_311", "official_identity_verified": true}, "geometry": {"type": "Point", "coordinates": [-73.97665020158652, 40.714944724179205]}}, {"type": "Feature", "properties": {"unique_key": "19932832", "complaint_type": "Sewer", "descriptor": "Street Flooding (SJ)", "created_date": "2011-02-28T09:15:00.000", "agency": "DEP", "incident_address": "77 4 AVE", "borough": "BROOKLYN", "source": "nyc_311_soda_76ig-c548", "hazard": "pluvial_311", "official_identity_verified": true}, "geometry": {"type": "Point", "coordinates": [-73.97996437204992, 40.6819450161227]}}, {"type": "Feature", "properties": {"unique_key": "19974551", "complaint_type": "Sewer", "descriptor": "Street Flooding (SJ)", "created_date": "2011-03-06T19:57:00.000", "agency": "DEP", "incident_address": "122 DEAN ST", "borough": "BROOKLYN", "source": "nyc_311_soda_76ig-c548", "hazard": "pluvial_311", "official_identity_verified": true}, "geometry": {"type": "Point", "coordinates": [-73.98850491564441, 40.68674953685738]}}, {"type": "Feature", "properties": {"unique_key": "20016246", "complaint_type": "Sewer", "descriptor": "Street Flooding (SJ)", "created_date": "2011-03-11T07:56:00.000", "agency": "DEP", "incident_address": "25 BOERUM ST", "borough": "BROOKLYN", "source": "nyc_311_soda_76ig-c548", "hazard": "pluvial_311", "official_identity_verified": true}, "geometry": {"type": "Point", "coordinates": [-73.9487806568039, 40.705356474677004]}}, {"type": "Feature", "properties": {"unique_key": "20068090", "complaint_type": "Sewer", "descriptor": "Street Flooding (SJ)", "created_date": "2011-03-19T10:52:00.000", "agency": "DEP", "incident_address": "1674 BROADWAY", "borough": "MANHATTAN", "source": "nyc_311_soda_76ig-c548", "hazard": "pluvial_311", "official_identity_verified": true}, "geometry": {"type": "Point", "coordinates": [-73.98310948480062, 40.7628609882071]}}, {"type": "Feature", "properties": {"unique_key": "20087846", "complaint_type": "Sewer", "descriptor": "Street Flooding (SJ)", "created_date": "2011-03-22T11:31:00.000", "agency": "DEP", "incident_address": "152 DUPONT ST", "borough": "BROOKLYN", "source": "nyc_311_soda_76ig-c548", "hazard": "pluvial_311", "official_identity_verified": true}, "geometry": {"type": "Point", "coordinates": [-73.95382330323268, 40.73599012094757]}}, {"type": "Feature", "properties": {"unique_key": "20095895", "complaint_type": "Sewer", "descriptor": "Street Flooding (SJ)", "created_date": "2011-03-23T20:34:00.000", "agency": "DEP", "incident_address": null, "borough": "MANHATTAN", "source": "nyc_311_soda_76ig-c548", "hazard": "pluvial_311", "official_identity_verified": true}, "geometry": {"type": "Point", "coordinates": [-73.99587543190957, 40.73868641781212]}}, {"type": "Feature", "properties": {"unique_key": "20135757", "complaint_type": "Sewer", "descriptor": "Street Flooding (SJ)", "created_date": "2011-03-29T11:28:00.000", "agency": "DEP", "incident_address": "133 BOWERY", "borough": "MANHATTAN", "source": "nyc_311_soda_76ig-c548", "hazard": "pluvial_311", "official_identity_verified": true}, "geometry": {"type": "Point", "coordinates": [-73.9946898119132, 40.71871552553784]}}, {"type": "Feature", "properties": {"unique_key": "20171737", "complaint_type": "Sewer", "descriptor": "Street Flooding (SJ)", "created_date": "2011-04-04T14:28:00.000", "agency": "DEP", "incident_address": null, "borough": "MANHATTAN", "source": "nyc_311_soda_76ig-c548", "hazard": "pluvial_311", "official_identity_verified": true}, "geometry": {"type": "Point", "coordinates": [-73.98088850486347, 40.75348184923692]}}, {"type": "Feature", "properties": {"unique_key": "20187013", "complaint_type": "Sewer", "descriptor": "Street Flooding (SJ)", "created_date": "2011-04-06T08:17:00.000", "agency": "DEP", "incident_address": "15 E 32 ST", "borough": "MANHATTAN", "source": "nyc_311_soda_76ig-c548", "hazard": "pluvial_311", "official_identity_verified": true}, "geometry": {"type": "Point", "coordinates": [-73.98459685391313, 40.74678247574596]}}, {"type": "Feature", "properties": {"unique_key": "20187042", "complaint_type": "Sewer", "descriptor": "Street Flooding (SJ)", "created_date": "2011-04-06T09:23:00.000", "agency": "DEP", "incident_address": null, "borough": "MANHATTAN", "source": "nyc_311_soda_76ig-c548", "hazard": "pluvial_311", "official_identity_verified": true}, "geometry": {"type": "Point", "coordinates": [-73.97313367344907, 40.78517106970749]}}, {"type": "Feature", "properties": {"unique_key": "20223889", "complaint_type": "Sewer", "descriptor": "Street Flooding (SJ)", "created_date": "2011-04-12T18:22:00.000", "agency": "DEP", "incident_address": "388 6 AVE", "borough": "MANHATTAN", "source": "nyc_311_soda_76ig-c548", "hazard": "pluvial_311", "official_identity_verified": true}, "geometry": {"type": "Point", "coordinates": [-73.99980154611539, 40.73326560408939]}}, {"type": "Feature", "properties": {"unique_key": "20231911", "complaint_type": "Sewer", "descriptor": "Street Flooding (SJ)", "created_date": "2011-04-13T08:39:00.000", "agency": "DEP", "incident_address": null, "borough": "MANHATTAN", "source": "nyc_311_soda_76ig-c548", "hazard": "pluvial_311", "official_identity_verified": true}, "geometry": {"type": "Point", "coordinates": [-73.97690180934424, 40.77999806200927]}}, {"type": "Feature", "properties": {"unique_key": "20231913", "complaint_type": "Sewer", "descriptor": "Street Flooding (SJ)", "created_date": "2011-04-13T08:28:00.000", "agency": "DEP", "incident_address": "60 W 76 ST", "borough": "MANHATTAN", "source": "nyc_311_soda_76ig-c548", "hazard": "pluvial_311", "official_identity_verified": true}, "geometry": {"type": "Point", "coordinates": [-73.9756996063648, 40.779481804455166]}}, {"type": "Feature", "properties": {"unique_key": "20231983", "complaint_type": "Sewer", "descriptor": "Street Flooding (SJ)", "created_date": "2011-04-13T10:22:00.000", "agency": "DEP", "incident_address": null, "borough": "MANHATTAN", "source": "nyc_311_soda_76ig-c548", "hazard": "pluvial_311", "official_identity_verified": true}, "geometry": {"type": "Point", "coordinates": [-73.94472340476307, 40.78324786504036]}}, {"type": "Feature", "properties": {"unique_key": "20284589", "complaint_type": "Sewer", "descriptor": "Street Flooding (SJ)", "created_date": "2011-04-21T11:50:00.000", "agency": "DEP", "incident_address": null, "borough": "MANHATTAN", "source": "nyc_311_soda_76ig-c548", "hazard": "pluvial_311", "official_identity_verified": true}, "geometry": {"type": "Point", "coordinates": [-73.99034191604916, 40.72493212081157]}}, {"type": "Feature", "properties": {"unique_key": "20284590", "complaint_type": "Sewer", "descriptor": "Street Flooding (SJ)", "created_date": "2011-04-21T11:56:00.000", "agency": "DEP", "incident_address": null, "borough": "MANHATTAN", "source": "nyc_311_soda_76ig-c548", "hazard": "pluvial_311", "official_identity_verified": true}, "geometry": {"type": "Point", "coordinates": [-73.99034191604916, 40.72493212081157]}}, {"type": "Feature", "properties": {"unique_key": "20291015", "complaint_type": "Sewer", "descriptor": "Street Flooding (SJ)", "created_date": "2011-04-22T15:37:00.000", "agency": "DEP", "incident_address": "58 HENRY ST", "borough": "MANHATTAN", "source": "nyc_311_soda_76ig-c548", "hazard": "pluvial_311", "official_identity_verified": true}, "geometry": {"type": "Point", "coordinates": [-73.99507984300583, 40.712959779783304]}}, {"type": "Feature", "properties": {"unique_key": "20295653", "complaint_type": "Sewer", "descriptor": "Street Flooding (SJ)", "created_date": "2011-04-23T13:10:00.000", "agency": "DEP", "incident_address": "317 E HOUSTON ST", "borough": "MANHATTAN", "source": "nyc_311_soda_76ig-c548", "hazard": "pluvial_311", "official_identity_verified": true}, "geometry": {"type": "Point", "coordinates": [-73.98313085248822, 40.72125331438082]}}, {"type": "Feature", "properties": {"unique_key": "20295711", "complaint_type": "Sewer", "descriptor": "Street Flooding (SJ)", "created_date": "2011-04-23T16:45:00.000", "agency": "DEP", "incident_address": null, "borough": "MANHATTAN", "source": "nyc_311_soda_76ig-c548", "hazard": "pluvial_311", "official_identity_verified": true}, "geometry": {"type": "Point", "coordinates": [-73.97690180934424, 40.77999806200927]}}, {"type": "Feature", "properties": {"unique_key": "20295729", "complaint_type": "Sewer", "descriptor": "Street Flooding (SJ)", "created_date": "2011-04-23T15:47:00.000", "agency": "DEP", "incident_address": null, "borough": "MANHATTAN", "source": "nyc_311_soda_76ig-c548", "hazard": "pluvial_311", "official_identity_verified": true}, "geometry": {"type": "Point", "coordinates": [-73.97690180934424, 40.77999806200927]}}, {"type": "Feature", "properties": {"unique_key": "20298469", "complaint_type": "Sewer", "descriptor": "Street Flooding (SJ)", "created_date": "2011-04-24T21:22:00.000", "agency": "DEP", "incident_address": null, "borough": "MANHATTAN", "source": "nyc_311_soda_76ig-c548", "hazard": "pluvial_311", "official_identity_verified": true}, "geometry": {"type": "Point", "coordinates": [-73.98300459411651, 40.721223103466706]}}, {"type": "Feature", "properties": {"unique_key": "20304884", "complaint_type": "Sewer", "descriptor": "Street Flooding (SJ)", "created_date": "2011-04-25T08:37:00.000", "agency": "DEP", "incident_address": null, "borough": "MANHATTAN", "source": "nyc_311_soda_76ig-c548", "hazard": "pluvial_311", "official_identity_verified": true}, "geometry": {"type": "Point", "coordinates": [-73.94525452040779, 40.77848600219572]}}, {"type": "Feature", "properties": {"unique_key": "20305357", "complaint_type": "Sewer", "descriptor": "Street Flooding (SJ)", "created_date": "2011-04-25T13:55:00.000", "agency": "DEP", "incident_address": null, "borough": "MANHATTAN", "source": "nyc_311_soda_76ig-c548", "hazard": "pluvial_311", "official_identity_verified": true}, "geometry": {"type": "Point", "coordinates": [-73.97741567711402, 40.75535588223623]}}, {"type": "Feature", "properties": {"unique_key": "20328482", "complaint_type": "Sewer", "descriptor": "Street Flooding (SJ)", "created_date": "2011-04-28T16:16:00.000", "agency": "DEP", "incident_address": "257 MACON ST", "borough": "BROOKLYN", "source": "nyc_311_soda_76ig-c548", "hazard": "pluvial_311", "official_identity_verified": true}, "geometry": {"type": "Point", "coordinates": [-73.94141454293788, 40.68203614752583]}}, {"type": "Feature", "properties": {"unique_key": "20339532", "complaint_type": "Sewer", "descriptor": "Street Flooding (SJ)", "created_date": "2011-04-30T11:31:00.000", "agency": "DEP", "incident_address": null, "borough": "QUEENS", "source": "nyc_311_soda_76ig-c548", "hazard": "pluvial_311", "official_identity_verified": true}, "geometry": {"type": "Point", "coordinates": [-73.95271140737704, 40.746875353861476]}}, {"type": "Feature", "properties": {"unique_key": "20364470", "complaint_type": "Sewer", "descriptor": "Street Flooding (SJ)", "created_date": "2011-05-04T09:16:00.000", "agency": "DEP", "incident_address": "77 4 AVE", "borough": "BROOKLYN", "source": "nyc_311_soda_76ig-c548", "hazard": "pluvial_311", "official_identity_verified": true}, "geometry": {"type": "Point", "coordinates": [-73.97996437204992, 40.6819450161227]}}, {"type": "Feature", "properties": {"unique_key": "20364473", "complaint_type": "Sewer", "descriptor": "Street Flooding (SJ)", "created_date": "2011-05-04T09:29:00.000", "agency": "DEP", "incident_address": null, "borough": "MANHATTAN", "source": "nyc_311_soda_76ig-c548", "hazard": "pluvial_311", "official_identity_verified": true}, "geometry": {"type": "Point", "coordinates": [-73.98749024981751, 40.75215978750964]}}, {"type": "Feature", "properties": {"unique_key": "20364738", "complaint_type": "Sewer", "descriptor": "Street Flooding (SJ)", "created_date": "2011-05-04T13:19:00.000", "agency": "DEP", "incident_address": "1700 YORK AVE", "borough": "MANHATTAN", "source": "nyc_311_soda_76ig-c548", "hazard": "pluvial_311", "official_identity_verified": true}, "geometry": {"type": "Point", "coordinates": [-73.94559793625926, 40.77799760169177]}}, {"type": "Feature", "properties": {"unique_key": "20364804", "complaint_type": "Sewer", "descriptor": "Street Flooding (SJ)", "created_date": "2011-05-04T14:21:00.000", "agency": "DEP", "incident_address": null, "borough": "BROOKLYN", "source": "nyc_311_soda_76ig-c548", "hazard": "pluvial_311", "official_identity_verified": true}, "geometry": {"type": "Point", "coordinates": [-73.99066234846136, 40.70390727672419]}}, {"type": "Feature", "properties": {"unique_key": "20364934", "complaint_type": "Sewer", "descriptor": "Street Flooding (SJ)", "created_date": "2011-05-04T14:21:00.000", "agency": "DEP", "incident_address": "25 BOERUM ST", "borough": "BROOKLYN", "source": "nyc_311_soda_76ig-c548", "hazard": "pluvial_311", "official_identity_verified": true}, "geometry": {"type": "Point", "coordinates": [-73.9487806568039, 40.705356474677004]}}, {"type": "Feature", "properties": {"unique_key": "20400254", "complaint_type": "Sewer", "descriptor": "Street Flooding (SJ)", "created_date": "2011-05-10T16:14:00.000", "agency": "DEP", "incident_address": "234 EAST   29 STREET", "borough": "MANHATTAN", "source": "nyc_311_soda_76ig-c548", "hazard": "pluvial_311", "official_identity_verified": true}, "geometry": {"type": "Point", "coordinates": [-73.97953485344487, 40.74220893420862]}}, {"type": "Feature", "properties": {"unique_key": "20414964", "complaint_type": "Sewer", "descriptor": "Street Flooding (SJ)", "created_date": "2011-05-12T09:27:00.000", "agency": "DEP", "incident_address": null, "borough": "MANHATTAN", "source": "nyc_311_soda_76ig-c548", "hazard": "pluvial_311", "official_identity_verified": true}, "geometry": {"type": "Point", "coordinates": [-73.97445687774159, 40.76229397770745]}}, {"type": "Feature", "properties": {"unique_key": "20441235", "complaint_type": "Sewer", "descriptor": "Street Flooding (SJ)", "created_date": "2011-05-15T08:25:00.000", "agency": "DEP", "incident_address": null, "borough": "QUEENS", "source": "nyc_311_soda_76ig-c548", "hazard": "pluvial_311", "official_identity_verified": true}, "geometry": {"type": "Point", "coordinates": [-73.9505360429339, 40.74572164536857]}}, {"type": "Feature", "properties": {"unique_key": "20441266", "complaint_type": "Sewer", "descriptor": "Street Flooding (SJ)", "created_date": "2011-05-15T09:42:00.000", "agency": "DEP", "incident_address": null, "borough": "MANHATTAN", "source": "nyc_311_soda_76ig-c548", "hazard": "pluvial_311", "official_identity_verified": true}, "geometry": {"type": "Point", "coordinates": [-73.97906323213479, 40.715667060433]}}, {"type": "Feature", "properties": {"unique_key": "20441300", "complaint_type": "Sewer", "descriptor": "Street Flooding (SJ)", "created_date": "2011-05-15T11:14:00.000", "agency": "DEP", "incident_address": null, "borough": "MANHATTAN", "source": "nyc_311_soda_76ig-c548", "hazard": "pluvial_311", "official_identity_verified": true}, "geometry": {"type": "Point", "coordinates": [-73.97690180934424, 40.77999806200927]}}, {"type": "Feature", "properties": {"unique_key": "20441355", "complaint_type": "Sewer", "descriptor": "Street Flooding (SJ)", "created_date": "2011-05-15T13:22:00.000", "agency": "DEP", "incident_address": null, "borough": "MANHATTAN", "source": "nyc_311_soda_76ig-c548", "hazard": "pluvial_311", "official_identity_verified": true}, "geometry": {"type": "Point", "coordinates": [-73.97690180934424, 40.77999806200927]}}, {"type": "Feature", "properties": {"unique_key": "20447826", "complaint_type": "Sewer", "descriptor": "Street Flooding (SJ)", "created_date": "2011-05-16T09:20:00.000", "agency": "DEP", "incident_address": null, "borough": "MANHATTAN", "source": "nyc_311_soda_76ig-c548", "hazard": "pluvial_311", "official_identity_verified": true}, "geometry": {"type": "Point", "coordinates": [-73.97690180934424, 40.77999806200927]}}, {"type": "Feature", "properties": {"unique_key": "20447854", "complaint_type": "Sewer", "descriptor": "Street Flooding (SJ)", "created_date": "2011-05-16T10:44:00.000", "agency": "DEP", "incident_address": null, "borough": "BROOKLYN", "source": "nyc_311_soda_76ig-c548", "hazard": "pluvial_311", "official_identity_verified": true}, "geometry": {"type": "Point", "coordinates": [-73.98003650949708, 40.68185170639119]}}, {"type": "Feature", "properties": {"unique_key": "20455211", "complaint_type": "Sewer", "descriptor": "Street Flooding (SJ)", "created_date": "2011-05-17T11:01:00.000", "agency": "DEP", "incident_address": null, "borough": "MANHATTAN", "source": "nyc_311_soda_76ig-c548", "hazard": "pluvial_311", "official_identity_verified": true}, "geometry": {"type": "Point", "coordinates": [-73.97690180934424, 40.77999806200927]}}, {"type": "Feature", "properties": {"unique_key": "20462667", "complaint_type": "Sewer", "descriptor": "Street Flooding (SJ)", "created_date": "2011-05-18T09:16:00.000", "agency": "DEP", "incident_address": "529 W 20 ST", "borough": "MANHATTAN", "source": "nyc_311_soda_76ig-c548", "hazard": "pluvial_311", "official_identity_verified": true}, "geometry": {"type": "Point", "coordinates": [-74.00661882810181, 40.74628377119153]}}, {"type": "Feature", "properties": {"unique_key": "20463073", "complaint_type": "Sewer", "descriptor": "Street Flooding (SJ)", "created_date": "2011-05-18T14:44:00.000", "agency": "DEP", "incident_address": "25 BOERUM STREET", "borough": "BROOKLYN", "source": "nyc_311_soda_76ig-c548", "hazard": "pluvial_311", "official_identity_verified": true}, "geometry": {"type": "Point", "coordinates": [-73.94875540750569, 40.70535920820389]}}, {"type": "Feature", "properties": {"unique_key": "20463164", "complaint_type": "Sewer", "descriptor": "Street Flooding (SJ)", "created_date": "2011-05-18T05:35:00.000", "agency": "DEP", "incident_address": null, "borough": "QUEENS", "source": "nyc_311_soda_76ig-c548", "hazard": "pluvial_311", "official_identity_verified": true}, "geometry": {"type": "Point", "coordinates": [-73.95620688451805, 40.743871234875215]}}, {"type": "Feature", "properties": {"unique_key": "20463313", "complaint_type": "Sewer", "descriptor": "Street Flooding (SJ)", "created_date": "2011-05-18T17:54:00.000", "agency": "DEP", "incident_address": null, "borough": "MANHATTAN", "source": "nyc_311_soda_76ig-c548", "hazard": "pluvial_311", "official_identity_verified": true}, "geometry": {"type": "Point", "coordinates": [-73.9416189410132, 40.79862231980249]}}, {"type": "Feature", "properties": {"unique_key": "20463336", "complaint_type": "Sewer", "descriptor": "Street Flooding (SJ)", "created_date": "2011-05-18T18:19:00.000", "agency": "DEP", "incident_address": null, "borough": "BROOKLYN", "source": "nyc_311_soda_76ig-c548", "hazard": "pluvial_311", "official_identity_verified": true}, "geometry": {"type": "Point", "coordinates": [-73.98003650949708, 40.68185170639119]}}, {"type": "Feature", "properties": {"unique_key": "20463348", "complaint_type": "Sewer", "descriptor": "Street Flooding (SJ)", "created_date": "2011-05-18T18:27:00.000", "agency": "DEP", "incident_address": "317 E HOUSTON ST", "borough": "MANHATTAN", "source": "nyc_311_soda_76ig-c548", "hazard": "pluvial_311", "official_identity_verified": true}, "geometry": {"type": "Point", "coordinates": [-73.98313085248822, 40.72125331438082]}}, {"type": "Feature", "properties": {"unique_key": "20463494", "complaint_type": "Sewer", "descriptor": "Street Flooding (SJ)", "created_date": "2011-05-18T16:59:00.000", "agency": "DEP", "incident_address": null, "borough": "MANHATTAN", "source": "nyc_311_soda_76ig-c548", "hazard": "pluvial_311", "official_identity_verified": true}, "geometry": {"type": "Point", "coordinates": [-73.98217925056508, 40.77220943489252]}}, {"type": "Feature", "properties": {"unique_key": "20469979", "complaint_type": "Sewer", "descriptor": "Street Flooding (SJ)", "created_date": "2011-05-19T00:55:00.000", "agency": "DEP", "incident_address": "10 W END AVE", "borough": "MANHATTAN", "source": "nyc_311_soda_76ig-c548", "hazard": "pluvial_311", "official_identity_verified": true}, "geometry": {"type": "Point", "coordinates": [-73.9902159597983, 40.77192220002161]}}, {"type": "Feature", "properties": {"unique_key": "20477967", "complaint_type": "Sewer", "descriptor": "Street Flooding (SJ)", "created_date": "2011-05-20T15:49:00.000", "agency": "DEP", "incident_address": "11 WALL ST", "borough": "MANHATTAN", "source": "nyc_311_soda_76ig-c548", "hazard": "pluvial_311", "official_identity_verified": true}, "geometry": {"type": "Point", "coordinates": [-74.01117403576225, 40.707442369569556]}}, {"type": "Feature", "properties": {"unique_key": "20478134", "complaint_type": "Sewer", "descriptor": "Street Flooding (SJ)", "created_date": "2011-05-20T21:30:00.000", "agency": "DEP", "incident_address": null, "borough": "MANHATTAN", "source": "nyc_311_soda_76ig-c548", "hazard": "pluvial_311", "official_identity_verified": true}, "geometry": {"type": "Point", "coordinates": [-73.97004063354979, 40.76546858073884]}}, {"type": "Feature", "properties": {"unique_key": "20483028", "complaint_type": "Sewer", "descriptor": "Street Flooding (SJ)", "created_date": "2011-05-21T12:36:00.000", "agency": "DEP", "incident_address": "227 NEVINS ST", "borough": "BROOKLYN", "source": "nyc_311_soda_76ig-c548", "hazard": "pluvial_311", "official_identity_verified": true}, "geometry": {"type": "Point", "coordinates": [-73.9857620733984, 40.681492992085815]}}, {"type": "Feature", "properties": {"unique_key": "20486107", "complaint_type": "Sewer", "descriptor": "Street Flooding (SJ)", "created_date": "2011-05-22T14:56:00.000", "agency": "DEP", "incident_address": null, "borough": "MANHATTAN", "source": "nyc_311_soda_76ig-c548", "hazard": "pluvial_311", "official_identity_verified": true}, "geometry": {"type": "Point", "coordinates": [-73.95417815370344, 40.7814295082462]}}, {"type": "Feature", "properties": {"unique_key": "20500054", "complaint_type": "Sewer", "descriptor": "Street Flooding (SJ)", "created_date": "2011-05-24T09:21:00.000", "agency": "DEP", "incident_address": "345 W 70 ST", "borough": "MANHATTAN", "source": "nyc_311_soda_76ig-c548", "hazard": "pluvial_311", "official_identity_verified": true}, "geometry": {"type": "Point", "coordinates": [-73.98710965623687, 40.77918172473125]}}, {"type": "Feature", "properties": {"unique_key": "20514438", "complaint_type": "Sewer", "descriptor": "Street Flooding (SJ)", "created_date": "2011-05-26T12:34:00.000", "agency": "DEP", "incident_address": "32 W 48 ST", "borough": "MANHATTAN", "source": "nyc_311_soda_76ig-c548", "hazard": "pluvial_311", "official_identity_verified": true}, "geometry": {"type": "Point", "coordinates": [-73.97978268005235, 40.75797755355899]}}, {"type": "Feature", "properties": {"unique_key": "20521906", "complaint_type": "Sewer", "descriptor": "Street Flooding (SJ)", "created_date": "2011-05-27T09:00:00.000", "agency": "DEP", "incident_address": "38 E 32 ST", "borough": "MANHATTAN", "source": "nyc_311_soda_76ig-c548", "hazard": "pluvial_311", "official_identity_verified": true}, "geometry": {"type": "Point", "coordinates": [-73.98347097333587, 40.746288264840594]}}, {"type": "Feature", "properties": {"unique_key": "20522013", "complaint_type": "Sewer", "descriptor": "Street Flooding (SJ)", "created_date": "2011-05-27T11:12:00.000", "agency": "DEP", "incident_address": "62 DUPONT ST", "borough": "BROOKLYN", "source": "nyc_311_soda_76ig-c548", "hazard": "pluvial_311", "official_identity_verified": true}, "geometry": {"type": "Point", "coordinates": [-73.95755822406157, 40.735634740048724]}}, {"type": "Feature", "properties": {"unique_key": "20529688", "complaint_type": "Sewer", "descriptor": "Street Flooding (SJ)", "created_date": "2011-05-29T23:24:00.000", "agency": "DEP", "incident_address": null, "borough": "BROOKLYN", "source": "nyc_311_soda_76ig-c548", "hazard": "pluvial_311", "official_identity_verified": true}, "geometry": {"type": "Point", "coordinates": [-73.95030059039335, 40.68400009636692]}}, {"type": "Feature", "properties": {"unique_key": "20541396", "complaint_type": "Sewer", "descriptor": "Street Flooding (SJ)", "created_date": "2011-05-31T12:29:00.000", "agency": "DEP", "incident_address": "223 E 7 ST", "borough": "MANHATTAN", "source": "nyc_311_soda_76ig-c548", "hazard": "pluvial_311", "official_identity_verified": true}, "geometry": {"type": "Point", "coordinates": [-73.97938882189877, 40.72431585541048]}}, {"type": "Feature", "properties": {"unique_key": "20541675", "complaint_type": "Sewer", "descriptor": "Street Flooding (SJ)", "created_date": "2011-05-31T15:25:00.000", "agency": "DEP", "incident_address": null, "borough": "MANHATTAN", "source": "nyc_311_soda_76ig-c548", "hazard": "pluvial_311", "official_identity_verified": true}, "geometry": {"type": "Point", "coordinates": [-73.96867156292758, 40.76734287488971]}}, {"type": "Feature", "properties": {"unique_key": "20549625", "complaint_type": "Sewer", "descriptor": "Street Flooding (SJ)", "created_date": "2011-06-01T12:28:00.000", "agency": "DEP", "incident_address": "30 W 33 ST", "borough": "MANHATTAN", "source": "nyc_311_soda_76ig-c548", "hazard": "pluvial_311", "official_identity_verified": true}, "geometry": {"type": "Point", "coordinates": [-73.98610872138286, 40.74820719258341]}}, {"type": "Feature", "properties": {"unique_key": "20574531", "complaint_type": "Sewer", "descriptor": "Street Flooding (SJ)", "created_date": "2011-06-05T17:37:00.000", "agency": "DEP", "incident_address": "209 W 80 ST", "borough": "MANHATTAN", "source": "nyc_311_soda_76ig-c548", "hazard": "pluvial_311", "official_identity_verified": true}, "geometry": {"type": "Point", "coordinates": [-73.97830508732865, 40.78404132899048]}}, {"type": "Feature", "properties": {"unique_key": "20581353", "complaint_type": "Sewer", "descriptor": "Street Flooding (SJ)", "created_date": "2011-06-06T15:16:00.000", "agency": "DEP", "incident_address": "135 W 17 ST", "borough": "MANHATTAN", "source": "nyc_311_soda_76ig-c548", "hazard": "pluvial_311", "official_identity_verified": true}, "geometry": {"type": "Point", "coordinates": [-73.99655739222155, 40.739748659194504]}}, {"type": "Feature", "properties": {"unique_key": "20598603", "complaint_type": "Sewer", "descriptor": "Street Flooding (SJ)", "created_date": "2011-06-08T11:11:00.000", "agency": "DEP", "incident_address": "31 W 15 ST", "borough": "MANHATTAN", "source": "nyc_311_soda_76ig-c548", "hazard": "pluvial_311", "official_identity_verified": true}, "geometry": {"type": "Point", "coordinates": [-73.99428419144908, 40.73719045978509]}}, {"type": "Feature", "properties": {"unique_key": "20606435", "complaint_type": "Sewer", "descriptor": "Street Flooding (SJ)", "created_date": "2011-06-09T11:20:00.000", "agency": "DEP", "incident_address": "35 CARMINE ST", "borough": "MANHATTAN", "source": "nyc_311_soda_76ig-c548", "hazard": "pluvial_311", "official_identity_verified": true}, "geometry": {"type": "Point", "coordinates": [-74.00327974449019, 40.73007615252433]}}, {"type": "Feature", "properties": {"unique_key": "20614772", "complaint_type": "Sewer", "descriptor": "Street Flooding (SJ)", "created_date": "2011-06-10T10:28:00.000", "agency": "DEP", "incident_address": "323 E 85 ST", "borough": "MANHATTAN", "source": "nyc_311_soda_76ig-c548", "hazard": "pluvial_311", "official_identity_verified": true}, "geometry": {"type": "Point", "coordinates": [-73.951505807383, 40.77689411037145]}}, {"type": "Feature", "properties": {"unique_key": "20619675", "complaint_type": "Sewer", "descriptor": "Street Flooding (SJ)", "created_date": "2011-06-11T10:48:00.000", "agency": "DEP", "incident_address": "317 E HOUSTON ST", "borough": "MANHATTAN", "source": "nyc_311_soda_76ig-c548", "hazard": "pluvial_311", "official_identity_verified": true}, "geometry": {"type": "Point", "coordinates": [-73.98313085248822, 40.72125331438082]}}, {"type": "Feature", "properties": {"unique_key": "20623363", "complaint_type": "Sewer", "descriptor": "Street Flooding (SJ)", "created_date": "2011-06-12T21:48:00.000", "agency": "DEP", "incident_address": "248 LAFAYETTE AVE", "borough": "BROOKLYN", "source": "nyc_311_soda_76ig-c548", "hazard": "pluvial_311", "official_identity_verified": true}, "geometry": {"type": "Point", "coordinates": [-73.96631812307761, 40.688139525314924]}}, {"type": "Feature", "properties": {"unique_key": "20646102", "complaint_type": "Sewer", "descriptor": "Street Flooding (SJ)", "created_date": "2011-06-15T11:53:00.000", "agency": "DEP", "incident_address": null, "borough": "MANHATTAN", "source": "nyc_311_soda_76ig-c548", "hazard": "pluvial_311", "official_identity_verified": true}, "geometry": {"type": "Point", "coordinates": [-73.99786005613711, 40.7410551924439]}}, {"type": "Feature", "properties": {"unique_key": "20660743", "complaint_type": "Sewer", "descriptor": "Street Flooding (SJ)", "created_date": "2011-06-17T15:28:00.000", "agency": "DEP", "incident_address": "1318 5 AVE", "borough": "MANHATTAN", "source": "nyc_311_soda_76ig-c548", "hazard": "pluvial_311", "official_identity_verified": true}, "geometry": {"type": "Point", "coordinates": [-73.94884706752725, 40.797420818329314]}}, {"type": "Feature", "properties": {"unique_key": "20660842", "complaint_type": "Sewer", "descriptor": "Street Flooding (SJ)", "created_date": "2011-06-17T16:22:00.000", "agency": "DEP", "incident_address": null, "borough": "MANHATTAN", "source": "nyc_311_soda_76ig-c548", "hazard": "pluvial_311", "official_identity_verified": true}, "geometry": {"type": "Point", "coordinates": [-73.94161893860604, 40.79862506452945]}}, {"type": "Feature", "properties": {"unique_key": "20660867", "complaint_type": "Sewer", "descriptor": "Street Flooding (SJ)", "created_date": "2011-06-17T16:37:00.000", "agency": "DEP", "incident_address": "1 RUTHERFORD PL", "borough": "MANHATTAN", "source": "nyc_311_soda_76ig-c548", "hazard": "pluvial_311", "official_identity_verified": true}, "geometry": {"type": "Point", "coordinates": [-73.9844192740809, 40.7345134132613]}}, {"type": "Feature", "properties": {"unique_key": "20661137", "complaint_type": "Sewer", "descriptor": "Street Flooding (SJ)", "created_date": "2011-06-17T05:43:00.000", "agency": "DEP", "incident_address": null, "borough": "MANHATTAN", "source": "nyc_311_soda_76ig-c548", "hazard": "pluvial_311", "official_identity_verified": true}, "geometry": {"type": "Point", "coordinates": [-73.94161893860604, 40.79862506452945]}}, {"type": "Feature", "properties": {"unique_key": "20661236", "complaint_type": "Sewer", "descriptor": "Street Flooding (SJ)", "created_date": "2011-06-17T09:00:00.000", "agency": "DEP", "incident_address": null, "borough": "MANHATTAN", "source": "nyc_311_soda_76ig-c548", "hazard": "pluvial_311", "official_identity_verified": true}, "geometry": {"type": "Point", "coordinates": [-73.94285434045742, 40.7858077903581]}}, {"type": "Feature", "properties": {"unique_key": "20669633", "complaint_type": "Sewer", "descriptor": "Street Flooding (SJ)", "created_date": "2011-06-19T15:06:00.000", "agency": "DEP", "incident_address": "223 E 7 ST", "borough": "MANHATTAN", "source": "nyc_311_soda_76ig-c548", "hazard": "pluvial_311", "official_identity_verified": true}, "geometry": {"type": "Point", "coordinates": [-73.97938882189877, 40.72431585541048]}}, {"type": "Feature", "properties": {"unique_key": "20693064", "complaint_type": "Sewer", "descriptor": "Street Flooding (SJ)", "created_date": "2011-06-22T10:40:00.000", "agency": "DEP", "incident_address": null, "borough": "MANHATTAN", "source": "nyc_311_soda_76ig-c548", "hazard": "pluvial_311", "official_identity_verified": true}, "geometry": {"type": "Point", "coordinates": [-73.97313367344907, 40.78517106970749]}}, {"type": "Feature", "properties": {"unique_key": "20693295", "complaint_type": "Sewer", "descriptor": "Street Flooding (SJ)", "created_date": "2011-06-22T17:01:00.000", "agency": "DEP", "incident_address": null, "borough": "MANHATTAN", "source": "nyc_311_soda_76ig-c548", "hazard": "pluvial_311", "official_identity_verified": true}, "geometry": {"type": "Point", "coordinates": [-73.98940146378408, 40.76285899411614]}}, {"type": "Feature", "properties": {"unique_key": "20693327", "complaint_type": "Sewer", "descriptor": "Street Flooding (SJ)", "created_date": "2011-06-22T18:28:00.000", "agency": "DEP", "incident_address": null, "borough": "MANHATTAN", "source": "nyc_311_soda_76ig-c548", "hazard": "pluvial_311", "official_identity_verified": true}, "geometry": {"type": "Point", "coordinates": [-74.00116543947316, 40.731775196703985]}}, {"type": "Feature", "properties": {"unique_key": "20700439", "complaint_type": "Sewer", "descriptor": "Street Flooding (SJ)", "created_date": "2011-06-23T12:19:00.000", "agency": "DEP", "incident_address": null, "borough": "MANHATTAN", "source": "nyc_311_soda_76ig-c548", "hazard": "pluvial_311", "official_identity_verified": true}, "geometry": {"type": "Point", "coordinates": [-73.99335862214882, 40.71906953042286]}}, {"type": "Feature", "properties": {"unique_key": "20700462", "complaint_type": "Sewer", "descriptor": "Street Flooding (SJ)", "created_date": "2011-06-23T13:09:00.000", "agency": "DEP", "incident_address": null, "borough": "MANHATTAN", "source": "nyc_311_soda_76ig-c548", "hazard": "pluvial_311", "official_identity_verified": true}, "geometry": {"type": "Point", "coordinates": [-73.99786005613711, 40.7410551924439]}}, {"type": "Feature", "properties": {"unique_key": "20700569", "complaint_type": "Sewer", "descriptor": "Street Flooding (SJ)", "created_date": "2011-06-23T15:56:00.000", "agency": "DEP", "incident_address": null, "borough": "MANHATTAN", "source": "nyc_311_soda_76ig-c548", "hazard": "pluvial_311", "official_identity_verified": true}, "geometry": {"type": "Point", "coordinates": [-73.94161893860604, 40.79862506452945]}}, {"type": "Feature", "properties": {"unique_key": "20723435", "complaint_type": "Sewer", "descriptor": "Street Flooding (SJ)", "created_date": "2011-06-27T22:14:00.000", "agency": "DEP", "incident_address": null, "borough": "BROOKLYN", "source": "nyc_311_soda_76ig-c548", "hazard": "pluvial_311", "official_identity_verified": true}, "geometry": {"type": "Point", "coordinates": [-73.9633775315541, 40.71121388040269]}}, {"type": "Feature", "properties": {"unique_key": "20731346", "complaint_type": "Sewer", "descriptor": "Street Flooding (SJ)", "created_date": "2011-06-28T11:38:00.000", "agency": "DEP", "incident_address": "137 RIVINGTON ST", "borough": "MANHATTAN", "source": "nyc_311_soda_76ig-c548", "hazard": "pluvial_311", "official_identity_verified": true}, "geometry": {"type": "Point", "coordinates": [-73.98637445148556, 40.719469650571455]}}, {"type": "Feature", "properties": {"unique_key": "20731374", "complaint_type": "Sewer", "descriptor": "Street Flooding (SJ)", "created_date": "2011-06-28T12:45:00.000", "agency": "DEP", "incident_address": "34 W 48 ST", "borough": "MANHATTAN", "source": "nyc_311_soda_76ig-c548", "hazard": "pluvial_311", "official_identity_verified": true}, "geometry": {"type": "Point", "coordinates": [-73.97981877097283, 40.75799402835478]}}, {"type": "Feature", "properties": {"unique_key": "20731401", "complaint_type": "Sewer", "descriptor": "Street Flooding (SJ)", "created_date": "2011-06-28T13:35:00.000", "agency": "DEP", "incident_address": "137 RIVINGTON ST", "borough": "MANHATTAN", "source": "nyc_311_soda_76ig-c548", "hazard": "pluvial_311", "official_identity_verified": true}, "geometry": {"type": "Point", "coordinates": [-73.98637445148556, 40.719469650571455]}}, {"type": "Feature", "properties": {"unique_key": "20739102", "complaint_type": "Sewer", "descriptor": "Street Flooding (SJ)", "created_date": "2011-06-29T23:06:00.000", "agency": "DEP", "incident_address": "45 E 62 ST", "borough": "MANHATTAN", "source": "nyc_311_soda_76ig-c548", "hazard": "pluvial_311", "official_identity_verified": true}, "geometry": {"type": "Point", "coordinates": [-73.96952449944797, 40.765259844999285]}}, {"type": "Feature", "properties": {"unique_key": "20739103", "complaint_type": "Sewer", "descriptor": "Street Flooding (SJ)", "created_date": "2011-06-29T23:20:00.000", "agency": "DEP", "incident_address": null, "borough": "MANHATTAN", "source": "nyc_311_soda_76ig-c548", "hazard": "pluvial_311", "official_identity_verified": true}, "geometry": {"type": "Point", "coordinates": [-73.96843089760029, 40.76478745493303]}}, {"type": "Feature", "properties": {"unique_key": "20758389", "complaint_type": "Sewer", "descriptor": "Street Flooding (SJ)", "created_date": "2011-07-02T13:04:00.000", "agency": "DEP", "incident_address": "345 W 70 ST", "borough": "MANHATTAN", "source": "nyc_311_soda_76ig-c548", "hazard": "pluvial_311", "official_identity_verified": true}, "geometry": {"type": "Point", "coordinates": [-73.98710965623687, 40.77918172473125]}}, {"type": "Feature", "properties": {"unique_key": "20761180", "complaint_type": "Sewer", "descriptor": "Street Flooding (SJ)", "created_date": "2011-07-03T09:21:00.000", "agency": "DEP", "incident_address": null, "borough": "BROOKLYN", "source": "nyc_311_soda_76ig-c548", "hazard": "pluvial_311", "official_identity_verified": true}, "geometry": {"type": "Point", "coordinates": [-73.95701896546004, 40.69897277545741]}}, {"type": "Feature", "properties": {"unique_key": "20761322", "complaint_type": "Sewer", "descriptor": "Street Flooding (SJ)", "created_date": "2011-07-03T23:23:00.000", "agency": "DEP", "incident_address": null, "borough": "BROOKLYN", "source": "nyc_311_soda_76ig-c548", "hazard": "pluvial_311", "official_identity_verified": true}, "geometry": {"type": "Point", "coordinates": [-73.95701896546004, 40.69897277545741]}}, {"type": "Feature", "properties": {"unique_key": "20787168", "complaint_type": "Sewer", "descriptor": "Street Flooding (SJ)", "created_date": "2011-07-07T18:50:00.000", "agency": "DEP", "incident_address": null, "borough": "BROOKLYN", "source": "nyc_311_soda_76ig-c548", "hazard": "pluvial_311", "official_identity_verified": true}, "geometry": {"type": "Point", "coordinates": [-73.98138465865527, 40.6958310473321]}}, {"type": "Feature", "properties": {"unique_key": "20787552", "complaint_type": "Sewer", "descriptor": "Street Flooding (SJ)", "created_date": "2011-07-07T10:05:00.000", "agency": "DEP", "incident_address": null, "borough": "MANHATTAN", "source": "nyc_311_soda_76ig-c548", "hazard": "pluvial_311", "official_identity_verified": true}, "geometry": {"type": "Point", "coordinates": [-73.9874463328081, 40.75537388055335]}}, {"type": "Feature", "properties": {"unique_key": "20787667", "complaint_type": "Sewer", "descriptor": "Street Flooding (SJ)", "created_date": "2011-07-07T13:02:00.000", "agency": "DEP", "incident_address": null, "borough": "MANHATTAN", "source": "nyc_311_soda_76ig-c548", "hazard": "pluvial_311", "official_identity_verified": true}, "geometry": {"type": "Point", "coordinates": [-73.95441832653184, 40.78399318572494]}}, {"type": "Feature", "properties": {"unique_key": "20787716", "complaint_type": "Sewer", "descriptor": "Street Flooding (SJ)", "created_date": "2011-07-07T12:50:00.000", "agency": "DEP", "incident_address": "342 E 8 ST", "borough": "MANHATTAN", "source": "nyc_311_soda_76ig-c548", "hazard": "pluvial_311", "official_identity_verified": true}, "geometry": {"type": "Point", "coordinates": [-73.97891602109551, 40.72489491363425]}}, {"type": "Feature", "properties": {"unique_key": "20794310", "complaint_type": "Sewer", "descriptor": "Street Flooding (SJ)", "created_date": "2011-07-08T13:49:00.000", "agency": "DEP", "incident_address": "231 COURT ST", "borough": "BROOKLYN", "source": "nyc_311_soda_76ig-c548", "hazard": "pluvial_311", "official_identity_verified": true}, "geometry": {"type": "Point", "coordinates": [-73.9940541947274, 40.68616257638759]}}, {"type": "Feature", "properties": {"unique_key": "20826418", "complaint_type": "Sewer", "descriptor": "Street Flooding (SJ)", "created_date": "2011-07-13T10:47:00.000", "agency": "DEP", "incident_address": null, "borough": "BROOKLYN", "source": "nyc_311_soda_76ig-c548", "hazard": "pluvial_311", "official_identity_verified": true}, "geometry": {"type": "Point", "coordinates": [-73.98897634855659, 40.692304997446634]}}, {"type": "Feature", "properties": {"unique_key": "20834451", "complaint_type": "Sewer", "descriptor": "Street Flooding (SJ)", "created_date": "2011-07-14T10:59:00.000", "agency": "DEP", "incident_address": null, "borough": "MANHATTAN", "source": "nyc_311_soda_76ig-c548", "hazard": "pluvial_311", "official_identity_verified": true}, "geometry": {"type": "Point", "coordinates": [-73.98757801932845, 40.76536476144364]}}, {"type": "Feature", "properties": {"unique_key": "20834452", "complaint_type": "Sewer", "descriptor": "Street Flooding (SJ)", "created_date": "2011-07-14T11:02:00.000", "agency": "DEP", "incident_address": null, "borough": "MANHATTAN", "source": "nyc_311_soda_76ig-c548", "hazard": "pluvial_311", "official_identity_verified": true}, "geometry": {"type": "Point", "coordinates": [-73.98705547418629, 40.74214140625986]}}, {"type": "Feature", "properties": {"unique_key": "20834484", "complaint_type": "Sewer", "descriptor": "Street Flooding (SJ)", "created_date": "2011-07-14T12:03:00.000", "agency": "DEP", "incident_address": null, "borough": "MANHATTAN", "source": "nyc_311_soda_76ig-c548", "hazard": "pluvial_311", "official_identity_verified": true}, "geometry": {"type": "Point", "coordinates": [-74.00142497468545, 40.71993705710004]}}, {"type": "Feature", "properties": {"unique_key": "20834493", "complaint_type": "Sewer", "descriptor": "Street Flooding (SJ)", "created_date": "2011-07-14T12:11:00.000", "agency": "DEP", "incident_address": null, "borough": "MANHATTAN", "source": "nyc_311_soda_76ig-c548", "hazard": "pluvial_311", "official_identity_verified": true}, "geometry": {"type": "Point", "coordinates": [-74.01155949752362, 40.70472227018925]}}, {"type": "Feature", "properties": {"unique_key": "20846701", "complaint_type": "Sewer", "descriptor": "Street Flooding (SJ)", "created_date": "2011-07-16T10:11:00.000", "agency": "DEP", "incident_address": "38 W 48 ST", "borough": "MANHATTAN", "source": "nyc_311_soda_76ig-c548", "hazard": "pluvial_311", "official_identity_verified": true}, "geometry": {"type": "Point", "coordinates": [-73.97989817205469, 40.75802697917228]}}, {"type": "Feature", "properties": {"unique_key": "20864402", "complaint_type": "Sewer", "descriptor": "Street Flooding (SJ)", "created_date": "2011-07-19T10:59:00.000", "agency": "DEP", "incident_address": null, "borough": "MANHATTAN", "source": "nyc_311_soda_76ig-c548", "hazard": "pluvial_311", "official_identity_verified": true}, "geometry": {"type": "Point", "coordinates": [-73.9537477543563, 40.766852031168725]}}, {"type": "Feature", "properties": {"unique_key": "20872817", "complaint_type": "Sewer", "descriptor": "Street Flooding (SJ)", "created_date": "2011-07-20T15:47:00.000", "agency": "DEP", "incident_address": "43-77 9 ST", "borough": "QUEENS", "source": "nyc_311_soda_76ig-c548", "hazard": "pluvial_311", "official_identity_verified": true}, "geometry": {"type": "Point", "coordinates": [-73.95097244973739, 40.750997239065775]}}, {"type": "Feature", "properties": {"unique_key": "20907580", "complaint_type": "Sewer", "descriptor": "Street Flooding (SJ)", "created_date": "2011-07-25T11:51:00.000", "agency": "DEP", "incident_address": "955 LORIMER ST", "borough": "BROOKLYN", "source": "nyc_311_soda_76ig-c548", "hazard": "pluvial_311", "official_identity_verified": true}, "geometry": {"type": "Point", "coordinates": [-73.95227265731283, 40.72456581556039]}}, {"type": "Feature", "properties": {"unique_key": "20907874", "complaint_type": "Sewer", "descriptor": "Street Flooding (SJ)", "created_date": "2011-07-25T15:03:00.000", "agency": "DEP", "incident_address": null, "borough": "MANHATTAN", "source": "nyc_311_soda_76ig-c548", "hazard": "pluvial_311", "official_identity_verified": true}, "geometry": {"type": "Point", "coordinates": [-73.95654538914386, 40.778180657884434]}}, {"type": "Feature", "properties": {"unique_key": "20914674", "complaint_type": "Sewer", "descriptor": "Street Flooding (SJ)", "created_date": "2011-07-26T08:56:00.000", "agency": "DEP", "incident_address": "529 W 20 ST", "borough": "MANHATTAN", "source": "nyc_311_soda_76ig-c548", "hazard": "pluvial_311", "official_identity_verified": true}, "geometry": {"type": "Point", "coordinates": [-74.00661882810181, 40.74628377119153]}}, {"type": "Feature", "properties": {"unique_key": "20914788", "complaint_type": "Sewer", "descriptor": "Street Flooding (SJ)", "created_date": "2011-07-26T11:21:00.000", "agency": "DEP", "incident_address": "302 W 38 ST", "borough": "MANHATTAN", "source": "nyc_311_soda_76ig-c548", "hazard": "pluvial_311", "official_identity_verified": true}, "geometry": {"type": "Point", "coordinates": [-73.99210257993153, 40.75489670813532]}}, {"type": "Feature", "properties": {"unique_key": "20914806", "complaint_type": "Sewer", "descriptor": "Street Flooding (SJ)", "created_date": "2011-07-26T11:51:00.000", "agency": "DEP", "incident_address": "1149 1 AVE", "borough": "MANHATTAN", "source": "nyc_311_soda_76ig-c548", "hazard": "pluvial_311", "official_identity_verified": true}, "geometry": {"type": "Point", "coordinates": [-73.96026323380872, 40.761977055672986]}}, {"type": "Feature", "properties": {"unique_key": "20915493", "complaint_type": "Sewer", "descriptor": "Street Flooding (SJ)", "created_date": "2011-07-26T18:48:00.000", "agency": "DEP", "incident_address": null, "borough": "MANHATTAN", "source": "nyc_311_soda_76ig-c548", "hazard": "pluvial_311", "official_identity_verified": true}, "geometry": {"type": "Point", "coordinates": [-73.95417815370344, 40.7814295082462]}}, {"type": "Feature", "properties": {"unique_key": "20922742", "complaint_type": "Sewer", "descriptor": "Street Flooding (SJ)", "created_date": "2011-07-27T09:03:00.000", "agency": "DEP", "incident_address": "529 W 20 ST", "borough": "MANHATTAN", "source": "nyc_311_soda_76ig-c548", "hazard": "pluvial_311", "official_identity_verified": true}, "geometry": {"type": "Point", "coordinates": [-74.00661882810181, 40.74628377119153]}}, {"type": "Feature", "properties": {"unique_key": "20922832", "complaint_type": "Sewer", "descriptor": "Street Flooding (SJ)", "created_date": "2011-07-27T11:40:00.000", "agency": "DEP", "incident_address": "175 E 74 ST", "borough": "MANHATTAN", "source": "nyc_311_soda_76ig-c548", "hazard": "pluvial_311", "official_identity_verified": true}, "geometry": {"type": "Point", "coordinates": [-73.96037315302843, 40.77138057713555]}}, {"type": "Feature", "properties": {"unique_key": "20922981", "complaint_type": "Sewer", "descriptor": "Street Flooding (SJ)", "created_date": "2011-07-27T15:04:00.000", "agency": "DEP", "incident_address": "535 W 20 ST", "borough": "MANHATTAN", "source": "nyc_311_soda_76ig-c548", "hazard": "pluvial_311", "official_identity_verified": true}, "geometry": {"type": "Point", "coordinates": [-74.00670183771403, 40.7463194481302]}}, {"type": "Feature", "properties": {"unique_key": "20930222", "complaint_type": "Sewer", "descriptor": "Street Flooding (SJ)", "created_date": "2011-07-28T09:48:00.000", "agency": "DEP", "incident_address": "319 E 90 ST", "borough": "MANHATTAN", "source": "nyc_311_soda_76ig-c548", "hazard": "pluvial_311", "official_identity_verified": true}, "geometry": {"type": "Point", "coordinates": [-73.94921418168508, 40.78016484915945]}}, {"type": "Feature", "properties": {"unique_key": "20930338", "complaint_type": "Sewer", "descriptor": "Street Flooding (SJ)", "created_date": "2011-07-28T12:22:00.000", "agency": "DEP", "incident_address": "300 W 38 ST", "borough": "MANHATTAN", "source": "nyc_311_soda_76ig-c548", "hazard": "pluvial_311", "official_identity_verified": true}, "geometry": {"type": "Point", "coordinates": [-73.99206287822823, 40.754880236932095]}}, {"type": "Feature", "properties": {"unique_key": "20937019", "complaint_type": "Sewer", "descriptor": "Street Flooding (SJ)", "created_date": "2011-07-29T13:48:00.000", "agency": "DEP", "incident_address": null, "borough": "MANHATTAN", "source": "nyc_311_soda_76ig-c548", "hazard": "pluvial_311", "official_identity_verified": true}, "geometry": {"type": "Point", "coordinates": [-74.00116543947316, 40.731775196703985]}}, {"type": "Feature", "properties": {"unique_key": "20937337", "complaint_type": "Sewer", "descriptor": "Street Flooding (SJ)", "created_date": "2011-07-29T19:46:00.000", "agency": "DEP", "incident_address": "483 HUMBOLDT ST", "borough": "BROOKLYN", "source": "nyc_311_soda_76ig-c548", "hazard": "pluvial_311", "official_identity_verified": true}, "geometry": {"type": "Point", "coordinates": [-73.94360772421393, 40.71916844633948]}}, {"type": "Feature", "properties": {"unique_key": "20937338", "complaint_type": "Sewer", "descriptor": "Street Flooding (SJ)", "created_date": "2011-07-29T19:50:00.000", "agency": "DEP", "incident_address": null, "borough": "BROOKLYN", "source": "nyc_311_soda_76ig-c548", "hazard": "pluvial_311", "official_identity_verified": true}, "geometry": {"type": "Point", "coordinates": [-73.95240305025504, 40.718796386324456]}}, {"type": "Feature", "properties": {"unique_key": "20937375", "complaint_type": "Sewer", "descriptor": "Street Flooding (SJ)", "created_date": "2011-07-29T20:23:00.000", "agency": "DEP", "incident_address": null, "borough": "QUEENS", "source": "nyc_311_soda_76ig-c548", "hazard": "pluvial_311", "official_identity_verified": true}, "geometry": {"type": "Point", "coordinates": [-73.95271140737704, 40.746875353861476]}}, {"type": "Feature", "properties": {"unique_key": "20937420", "complaint_type": "Sewer", "descriptor": "Street Flooding (SJ)", "created_date": "2011-07-29T21:45:00.000", "agency": "DEP", "incident_address": null, "borough": "MANHATTAN", "source": "nyc_311_soda_76ig-c548", "hazard": "pluvial_311", "official_identity_verified": true}, "geometry": {"type": "Point", "coordinates": [-73.98208023159556, 40.77792945269607]}}, {"type": "Feature", "properties": {"unique_key": "20937422", "complaint_type": "Sewer", "descriptor": "Street Flooding (SJ)", "created_date": "2011-07-29T21:49:00.000", "agency": "DEP", "incident_address": null, "borough": "MANHATTAN", "source": "nyc_311_soda_76ig-c548", "hazard": "pluvial_311", "official_identity_verified": true}, "geometry": {"type": "Point", "coordinates": [-74.00879090477447, 40.742375102013824]}}, {"type": "Feature", "properties": {"unique_key": "20937685", "complaint_type": "Sewer", "descriptor": "Street Flooding (SJ)", "created_date": "2011-07-29T09:57:00.000", "agency": "DEP", "incident_address": "529 W 20 ST", "borough": "MANHATTAN", "source": "nyc_311_soda_76ig-c548", "hazard": "pluvial_311", "official_identity_verified": true}, "geometry": {"type": "Point", "coordinates": [-74.00661882810181, 40.74628377119153]}}, {"type": "Feature", "properties": {"unique_key": "20937805", "complaint_type": "Sewer", "descriptor": "Street Flooding (SJ)", "created_date": "2011-07-29T12:23:00.000", "agency": "DEP", "incident_address": null, "borough": "MANHATTAN", "source": "nyc_311_soda_76ig-c548", "hazard": "pluvial_311", "official_identity_verified": true}, "geometry": {"type": "Point", "coordinates": [-73.98994986610529, 40.71697228678662]}}, {"type": "Feature", "properties": {"unique_key": "20937819", "complaint_type": "Sewer", "descriptor": "Street Flooding (SJ)", "created_date": "2011-07-29T12:44:00.000", "agency": "DEP", "incident_address": null, "borough": "MANHATTAN", "source": "nyc_311_soda_76ig-c548", "hazard": "pluvial_311", "official_identity_verified": true}, "geometry": {"type": "Point", "coordinates": [-73.95533636403404, 40.78273645680392]}}, {"type": "Feature", "properties": {"unique_key": "20941890", "complaint_type": "Sewer", "descriptor": "Street Flooding (SJ)", "created_date": "2011-07-30T21:39:00.000", "agency": "DEP", "incident_address": "75 FROST ST", "borough": "BROOKLYN", "source": "nyc_311_soda_76ig-c548", "hazard": "pluvial_311", "official_identity_verified": true}, "geometry": {"type": "Point", "coordinates": [-73.94898763051948, 40.71768055100971]}}, {"type": "Feature", "properties": {"unique_key": "20945876", "complaint_type": "Sewer", "descriptor": "Street Flooding (SJ)", "created_date": "2011-07-31T12:37:00.000", "agency": "DEP", "incident_address": null, "borough": "MANHATTAN", "source": "nyc_311_soda_76ig-c548", "hazard": "pluvial_311", "official_identity_verified": true}, "geometry": {"type": "Point", "coordinates": [-73.99480887834468, 40.71845752356146]}}, {"type": "Feature", "properties": {"unique_key": "20945888", "complaint_type": "Sewer", "descriptor": "Street Flooding (SJ)", "created_date": "2011-07-31T13:24:00.000", "agency": "DEP", "incident_address": null, "borough": "MANHATTAN", "source": "nyc_311_soda_76ig-c548", "hazard": "pluvial_311", "official_identity_verified": true}, "geometry": {"type": "Point", "coordinates": [-73.96478600260775, 40.75575619139446]}}, {"type": "Feature", "properties": {"unique_key": "20952536", "complaint_type": "Sewer", "descriptor": "Street Flooding (SJ)", "created_date": "2011-08-01T13:54:00.000", "agency": "DEP", "incident_address": "180 7 AVE", "borough": "MANHATTAN", "source": "nyc_311_soda_76ig-c548", "hazard": "pluvial_311", "official_identity_verified": true}, "geometry": {"type": "Point", "coordinates": [-73.99674129111989, 40.74260869521503]}}, {"type": "Feature", "properties": {"unique_key": "20952732", "complaint_type": "Sewer", "descriptor": "Street Flooding (SJ)", "created_date": "2011-08-01T17:43:00.000", "agency": "DEP", "incident_address": null, "borough": "MANHATTAN", "source": "nyc_311_soda_76ig-c548", "hazard": "pluvial_311", "official_identity_verified": true}, "geometry": {"type": "Point", "coordinates": [-73.97313367344907, 40.78517106970749]}}, {"type": "Feature", "properties": {"unique_key": "20967576", "complaint_type": "Sewer", "descriptor": "Street Flooding (SJ)", "created_date": "2011-08-03T09:47:00.000", "agency": "DEP", "incident_address": null, "borough": "MANHATTAN", "source": "nyc_311_soda_76ig-c548", "hazard": "pluvial_311", "official_identity_verified": true}, "geometry": {"type": "Point", "coordinates": [-73.95174339794139, 40.777874081223175]}}, {"type": "Feature", "properties": {"unique_key": "20968171", "complaint_type": "Sewer", "descriptor": "Street Flooding (SJ)", "created_date": "2011-08-03T13:59:00.000", "agency": "DEP", "incident_address": "428 W 16 ST", "borough": "MANHATTAN", "source": "nyc_311_soda_76ig-c548", "hazard": "pluvial_311", "official_identity_verified": true}, "geometry": {"type": "Point", "coordinates": [-74.00564772255753, 40.74279250112766]}}, {"type": "Feature", "properties": {"unique_key": "20974991", "complaint_type": "Sewer", "descriptor": "Street Flooding (SJ)", "created_date": "2011-08-04T09:19:00.000", "agency": "DEP", "incident_address": "529 W 20 ST", "borough": "MANHATTAN", "source": "nyc_311_soda_76ig-c548", "hazard": "pluvial_311", "official_identity_verified": true}, "geometry": {"type": "Point", "coordinates": [-74.00661882810181, 40.74628377119153]}}, {"type": "Feature", "properties": {"unique_key": "20974994", "complaint_type": "Sewer", "descriptor": "Street Flooding (SJ)", "created_date": "2011-08-04T09:30:00.000", "agency": "DEP", "incident_address": null, "borough": "MANHATTAN", "source": "nyc_311_soda_76ig-c548", "hazard": "pluvial_311", "official_identity_verified": true}, "geometry": {"type": "Point", "coordinates": [-73.96706540302519, 40.766667220658015]}}, {"type": "Feature", "properties": {"unique_key": "20975039", "complaint_type": "Sewer", "descriptor": "Street Flooding (SJ)", "created_date": "2011-08-04T15:48:00.000", "agency": "DEP", "incident_address": "223 W 15 ST", "borough": "MANHATTAN", "source": "nyc_311_soda_76ig-c548", "hazard": "pluvial_311", "official_identity_verified": true}, "geometry": {"type": "Point", "coordinates": [-74.00005052035179, 40.73961970730757]}}, {"type": "Feature", "properties": {"unique_key": "20975184", "complaint_type": "Sewer", "descriptor": "Street Flooding (SJ)", "created_date": "2011-08-04T11:13:00.000", "agency": "DEP", "incident_address": null, "borough": "MANHATTAN", "source": "nyc_311_soda_76ig-c548", "hazard": "pluvial_311", "official_identity_verified": true}, "geometry": {"type": "Point", "coordinates": [-73.96060645448063, 40.76148860924205]}}, {"type": "Feature", "properties": {"unique_key": "20975310", "complaint_type": "Sewer", "descriptor": "Street Flooding (SJ)", "created_date": "2011-08-04T14:35:00.000", "agency": "DEP", "incident_address": "18 W 24 ST", "borough": "MANHATTAN", "source": "nyc_311_soda_76ig-c548", "hazard": "pluvial_311", "official_identity_verified": true}, "geometry": {"type": "Point", "coordinates": [-73.99005786968992, 40.74261380169299]}}, {"type": "Feature", "properties": {"unique_key": "20982314", "complaint_type": "Sewer", "descriptor": "Street Flooding (SJ)", "created_date": "2011-08-05T10:59:00.000", "agency": "DEP", "incident_address": null, "borough": "MANHATTAN", "source": "nyc_311_soda_76ig-c548", "hazard": "pluvial_311", "official_identity_verified": true}, "geometry": {"type": "Point", "coordinates": [-73.99190515418172, 40.71620390796411]}}, {"type": "Feature", "properties": {"unique_key": "20982535", "complaint_type": "Sewer", "descriptor": "Street Flooding (SJ)", "created_date": "2011-08-05T14:56:00.000", "agency": "DEP", "incident_address": "77 BAXTER ST", "borough": "MANHATTAN", "source": "nyc_311_soda_76ig-c548", "hazard": "pluvial_311", "official_identity_verified": true}, "geometry": {"type": "Point", "coordinates": [-73.99980159533058, 40.71673667590109]}}, {"type": "Feature", "properties": {"unique_key": "20987048", "complaint_type": "Sewer", "descriptor": "Street Flooding (SJ)", "created_date": "2011-08-06T21:00:00.000", "agency": "DEP", "incident_address": "10 E 15 ST", "borough": "MANHATTAN", "source": "nyc_311_soda_76ig-c548", "hazard": "pluvial_311", "official_identity_verified": true}, "geometry": {"type": "Point", "coordinates": [-73.99272540799669, 40.73651790743434]}}, {"type": "Feature", "properties": {"unique_key": "21003619", "complaint_type": "Sewer", "descriptor": "Street Flooding (SJ)", "created_date": "2011-08-09T18:31:00.000", "agency": "DEP", "incident_address": null, "borough": "MANHATTAN", "source": "nyc_311_soda_76ig-c548", "hazard": "pluvial_311", "official_identity_verified": true}, "geometry": {"type": "Point", "coordinates": [-73.94285434045742, 40.7858077903581]}}, {"type": "Feature", "properties": {"unique_key": "21004512", "complaint_type": "Sewer", "descriptor": "Street Flooding (SJ)", "created_date": "2011-08-09T17:12:00.000", "agency": "DEP", "incident_address": "531 W 24 ST", "borough": "MANHATTAN", "source": "nyc_311_soda_76ig-c548", "hazard": "pluvial_311", "official_identity_verified": true}, "geometry": {"type": "Point", "coordinates": [-74.0049625118541, 40.748905089404836]}}, {"type": "Feature", "properties": {"unique_key": "21011386", "complaint_type": "Sewer", "descriptor": "Street Flooding (SJ)", "created_date": "2011-08-10T08:32:00.000", "agency": "DEP", "incident_address": "1125 1 AVE", "borough": "MANHATTAN", "source": "nyc_311_soda_76ig-c548", "hazard": "pluvial_311", "official_identity_verified": true}, "geometry": {"type": "Point", "coordinates": [-73.96079430365263, 40.76124988064507]}}, {"type": "Feature", "properties": {"unique_key": "21011841", "complaint_type": "Sewer", "descriptor": "Street Flooding (SJ)", "created_date": "2011-08-10T19:28:00.000", "agency": "DEP", "incident_address": "240 E 35 ST", "borough": "MANHATTAN", "source": "nyc_311_soda_76ig-c548", "hazard": "pluvial_311", "official_identity_verified": true}, "geometry": {"type": "Point", "coordinates": [-73.97630014147826, 40.745817660406416]}}, {"type": "Feature", "properties": {"unique_key": "21018607", "complaint_type": "Sewer", "descriptor": "Street Flooding (SJ)", "created_date": "2011-08-11T08:12:00.000", "agency": "DEP", "incident_address": "100 W 23 ST", "borough": "MANHATTAN", "source": "nyc_311_soda_76ig-c548", "hazard": "pluvial_311", "official_identity_verified": true}, "geometry": {"type": "Point", "coordinates": [-73.99323713875447, 40.74308063984275]}}, {"type": "Feature", "properties": {"unique_key": "21018885", "complaint_type": "Sewer", "descriptor": "Street Flooding (SJ)", "created_date": "2011-08-11T15:08:00.000", "agency": "DEP", "incident_address": "180 7 AVE", "borough": "MANHATTAN", "source": "nyc_311_soda_76ig-c548", "hazard": "pluvial_311", "official_identity_verified": true}, "geometry": {"type": "Point", "coordinates": [-73.99674129111989, 40.74260869521503]}}, {"type": "Feature", "properties": {"unique_key": "21034159", "complaint_type": "Sewer", "descriptor": "Street Flooding (SJ)", "created_date": "2011-08-14T03:04:00.000", "agency": "DEP", "incident_address": null, "borough": "BROOKLYN", "source": "nyc_311_soda_76ig-c548", "hazard": "pluvial_311", "official_identity_verified": true}, "geometry": {"type": "Point", "coordinates": [-73.94874748258447, 40.701593386315295]}}, {"type": "Feature", "properties": {"unique_key": "21034160", "complaint_type": "Sewer", "descriptor": "Street Flooding (SJ)", "created_date": "2011-08-14T03:29:00.000", "agency": "DEP", "incident_address": null, "borough": "MANHATTAN", "source": "nyc_311_soda_76ig-c548", "hazard": "pluvial_311", "official_identity_verified": true}, "geometry": {"type": "Point", "coordinates": [-73.95788848724757, 40.76117474702963]}}, {"type": "Feature", "properties": {"unique_key": "21034193", "complaint_type": "Sewer", "descriptor": "Street Flooding (SJ)", "created_date": "2011-08-14T04:55:00.000", "agency": "DEP", "incident_address": null, "borough": "BROOKLYN", "source": "nyc_311_soda_76ig-c548", "hazard": "pluvial_311", "official_identity_verified": true}, "geometry": {"type": "Point", "coordinates": [-73.954460770821, 40.70081627494719]}}, {"type": "Feature", "properties": {"unique_key": "21034458", "complaint_type": "Sewer", "descriptor": "Street Flooding (SJ)", "created_date": "2011-08-14T11:44:00.000", "agency": "DEP", "incident_address": "19 PITT ST", "borough": "MANHATTAN", "source": "nyc_311_soda_76ig-c548", "hazard": "pluvial_311", "official_identity_verified": true}, "geometry": {"type": "Point", "coordinates": [-73.98372378623479, 40.71598346115429]}}, {"type": "Feature", "properties": {"unique_key": "21034865", "complaint_type": "Sewer", "descriptor": "Street Flooding (SJ)", "created_date": "2011-08-14T18:40:00.000", "agency": "DEP", "incident_address": "708 3 AVE", "borough": "MANHATTAN", "source": "nyc_311_soda_76ig-c548", "hazard": "pluvial_311", "official_identity_verified": true}, "geometry": {"type": "Point", "coordinates": [-73.97332377450489, 40.75232755216677]}}, {"type": "Feature", "properties": {"unique_key": "21034978", "complaint_type": "Sewer", "descriptor": "Street Flooding (SJ)", "created_date": "2011-08-14T23:07:00.000", "agency": "DEP", "incident_address": "42 W 90 ST", "borough": "MANHATTAN", "source": "nyc_311_soda_76ig-c548", "hazard": "pluvial_311", "official_identity_verified": true}, "geometry": {"type": "Point", "coordinates": [-73.96871222198608, 40.7883785468083]}}, {"type": "Feature", "properties": {"unique_key": "21042014", "complaint_type": "Sewer", "descriptor": "Street Flooding (SJ)", "created_date": "2011-08-15T11:43:00.000", "agency": "DEP", "incident_address": null, "borough": "MANHATTAN", "source": "nyc_311_soda_76ig-c548", "hazard": "pluvial_311", "official_identity_verified": true}, "geometry": {"type": "Point", "coordinates": [-73.99427521917184, 40.71562216096239]}}, {"type": "Feature", "properties": {"unique_key": "21042448", "complaint_type": "Sewer", "descriptor": "Street Flooding (SJ)", "created_date": "2011-08-15T17:17:00.000", "agency": "DEP", "incident_address": null, "borough": "MANHATTAN", "source": "nyc_311_soda_76ig-c548", "hazard": "pluvial_311", "official_identity_verified": true}, "geometry": {"type": "Point", "coordinates": [-73.98217925056508, 40.77220943489252]}}, {"type": "Feature", "properties": {"unique_key": "21042473", "complaint_type": "Sewer", "descriptor": "Street Flooding (SJ)", "created_date": "2011-08-15T17:42:00.000", "agency": "DEP", "incident_address": null, "borough": "MANHATTAN", "source": "nyc_311_soda_76ig-c548", "hazard": "pluvial_311", "official_identity_verified": true}, "geometry": {"type": "Point", "coordinates": [-73.95930995686227, 40.78017434567043]}}, {"type": "Feature", "properties": {"unique_key": "21050933", "complaint_type": "Sewer", "descriptor": "Street Flooding (SJ)", "created_date": "2011-08-16T15:14:00.000", "agency": "DEP", "incident_address": "315 E 83 ST", "borough": "MANHATTAN", "source": "nyc_311_soda_76ig-c548", "hazard": "pluvial_311", "official_identity_verified": true}, "geometry": {"type": "Point", "coordinates": [-73.95257180316467, 40.77568138010725]}}, {"type": "Feature", "properties": {"unique_key": "21050994", "complaint_type": "Sewer", "descriptor": "Street Flooding (SJ)", "created_date": "2011-08-16T16:17:00.000", "agency": "DEP", "incident_address": null, "borough": "BROOKLYN", "source": "nyc_311_soda_76ig-c548", "hazard": "pluvial_311", "official_identity_verified": true}, "geometry": {"type": "Point", "coordinates": [-73.94449844865954, 40.71522740281586]}}, {"type": "Feature", "properties": {"unique_key": "21050996", "complaint_type": "Sewer", "descriptor": "Street Flooding (SJ)", "created_date": "2011-08-16T16:19:00.000", "agency": "DEP", "incident_address": "994 MANHATTAN AVE", "borough": "BROOKLYN", "source": "nyc_311_soda_76ig-c548", "hazard": "pluvial_311", "official_identity_verified": true}, "geometry": {"type": "Point", "coordinates": [-73.95469861848419, 40.732927323065724]}}, {"type": "Feature", "properties": {"unique_key": "21066508", "complaint_type": "Sewer", "descriptor": "Street Flooding (SJ)", "created_date": "2011-08-18T15:12:00.000", "agency": "DEP", "incident_address": "10 E 15 ST", "borough": "MANHATTAN", "source": "nyc_311_soda_76ig-c548", "hazard": "pluvial_311", "official_identity_verified": true}, "geometry": {"type": "Point", "coordinates": [-73.99272540799669, 40.73651790743434]}}, {"type": "Feature", "properties": {"unique_key": "21073836", "complaint_type": "Sewer", "descriptor": "Street Flooding (SJ)", "created_date": "2011-08-19T13:41:00.000", "agency": "DEP", "incident_address": "623 UNION AVE", "borough": "BROOKLYN", "source": "nyc_311_soda_76ig-c548", "hazard": "pluvial_311", "official_identity_verified": true}, "geometry": {"type": "Point", "coordinates": [-73.95246417558371, 40.71907912184981]}}, {"type": "Feature", "properties": {"unique_key": "21074176", "complaint_type": "Sewer", "descriptor": "Street Flooding (SJ)", "created_date": "2011-08-19T20:34:00.000", "agency": "DEP", "incident_address": "1870 LEXINGTON AVE", "borough": "MANHATTAN", "source": "nyc_311_soda_76ig-c548", "hazard": "pluvial_311", "official_identity_verified": true}, "geometry": {"type": "Point", "coordinates": [-73.94170570819976, 40.798526298229156]}}, {"type": "Feature", "properties": {"unique_key": "21079000", "complaint_type": "Sewer", "descriptor": "Street Flooding (SJ)", "created_date": "2011-08-20T17:43:00.000", "agency": "DEP", "incident_address": "337 E 10 ST", "borough": "MANHATTAN", "source": "nyc_311_soda_76ig-c548", "hazard": "pluvial_311", "official_identity_verified": true}, "geometry": {"type": "Point", "coordinates": [-73.98049919274871, 40.727123935300355]}}, {"type": "Feature", "properties": {"unique_key": "21082235", "complaint_type": "Sewer", "descriptor": "Street Flooding (SJ)", "created_date": "2011-08-21T21:29:00.000", "agency": "DEP", "incident_address": null, "borough": "BROOKLYN", "source": "nyc_311_soda_76ig-c548", "hazard": "pluvial_311", "official_identity_verified": true}, "geometry": {"type": "Point", "coordinates": [-73.95312612536931, 40.71141876460024]}}, {"type": "Feature", "properties": {"unique_key": "21095540", "complaint_type": "Sewer", "descriptor": "Street Flooding (SJ)", "created_date": "2011-08-23T12:34:00.000", "agency": "DEP", "incident_address": "302 W 38 ST", "borough": "MANHATTAN", "source": "nyc_311_soda_76ig-c548", "hazard": "pluvial_311", "official_identity_verified": true}, "geometry": {"type": "Point", "coordinates": [-73.99210257993153, 40.75489670813532]}}, {"type": "Feature", "properties": {"unique_key": "21112097", "complaint_type": "Sewer", "descriptor": "Street Flooding (SJ)", "created_date": "2011-08-25T14:02:00.000", "agency": "DEP", "incident_address": null, "borough": "MANHATTAN", "source": "nyc_311_soda_76ig-c548", "hazard": "pluvial_311", "official_identity_verified": true}, "geometry": {"type": "Point", "coordinates": [-73.9675888307687, 40.75189515597686]}}, {"type": "Feature", "properties": {"unique_key": "21112408", "complaint_type": "Sewer", "descriptor": "Street Flooding (SJ)", "created_date": "2011-08-25T17:34:00.000", "agency": "DEP", "incident_address": null, "borough": "MANHATTAN", "source": "nyc_311_soda_76ig-c548", "hazard": "pluvial_311", "official_identity_verified": true}, "geometry": {"type": "Point", "coordinates": [-74.00510668394942, 40.74640187237436]}}, {"type": "Feature", "properties": {"unique_key": "21116114", "complaint_type": "Sewer", "descriptor": "Street Flooding (SJ)", "created_date": "2011-08-26T11:28:00.000", "agency": "DEP", "incident_address": "84 HESTER STREET", "borough": "MANHATTAN", "source": "nyc_311_soda_76ig-c548", "hazard": "pluvial_311", "official_identity_verified": true}, "geometry": {"type": "Point", "coordinates": [-73.99230194766669, 40.71631372560027]}}, {"type": "Feature", "properties": {"unique_key": "21118751", "complaint_type": "Sewer", "descriptor": "Street Flooding (SJ)", "created_date": "2011-08-27T14:35:00.000", "agency": "DEP", "incident_address": "94 AVENUE B", "borough": "MANHATTAN", "source": "nyc_311_soda_76ig-c548", "hazard": "pluvial_311", "official_identity_verified": true}, "geometry": {"type": "Point", "coordinates": [-73.98158227038498, 40.724585213405184]}}, {"type": "Feature", "properties": {"unique_key": "21118776", "complaint_type": "Sewer", "descriptor": "Street Flooding (SJ)", "created_date": "2011-08-27T15:30:00.000", "agency": "DEP", "incident_address": "160 ORCHARD STREET", "borough": "MANHATTAN", "source": "nyc_311_soda_76ig-c548", "hazard": "pluvial_311", "official_identity_verified": true}, "geometry": {"type": "Point", "coordinates": [-73.98876236652647, 40.720974036377505]}}, {"type": "Feature", "properties": {"unique_key": "21118779", "complaint_type": "Sewer", "descriptor": "Street Flooding (SJ)", "created_date": "2011-08-27T15:34:00.000", "agency": "DEP", "incident_address": "160 ORCHARD ST", "borough": "MANHATTAN", "source": "nyc_311_soda_76ig-c548", "hazard": "pluvial_311", "official_identity_verified": true}, "geometry": {"type": "Point", "coordinates": [-73.98876236652647, 40.720974036377505]}}, {"type": "Feature", "properties": {"unique_key": "21118932", "complaint_type": "Sewer", "descriptor": "Street Flooding (SJ)", "created_date": "2011-08-27T21:48:00.000", "agency": "DEP", "incident_address": null, "borough": "MANHATTAN", "source": "nyc_311_soda_76ig-c548", "hazard": "pluvial_311", "official_identity_verified": true}, "geometry": {"type": "Point", "coordinates": [-73.96984602055146, 40.74879969357072]}}, {"type": "Feature", "properties": {"unique_key": "21125601", "complaint_type": "Sewer", "descriptor": "Street Flooding (SJ)", "created_date": "2011-08-28T01:03:00.000", "agency": "DEP", "incident_address": "208 THIRD AVE", "borough": "MANHATTAN", "source": "nyc_311_soda_76ig-c548", "hazard": "pluvial_311", "official_identity_verified": true}, "geometry": {"type": "Point", "coordinates": [-73.985270523909, 40.73593256282068]}}, {"type": "Feature", "properties": {"unique_key": "21135907", "complaint_type": "Sewer", "descriptor": "Street Flooding (SJ)", "created_date": "2011-08-29T14:17:00.000", "agency": "DEP", "incident_address": "57 GRAND ST", "borough": "MANHATTAN", "source": "nyc_311_soda_76ig-c548", "hazard": "pluvial_311", "official_identity_verified": true}, "geometry": {"type": "Point", "coordinates": [-74.00351385703756, 40.72225084389515]}}, {"type": "Feature", "properties": {"unique_key": "21136166", "complaint_type": "Sewer", "descriptor": "Street Flooding (SJ)", "created_date": "2011-08-29T20:40:00.000", "agency": "DEP", "incident_address": "224 EAST 52 STREET", "borough": "MANHATTAN", "source": "nyc_311_soda_76ig-c548", "hazard": "pluvial_311", "official_identity_verified": true}, "geometry": {"type": "Point", "coordinates": [-73.9691349478174, 40.75676476028758]}}, {"type": "Feature", "properties": {"unique_key": "21177917", "complaint_type": "Sewer", "descriptor": "Street Flooding (SJ)", "created_date": "2011-08-30T11:27:00.000", "agency": "DEP", "incident_address": "2-03 BORDEN AVENUE", "borough": "QUEENS", "source": "nyc_311_soda_76ig-c548", "hazard": "pluvial_311", "official_identity_verified": true}, "geometry": {"type": "Point", "coordinates": [-73.95875216243766, 40.74216768436224]}}, {"type": "Feature", "properties": {"unique_key": "21377430", "complaint_type": "Sewer", "descriptor": "Street Flooding (SJ)", "created_date": "2011-09-06T08:19:00.000", "agency": "DEP", "incident_address": null, "borough": "MANHATTAN", "source": "nyc_311_soda_76ig-c548", "hazard": "pluvial_311", "official_identity_verified": true}, "geometry": {"type": "Point", "coordinates": [-73.9675888307687, 40.75189515597686]}}, {"type": "Feature", "properties": {"unique_key": "21377703", "complaint_type": "Sewer", "descriptor": "Street Flooding (SJ)", "created_date": "2011-09-06T14:48:00.000", "agency": "DEP", "incident_address": "53 WOOSTER STREET", "borough": "MANHATTAN", "source": "nyc_311_soda_76ig-c548", "hazard": "pluvial_311", "official_identity_verified": true}, "geometry": {"type": "Point", "coordinates": [-74.00234499375053, 40.722742185351954]}}, {"type": "Feature", "properties": {"unique_key": "21377719", "complaint_type": "Sewer", "descriptor": "Street Flooding (SJ)", "created_date": "2011-09-06T15:18:00.000", "agency": "DEP", "incident_address": "77 4 AVENUE", "borough": "BROOKLYN", "source": "nyc_311_soda_76ig-c548", "hazard": "pluvial_311", "official_identity_verified": true}, "geometry": {"type": "Point", "coordinates": [-73.97996437204992, 40.6819450161227]}}, {"type": "Feature", "properties": {"unique_key": "21377854", "complaint_type": "Sewer", "descriptor": "Street Flooding (SJ)", "created_date": "2011-09-06T18:08:00.000", "agency": "DEP", "incident_address": null, "borough": "BROOKLYN", "source": "nyc_311_soda_76ig-c548", "hazard": "pluvial_311", "official_identity_verified": true}, "geometry": {"type": "Point", "coordinates": [-73.94149419879254, 40.68576358911183]}}, {"type": "Feature", "properties": {"unique_key": "21377900", "complaint_type": "Sewer", "descriptor": "Street Flooding (SJ)", "created_date": "2011-09-06T19:03:00.000", "agency": "DEP", "incident_address": null, "borough": "MANHATTAN", "source": "nyc_311_soda_76ig-c548", "hazard": "pluvial_311", "official_identity_verified": true}, "geometry": {"type": "Point", "coordinates": [-73.94285434045742, 40.7858077903581]}}, {"type": "Feature", "properties": {"unique_key": "21378286", "complaint_type": "Sewer", "descriptor": "Street Flooding (SJ)", "created_date": "2011-09-06T23:08:00.000", "agency": "DEP", "incident_address": null, "borough": "QUEENS", "source": "nyc_311_soda_76ig-c548", "hazard": "pluvial_311", "official_identity_verified": true}, "geometry": {"type": "Point", "coordinates": [-73.94243045656309, 40.75399878482402]}}, {"type": "Feature", "properties": {"unique_key": "21395296", "complaint_type": "Sewer", "descriptor": "Street Flooding (SJ)", "created_date": "2011-09-08T01:26:00.000", "agency": "DEP", "incident_address": "139 RUTLEDGE STREET", "borough": "BROOKLYN", "source": "nyc_311_soda_76ig-c548", "hazard": "pluvial_311", "official_identity_verified": true}, "geometry": {"type": "Point", "coordinates": [-73.95740301718948, 40.7018411992384]}}, {"type": "Feature", "properties": {"unique_key": "21395462", "complaint_type": "Sewer", "descriptor": "Street Flooding (SJ)", "created_date": "2011-09-08T08:13:00.000", "agency": "DEP", "incident_address": null, "borough": "QUEENS", "source": "nyc_311_soda_76ig-c548", "hazard": "pluvial_311", "official_identity_verified": true}, "geometry": {"type": "Point", "coordinates": [-73.94282315268941, 40.75063940965893]}}, {"type": "Feature", "properties": {"unique_key": "21395514", "complaint_type": "Sewer", "descriptor": "Street Flooding (SJ)", "created_date": "2011-09-08T07:42:00.000", "agency": "DEP", "incident_address": "1185 6 AVENUE", "borough": "MANHATTAN", "source": "nyc_311_soda_76ig-c548", "hazard": "pluvial_311", "official_identity_verified": true}, "geometry": {"type": "Point", "coordinates": [-73.98212540995675, 40.75758544240214]}}, {"type": "Feature", "properties": {"unique_key": "21431198", "complaint_type": "Sewer", "descriptor": "Street Flooding (SJ)", "created_date": "2011-09-13T14:12:00.000", "agency": "DEP", "incident_address": "200 WEST 42 STREET", "borough": "MANHATTAN", "source": "nyc_311_soda_76ig-c548", "hazard": "pluvial_311", "official_identity_verified": true}, "geometry": {"type": "Point", "coordinates": [-73.98717187083514, 40.756120421073426]}}, {"type": "Feature", "properties": {"unique_key": "21431201", "complaint_type": "Sewer", "descriptor": "Street Flooding (SJ)", "created_date": "2011-09-13T14:14:00.000", "agency": "DEP", "incident_address": null, "borough": "MANHATTAN", "source": "nyc_311_soda_76ig-c548", "hazard": "pluvial_311", "official_identity_verified": true}, "geometry": {"type": "Point", "coordinates": [-73.98671300017793, 40.75845340215607]}}, {"type": "Feature", "properties": {"unique_key": "21431892", "complaint_type": "Sewer", "descriptor": "Street Flooding (SJ)", "created_date": "2011-09-13T17:19:00.000", "agency": "DEP", "incident_address": "9 EAST 64 STREET", "borough": "MANHATTAN", "source": "nyc_311_soda_76ig-c548", "hazard": "pluvial_311", "official_identity_verified": true}, "geometry": {"type": "Point", "coordinates": [-73.97014095791684, 40.767153877944246]}}, {"type": "Feature", "properties": {"unique_key": "21431904", "complaint_type": "Sewer", "descriptor": "Street Flooding (SJ)", "created_date": "2011-09-13T17:34:00.000", "agency": "DEP", "incident_address": null, "borough": "MANHATTAN", "source": "nyc_311_soda_76ig-c548", "hazard": "pluvial_311", "official_identity_verified": true}, "geometry": {"type": "Point", "coordinates": [-73.98373096728758, 40.76045668270954]}}, {"type": "Feature", "properties": {"unique_key": "21431905", "complaint_type": "Sewer", "descriptor": "Street Flooding (SJ)", "created_date": "2011-09-13T17:50:00.000", "agency": "DEP", "incident_address": "210 WEST 50 STREET", "borough": "MANHATTAN", "source": "nyc_311_soda_76ig-c548", "hazard": "pluvial_311", "official_identity_verified": true}, "geometry": {"type": "Point", "coordinates": [-73.98439489825104, 40.76156016137893]}}, {"type": "Feature", "properties": {"unique_key": "21440375", "complaint_type": "Sewer", "descriptor": "Street Flooding (SJ)", "created_date": "2011-09-14T11:25:00.000", "agency": "DEP", "incident_address": "790 7 AVENUE", "borough": "MANHATTAN", "source": "nyc_311_soda_76ig-c548", "hazard": "pluvial_311", "official_identity_verified": true}, "geometry": {"type": "Point", "coordinates": [-73.9826115482865, 40.76200455438324]}}, {"type": "Feature", "properties": {"unique_key": "21443124", "complaint_type": "Sewer", "descriptor": "Street Flooding (SJ)", "created_date": "2011-09-15T11:31:00.000", "agency": "DEP", "incident_address": "180 7 AVENUE", "borough": "MANHATTAN", "source": "nyc_311_soda_76ig-c548", "hazard": "pluvial_311", "official_identity_verified": true}, "geometry": {"type": "Point", "coordinates": [-73.99674129111989, 40.74260869521503]}}, {"type": "Feature", "properties": {"unique_key": "21481115", "complaint_type": "Sewer", "descriptor": "Street Flooding (SJ)", "created_date": "2011-09-20T11:28:00.000", "agency": "DEP", "incident_address": "230 WEST 4 STREET", "borough": "MANHATTAN", "source": "nyc_311_soda_76ig-c548", "hazard": "pluvial_311", "official_identity_verified": true}, "geometry": {"type": "Point", "coordinates": [-74.00294437268523, 40.73414114314084]}}, {"type": "Feature", "properties": {"unique_key": "21488924", "complaint_type": "Sewer", "descriptor": "Street Flooding (SJ)", "created_date": "2011-09-21T18:27:00.000", "agency": "DEP", "incident_address": "23 WEST 45 STREET", "borough": "MANHATTAN", "source": "nyc_311_soda_76ig-c548", "hazard": "pluvial_311", "official_identity_verified": true}, "geometry": {"type": "Point", "coordinates": [-73.98046913170026, 40.75583128138911]}}, {"type": "Feature", "properties": {"unique_key": "21495514", "complaint_type": "Sewer", "descriptor": "Street Flooding (SJ)", "created_date": "2011-09-22T15:45:00.000", "agency": "DEP", "incident_address": "672 8 AVENUE", "borough": "MANHATTAN", "source": "nyc_311_soda_76ig-c548", "hazard": "pluvial_311", "official_identity_verified": true}, "geometry": {"type": "Point", "coordinates": [-73.98947809460088, 40.75764398826698]}}, {"type": "Feature", "properties": {"unique_key": "21496532", "complaint_type": "Sewer", "descriptor": "Street Flooding (SJ)", "created_date": "2011-09-22T15:16:00.000", "agency": "DEP", "incident_address": "686 8 AVENUE", "borough": "MANHATTAN", "source": "nyc_311_soda_76ig-c548", "hazard": "pluvial_311", "official_identity_verified": true}, "geometry": {"type": "Point", "coordinates": [-73.98909900453876, 40.758162709740304]}}, {"type": "Feature", "properties": {"unique_key": "21500174", "complaint_type": "Sewer", "descriptor": "Street Flooding (SJ)", "created_date": "2011-09-23T22:15:00.000", "agency": "DEP", "incident_address": "790 7 AVENUE", "borough": "MANHATTAN", "source": "nyc_311_soda_76ig-c548", "hazard": "pluvial_311", "official_identity_verified": true}, "geometry": {"type": "Point", "coordinates": [-73.9826115482865, 40.76200455438324]}}, {"type": "Feature", "properties": {"unique_key": "21502008", "complaint_type": "Sewer", "descriptor": "Street Flooding (SJ)", "created_date": "2011-09-23T13:35:00.000", "agency": "DEP", "incident_address": "49 THROOP AVENUE", "borough": "BROOKLYN", "source": "nyc_311_soda_76ig-c548", "hazard": "pluvial_311", "official_identity_verified": true}, "geometry": {"type": "Point", "coordinates": [-73.94680267180438, 40.70270413414752]}}, {"type": "Feature", "properties": {"unique_key": "21502142", "complaint_type": "Sewer", "descriptor": "Street Flooding (SJ)", "created_date": "2011-09-23T12:47:00.000", "agency": "DEP", "incident_address": null, "borough": "MANHATTAN", "source": "nyc_311_soda_76ig-c548", "hazard": "pluvial_311", "official_identity_verified": true}, "geometry": {"type": "Point", "coordinates": [-73.9675888307687, 40.75189515597686]}}, {"type": "Feature", "properties": {"unique_key": "21502155", "complaint_type": "Sewer", "descriptor": "Street Flooding (SJ)", "created_date": "2011-09-23T13:41:00.000", "agency": "DEP", "incident_address": null, "borough": "BROOKLYN", "source": "nyc_311_soda_76ig-c548", "hazard": "pluvial_311", "official_identity_verified": true}, "geometry": {"type": "Point", "coordinates": [-73.94690719974291, 40.702783780620315]}}, {"type": "Feature", "properties": {"unique_key": "21516024", "complaint_type": "Sewer", "descriptor": "Street Flooding (SJ)", "created_date": "2011-09-26T16:51:00.000", "agency": "DEP", "incident_address": "10-44 44 DRIVE", "borough": "QUEENS", "source": "nyc_311_soda_76ig-c548", "hazard": "pluvial_311", "official_identity_verified": true}, "geometry": {"type": "Point", "coordinates": [-73.95070703546683, 40.74874368754613]}}, {"type": "Feature", "properties": {"unique_key": "21520242", "complaint_type": "Sewer", "descriptor": "Street Flooding (SJ)", "created_date": "2011-09-26T11:10:00.000", "agency": "DEP", "incident_address": "135 RIVINGTON STREET", "borough": "MANHATTAN", "source": "nyc_311_soda_76ig-c548", "hazard": "pluvial_311", "official_identity_verified": true}, "geometry": {"type": "Point", "coordinates": [-73.98646102604197, 40.71949710837825]}}, {"type": "Feature", "properties": {"unique_key": "21527409", "complaint_type": "Sewer", "descriptor": "Street Flooding (SJ)", "created_date": "2011-09-27T14:41:00.000", "agency": "DEP", "incident_address": "119 EAST 64 STREET", "borough": "MANHATTAN", "source": "nyc_311_soda_76ig-c548", "hazard": "pluvial_311", "official_identity_verified": true}, "geometry": {"type": "Point", "coordinates": [-73.96677706223485, 40.76573667054281]}}, {"type": "Feature", "properties": {"unique_key": "21549647", "complaint_type": "Sewer", "descriptor": "Street Flooding (SJ)", "created_date": "2011-09-29T17:15:00.000", "agency": "DEP", "incident_address": "1606 BROADWAY", "borough": "MANHATTAN", "source": "nyc_311_soda_76ig-c548", "hazard": "pluvial_311", "official_identity_verified": true}, "geometry": {"type": "Point", "coordinates": [-73.98457201486819, 40.7605363959757]}}, {"type": "Feature", "properties": {"unique_key": "21551637", "complaint_type": "Sewer", "descriptor": "Street Flooding (SJ)", "created_date": "2011-09-29T22:25:00.000", "agency": "DEP", "incident_address": "720 7 AVENUE", "borough": "MANHATTAN", "source": "nyc_311_soda_76ig-c548", "hazard": "pluvial_311", "official_identity_verified": true}, "geometry": {"type": "Point", "coordinates": [-73.98425093453514, 40.75975135583481]}}, {"type": "Feature", "properties": {"unique_key": "21554343", "complaint_type": "Sewer", "descriptor": "Street Flooding (SJ)", "created_date": "2011-09-30T15:55:00.000", "agency": "DEP", "incident_address": null, "borough": "MANHATTAN", "source": "nyc_311_soda_76ig-c548", "hazard": "pluvial_311", "official_identity_verified": true}, "geometry": {"type": "Point", "coordinates": [-73.98090380371781, 40.73788618552128]}}, {"type": "Feature", "properties": {"unique_key": "21555188", "complaint_type": "Sewer", "descriptor": "Street Flooding (SJ)", "created_date": "2011-09-30T15:58:00.000", "agency": "DEP", "incident_address": null, "borough": "MANHATTAN", "source": "nyc_311_soda_76ig-c548", "hazard": "pluvial_311", "official_identity_verified": true}, "geometry": {"type": "Point", "coordinates": [-73.97907711363953, 40.740394571450025]}}, {"type": "Feature", "properties": {"unique_key": "21556851", "complaint_type": "Sewer", "descriptor": "Street Flooding (SJ)", "created_date": "2011-09-30T15:52:00.000", "agency": "DEP", "incident_address": null, "borough": "MANHATTAN", "source": "nyc_311_soda_76ig-c548", "hazard": "pluvial_311", "official_identity_verified": true}, "geometry": {"type": "Point", "coordinates": [-73.97805319609124, 40.737553562500736]}}, {"type": "Feature", "properties": {"unique_key": "21585969", "complaint_type": "Sewer", "descriptor": "Street Flooding (SJ)", "created_date": "2011-10-05T16:31:00.000", "agency": "DEP", "incident_address": "7 EAST 17 STREET", "borough": "MANHATTAN", "source": "nyc_311_soda_76ig-c548", "hazard": "pluvial_311", "official_identity_verified": true}, "geometry": {"type": "Point", "coordinates": [-73.99160304143915, 40.73767062720264]}}, {"type": "Feature", "properties": {"unique_key": "21608116", "complaint_type": "Sewer", "descriptor": "Street Flooding (SJ)", "created_date": "2011-10-08T18:50:00.000", "agency": "DEP", "incident_address": "35 WEST 15 STREET", "borough": "MANHATTAN", "source": "nyc_311_soda_76ig-c548", "hazard": "pluvial_311", "official_identity_verified": true}, "geometry": {"type": "Point", "coordinates": [-73.9943780082964, 40.73722889094043]}}, {"type": "Feature", "properties": {"unique_key": "21617610", "complaint_type": "Sewer", "descriptor": "Street Flooding (SJ)", "created_date": "2011-10-10T19:57:00.000", "agency": "DEP", "incident_address": null, "borough": "MANHATTAN", "source": "nyc_311_soda_76ig-c548", "hazard": "pluvial_311", "official_identity_verified": true}, "geometry": {"type": "Point", "coordinates": [-74.00246793569633, 40.73032320076338]}}, {"type": "Feature", "properties": {"unique_key": "21638008", "complaint_type": "Sewer", "descriptor": "Street Flooding (SJ)", "created_date": "2011-10-13T12:08:00.000", "agency": "DEP", "incident_address": "78 WEST 82 STREET", "borough": "MANHATTAN", "source": "nyc_311_soda_76ig-c548", "hazard": "pluvial_311", "official_identity_verified": true}, "geometry": {"type": "Point", "coordinates": [-73.97322821669789, 40.783540719840246]}}, {"type": "Feature", "properties": {"unique_key": "21661323", "complaint_type": "Sewer", "descriptor": "Street Flooding (SJ)", "created_date": "2011-10-14T13:11:00.000", "agency": "DEP", "incident_address": "415 EAST 37 STREET", "borough": "MANHATTAN", "source": "nyc_311_soda_76ig-c548", "hazard": "pluvial_311", "official_identity_verified": true}, "geometry": {"type": "Point", "coordinates": [-73.97182156356341, 40.745564134827085]}}, {"type": "Feature", "properties": {"unique_key": "21661330", "complaint_type": "Sewer", "descriptor": "Street Flooding (SJ)", "created_date": "2011-10-14T15:36:00.000", "agency": "DEP", "incident_address": "74 BROAD STREET", "borough": "MANHATTAN", "source": "nyc_311_soda_76ig-c548", "hazard": "pluvial_311", "official_identity_verified": true}, "geometry": {"type": "Point", "coordinates": [-74.01157030525977, 40.70465090522137]}}, {"type": "Feature", "properties": {"unique_key": "21682503", "complaint_type": "Sewer", "descriptor": "Street Flooding (SJ)", "created_date": "2011-10-18T19:59:00.000", "agency": "DEP", "incident_address": null, "borough": "MANHATTAN", "source": "nyc_311_soda_76ig-c548", "hazard": "pluvial_311", "official_identity_verified": true}, "geometry": {"type": "Point", "coordinates": [-73.98797177444611, 40.72391359257348]}}, {"type": "Feature", "properties": {"unique_key": "21690495", "complaint_type": "Sewer", "descriptor": "Street Flooding (SJ)", "created_date": "2011-10-19T10:24:00.000", "agency": "DEP", "incident_address": "719 9 AVENUE", "borough": "MANHATTAN", "source": "nyc_311_soda_76ig-c548", "hazard": "pluvial_311", "official_identity_verified": true}, "geometry": {"type": "Point", "coordinates": [-73.98948089447946, 40.76277116963333]}}, {"type": "Feature", "properties": {"unique_key": "21691551", "complaint_type": "Sewer", "descriptor": "Street Flooding (SJ)", "created_date": "2011-10-19T12:37:00.000", "agency": "DEP", "incident_address": null, "borough": "MANHATTAN", "source": "nyc_311_soda_76ig-c548", "hazard": "pluvial_311", "official_identity_verified": true}, "geometry": {"type": "Point", "coordinates": [-73.95174339794139, 40.777874081223175]}}, {"type": "Feature", "properties": {"unique_key": "21692519", "complaint_type": "Sewer", "descriptor": "Street Flooding (SJ)", "created_date": "2011-10-19T10:56:00.000", "agency": "DEP", "incident_address": "215 EAST 4 STREET", "borough": "MANHATTAN", "source": "nyc_311_soda_76ig-c548", "hazard": "pluvial_311", "official_identity_verified": true}, "geometry": {"type": "Point", "coordinates": [-73.98358479717325, 40.72374287572315]}}, {"type": "Feature", "properties": {"unique_key": "21693543", "complaint_type": "Sewer", "descriptor": "Street Flooding (SJ)", "created_date": "2011-10-19T10:48:00.000", "agency": "DEP", "incident_address": null, "borough": "MANHATTAN", "source": "nyc_311_soda_76ig-c548", "hazard": "pluvial_311", "official_identity_verified": true}, "geometry": {"type": "Point", "coordinates": [-74.00510668394942, 40.74640187237436]}}, {"type": "Feature", "properties": {"unique_key": "21693593", "complaint_type": "Sewer", "descriptor": "Street Flooding (SJ)", "created_date": "2011-10-19T17:31:00.000", "agency": "DEP", "incident_address": null, "borough": "MANHATTAN", "source": "nyc_311_soda_76ig-c548", "hazard": "pluvial_311", "official_identity_verified": true}, "geometry": {"type": "Point", "coordinates": [-74.00132810047559, 40.74648980989585]}}, {"type": "Feature", "properties": {"unique_key": "21697660", "complaint_type": "Sewer", "descriptor": "Street Flooding (SJ)", "created_date": "2011-10-20T15:35:00.000", "agency": "DEP", "incident_address": "1111 PARK AVENUE", "borough": "MANHATTAN", "source": "nyc_311_soda_76ig-c548", "hazard": "pluvial_311", "official_identity_verified": true}, "geometry": {"type": "Point", "coordinates": [-73.95551347579014, 40.78247303077418]}}, {"type": "Feature", "properties": {"unique_key": "21699267", "complaint_type": "Sewer", "descriptor": "Street Flooding (SJ)", "created_date": "2011-10-20T11:20:00.000", "agency": "DEP", "incident_address": "424 EAST 9 STREET", "borough": "MANHATTAN", "source": "nyc_311_soda_76ig-c548", "hazard": "pluvial_311", "official_identity_verified": true}, "geometry": {"type": "Point", "coordinates": [-73.98416105264528, 40.72787656048934]}}, {"type": "Feature", "properties": {"unique_key": "21701065", "complaint_type": "Sewer", "descriptor": "Street Flooding (SJ)", "created_date": "2011-10-20T14:40:00.000", "agency": "DEP", "incident_address": null, "borough": "MANHATTAN", "source": "nyc_311_soda_76ig-c548", "hazard": "pluvial_311", "official_identity_verified": true}, "geometry": {"type": "Point", "coordinates": [-73.98305052791193, 40.78175850567076]}}, {"type": "Feature", "properties": {"unique_key": "21706671", "complaint_type": "Sewer", "descriptor": "Street Flooding (SJ)", "created_date": "2011-10-21T15:03:00.000", "agency": "DEP", "incident_address": null, "borough": "MANHATTAN", "source": "nyc_311_soda_76ig-c548", "hazard": "pluvial_311", "official_identity_verified": true}, "geometry": {"type": "Point", "coordinates": [-73.95878196601016, 40.76399117644479]}}, {"type": "Feature", "properties": {"unique_key": "21709737", "complaint_type": "Sewer", "descriptor": "Street Flooding (SJ)", "created_date": "2011-10-21T14:19:00.000", "agency": "DEP", "incident_address": "236 NORTH 12 STREET", "borough": "BROOKLYN", "source": "nyc_311_soda_76ig-c548", "hazard": "pluvial_311", "official_identity_verified": true}, "geometry": {"type": "Point", "coordinates": [-73.95275256998842, 40.71936744034219]}}, {"type": "Feature", "properties": {"unique_key": "21709817", "complaint_type": "Sewer", "descriptor": "Street Flooding (SJ)", "created_date": "2011-10-21T13:53:00.000", "agency": "DEP", "incident_address": "231 COURT STREET", "borough": "BROOKLYN", "source": "nyc_311_soda_76ig-c548", "hazard": "pluvial_311", "official_identity_verified": true}, "geometry": {"type": "Point", "coordinates": [-73.9940541947274, 40.68616257638759]}}, {"type": "Feature", "properties": {"unique_key": "21721387", "complaint_type": "Sewer", "descriptor": "Street Flooding (SJ)", "created_date": "2011-10-24T17:06:00.000", "agency": "DEP", "incident_address": "329 WEST 84 STREET", "borough": "MANHATTAN", "source": "nyc_311_soda_76ig-c548", "hazard": "pluvial_311", "official_identity_verified": true}, "geometry": {"type": "Point", "coordinates": [-73.97959303297358, 40.787900658917295]}}, {"type": "Feature", "properties": {"unique_key": "21738908", "complaint_type": "Sewer", "descriptor": "Street Flooding (SJ)", "created_date": "2011-10-26T16:37:00.000", "agency": "DEP", "incident_address": "329 WEST 84 STREET", "borough": "MANHATTAN", "source": "nyc_311_soda_76ig-c548", "hazard": "pluvial_311", "official_identity_verified": true}, "geometry": {"type": "Point", "coordinates": [-73.97959303297358, 40.787900658917295]}}, {"type": "Feature", "properties": {"unique_key": "21747043", "complaint_type": "Sewer", "descriptor": "Street Flooding (SJ)", "created_date": "2011-10-27T15:32:00.000", "agency": "DEP", "incident_address": null, "borough": "MANHATTAN", "source": "nyc_311_soda_76ig-c548", "hazard": "pluvial_311", "official_identity_verified": true}, "geometry": {"type": "Point", "coordinates": [-73.98085044954946, 40.74775081013395]}}, {"type": "Feature", "properties": {"unique_key": "21749396", "complaint_type": "Sewer", "descriptor": "Street Flooding (SJ)", "created_date": "2011-10-27T13:20:00.000", "agency": "DEP", "incident_address": null, "borough": "MANHATTAN", "source": "nyc_311_soda_76ig-c548", "hazard": "pluvial_311", "official_identity_verified": true}, "geometry": {"type": "Point", "coordinates": [-73.99034191604916, 40.72493212081157]}}, {"type": "Feature", "properties": {"unique_key": "21769218", "complaint_type": "Sewer", "descriptor": "Street Flooding (SJ)", "created_date": "2011-10-29T16:30:00.000", "agency": "DEP", "incident_address": "205 EAST HOUSTON STREET", "borough": "MANHATTAN", "source": "nyc_311_soda_76ig-c548", "hazard": "pluvial_311", "official_identity_verified": true}, "geometry": {"type": "Point", "coordinates": [-73.98725049618227, 40.722497219856244]}}, {"type": "Feature", "properties": {"unique_key": "21783676", "complaint_type": "Sewer", "descriptor": "Street Flooding (SJ)", "created_date": "2011-10-31T14:22:00.000", "agency": "DEP", "incident_address": null, "borough": "BROOKLYN", "source": "nyc_311_soda_76ig-c548", "hazard": "pluvial_311", "official_identity_verified": true}, "geometry": {"type": "Point", "coordinates": [-73.95701896546004, 40.69897277545741]}}, {"type": "Feature", "properties": {"unique_key": "21796397", "complaint_type": "Sewer", "descriptor": "Street Flooding (SJ)", "created_date": "2011-11-01T09:33:00.000", "agency": "DEP", "incident_address": null, "borough": "MANHATTAN", "source": "nyc_311_soda_76ig-c548", "hazard": "pluvial_311", "official_identity_verified": true}, "geometry": {"type": "Point", "coordinates": [-73.95586786813011, 40.77623712660086]}}, {"type": "Feature", "properties": {"unique_key": "21881501", "complaint_type": "Sewer", "descriptor": "Street Flooding (SJ)", "created_date": "2011-11-14T16:43:00.000", "agency": "DEP", "incident_address": "58 HENRY STREET", "borough": "MANHATTAN", "source": "nyc_311_soda_76ig-c548", "hazard": "pluvial_311", "official_identity_verified": true}, "geometry": {"type": "Point", "coordinates": [-73.99507984300583, 40.712959779783304]}}, {"type": "Feature", "properties": {"unique_key": "21884852", "complaint_type": "Sewer", "descriptor": "Street Flooding (SJ)", "created_date": "2011-11-15T15:04:00.000", "agency": "DEP", "incident_address": "324 WEST 84 STREET", "borough": "MANHATTAN", "source": "nyc_311_soda_76ig-c548", "hazard": "pluvial_311", "official_identity_verified": true}, "geometry": {"type": "Point", "coordinates": [-73.97953887742698, 40.78785947833187]}}, {"type": "Feature", "properties": {"unique_key": "21886410", "complaint_type": "Sewer", "descriptor": "Street Flooding (SJ)", "created_date": "2011-11-15T15:13:00.000", "agency": "DEP", "incident_address": "324 WEST 84 STREET", "borough": "MANHATTAN", "source": "nyc_311_soda_76ig-c548", "hazard": "pluvial_311", "official_identity_verified": true}, "geometry": {"type": "Point", "coordinates": [-73.97953887742698, 40.78785947833187]}}, {"type": "Feature", "properties": {"unique_key": "21890295", "complaint_type": "Sewer", "descriptor": "Street Flooding (SJ)", "created_date": "2011-11-15T15:56:00.000", "agency": "DEP", "incident_address": "1871 LEXINGTON AVENUE", "borough": "MANHATTAN", "source": "nyc_311_soda_76ig-c548", "hazard": "pluvial_311", "official_identity_verified": true}, "geometry": {"type": "Point", "coordinates": [-73.94153578296516, 40.79872108786791]}}, {"type": "Feature", "properties": {"unique_key": "21898618", "complaint_type": "Sewer", "descriptor": "Street Flooding (SJ)", "created_date": "2011-11-16T18:27:00.000", "agency": "DEP", "incident_address": null, "borough": "MANHATTAN", "source": "nyc_311_soda_76ig-c548", "hazard": "pluvial_311", "official_identity_verified": true}, "geometry": {"type": "Point", "coordinates": [-74.00098843369604, 40.71793064247224]}}, {"type": "Feature", "properties": {"unique_key": "21902689", "complaint_type": "Sewer", "descriptor": "Street Flooding (SJ)", "created_date": "2011-11-16T13:53:00.000", "agency": "DEP", "incident_address": null, "borough": "BROOKLYN", "source": "nyc_311_soda_76ig-c548", "hazard": "pluvial_311", "official_identity_verified": true}, "geometry": {"type": "Point", "coordinates": [-73.95701896546004, 40.69897277545741]}}, {"type": "Feature", "properties": {"unique_key": "21908835", "complaint_type": "Sewer", "descriptor": "Street Flooding (SJ)", "created_date": "2011-11-17T19:07:00.000", "agency": "DEP", "incident_address": "329 WEST 84 STREET", "borough": "MANHATTAN", "source": "nyc_311_soda_76ig-c548", "hazard": "pluvial_311", "official_identity_verified": true}, "geometry": {"type": "Point", "coordinates": [-73.97959303297358, 40.787900658917295]}}, {"type": "Feature", "properties": {"unique_key": "21918657", "complaint_type": "Sewer", "descriptor": "Street Flooding (SJ)", "created_date": "2011-11-18T16:08:00.000", "agency": "DEP", "incident_address": "453 BROOME STREET", "borough": "MANHATTAN", "source": "nyc_311_soda_76ig-c548", "hazard": "pluvial_311", "official_identity_verified": true}, "geometry": {"type": "Point", "coordinates": [-74.00077564583744, 40.72223168159443]}}, {"type": "Feature", "properties": {"unique_key": "21939813", "complaint_type": "Sewer", "descriptor": "Street Flooding (SJ)", "created_date": "2011-11-22T17:53:00.000", "agency": "DEP", "incident_address": null, "borough": "MANHATTAN", "source": "nyc_311_soda_76ig-c548", "hazard": "pluvial_311", "official_identity_verified": true}, "geometry": {"type": "Point", "coordinates": [-73.99034191604916, 40.72493212081157]}}, {"type": "Feature", "properties": {"unique_key": "21941802", "complaint_type": "Sewer", "descriptor": "Street Flooding (SJ)", "created_date": "2011-11-22T12:41:00.000", "agency": "DEP", "incident_address": "17 ALLEN STREET", "borough": "MANHATTAN", "source": "nyc_311_soda_76ig-c548", "hazard": "pluvial_311", "official_identity_verified": true}, "geometry": {"type": "Point", "coordinates": [-73.99241028866567, 40.71525151041152]}}, {"type": "Feature", "properties": {"unique_key": "21942901", "complaint_type": "Sewer", "descriptor": "Street Flooding (SJ)", "created_date": "2011-11-22T22:44:00.000", "agency": "DEP", "incident_address": null, "borough": "MANHATTAN", "source": "nyc_311_soda_76ig-c548", "hazard": "pluvial_311", "official_identity_verified": true}, "geometry": {"type": "Point", "coordinates": [-73.98724024932024, 40.77601705805608]}}, {"type": "Feature", "properties": {"unique_key": "21944766", "complaint_type": "Sewer", "descriptor": "Street Flooding (SJ)", "created_date": "2011-11-22T20:53:00.000", "agency": "DEP", "incident_address": null, "borough": "MANHATTAN", "source": "nyc_311_soda_76ig-c548", "hazard": "pluvial_311", "official_identity_verified": true}, "geometry": {"type": "Point", "coordinates": [-73.94285434045742, 40.7858077903581]}}, {"type": "Feature", "properties": {"unique_key": "21944773", "complaint_type": "Sewer", "descriptor": "Street Flooding (SJ)", "created_date": "2011-11-22T21:33:00.000", "agency": "DEP", "incident_address": null, "borough": "QUEENS", "source": "nyc_311_soda_76ig-c548", "hazard": "pluvial_311", "official_identity_verified": true}, "geometry": {"type": "Point", "coordinates": [-73.94618737309618, 40.745612650446034]}}, {"type": "Feature", "properties": {"unique_key": "21945753", "complaint_type": "Sewer", "descriptor": "Street Flooding (SJ)", "created_date": "2011-11-22T19:35:00.000", "agency": "DEP", "incident_address": null, "borough": "MANHATTAN", "source": "nyc_311_soda_76ig-c548", "hazard": "pluvial_311", "official_identity_verified": true}, "geometry": {"type": "Point", "coordinates": [-73.98724024932024, 40.77601705805608]}}, {"type": "Feature", "properties": {"unique_key": "21949323", "complaint_type": "Sewer", "descriptor": "Street Flooding (SJ)", "created_date": "2011-11-23T03:57:00.000", "agency": "DEP", "incident_address": null, "borough": "BROOKLYN", "source": "nyc_311_soda_76ig-c548", "hazard": "pluvial_311", "official_identity_verified": true}, "geometry": {"type": "Point", "coordinates": [-73.97017071122929, 40.6846025783545]}}, {"type": "Feature", "properties": {"unique_key": "21976729", "complaint_type": "Sewer", "descriptor": "Street Flooding (SJ)", "created_date": "2011-11-29T15:33:00.000", "agency": "DEP", "incident_address": null, "borough": "MANHATTAN", "source": "nyc_311_soda_76ig-c548", "hazard": "pluvial_311", "official_identity_verified": true}, "geometry": {"type": "Point", "coordinates": [-73.96196479954183, 40.759619895228845]}}, {"type": "Feature", "properties": {"unique_key": "21979253", "complaint_type": "Sewer", "descriptor": "Street Flooding (SJ)", "created_date": "2011-11-29T17:38:00.000", "agency": "DEP", "incident_address": null, "borough": "MANHATTAN", "source": "nyc_311_soda_76ig-c548", "hazard": "pluvial_311", "official_identity_verified": true}, "geometry": {"type": "Point", "coordinates": [-73.98724024932024, 40.77601705805608]}}, {"type": "Feature", "properties": {"unique_key": "21980972", "complaint_type": "Sewer", "descriptor": "Street Flooding (SJ)", "created_date": "2011-11-29T20:47:00.000", "agency": "DEP", "incident_address": null, "borough": "MANHATTAN", "source": "nyc_311_soda_76ig-c548", "hazard": "pluvial_311", "official_identity_verified": true}, "geometry": {"type": "Point", "coordinates": [-73.98205472388632, 40.77879404063979]}}, {"type": "Feature", "properties": {"unique_key": "21980976", "complaint_type": "Sewer", "descriptor": "Street Flooding (SJ)", "created_date": "2011-11-29T23:17:00.000", "agency": "DEP", "incident_address": "501 WEST 42 STREET", "borough": "MANHATTAN", "source": "nyc_311_soda_76ig-c548", "hazard": "pluvial_311", "official_identity_verified": true}, "geometry": {"type": "Point", "coordinates": [-73.9955817474978, 40.759680984288686]}}, {"type": "Feature", "properties": {"unique_key": "22274397", "complaint_type": "Sewer", "descriptor": "Street Flooding (SJ)", "created_date": "2011-12-07T14:02:00.000", "agency": "DEP", "incident_address": null, "borough": "MANHATTAN", "source": "nyc_311_soda_76ig-c548", "hazard": "pluvial_311", "official_identity_verified": true}, "geometry": {"type": "Point", "coordinates": [-73.9675888307687, 40.75189515597686]}}, {"type": "Feature", "properties": {"unique_key": "22274406", "complaint_type": "Sewer", "descriptor": "Street Flooding (SJ)", "created_date": "2011-12-07T18:40:00.000", "agency": "DEP", "incident_address": null, "borough": "MANHATTAN", "source": "nyc_311_soda_76ig-c548", "hazard": "pluvial_311", "official_identity_verified": true}, "geometry": {"type": "Point", "coordinates": [-73.94697416729262, 40.799961590109206]}}, {"type": "Feature", "properties": {"unique_key": "22275363", "complaint_type": "Sewer", "descriptor": "Street Flooding (SJ)", "created_date": "2011-12-07T19:09:00.000", "agency": "DEP", "incident_address": "35-64 9 STREET", "borough": "QUEENS", "source": "nyc_311_soda_76ig-c548", "hazard": "pluvial_311", "official_identity_verified": true}, "geometry": {"type": "Point", "coordinates": [-73.94119948649123, 40.76237238017148]}}, {"type": "Feature", "properties": {"unique_key": "22275364", "complaint_type": "Sewer", "descriptor": "Street Flooding (SJ)", "created_date": "2011-12-07T19:58:00.000", "agency": "DEP", "incident_address": null, "borough": "BROOKLYN", "source": "nyc_311_soda_76ig-c548", "hazard": "pluvial_311", "official_identity_verified": true}, "geometry": {"type": "Point", "coordinates": [-73.95701896546004, 40.69897277545741]}}, {"type": "Feature", "properties": {"unique_key": "22278228", "complaint_type": "Sewer", "descriptor": "Street Flooding (SJ)", "created_date": "2011-12-07T10:16:00.000", "agency": "DEP", "incident_address": null, "borough": "MANHATTAN", "source": "nyc_311_soda_76ig-c548", "hazard": "pluvial_311", "official_identity_verified": true}, "geometry": {"type": "Point", "coordinates": [-73.9908182365698, 40.724273417997736]}}, {"type": "Feature", "properties": {"unique_key": "22285137", "complaint_type": "Sewer", "descriptor": "Street Flooding (SJ)", "created_date": "2011-12-08T08:20:00.000", "agency": "DEP", "incident_address": null, "borough": "MANHATTAN", "source": "nyc_311_soda_76ig-c548", "hazard": "pluvial_311", "official_identity_verified": true}, "geometry": {"type": "Point", "coordinates": [-73.9675888307687, 40.75189515597686]}}, {"type": "Feature", "properties": {"unique_key": "22304561", "complaint_type": "Sewer", "descriptor": "Street Flooding (SJ)", "created_date": "2011-12-11T17:16:00.000", "agency": "DEP", "incident_address": "329 WEST 84 STREET", "borough": "MANHATTAN", "source": "nyc_311_soda_76ig-c548", "hazard": "pluvial_311", "official_identity_verified": true}, "geometry": {"type": "Point", "coordinates": [-73.97959303297358, 40.787900658917295]}}, {"type": "Feature", "properties": {"unique_key": "22365832", "complaint_type": "Sewer", "descriptor": "Street Flooding (SJ)", "created_date": "2011-12-20T12:56:00.000", "agency": "DEP", "incident_address": null, "borough": "BROOKLYN", "source": "nyc_311_soda_76ig-c548", "hazard": "pluvial_311", "official_identity_verified": true}, "geometry": {"type": "Point", "coordinates": [-73.94268805674807, 40.71469128728223]}}, {"type": "Feature", "properties": {"unique_key": "22384552", "complaint_type": "Sewer", "descriptor": "Street Flooding (SJ)", "created_date": "2011-12-23T06:57:00.000", "agency": "DEP", "incident_address": null, "borough": "MANHATTAN", "source": "nyc_311_soda_76ig-c548", "hazard": "pluvial_311", "official_identity_verified": true}, "geometry": {"type": "Point", "coordinates": [-73.9675888307687, 40.75189515597686]}}, {"type": "Feature", "properties": {"unique_key": "22391573", "complaint_type": "Sewer", "descriptor": "Street Flooding (SJ)", "created_date": "2011-12-25T12:17:00.000", "agency": "DEP", "incident_address": null, "borough": "MANHATTAN", "source": "nyc_311_soda_76ig-c548", "hazard": "pluvial_311", "official_identity_verified": true}, "geometry": {"type": "Point", "coordinates": [-73.98255460051172, 40.731351188882584]}}, {"type": "Feature", "properties": {"unique_key": "22394819", "complaint_type": "Sewer", "descriptor": "Street Flooding (SJ)", "created_date": "2011-12-26T12:26:00.000", "agency": "DEP", "incident_address": "355 EAST 72 STREET", "borough": "MANHATTAN", "source": "nyc_311_soda_76ig-c548", "hazard": "pluvial_311", "official_identity_verified": true}, "geometry": {"type": "Point", "coordinates": [-73.95707171922261, 40.76826685921193]}}, {"type": "Feature", "properties": {"unique_key": "22410982", "complaint_type": "Sewer", "descriptor": "Street Flooding (SJ)", "created_date": "2011-12-28T11:46:00.000", "agency": "DEP", "incident_address": "69 WEST STREET", "borough": "BROOKLYN", "source": "nyc_311_soda_76ig-c548", "hazard": "pluvial_311", "official_identity_verified": true}, "geometry": {"type": "Point", "coordinates": [-73.95909242209652, 40.728721257753556]}}, {"type": "Feature", "properties": {"unique_key": "22411064", "complaint_type": "Sewer", "descriptor": "Street Flooding (SJ)", "created_date": "2011-12-28T17:41:00.000", "agency": "DEP", "incident_address": null, "borough": "MANHATTAN", "source": "nyc_311_soda_76ig-c548", "hazard": "pluvial_311", "official_identity_verified": true}, "geometry": {"type": "Point", "coordinates": [-73.99280410305454, 40.742910439074564]}}, {"type": "Feature", "properties": {"unique_key": "22424342", "complaint_type": "Sewer", "descriptor": "Street Flooding (SJ)", "created_date": "2011-12-30T10:00:00.000", "agency": "DEP", "incident_address": null, "borough": "MANHATTAN", "source": "nyc_311_soda_76ig-c548", "hazard": "pluvial_311", "official_identity_verified": true}, "geometry": {"type": "Point", "coordinates": [-73.97313367344907, 40.78517106970749]}}, {"type": "Feature", "properties": {"unique_key": "22437225", "complaint_type": "Sewer", "descriptor": "Street Flooding (SJ)", "created_date": "2012-01-03T14:48:00.000", "agency": "DEP", "incident_address": "1385 BROADWAY", "borough": "MANHATTAN", "source": "nyc_311_soda_76ig-c548", "hazard": "pluvial_311", "official_identity_verified": true}, "geometry": {"type": "Point", "coordinates": [-73.98738910435912, 40.75261265969699]}}, {"type": "Feature", "properties": {"unique_key": "22441904", "complaint_type": "Sewer", "descriptor": "Street Flooding (SJ)", "created_date": "2012-01-03T12:04:00.000", "agency": "DEP", "incident_address": null, "borough": "MANHATTAN", "source": "nyc_311_soda_76ig-c548", "hazard": "pluvial_311", "official_identity_verified": true}, "geometry": {"type": "Point", "coordinates": [-74.0083798731041, 40.71658815403385]}}, {"type": "Feature", "properties": {"unique_key": "22503365", "complaint_type": "Sewer", "descriptor": "Street Flooding (SJ)", "created_date": "2012-01-12T09:47:00.000", "agency": "DEP", "incident_address": null, "borough": "MANHATTAN", "source": "nyc_311_soda_76ig-c548", "hazard": "pluvial_311", "official_identity_verified": true}, "geometry": {"type": "Point", "coordinates": [-73.97902527873018, 40.7560313939548]}}, {"type": "Feature", "properties": {"unique_key": "22503392", "complaint_type": "Sewer", "descriptor": "Street Flooding (SJ)", "created_date": "2012-01-12T13:31:00.000", "agency": "DEP", "incident_address": null, "borough": "MANHATTAN", "source": "nyc_311_soda_76ig-c548", "hazard": "pluvial_311", "official_identity_verified": true}, "geometry": {"type": "Point", "coordinates": [-73.97080474756751, 40.7517477996247]}}, {"type": "Feature", "properties": {"unique_key": "22506010", "complaint_type": "Sewer", "descriptor": "Street Flooding (SJ)", "created_date": "2012-01-12T05:21:00.000", "agency": "DEP", "incident_address": null, "borough": "MANHATTAN", "source": "nyc_311_soda_76ig-c548", "hazard": "pluvial_311", "official_identity_verified": true}, "geometry": {"type": "Point", "coordinates": [-73.98820001110087, 40.71855584723336]}}, {"type": "Feature", "properties": {"unique_key": "22508571", "complaint_type": "Sewer", "descriptor": "Street Flooding (SJ)", "created_date": "2012-01-12T09:17:00.000", "agency": "DEP", "incident_address": null, "borough": "BROOKLYN", "source": "nyc_311_soda_76ig-c548", "hazard": "pluvial_311", "official_identity_verified": true}, "geometry": {"type": "Point", "coordinates": [-73.95131722410706, 40.68913325349826]}}, {"type": "Feature", "properties": {"unique_key": "22511347", "complaint_type": "Sewer", "descriptor": "Street Flooding (SJ)", "created_date": "2012-01-13T12:13:00.000", "agency": "DEP", "incident_address": "42 WEST   58 STREET", "borough": "MANHATTAN", "source": "nyc_311_soda_76ig-c548", "hazard": "pluvial_311", "official_identity_verified": true}, "geometry": {"type": "Point", "coordinates": [-73.97518890228856, 40.76436092876178]}}, {"type": "Feature", "properties": {"unique_key": "22537367", "complaint_type": "Sewer", "descriptor": "Street Flooding (SJ)", "created_date": "2012-01-17T13:23:00.000", "agency": "DEP", "incident_address": "1370 BROADWAY", "borough": "MANHATTAN", "source": "nyc_311_soda_76ig-c548", "hazard": "pluvial_311", "official_identity_verified": true}, "geometry": {"type": "Point", "coordinates": [-73.98750470802945, 40.75204725445699]}}, {"type": "Feature", "properties": {"unique_key": "22537391", "complaint_type": "Sewer", "descriptor": "Street Flooding (SJ)", "created_date": "2012-01-17T15:44:00.000", "agency": "DEP", "incident_address": null, "borough": "BROOKLYN", "source": "nyc_311_soda_76ig-c548", "hazard": "pluvial_311", "official_identity_verified": true}, "geometry": {"type": "Point", "coordinates": [-73.95131722410706, 40.68913325349826]}}, {"type": "Feature", "properties": {"unique_key": "22540425", "complaint_type": "Sewer", "descriptor": "Street Flooding (SJ)", "created_date": "2012-01-17T10:51:00.000", "agency": "DEP", "incident_address": null, "borough": "MANHATTAN", "source": "nyc_311_soda_76ig-c548", "hazard": "pluvial_311", "official_identity_verified": true}, "geometry": {"type": "Point", "coordinates": [-73.9916333785805, 40.754707287552556]}}, {"type": "Feature", "properties": {"unique_key": "22556851", "complaint_type": "Sewer", "descriptor": "Street Flooding (SJ)", "created_date": "2012-01-19T13:15:00.000", "agency": "DEP", "incident_address": null, "borough": "MANHATTAN", "source": "nyc_311_soda_76ig-c548", "hazard": "pluvial_311", "official_identity_verified": true}, "geometry": {"type": "Point", "coordinates": [-73.99156182379805, 40.74970635362618]}}, {"type": "Feature", "properties": {"unique_key": "22577753", "complaint_type": "Sewer", "descriptor": "Street Flooding (SJ)", "created_date": "2012-01-23T16:59:00.000", "agency": "DEP", "incident_address": "1320 YORK AVENUE", "borough": "MANHATTAN", "source": "nyc_311_soda_76ig-c548", "hazard": "pluvial_311", "official_identity_verified": true}, "geometry": {"type": "Point", "coordinates": [-73.95448130048541, 40.76582578999067]}}, {"type": "Feature", "properties": {"unique_key": "22648028", "complaint_type": "Sewer", "descriptor": "Street Flooding (SJ)", "created_date": "2012-02-03T12:14:00.000", "agency": "DEP", "incident_address": null, "borough": "MANHATTAN", "source": "nyc_311_soda_76ig-c548", "hazard": "pluvial_311", "official_identity_verified": true}, "geometry": {"type": "Point", "coordinates": [-73.98493484247116, 40.73637716939731]}}, {"type": "Feature", "properties": {"unique_key": "22675462", "complaint_type": "Sewer", "descriptor": "Street Flooding (SJ)", "created_date": "2012-02-08T09:42:00.000", "agency": "DEP", "incident_address": null, "borough": "MANHATTAN", "source": "nyc_311_soda_76ig-c548", "hazard": "pluvial_311", "official_identity_verified": true}, "geometry": {"type": "Point", "coordinates": [-73.99647524407254, 40.72368635200795]}}, {"type": "Feature", "properties": {"unique_key": "22713070", "complaint_type": "Sewer", "descriptor": "Street Flooding (SJ)", "created_date": "2012-02-14T20:38:00.000", "agency": "DEP", "incident_address": "180 INDIA STREET", "borough": "BROOKLYN", "source": "nyc_311_soda_76ig-c548", "hazard": "pluvial_311", "official_identity_verified": true}, "geometry": {"type": "Point", "coordinates": [-73.9528154315158, 40.73248740606706]}}, {"type": "Feature", "properties": {"unique_key": "22714593", "complaint_type": "Sewer", "descriptor": "Street Flooding (SJ)", "created_date": "2012-02-14T12:51:00.000", "agency": "DEP", "incident_address": null, "borough": "MANHATTAN", "source": "nyc_311_soda_76ig-c548", "hazard": "pluvial_311", "official_identity_verified": true}, "geometry": {"type": "Point", "coordinates": [-73.98797177444611, 40.72391359257348]}}, {"type": "Feature", "properties": {"unique_key": "22750615", "complaint_type": "Sewer", "descriptor": "Street Flooding (SJ)", "created_date": "2012-02-21T10:00:00.000", "agency": "DEP", "incident_address": null, "borough": "MANHATTAN", "source": "nyc_311_soda_76ig-c548", "hazard": "pluvial_311", "official_identity_verified": true}, "geometry": {"type": "Point", "coordinates": [-73.998487869284, 40.74529309693587]}}, {"type": "Feature", "properties": {"unique_key": "22770271", "complaint_type": "Sewer", "descriptor": "Street Flooding (SJ)", "created_date": "2012-02-24T14:13:00.000", "agency": "DEP", "incident_address": null, "borough": "MANHATTAN", "source": "nyc_311_soda_76ig-c548", "hazard": "pluvial_311", "official_identity_verified": true}, "geometry": {"type": "Point", "coordinates": [-73.98064518430348, 40.73377999149737]}}, {"type": "Feature", "properties": {"unique_key": "22771103", "complaint_type": "Sewer", "descriptor": "Street Flooding (SJ)", "created_date": "2012-02-24T17:02:00.000", "agency": "DEP", "incident_address": "276 PUTNAM AVENUE", "borough": "BROOKLYN", "source": "nyc_311_soda_76ig-c548", "hazard": "pluvial_311", "official_identity_verified": true}, "geometry": {"type": "Point", "coordinates": [-73.94965153308651, 40.68406843351083]}}, {"type": "Feature", "properties": {"unique_key": "22787975", "complaint_type": "Sewer", "descriptor": "Street Flooding (SJ)", "created_date": "2012-02-27T13:42:00.000", "agency": "DEP", "incident_address": "245 EAST   61 STREET", "borough": "MANHATTAN", "source": "nyc_311_soda_76ig-c548", "hazard": "pluvial_311", "official_identity_verified": true}, "geometry": {"type": "Point", "coordinates": [-73.96462367141211, 40.76237372015896]}}, {"type": "Feature", "properties": {"unique_key": "22795429", "complaint_type": "Sewer", "descriptor": "Street Flooding (SJ)", "created_date": "2012-02-29T12:11:00.000", "agency": "DEP", "incident_address": null, "borough": "MANHATTAN", "source": "nyc_311_soda_76ig-c548", "hazard": "pluvial_311", "official_identity_verified": true}, "geometry": {"type": "Point", "coordinates": [-73.97313367344907, 40.78517106970749]}}, {"type": "Feature", "properties": {"unique_key": "22808947", "complaint_type": "Sewer", "descriptor": "Street Flooding (SJ)", "created_date": "2012-03-02T13:22:00.000", "agency": "DEP", "incident_address": "394 JEFFERSON AVENUE", "borough": "BROOKLYN", "source": "nyc_311_soda_76ig-c548", "hazard": "pluvial_311", "official_identity_verified": true}, "geometry": {"type": "Point", "coordinates": [-73.94224916491902, 40.6841720026474]}}, {"type": "Feature", "properties": {"unique_key": "22812440", "complaint_type": "Sewer", "descriptor": "Street Flooding (SJ)", "created_date": "2012-03-03T10:46:00.000", "agency": "DEP", "incident_address": null, "borough": "MANHATTAN", "source": "nyc_311_soda_76ig-c548", "hazard": "pluvial_311", "official_identity_verified": true}, "geometry": {"type": "Point", "coordinates": [-73.97805319609124, 40.737553562500736]}}, {"type": "Feature", "properties": {"unique_key": "22813318", "complaint_type": "Sewer", "descriptor": "Street Flooding (SJ)", "created_date": "2012-03-03T16:22:00.000", "agency": "DEP", "incident_address": null, "borough": "MANHATTAN", "source": "nyc_311_soda_76ig-c548", "hazard": "pluvial_311", "official_identity_verified": true}, "geometry": {"type": "Point", "coordinates": [-73.97162018437542, 40.74387331944935]}}, {"type": "Feature", "properties": {"unique_key": "22844075", "complaint_type": "Sewer", "descriptor": "Street Flooding (SJ)", "created_date": "2012-03-08T17:09:00.000", "agency": "DEP", "incident_address": "780 7 AVENUE", "borough": "MANHATTAN", "source": "nyc_311_soda_76ig-c548", "hazard": "pluvial_311", "official_identity_verified": true}, "geometry": {"type": "Point", "coordinates": [-73.98291848977368, 40.76158465461891]}}, {"type": "Feature", "properties": {"unique_key": "22846017", "complaint_type": "Sewer", "descriptor": "Street Flooding (SJ)", "created_date": "2012-03-08T17:43:00.000", "agency": "DEP", "incident_address": "810 7 AVENUE", "borough": "MANHATTAN", "source": "nyc_311_soda_76ig-c548", "hazard": "pluvial_311", "official_identity_verified": true}, "geometry": {"type": "Point", "coordinates": [-73.98214571293042, 40.76263851872255]}}, {"type": "Feature", "properties": {"unique_key": "22912426", "complaint_type": "Sewer", "descriptor": "Street Flooding (SJ)", "created_date": "2012-03-20T15:38:00.000", "agency": "DEP", "incident_address": null, "borough": "MANHATTAN", "source": "nyc_311_soda_76ig-c548", "hazard": "pluvial_311", "official_identity_verified": true}, "geometry": {"type": "Point", "coordinates": [-73.96013681333878, 40.76210601492712]}}, {"type": "Feature", "properties": {"unique_key": "22959376", "complaint_type": "Sewer", "descriptor": "Street Flooding (SJ)", "created_date": "2012-03-27T10:35:00.000", "agency": "DEP", "incident_address": "620 6 AVENUE", "borough": "MANHATTAN", "source": "nyc_311_soda_76ig-c548", "hazard": "pluvial_311", "official_identity_verified": true}, "geometry": {"type": "Point", "coordinates": [-73.99484327983828, 40.7400807101446]}}, {"type": "Feature", "properties": {"unique_key": "22963927", "complaint_type": "Sewer", "descriptor": "Street Flooding (SJ)", "created_date": "2012-03-28T15:11:00.000", "agency": "DEP", "incident_address": null, "borough": "MANHATTAN", "source": "nyc_311_soda_76ig-c548", "hazard": "pluvial_311", "official_identity_verified": true}, "geometry": {"type": "Point", "coordinates": [-73.97811527626749, 40.75728557318907]}}, {"type": "Feature", "properties": {"unique_key": "22970103", "complaint_type": "Sewer", "descriptor": "Street Flooding (SJ)", "created_date": "2012-03-29T09:48:00.000", "agency": "DEP", "incident_address": "47 WEST   27 STREET", "borough": "MANHATTAN", "source": "nyc_311_soda_76ig-c548", "hazard": "pluvial_311", "official_identity_verified": true}, "geometry": {"type": "Point", "coordinates": [-73.98969664151036, 40.74489191256202]}}, {"type": "Feature", "properties": {"unique_key": "22989851", "complaint_type": "Sewer", "descriptor": "Street Flooding (SJ)", "created_date": "2012-04-02T09:55:00.000", "agency": "DEP", "incident_address": null, "borough": "MANHATTAN", "source": "nyc_311_soda_76ig-c548", "hazard": "pluvial_311", "official_identity_verified": true}, "geometry": {"type": "Point", "coordinates": [-73.9735728717903, 40.779478591619075]}}, {"type": "Feature", "properties": {"unique_key": "22991572", "complaint_type": "Sewer", "descriptor": "Street Flooding (SJ)", "created_date": "2012-04-02T16:03:00.000", "agency": "DEP", "incident_address": null, "borough": "MANHATTAN", "source": "nyc_311_soda_76ig-c548", "hazard": "pluvial_311", "official_identity_verified": true}, "geometry": {"type": "Point", "coordinates": [-73.95558406794517, 40.77949776479802]}}, {"type": "Feature", "properties": {"unique_key": "23001734", "complaint_type": "Sewer", "descriptor": "Street Flooding (SJ)", "created_date": "2012-04-04T17:32:00.000", "agency": "DEP", "incident_address": "256 WEST   36 STREET", "borough": "MANHATTAN", "source": "nyc_311_soda_76ig-c548", "hazard": "pluvial_311", "official_identity_verified": true}, "geometry": {"type": "Point", "coordinates": [-73.99125823258777, 40.752931408913774]}}, {"type": "Feature", "properties": {"unique_key": "23019093", "complaint_type": "Sewer", "descriptor": "Street Flooding (SJ)", "created_date": "2012-04-07T14:34:00.000", "agency": "DEP", "incident_address": "120 JAVA STREET", "borough": "BROOKLYN", "source": "nyc_311_soda_76ig-c548", "hazard": "pluvial_311", "official_identity_verified": true}, "geometry": {"type": "Point", "coordinates": [-73.95622587861507, 40.73144025659664]}}, {"type": "Feature", "properties": {"unique_key": "23053141", "complaint_type": "Sewer", "descriptor": "Street Flooding (SJ)", "created_date": "2012-04-13T11:01:00.000", "agency": "DEP", "incident_address": null, "borough": "MANHATTAN", "source": "nyc_311_soda_76ig-c548", "hazard": "pluvial_311", "official_identity_verified": true}, "geometry": {"type": "Point", "coordinates": [-73.95878196601016, 40.76399117644479]}}, {"type": "Feature", "properties": {"unique_key": "23053823", "complaint_type": "Sewer", "descriptor": "Street Flooding (SJ)", "created_date": "2012-04-13T16:00:00.000", "agency": "DEP", "incident_address": null, "borough": "MANHATTAN", "source": "nyc_311_soda_76ig-c548", "hazard": "pluvial_311", "official_identity_verified": true}, "geometry": {"type": "Point", "coordinates": [-73.97255342667354, 40.76489830047662]}}, {"type": "Feature", "properties": {"unique_key": "23088928", "complaint_type": "Sewer", "descriptor": "Street Flooding (SJ)", "created_date": "2012-04-19T14:15:00.000", "agency": "DEP", "incident_address": null, "borough": "MANHATTAN", "source": "nyc_311_soda_76ig-c548", "hazard": "pluvial_311", "official_identity_verified": true}, "geometry": {"type": "Point", "coordinates": [-73.97313367344907, 40.78517106970749]}}, {"type": "Feature", "properties": {"unique_key": "23089935", "complaint_type": "Sewer", "descriptor": "Street Flooding (SJ)", "created_date": "2012-04-20T13:27:00.000", "agency": "DEP", "incident_address": null, "borough": "MANHATTAN", "source": "nyc_311_soda_76ig-c548", "hazard": "pluvial_311", "official_identity_verified": true}, "geometry": {"type": "Point", "coordinates": [-73.95878196601016, 40.76399117644479]}}, {"type": "Feature", "properties": {"unique_key": "23097260", "complaint_type": "Sewer", "descriptor": "Street Flooding (SJ)", "created_date": "2012-04-21T21:50:00.000", "agency": "DEP", "incident_address": null, "borough": "MANHATTAN", "source": "nyc_311_soda_76ig-c548", "hazard": "pluvial_311", "official_identity_verified": true}, "geometry": {"type": "Point", "coordinates": [-73.9840483917395, 40.76142287676439]}}, {"type": "Feature", "properties": {"unique_key": "23101505", "complaint_type": "Sewer", "descriptor": "Street Flooding (SJ)", "created_date": "2012-04-22T14:41:00.000", "agency": "DEP", "incident_address": null, "borough": "MANHATTAN", "source": "nyc_311_soda_76ig-c548", "hazard": "pluvial_311", "official_identity_verified": true}, "geometry": {"type": "Point", "coordinates": [-74.00510668394942, 40.74640187237436]}}, {"type": "Feature", "properties": {"unique_key": "23101942", "complaint_type": "Sewer", "descriptor": "Street Flooding (SJ)", "created_date": "2012-04-22T22:32:00.000", "agency": "DEP", "incident_address": null, "borough": "MANHATTAN", "source": "nyc_311_soda_76ig-c548", "hazard": "pluvial_311", "official_identity_verified": true}, "geometry": {"type": "Point", "coordinates": [-73.98064518430348, 40.73377999149737]}}, {"type": "Feature", "properties": {"unique_key": "23112475", "complaint_type": "Sewer", "descriptor": "Street Flooding (SJ)", "created_date": "2012-04-24T07:54:00.000", "agency": "DEP", "incident_address": null, "borough": "QUEENS", "source": "nyc_311_soda_76ig-c548", "hazard": "pluvial_311", "official_identity_verified": true}, "geometry": {"type": "Point", "coordinates": [-73.94992649254901, 40.74044322612856]}}, {"type": "Feature", "properties": {"unique_key": "23120783", "complaint_type": "Sewer", "descriptor": "Street Flooding (SJ)", "created_date": "2012-04-25T14:36:00.000", "agency": "DEP", "incident_address": null, "borough": "MANHATTAN", "source": "nyc_311_soda_76ig-c548", "hazard": "pluvial_311", "official_identity_verified": true}, "geometry": {"type": "Point", "coordinates": [-73.97082869895915, 40.79595730280253]}}, {"type": "Feature", "properties": {"unique_key": "23128430", "complaint_type": "Sewer", "descriptor": "Street Flooding (SJ)", "created_date": "2012-04-26T15:11:00.000", "agency": "DEP", "incident_address": null, "borough": "MANHATTAN", "source": "nyc_311_soda_76ig-c548", "hazard": "pluvial_311", "official_identity_verified": true}, "geometry": {"type": "Point", "coordinates": [-73.9776872186457, 40.76364506199491]}}, {"type": "Feature", "properties": {"unique_key": "23130910", "complaint_type": "Sewer", "descriptor": "Street Flooding (SJ)", "created_date": "2012-04-27T16:43:00.000", "agency": "DEP", "incident_address": "508 EAST   11 STREET", "borough": "MANHATTAN", "source": "nyc_311_soda_76ig-c548", "hazard": "pluvial_311", "official_identity_verified": true}, "geometry": {"type": "Point", "coordinates": [-73.9813142709326, 40.72823569676806]}}, {"type": "Feature", "properties": {"unique_key": "23134150", "complaint_type": "Sewer", "descriptor": "Street Flooding (SJ)", "created_date": "2012-04-27T10:22:00.000", "agency": "DEP", "incident_address": null, "borough": "MANHATTAN", "source": "nyc_311_soda_76ig-c548", "hazard": "pluvial_311", "official_identity_verified": true}, "geometry": {"type": "Point", "coordinates": [-73.95649484495578, 40.7671193411266]}}, {"type": "Feature", "properties": {"unique_key": "23134944", "complaint_type": "Sewer", "descriptor": "Street Flooding (SJ)", "created_date": "2012-04-27T10:43:00.000", "agency": "DEP", "incident_address": null, "borough": "MANHATTAN", "source": "nyc_311_soda_76ig-c548", "hazard": "pluvial_311", "official_identity_verified": true}, "geometry": {"type": "Point", "coordinates": [-73.97313367344907, 40.78517106970749]}}, {"type": "Feature", "properties": {"unique_key": "23151405", "complaint_type": "Sewer", "descriptor": "Street Flooding (SJ)", "created_date": "2012-05-01T07:51:00.000", "agency": "DEP", "incident_address": null, "borough": "MANHATTAN", "source": "nyc_311_soda_76ig-c548", "hazard": "pluvial_311", "official_identity_verified": true}, "geometry": {"type": "Point", "coordinates": [-73.98064518430348, 40.73377999149737]}}, {"type": "Feature", "properties": {"unique_key": "23151430", "complaint_type": "Sewer", "descriptor": "Street Flooding (SJ)", "created_date": "2012-05-01T11:03:00.000", "agency": "DEP", "incident_address": "201 EAST   33 STREET", "borough": "MANHATTAN", "source": "nyc_311_soda_76ig-c548", "hazard": "pluvial_311", "official_identity_verified": true}, "geometry": {"type": "Point", "coordinates": [-73.9782636934084, 40.74492051459423]}}, {"type": "Feature", "properties": {"unique_key": "23152232", "complaint_type": "Sewer", "descriptor": "Street Flooding (SJ)", "created_date": "2012-05-01T07:51:00.000", "agency": "DEP", "incident_address": "315 1 AVENUE", "borough": "MANHATTAN", "source": "nyc_311_soda_76ig-c548", "hazard": "pluvial_311", "official_identity_verified": true}, "geometry": {"type": "Point", "coordinates": [-73.98056937440188, 40.73390349266078]}}, {"type": "Feature", "properties": {"unique_key": "23153843", "complaint_type": "Sewer", "descriptor": "Street Flooding (SJ)", "created_date": "2012-05-01T10:21:00.000", "agency": "DEP", "incident_address": "47 3 AVENUE", "borough": "MANHATTAN", "source": "nyc_311_soda_76ig-c548", "hazard": "pluvial_311", "official_identity_verified": true}, "geometry": {"type": "Point", "coordinates": [-73.98897719520127, 40.73080852129844]}}, {"type": "Feature", "properties": {"unique_key": "23153852", "complaint_type": "Sewer", "descriptor": "Street Flooding (SJ)", "created_date": "2012-05-01T11:47:00.000", "agency": "DEP", "incident_address": "519 HUDSON STREET", "borough": "MANHATTAN", "source": "nyc_311_soda_76ig-c548", "hazard": "pluvial_311", "official_identity_verified": true}, "geometry": {"type": "Point", "coordinates": [-74.00628563064242, 40.733847320571705]}}, {"type": "Feature", "properties": {"unique_key": "23155657", "complaint_type": "Sewer", "descriptor": "Street Flooding (SJ)", "created_date": "2012-05-01T17:52:00.000", "agency": "DEP", "incident_address": "49-03 5 STREET", "borough": "QUEENS", "source": "nyc_311_soda_76ig-c548", "hazard": "pluvial_311", "official_identity_verified": true}, "geometry": {"type": "Point", "coordinates": [-73.9562358308549, 40.743755966359416]}}, {"type": "Feature", "properties": {"unique_key": "23157292", "complaint_type": "Sewer", "descriptor": "Street Flooding (SJ)", "created_date": "2012-05-01T13:24:00.000", "agency": "DEP", "incident_address": null, "borough": "MANHATTAN", "source": "nyc_311_soda_76ig-c548", "hazard": "pluvial_311", "official_identity_verified": true}, "geometry": {"type": "Point", "coordinates": [-73.9998520871173, 40.72179252277204]}}, {"type": "Feature", "properties": {"unique_key": "23173557", "complaint_type": "Sewer", "descriptor": "Street Flooding (SJ)", "created_date": "2012-05-04T10:55:00.000", "agency": "DEP", "incident_address": "514 EAST   89 STREET", "borough": "MANHATTAN", "source": "nyc_311_soda_76ig-c548", "hazard": "pluvial_311", "official_identity_verified": true}, "geometry": {"type": "Point", "coordinates": [-73.94510721698148, 40.77759389264503]}}, {"type": "Feature", "properties": {"unique_key": "23183588", "complaint_type": "Sewer", "descriptor": "Street Flooding (SJ)", "created_date": "2012-05-06T23:01:00.000", "agency": "DEP", "incident_address": null, "borough": "MANHATTAN", "source": "nyc_311_soda_76ig-c548", "hazard": "pluvial_311", "official_identity_verified": true}, "geometry": {"type": "Point", "coordinates": [-73.98321420935301, 40.76270729792608]}}, {"type": "Feature", "properties": {"unique_key": "23193206", "complaint_type": "Sewer", "descriptor": "Street Flooding (SJ)", "created_date": "2012-05-08T06:43:00.000", "agency": "DEP", "incident_address": null, "borough": "MANHATTAN", "source": "nyc_311_soda_76ig-c548", "hazard": "pluvial_311", "official_identity_verified": true}, "geometry": {"type": "Point", "coordinates": [-73.98441345655955, 40.77480902588772]}}, {"type": "Feature", "properties": {"unique_key": "23201329", "complaint_type": "Sewer", "descriptor": "Street Flooding (SJ)", "created_date": "2012-05-09T11:38:00.000", "agency": "DEP", "incident_address": "551 MYRTLE AVENUE", "borough": "BROOKLYN", "source": "nyc_311_soda_76ig-c548", "hazard": "pluvial_311", "official_identity_verified": true}, "geometry": {"type": "Point", "coordinates": [-73.96204556915735, 40.693891232785575]}}, {"type": "Feature", "properties": {"unique_key": "23202317", "complaint_type": "Sewer", "descriptor": "Street Flooding (SJ)", "created_date": "2012-05-09T08:13:00.000", "agency": "DEP", "incident_address": null, "borough": "MANHATTAN", "source": "nyc_311_soda_76ig-c548", "hazard": "pluvial_311", "official_identity_verified": true}, "geometry": {"type": "Point", "coordinates": [-73.97878610142489, 40.74768457445487]}}, {"type": "Feature", "properties": {"unique_key": "23206831", "complaint_type": "Sewer", "descriptor": "Street Flooding (SJ)", "created_date": "2012-05-10T08:35:00.000", "agency": "DEP", "incident_address": "994 BEDFORD AVENUE", "borough": "BROOKLYN", "source": "nyc_311_soda_76ig-c548", "hazard": "pluvial_311", "official_identity_verified": true}, "geometry": {"type": "Point", "coordinates": [-73.95548421182353, 40.691218221365276]}}, {"type": "Feature", "properties": {"unique_key": "23208294", "complaint_type": "Sewer", "descriptor": "Street Flooding (SJ)", "created_date": "2012-05-10T15:38:00.000", "agency": "DEP", "incident_address": "203 WEST   28 STREET", "borough": "MANHATTAN", "source": "nyc_311_soda_76ig-c548", "hazard": "pluvial_311", "official_identity_verified": true}, "geometry": {"type": "Point", "coordinates": [-73.99382135729188, 40.74744207968947]}}, {"type": "Feature", "properties": {"unique_key": "23214446", "complaint_type": "Sewer", "descriptor": "Street Flooding (SJ)", "created_date": "2012-05-11T14:14:00.000", "agency": "DEP", "incident_address": "510 EAST   11 STREET", "borough": "MANHATTAN", "source": "nyc_311_soda_76ig-c548", "hazard": "pluvial_311", "official_identity_verified": true}, "geometry": {"type": "Point", "coordinates": [-73.98128180296732, 40.728221967714056]}}, {"type": "Feature", "properties": {"unique_key": "23239198", "complaint_type": "Sewer", "descriptor": "Street Flooding (SJ)", "created_date": "2012-05-16T08:41:00.000", "agency": "DEP", "incident_address": null, "borough": "MANHATTAN", "source": "nyc_311_soda_76ig-c548", "hazard": "pluvial_311", "official_identity_verified": true}, "geometry": {"type": "Point", "coordinates": [-73.95878196601016, 40.76399117644479]}}, {"type": "Feature", "properties": {"unique_key": "23240089", "complaint_type": "Sewer", "descriptor": "Street Flooding (SJ)", "created_date": "2012-05-16T12:05:00.000", "agency": "DEP", "incident_address": "805 COLUMBUS AVENUE", "borough": "MANHATTAN", "source": "nyc_311_soda_76ig-c548", "hazard": "pluvial_311", "official_identity_verified": true}, "geometry": {"type": "Point", "coordinates": [-73.96591732128529, 40.795044705128674]}}, {"type": "Feature", "properties": {"unique_key": "23255795", "complaint_type": "Sewer", "descriptor": "Street Flooding (SJ)", "created_date": "2012-05-18T08:53:00.000", "agency": "DEP", "incident_address": null, "borough": "MANHATTAN", "source": "nyc_311_soda_76ig-c548", "hazard": "pluvial_311", "official_identity_verified": true}, "geometry": {"type": "Point", "coordinates": [-73.95417815370344, 40.7814295082462]}}, {"type": "Feature", "properties": {"unique_key": "23266220", "complaint_type": "Sewer", "descriptor": "Street Flooding (SJ)", "created_date": "2012-05-21T10:23:00.000", "agency": "DEP", "incident_address": null, "borough": "BROOKLYN", "source": "nyc_311_soda_76ig-c548", "hazard": "pluvial_311", "official_identity_verified": true}, "geometry": {"type": "Point", "coordinates": [-73.9598257101378, 40.73327506497217]}}, {"type": "Feature", "properties": {"unique_key": "23268850", "complaint_type": "Sewer", "descriptor": "Street Flooding (SJ)", "created_date": "2012-05-21T15:13:00.000", "agency": "DEP", "incident_address": null, "borough": "MANHATTAN", "source": "nyc_311_soda_76ig-c548", "hazard": "pluvial_311", "official_identity_verified": true}, "geometry": {"type": "Point", "coordinates": [-73.97625168087505, 40.74002622677229]}}, {"type": "Feature", "properties": {"unique_key": "23270802", "complaint_type": "Sewer", "descriptor": "Street Flooding (SJ)", "created_date": "2012-05-21T09:34:00.000", "agency": "DEP", "incident_address": null, "borough": "QUEENS", "source": "nyc_311_soda_76ig-c548", "hazard": "pluvial_311", "official_identity_verified": true}, "geometry": {"type": "Point", "coordinates": [-73.94282314326617, 40.75065038864625]}}, {"type": "Feature", "properties": {"unique_key": "23272405", "complaint_type": "Sewer", "descriptor": "Street Flooding (SJ)", "created_date": "2012-05-21T09:14:00.000", "agency": "DEP", "incident_address": "345 WEST   70 STREET", "borough": "MANHATTAN", "source": "nyc_311_soda_76ig-c548", "hazard": "pluvial_311", "official_identity_verified": true}, "geometry": {"type": "Point", "coordinates": [-73.98710965623687, 40.77918172473125]}}, {"type": "Feature", "properties": {"unique_key": "23272413", "complaint_type": "Sewer", "descriptor": "Street Flooding (SJ)", "created_date": "2012-05-21T10:44:00.000", "agency": "DEP", "incident_address": "168 HOYT STREET", "borough": "BROOKLYN", "source": "nyc_311_soda_76ig-c548", "hazard": "pluvial_311", "official_identity_verified": true}, "geometry": {"type": "Point", "coordinates": [-73.98873233716583, 40.68520974270374]}}, {"type": "Feature", "properties": {"unique_key": "23273602", "complaint_type": "Sewer", "descriptor": "Street Flooding (SJ)", "created_date": "2012-05-22T07:01:00.000", "agency": "DEP", "incident_address": null, "borough": "MANHATTAN", "source": "nyc_311_soda_76ig-c548", "hazard": "pluvial_311", "official_identity_verified": true}, "geometry": {"type": "Point", "coordinates": [-74.00098843369604, 40.71793064247224]}}, {"type": "Feature", "properties": {"unique_key": "23275856", "complaint_type": "Sewer", "descriptor": "Street Flooding (SJ)", "created_date": "2012-05-22T14:46:00.000", "agency": "DEP", "incident_address": null, "borough": "MANHATTAN", "source": "nyc_311_soda_76ig-c548", "hazard": "pluvial_311", "official_identity_verified": true}, "geometry": {"type": "Point", "coordinates": [-74.0031713874068, 40.72766625995301]}}, {"type": "Feature", "properties": {"unique_key": "23281261", "complaint_type": "Sewer", "descriptor": "Street Flooding (SJ)", "created_date": "2012-05-22T15:34:00.000", "agency": "DEP", "incident_address": null, "borough": "MANHATTAN", "source": "nyc_311_soda_76ig-c548", "hazard": "pluvial_311", "official_identity_verified": true}, "geometry": {"type": "Point", "coordinates": [-73.99995671087599, 40.71801847902286]}}, {"type": "Feature", "properties": {"unique_key": "23282238", "complaint_type": "Sewer", "descriptor": "Street Flooding (SJ)", "created_date": "2012-05-23T17:55:00.000", "agency": "DEP", "incident_address": "40 EXCHANGE PLACE", "borough": "MANHATTAN", "source": "nyc_311_soda_76ig-c548", "hazard": "pluvial_311", "official_identity_verified": true}, "geometry": {"type": "Point", "coordinates": [-74.01028291064266, 40.705938321966826]}}, {"type": "Feature", "properties": {"unique_key": "23284138", "complaint_type": "Sewer", "descriptor": "Street Flooding (SJ)", "created_date": "2012-05-23T12:19:00.000", "agency": "DEP", "incident_address": "805 COLUMBUS AVENUE", "borough": "MANHATTAN", "source": "nyc_311_soda_76ig-c548", "hazard": "pluvial_311", "official_identity_verified": true}, "geometry": {"type": "Point", "coordinates": [-73.96591732128529, 40.795044705128674]}}, {"type": "Feature", "properties": {"unique_key": "23288566", "complaint_type": "Sewer", "descriptor": "Street Flooding (SJ)", "created_date": "2012-05-23T15:23:00.000", "agency": "DEP", "incident_address": "20 WEST   77 STREET", "borough": "MANHATTAN", "source": "nyc_311_soda_76ig-c548", "hazard": "pluvial_311", "official_identity_verified": true}, "geometry": {"type": "Point", "coordinates": [-73.97437794691692, 40.77979990751888]}}, {"type": "Feature", "properties": {"unique_key": "23290246", "complaint_type": "Sewer", "descriptor": "Street Flooding (SJ)", "created_date": "2012-05-24T12:35:00.000", "agency": "DEP", "incident_address": null, "borough": "MANHATTAN", "source": "nyc_311_soda_76ig-c548", "hazard": "pluvial_311", "official_identity_verified": true}, "geometry": {"type": "Point", "coordinates": [-74.01255292828846, 40.71314584432086]}}, {"type": "Feature", "properties": {"unique_key": "23292705", "complaint_type": "Sewer", "descriptor": "Street Flooding (SJ)", "created_date": "2012-05-24T12:24:00.000", "agency": "DEP", "incident_address": null, "borough": "MANHATTAN", "source": "nyc_311_soda_76ig-c548", "hazard": "pluvial_311", "official_identity_verified": true}, "geometry": {"type": "Point", "coordinates": [-73.97445687774159, 40.76229397770745]}}, {"type": "Feature", "properties": {"unique_key": "23299393", "complaint_type": "Sewer", "descriptor": "Street Flooding (SJ)", "created_date": "2012-05-25T08:08:00.000", "agency": "DEP", "incident_address": null, "borough": "MANHATTAN", "source": "nyc_311_soda_76ig-c548", "hazard": "pluvial_311", "official_identity_verified": true}, "geometry": {"type": "Point", "coordinates": [-73.99248966793999, 40.71508134044143]}}, {"type": "Feature", "properties": {"unique_key": "23301050", "complaint_type": "Sewer", "descriptor": "Street Flooding (SJ)", "created_date": "2012-05-25T18:40:00.000", "agency": "DEP", "incident_address": null, "borough": "MANHATTAN", "source": "nyc_311_soda_76ig-c548", "hazard": "pluvial_311", "official_identity_verified": true}, "geometry": {"type": "Point", "coordinates": [-73.98797177444611, 40.72391359257348]}}, {"type": "Feature", "properties": {"unique_key": "23311616", "complaint_type": "Sewer", "descriptor": "Street Flooding (SJ)", "created_date": "2012-05-28T17:51:00.000", "agency": "DEP", "incident_address": null, "borough": "MANHATTAN", "source": "nyc_311_soda_76ig-c548", "hazard": "pluvial_311", "official_identity_verified": true}, "geometry": {"type": "Point", "coordinates": [-73.998487869284, 40.74529309693587]}}, {"type": "Feature", "properties": {"unique_key": "23327932", "complaint_type": "Sewer", "descriptor": "Street Flooding (SJ)", "created_date": "2012-05-30T14:39:00.000", "agency": "DEP", "incident_address": "747 9 AVENUE", "borough": "MANHATTAN", "source": "nyc_311_soda_76ig-c548", "hazard": "pluvial_311", "official_identity_verified": true}, "geometry": {"type": "Point", "coordinates": [-73.9887695891026, 40.7637482307877]}}, {"type": "Feature", "properties": {"unique_key": "23328990", "complaint_type": "Sewer", "descriptor": "Street Flooding (SJ)", "created_date": "2012-05-30T19:18:00.000", "agency": "DEP", "incident_address": null, "borough": "MANHATTAN", "source": "nyc_311_soda_76ig-c548", "hazard": "pluvial_311", "official_identity_verified": true}, "geometry": {"type": "Point", "coordinates": [-73.97082869895915, 40.79595730280253]}}, {"type": "Feature", "properties": {"unique_key": "23332255", "complaint_type": "Sewer", "descriptor": "Street Flooding (SJ)", "created_date": "2012-05-31T10:29:00.000", "agency": "DEP", "incident_address": null, "borough": "MANHATTAN", "source": "nyc_311_soda_76ig-c548", "hazard": "pluvial_311", "official_identity_verified": true}, "geometry": {"type": "Point", "coordinates": [-73.9656281806636, 40.79545632865123]}}, {"type": "Feature", "properties": {"unique_key": "23347522", "complaint_type": "Sewer", "descriptor": "Street Flooding (SJ)", "created_date": "2012-06-02T16:53:00.000", "agency": "DEP", "incident_address": null, "borough": "MANHATTAN", "source": "nyc_311_soda_76ig-c548", "hazard": "pluvial_311", "official_identity_verified": true}, "geometry": {"type": "Point", "coordinates": [-73.97162018437542, 40.74387331944935]}}, {"type": "Feature", "properties": {"unique_key": "23349090", "complaint_type": "Sewer", "descriptor": "Street Flooding (SJ)", "created_date": "2012-06-02T14:41:00.000", "agency": "DEP", "incident_address": null, "borough": "MANHATTAN", "source": "nyc_311_soda_76ig-c548", "hazard": "pluvial_311", "official_identity_verified": true}, "geometry": {"type": "Point", "coordinates": [-73.97082869895915, 40.79595730280253]}}, {"type": "Feature", "properties": {"unique_key": "23356293", "complaint_type": "Sewer", "descriptor": "Street Flooding (SJ)", "created_date": "2012-06-04T13:44:00.000", "agency": "DEP", "incident_address": null, "borough": "MANHATTAN", "source": "nyc_311_soda_76ig-c548", "hazard": "pluvial_311", "official_identity_verified": true}, "geometry": {"type": "Point", "coordinates": [-73.99207740961194, 40.754092495854586]}}, {"type": "Feature", "properties": {"unique_key": "23356294", "complaint_type": "Sewer", "descriptor": "Street Flooding (SJ)", "created_date": "2012-06-04T13:13:00.000", "agency": "DEP", "incident_address": null, "borough": "MANHATTAN", "source": "nyc_311_soda_76ig-c548", "hazard": "pluvial_311", "official_identity_verified": true}, "geometry": {"type": "Point", "coordinates": [-73.99547346072606, 40.75962608520787]}}, {"type": "Feature", "properties": {"unique_key": "23400634", "complaint_type": "Sewer", "descriptor": "Street Flooding (SJ)", "created_date": "2012-06-11T08:57:00.000", "agency": "DEP", "incident_address": "519 HUDSON STREET", "borough": "MANHATTAN", "source": "nyc_311_soda_76ig-c548", "hazard": "pluvial_311", "official_identity_verified": true}, "geometry": {"type": "Point", "coordinates": [-74.00628563064242, 40.733847320571705]}}, {"type": "Feature", "properties": {"unique_key": "23404717", "complaint_type": "Sewer", "descriptor": "Street Flooding (SJ)", "created_date": "2012-06-12T18:18:00.000", "agency": "DEP", "incident_address": "40 WEST   17 STREET", "borough": "MANHATTAN", "source": "nyc_311_soda_76ig-c548", "hazard": "pluvial_311", "official_identity_verified": true}, "geometry": {"type": "Point", "coordinates": [-73.99360567544107, 40.73848869200169]}}, {"type": "Feature", "properties": {"unique_key": "23408998", "complaint_type": "Sewer", "descriptor": "Street Flooding (SJ)", "created_date": "2012-06-12T07:53:00.000", "agency": "DEP", "incident_address": "145 3 AVENUE", "borough": "MANHATTAN", "source": "nyc_311_soda_76ig-c548", "hazard": "pluvial_311", "official_identity_verified": true}, "geometry": {"type": "Point", "coordinates": [-73.9867431599283, 40.73387143183665]}}, {"type": "Feature", "properties": {"unique_key": "23417738", "complaint_type": "Sewer", "descriptor": "Street Flooding (SJ)", "created_date": "2012-06-13T08:26:00.000", "agency": "DEP", "incident_address": "22 WEST   26 STREET", "borough": "MANHATTAN", "source": "nyc_311_soda_76ig-c548", "hazard": "pluvial_311", "official_identity_verified": true}, "geometry": {"type": "Point", "coordinates": [-73.98960655305481, 40.744035542509266]}}, {"type": "Feature", "properties": {"unique_key": "23445257", "complaint_type": "Sewer", "descriptor": "Street Flooding (SJ)", "created_date": "2012-06-18T14:04:00.000", "agency": "DEP", "incident_address": "27 3 AVENUE", "borough": "MANHATTAN", "source": "nyc_311_soda_76ig-c548", "hazard": "pluvial_311", "official_identity_verified": true}, "geometry": {"type": "Point", "coordinates": [-73.98973145499056, 40.72975186023805]}}, {"type": "Feature", "properties": {"unique_key": "23446284", "complaint_type": "Sewer", "descriptor": "Street Flooding (SJ)", "created_date": "2012-06-18T14:06:00.000", "agency": "DEP", "incident_address": "95 EAST   10 STREET", "borough": "MANHATTAN", "source": "nyc_311_soda_76ig-c548", "hazard": "pluvial_311", "official_identity_verified": true}, "geometry": {"type": "Point", "coordinates": [-73.9893921180059, 40.73087717914658]}}, {"type": "Feature", "properties": {"unique_key": "23470389", "complaint_type": "Sewer", "descriptor": "Street Flooding (SJ)", "created_date": "2012-06-21T17:06:00.000", "agency": "DEP", "incident_address": "151 WEST   17 STREET", "borough": "MANHATTAN", "source": "nyc_311_soda_76ig-c548", "hazard": "pluvial_311", "official_identity_verified": true}, "geometry": {"type": "Point", "coordinates": [-73.99687855150695, 40.73988590592935]}}, {"type": "Feature", "properties": {"unique_key": "23474507", "complaint_type": "Sewer", "descriptor": "Street Flooding (SJ)", "created_date": "2012-06-22T10:21:00.000", "agency": "DEP", "incident_address": "1984 3 AVENUE", "borough": "MANHATTAN", "source": "nyc_311_soda_76ig-c548", "hazard": "pluvial_311", "official_identity_verified": true}, "geometry": {"type": "Point", "coordinates": [-73.94321603623875, 40.79358928425334]}}, {"type": "Feature", "properties": {"unique_key": "23478255", "complaint_type": "Sewer", "descriptor": "Street Flooding (SJ)", "created_date": "2012-06-22T16:46:00.000", "agency": "DEP", "incident_address": "680 DEAN STREET", "borough": "BROOKLYN", "source": "nyc_311_soda_76ig-c548", "hazard": "pluvial_311", "official_identity_verified": true}, "geometry": {"type": "Point", "coordinates": [-73.96740741903177, 40.68006471973586]}}, {"type": "Feature", "properties": {"unique_key": "23479215", "complaint_type": "Sewer", "descriptor": "Street Flooding (SJ)", "created_date": "2012-06-22T14:39:00.000", "agency": "DEP", "incident_address": "206 LIVINGSTON STREET", "borough": "BROOKLYN", "source": "nyc_311_soda_76ig-c548", "hazard": "pluvial_311", "official_identity_verified": true}, "geometry": {"type": "Point", "coordinates": [-73.98601272727498, 40.68973008162397]}}, {"type": "Feature", "properties": {"unique_key": "23486994", "complaint_type": "Sewer", "descriptor": "Street Flooding (SJ)", "created_date": "2012-06-24T14:29:00.000", "agency": "DEP", "incident_address": null, "borough": "MANHATTAN", "source": "nyc_311_soda_76ig-c548", "hazard": "pluvial_311", "official_identity_verified": true}, "geometry": {"type": "Point", "coordinates": [-73.96803988436746, 40.79724933044181]}}, {"type": "Feature", "properties": {"unique_key": "23488789", "complaint_type": "Sewer", "descriptor": "Street Flooding (SJ)", "created_date": "2012-06-25T09:13:00.000", "agency": "DEP", "incident_address": "1036 PARK AVENUE", "borough": "MANHATTAN", "source": "nyc_311_soda_76ig-c548", "hazard": "pluvial_311", "official_identity_verified": true}, "geometry": {"type": "Point", "coordinates": [-73.95731327755432, 40.78003364182419]}}, {"type": "Feature", "properties": {"unique_key": "23493472", "complaint_type": "Sewer", "descriptor": "Street Flooding (SJ)", "created_date": "2012-06-25T09:54:00.000", "agency": "DEP", "incident_address": "299 ADELPHI STREET", "borough": "BROOKLYN", "source": "nyc_311_soda_76ig-c548", "hazard": "pluvial_311", "official_identity_verified": true}, "geometry": {"type": "Point", "coordinates": [-73.97093697947665, 40.688568968719295]}}, {"type": "Feature", "properties": {"unique_key": "23498405", "complaint_type": "Sewer", "descriptor": "Street Flooding (SJ)", "created_date": "2012-06-26T17:09:00.000", "agency": "DEP", "incident_address": "197 EAST   76 STREET", "borough": "MANHATTAN", "source": "nyc_311_soda_76ig-c548", "hazard": "pluvial_311", "official_identity_verified": true}, "geometry": {"type": "Point", "coordinates": [-73.95898973728849, 40.77245877553412]}}, {"type": "Feature", "properties": {"unique_key": "23505458", "complaint_type": "Sewer", "descriptor": "Street Flooding (SJ)", "created_date": "2012-06-27T17:44:00.000", "agency": "DEP", "incident_address": null, "borough": "MANHATTAN", "source": "nyc_311_soda_76ig-c548", "hazard": "pluvial_311", "official_identity_verified": true}, "geometry": {"type": "Point", "coordinates": [-73.99263277459292, 40.75842923013922]}}, {"type": "Feature", "properties": {"unique_key": "23507357", "complaint_type": "Sewer", "descriptor": "Street Flooding (SJ)", "created_date": "2012-06-27T17:19:00.000", "agency": "DEP", "incident_address": "355 EAST   72 STREET", "borough": "MANHATTAN", "source": "nyc_311_soda_76ig-c548", "hazard": "pluvial_311", "official_identity_verified": true}, "geometry": {"type": "Point", "coordinates": [-73.95707171922261, 40.76826685921193]}}, {"type": "Feature", "properties": {"unique_key": "23577175", "complaint_type": "Sewer", "descriptor": "Street Flooding (SJ)", "created_date": "2012-07-08T04:25:00.000", "agency": "DEP", "incident_address": "BROADWAY", "borough": "MANHATTAN", "source": "nyc_311_soda_76ig-c548", "hazard": "pluvial_311", "official_identity_verified": true}, "geometry": {"type": "Point", "coordinates": [-73.98064537454871, 40.78281484964222]}}, {"type": "Feature", "properties": {"unique_key": "23577719", "complaint_type": "Sewer", "descriptor": "Street Flooding (SJ)", "created_date": "2012-07-09T15:19:00.000", "agency": "DEP", "incident_address": null, "borough": "MANHATTAN", "source": "nyc_311_soda_76ig-c548", "hazard": "pluvial_311", "official_identity_verified": true}, "geometry": {"type": "Point", "coordinates": [-73.97082869895915, 40.79595730280253]}}, {"type": "Feature", "properties": {"unique_key": "23582715", "complaint_type": "Sewer", "descriptor": "Street Flooding (SJ)", "created_date": "2012-07-09T17:07:00.000", "agency": "DEP", "incident_address": null, "borough": "MANHATTAN", "source": "nyc_311_soda_76ig-c548", "hazard": "pluvial_311", "official_identity_verified": true}, "geometry": {"type": "Point", "coordinates": [-73.95649484495578, 40.7671193411266]}}, {"type": "Feature", "properties": {"unique_key": "23591475", "complaint_type": "Sewer", "descriptor": "Street Flooding (SJ)", "created_date": "2012-07-10T15:18:00.000", "agency": "DEP", "incident_address": null, "borough": "MANHATTAN", "source": "nyc_311_soda_76ig-c548", "hazard": "pluvial_311", "official_identity_verified": true}, "geometry": {"type": "Point", "coordinates": [-73.98483656256414, 40.72426729609781]}}, {"type": "Feature", "properties": {"unique_key": "23606225", "complaint_type": "Sewer", "descriptor": "Street Flooding (SJ)", "created_date": "2012-07-12T17:48:00.000", "agency": "DEP", "incident_address": "16 EAST   92 STREET", "borough": "MANHATTAN", "source": "nyc_311_soda_76ig-c548", "hazard": "pluvial_311", "official_identity_verified": true}, "geometry": {"type": "Point", "coordinates": [-73.95696339922924, 40.78505088681696]}}, {"type": "Feature", "properties": {"unique_key": "23611294", "complaint_type": "Sewer", "descriptor": "Street Flooding (SJ)", "created_date": "2012-07-13T14:17:00.000", "agency": "DEP", "incident_address": null, "borough": "MANHATTAN", "source": "nyc_311_soda_76ig-c548", "hazard": "pluvial_311", "official_identity_verified": true}, "geometry": {"type": "Point", "coordinates": [-74.00116543947316, 40.731775196703985]}}, {"type": "Feature", "properties": {"unique_key": "23630395", "complaint_type": "Sewer", "descriptor": "Street Flooding (SJ)", "created_date": "2012-07-17T06:58:00.000", "agency": "DEP", "incident_address": null, "borough": "BROOKLYN", "source": "nyc_311_soda_76ig-c548", "hazard": "pluvial_311", "official_identity_verified": true}, "geometry": {"type": "Point", "coordinates": [-73.97364906746448, 40.687301537667985]}}, {"type": "Feature", "properties": {"unique_key": "23640516", "complaint_type": "Sewer", "descriptor": "Street Flooding (SJ)", "created_date": "2012-07-18T09:15:00.000", "agency": "DEP", "incident_address": "355 EAST   72 STREET", "borough": "MANHATTAN", "source": "nyc_311_soda_76ig-c548", "hazard": "pluvial_311", "official_identity_verified": true}, "geometry": {"type": "Point", "coordinates": [-73.95707171922261, 40.76826685921193]}}, {"type": "Feature", "properties": {"unique_key": "23640520", "complaint_type": "Sewer", "descriptor": "Street Flooding (SJ)", "created_date": "2012-07-18T17:16:00.000", "agency": "DEP", "incident_address": null, "borough": "MANHATTAN", "source": "nyc_311_soda_76ig-c548", "hazard": "pluvial_311", "official_identity_verified": true}, "geometry": {"type": "Point", "coordinates": [-73.96888965482881, 40.764161778534216]}}, {"type": "Feature", "properties": {"unique_key": "23641335", "complaint_type": "Sewer", "descriptor": "Street Flooding (SJ)", "created_date": "2012-07-18T15:36:00.000", "agency": "DEP", "incident_address": "50 WEST   24 STREET", "borough": "MANHATTAN", "source": "nyc_311_soda_76ig-c548", "hazard": "pluvial_311", "official_identity_verified": true}, "geometry": {"type": "Point", "coordinates": [-73.99080123267628, 40.74291304127145]}}, {"type": "Feature", "properties": {"unique_key": "23642343", "complaint_type": "Sewer", "descriptor": "Street Flooding (SJ)", "created_date": "2012-07-18T12:55:00.000", "agency": "DEP", "incident_address": null, "borough": "MANHATTAN", "source": "nyc_311_soda_76ig-c548", "hazard": "pluvial_311", "official_identity_verified": true}, "geometry": {"type": "Point", "coordinates": [-74.00116543947316, 40.731775196703985]}}, {"type": "Feature", "properties": {"unique_key": "23643300", "complaint_type": "Sewer", "descriptor": "Street Flooding (SJ)", "created_date": "2012-07-18T17:11:00.000", "agency": "DEP", "incident_address": null, "borough": "MANHATTAN", "source": "nyc_311_soda_76ig-c548", "hazard": "pluvial_311", "official_identity_verified": true}, "geometry": {"type": "Point", "coordinates": [-74.00376640056474, 40.72238532906574]}}, {"type": "Feature", "properties": {"unique_key": "23644172", "complaint_type": "Sewer", "descriptor": "Street Flooding (SJ)", "created_date": "2012-07-19T11:27:00.000", "agency": "DEP", "incident_address": "2 BAYARD STREET", "borough": "BROOKLYN", "source": "nyc_311_soda_76ig-c548", "hazard": "pluvial_311", "official_identity_verified": true}, "geometry": {"type": "Point", "coordinates": [-73.95198456017273, 40.71882914967173]}}, {"type": "Feature", "properties": {"unique_key": "23645112", "complaint_type": "Sewer", "descriptor": "Street Flooding (SJ)", "created_date": "2012-07-19T07:44:00.000", "agency": "DEP", "incident_address": "525 WEST STREET", "borough": "MANHATTAN", "source": "nyc_311_soda_76ig-c548", "hazard": "pluvial_311", "official_identity_verified": true}, "geometry": {"type": "Point", "coordinates": [-74.00966372957743, 40.73898526419177]}}, {"type": "Feature", "properties": {"unique_key": "23648619", "complaint_type": "Sewer", "descriptor": "Street Flooding (SJ)", "created_date": "2012-07-19T10:53:00.000", "agency": "DEP", "incident_address": "1 DOYERS STREET", "borough": "MANHATTAN", "source": "nyc_311_soda_76ig-c548", "hazard": "pluvial_311", "official_identity_verified": true}, "geometry": {"type": "Point", "coordinates": [-73.99763366724086, 40.714093447100595]}}, {"type": "Feature", "properties": {"unique_key": "23652031", "complaint_type": "Sewer", "descriptor": "Street Flooding (SJ)", "created_date": "2012-07-20T09:37:00.000", "agency": "DEP", "incident_address": "21-07 BORDEN AVENUE", "borough": "QUEENS", "source": "nyc_311_soda_76ig-c548", "hazard": "pluvial_311", "official_identity_verified": true}, "geometry": {"type": "Point", "coordinates": [-73.94956567420196, 40.74038268414289]}}, {"type": "Feature", "properties": {"unique_key": "23660679", "complaint_type": "Sewer", "descriptor": "Street Flooding (SJ)", "created_date": "2012-07-21T17:29:00.000", "agency": "DEP", "incident_address": null, "borough": "MANHATTAN", "source": "nyc_311_soda_76ig-c548", "hazard": "pluvial_311", "official_identity_verified": true}, "geometry": {"type": "Point", "coordinates": [-73.97736608261471, 40.784463837399464]}}, {"type": "Feature", "properties": {"unique_key": "23669289", "complaint_type": "Sewer", "descriptor": "Street Flooding (SJ)", "created_date": "2012-07-23T09:08:00.000", "agency": "DEP", "incident_address": "244 EAST   51 STREET", "borough": "MANHATTAN", "source": "nyc_311_soda_76ig-c548", "hazard": "pluvial_311", "official_identity_verified": true}, "geometry": {"type": "Point", "coordinates": [-73.96927606998288, 40.75600450355976]}}, {"type": "Feature", "properties": {"unique_key": "23673601", "complaint_type": "Sewer", "descriptor": "Street Flooding (SJ)", "created_date": "2012-07-24T18:09:00.000", "agency": "DEP", "incident_address": null, "borough": "MANHATTAN", "source": "nyc_311_soda_76ig-c548", "hazard": "pluvial_311", "official_identity_verified": true}, "geometry": {"type": "Point", "coordinates": [-73.980744084693, 40.71618336885352]}}, {"type": "Feature", "properties": {"unique_key": "23692631", "complaint_type": "Sewer", "descriptor": "Street Flooding (SJ)", "created_date": "2012-07-26T14:23:00.000", "agency": "DEP", "incident_address": "365 PARK AVENUE SOUTH", "borough": "MANHATTAN", "source": "nyc_311_soda_76ig-c548", "hazard": "pluvial_311", "official_identity_verified": true}, "geometry": {"type": "Point", "coordinates": [-73.98487217321991, 40.74221799319669]}}, {"type": "Feature", "properties": {"unique_key": "23693541", "complaint_type": "Sewer", "descriptor": "Street Flooding (SJ)", "created_date": "2012-07-27T07:53:00.000", "agency": "DEP", "incident_address": "157 EAST   75 STREET", "borough": "MANHATTAN", "source": "nyc_311_soda_76ig-c548", "hazard": "pluvial_311", "official_identity_verified": true}, "geometry": {"type": "Point", "coordinates": [-73.96017774947367, 40.77212707882918]}}, {"type": "Feature", "properties": {"unique_key": "23697203", "complaint_type": "Sewer", "descriptor": "Street Flooding (SJ)", "created_date": "2012-07-27T17:58:00.000", "agency": "DEP", "incident_address": "41 WEST   74 STREET", "borough": "MANHATTAN", "source": "nyc_311_soda_76ig-c548", "hazard": "pluvial_311", "official_identity_verified": true}, "geometry": {"type": "Point", "coordinates": [-73.97622728345353, 40.77806288595501]}}, {"type": "Feature", "properties": {"unique_key": "23717876", "complaint_type": "Sewer", "descriptor": "Street Flooding (SJ)", "created_date": "2012-07-31T10:54:00.000", "agency": "DEP", "incident_address": "304 WEST   39 STREET", "borough": "MANHATTAN", "source": "nyc_311_soda_76ig-c548", "hazard": "pluvial_311", "official_identity_verified": true}, "geometry": {"type": "Point", "coordinates": [-73.99169102580728, 40.755536204915714]}}, {"type": "Feature", "properties": {"unique_key": "23722307", "complaint_type": "Sewer", "descriptor": "Street Flooding (SJ)", "created_date": "2012-08-01T20:05:00.000", "agency": "DEP", "incident_address": null, "borough": "MANHATTAN", "source": "nyc_311_soda_76ig-c548", "hazard": "pluvial_311", "official_identity_verified": true}, "geometry": {"type": "Point", "coordinates": [-73.96913301834103, 40.76092853692368]}}, {"type": "Feature", "properties": {"unique_key": "23727243", "complaint_type": "Sewer", "descriptor": "Street Flooding (SJ)", "created_date": "2012-08-01T12:42:00.000", "agency": "DEP", "incident_address": "1460 BROADWAY", "borough": "MANHATTAN", "source": "nyc_311_soda_76ig-c548", "hazard": "pluvial_311", "official_identity_verified": true}, "geometry": {"type": "Point", "coordinates": [-73.98642131391965, 40.75505537379265]}}, {"type": "Feature", "properties": {"unique_key": "23727244", "complaint_type": "Sewer", "descriptor": "Street Flooding (SJ)", "created_date": "2012-08-01T12:36:00.000", "agency": "DEP", "incident_address": "1514 BROADWAY", "borough": "MANHATTAN", "source": "nyc_311_soda_76ig-c548", "hazard": "pluvial_311", "official_identity_verified": true}, "geometry": {"type": "Point", "coordinates": [-73.98576751398342, 40.757360880883155]}}, {"type": "Feature", "properties": {"unique_key": "23734052", "complaint_type": "Sewer", "descriptor": "Street Flooding (SJ)", "created_date": "2012-08-02T12:48:00.000", "agency": "DEP", "incident_address": null, "borough": "MANHATTAN", "source": "nyc_311_soda_76ig-c548", "hazard": "pluvial_311", "official_identity_verified": true}, "geometry": {"type": "Point", "coordinates": [-73.9911785099207, 40.755330310892106]}}, {"type": "Feature", "properties": {"unique_key": "23744897", "complaint_type": "Sewer", "descriptor": "Street Flooding (SJ)", "created_date": "2012-08-04T19:03:00.000", "agency": "DEP", "incident_address": null, "borough": "MANHATTAN", "source": "nyc_311_soda_76ig-c548", "hazard": "pluvial_311", "official_identity_verified": true}, "geometry": {"type": "Point", "coordinates": [-73.98884266079277, 40.758533225689874]}}, {"type": "Feature", "properties": {"unique_key": "23778010", "complaint_type": "Sewer", "descriptor": "Street Flooding (SJ)", "created_date": "2012-08-10T13:26:00.000", "agency": "DEP", "incident_address": null, "borough": "MANHATTAN", "source": "nyc_311_soda_76ig-c548", "hazard": "pluvial_311", "official_identity_verified": true}, "geometry": {"type": "Point", "coordinates": [-73.98797177444611, 40.72391359257348]}}, {"type": "Feature", "properties": {"unique_key": "23778020", "complaint_type": "Sewer", "descriptor": "Street Flooding (SJ)", "created_date": "2012-08-10T12:53:00.000", "agency": "DEP", "incident_address": null, "borough": "MANHATTAN", "source": "nyc_311_soda_76ig-c548", "hazard": "pluvial_311", "official_identity_verified": true}, "geometry": {"type": "Point", "coordinates": [-73.96806713233818, 40.75550463108133]}}, {"type": "Feature", "properties": {"unique_key": "23779687", "complaint_type": "Sewer", "descriptor": "Street Flooding (SJ)", "created_date": "2012-08-10T09:29:00.000", "agency": "DEP", "incident_address": null, "borough": "MANHATTAN", "source": "nyc_311_soda_76ig-c548", "hazard": "pluvial_311", "official_identity_verified": true}, "geometry": {"type": "Point", "coordinates": [-73.98235155256397, 40.76234211822177]}}, {"type": "Feature", "properties": {"unique_key": "23798273", "complaint_type": "Sewer", "descriptor": "Street Flooding (SJ)", "created_date": "2012-08-13T20:38:00.000", "agency": "DEP", "incident_address": "1301 6 AVENUE", "borough": "MANHATTAN", "source": "nyc_311_soda_76ig-c548", "hazard": "pluvial_311", "official_identity_verified": true}, "geometry": {"type": "Point", "coordinates": [-73.97945680950716, 40.76124374118634]}}, {"type": "Feature", "properties": {"unique_key": "23807264", "complaint_type": "Sewer", "descriptor": "Street Flooding (SJ)", "created_date": "2012-08-15T18:43:00.000", "agency": "DEP", "incident_address": "211 EAST   13 STREET", "borough": "MANHATTAN", "source": "nyc_311_soda_76ig-c548", "hazard": "pluvial_311", "official_identity_verified": true}, "geometry": {"type": "Point", "coordinates": [-73.98718004548837, 40.732400293034004]}}, {"type": "Feature", "properties": {"unique_key": "23807293", "complaint_type": "Sewer", "descriptor": "Street Flooding (SJ)", "created_date": "2012-08-15T16:12:00.000", "agency": "DEP", "incident_address": "491 FLUSHING AVENUE", "borough": "BROOKLYN", "source": "nyc_311_soda_76ig-c548", "hazard": "pluvial_311", "official_identity_verified": true}, "geometry": {"type": "Point", "coordinates": [-73.955475297832, 40.69916706709911]}}, {"type": "Feature", "properties": {"unique_key": "23813639", "complaint_type": "Sewer", "descriptor": "Street Flooding (SJ)", "created_date": "2012-08-16T14:25:00.000", "agency": "DEP", "incident_address": "2 EAST   65 STREET", "borough": "MANHATTAN", "source": "nyc_311_soda_76ig-c548", "hazard": "pluvial_311", "official_identity_verified": true}, "geometry": {"type": "Point", "coordinates": [-73.97004314355242, 40.76791414575661]}}, {"type": "Feature", "properties": {"unique_key": "23815341", "complaint_type": "Sewer", "descriptor": "Street Flooding (SJ)", "created_date": "2012-08-16T13:39:00.000", "agency": "DEP", "incident_address": "125 WEST   79 STREET", "borough": "MANHATTAN", "source": "nyc_311_soda_76ig-c548", "hazard": "pluvial_311", "official_identity_verified": true}, "geometry": {"type": "Point", "coordinates": [-73.97639185764824, 40.782341962439965]}}, {"type": "Feature", "properties": {"unique_key": "23820183", "complaint_type": "Sewer", "descriptor": "Street Flooding (SJ)", "created_date": "2012-08-17T12:28:00.000", "agency": "DEP", "incident_address": null, "borough": "MANHATTAN", "source": "nyc_311_soda_76ig-c548", "hazard": "pluvial_311", "official_identity_verified": true}, "geometry": {"type": "Point", "coordinates": [-73.97082869895915, 40.79595730280253]}}, {"type": "Feature", "properties": {"unique_key": "23820208", "complaint_type": "Sewer", "descriptor": "Street Flooding (SJ)", "created_date": "2012-08-17T09:06:00.000", "agency": "DEP", "incident_address": "770 8 AVENUE", "borough": "MANHATTAN", "source": "nyc_311_soda_76ig-c548", "hazard": "pluvial_311", "official_identity_verified": true}, "geometry": {"type": "Point", "coordinates": [-73.9873948313139, 40.760495568271146]}}, {"type": "Feature", "properties": {"unique_key": "23830596", "complaint_type": "Sewer", "descriptor": "Street Flooding (SJ)", "created_date": "2012-08-18T20:19:00.000", "agency": "DEP", "incident_address": "F D R DRIVE", "borough": "MANHATTAN", "source": "nyc_311_soda_76ig-c548", "hazard": "pluvial_311", "official_identity_verified": true}, "geometry": {"type": "Point", "coordinates": [-73.94379170517895, 40.78333250115513]}}, {"type": "Feature", "properties": {"unique_key": "23832421", "complaint_type": "Sewer", "descriptor": "Street Flooding (SJ)", "created_date": "2012-08-19T16:50:00.000", "agency": "DEP", "incident_address": null, "borough": "BROOKLYN", "source": "nyc_311_soda_76ig-c548", "hazard": "pluvial_311", "official_identity_verified": true}, "geometry": {"type": "Point", "coordinates": [-73.96254703454233, 40.687089857287326]}}, {"type": "Feature", "properties": {"unique_key": "23857783", "complaint_type": "Sewer", "descriptor": "Street Flooding (SJ)", "created_date": "2012-08-23T17:18:00.000", "agency": "DEP", "incident_address": null, "borough": "MANHATTAN", "source": "nyc_311_soda_76ig-c548", "hazard": "pluvial_311", "official_identity_verified": true}, "geometry": {"type": "Point", "coordinates": [-73.998487869284, 40.74529309693587]}}, {"type": "Feature", "properties": {"unique_key": "23876127", "complaint_type": "Sewer", "descriptor": "Street Flooding (SJ)", "created_date": "2012-08-27T15:05:00.000", "agency": "DEP", "incident_address": "44-46 PURVIS STREET", "borough": "QUEENS", "source": "nyc_311_soda_76ig-c548", "hazard": "pluvial_311", "official_identity_verified": true}, "geometry": {"type": "Point", "coordinates": [-73.94101841987023, 40.746716253605044]}}, {"type": "Feature", "properties": {"unique_key": "23877789", "complaint_type": "Sewer", "descriptor": "Street Flooding (SJ)", "created_date": "2012-08-27T23:02:00.000", "agency": "DEP", "incident_address": "188 GRAND STREET", "borough": "BROOKLYN", "source": "nyc_311_soda_76ig-c548", "hazard": "pluvial_311", "official_identity_verified": true}, "geometry": {"type": "Point", "coordinates": [-73.96070651720932, 40.71425145127047]}}, {"type": "Feature", "properties": {"unique_key": "23877818", "complaint_type": "Sewer", "descriptor": "Street Flooding (SJ)", "created_date": "2012-08-27T10:26:00.000", "agency": "DEP", "incident_address": null, "borough": "MANHATTAN", "source": "nyc_311_soda_76ig-c548", "hazard": "pluvial_311", "official_identity_verified": true}, "geometry": {"type": "Point", "coordinates": [-73.98623727925035, 40.772300567437476]}}, {"type": "Feature", "properties": {"unique_key": "23878627", "complaint_type": "Sewer", "descriptor": "Street Flooding (SJ)", "created_date": "2012-08-27T13:35:00.000", "agency": "DEP", "incident_address": null, "borough": "QUEENS", "source": "nyc_311_soda_76ig-c548", "hazard": "pluvial_311", "official_identity_verified": true}, "geometry": {"type": "Point", "coordinates": [-73.94243045893519, 40.75399604007852]}}, {"type": "Feature", "properties": {"unique_key": "23882827", "complaint_type": "Sewer", "descriptor": "Street Flooding (SJ)", "created_date": "2012-08-28T07:24:00.000", "agency": "DEP", "incident_address": "JANE ST", "borough": "MANHATTAN", "source": "nyc_311_soda_76ig-c548", "hazard": "pluvial_311", "official_identity_verified": true}, "geometry": {"type": "Point", "coordinates": [-74.00386112737182, 40.73839548321892]}}, {"type": "Feature", "properties": {"unique_key": "23897790", "complaint_type": "Sewer", "descriptor": "Street Flooding (SJ)", "created_date": "2012-08-30T08:01:00.000", "agency": "DEP", "incident_address": null, "borough": "MANHATTAN", "source": "nyc_311_soda_76ig-c548", "hazard": "pluvial_311", "official_identity_verified": true}, "geometry": {"type": "Point", "coordinates": [-73.98994986610529, 40.71697228678662]}}, {"type": "Feature", "properties": {"unique_key": "23926509", "complaint_type": "Sewer", "descriptor": "Street Flooding (SJ)", "created_date": "2012-09-05T13:14:00.000", "agency": "DEP", "incident_address": null, "borough": "MANHATTAN", "source": "nyc_311_soda_76ig-c548", "hazard": "pluvial_311", "official_identity_verified": true}, "geometry": {"type": "Point", "coordinates": [-73.9941183677841, 40.735313040368794]}}, {"type": "Feature", "properties": {"unique_key": "23966832", "complaint_type": "Sewer", "descriptor": "Street Flooding (SJ)", "created_date": "2012-09-06T14:25:00.000", "agency": "DEP", "incident_address": "679 MYRTLE AVENUE", "borough": "BROOKLYN", "source": "nyc_311_soda_76ig-c548", "hazard": "pluvial_311", "official_identity_verified": true}, "geometry": {"type": "Point", "coordinates": [-73.95628614740949, 40.69456989190761]}}, {"type": "Feature", "properties": {"unique_key": "23980397", "complaint_type": "Sewer", "descriptor": "Street Flooding (SJ)", "created_date": "2012-09-07T11:48:00.000", "agency": "DEP", "incident_address": "40 EAST   86 STREET", "borough": "MANHATTAN", "source": "nyc_311_soda_76ig-c548", "hazard": "pluvial_311", "official_identity_verified": true}, "geometry": {"type": "Point", "coordinates": [-73.95911809439767, 40.78097299580896]}}, {"type": "Feature", "properties": {"unique_key": "23995328", "complaint_type": "Sewer", "descriptor": "Street Flooding (SJ)", "created_date": "2012-09-10T11:00:00.000", "agency": "DEP", "incident_address": "11 WEST   73 STREET", "borough": "MANHATTAN", "source": "nyc_311_soda_76ig-c548", "hazard": "pluvial_311", "official_identity_verified": true}, "geometry": {"type": "Point", "coordinates": [-73.97581242018299, 40.777058226021175]}}, {"type": "Feature", "properties": {"unique_key": "23999438", "complaint_type": "Sewer", "descriptor": "Street Flooding (SJ)", "created_date": "2012-09-11T15:36:00.000", "agency": "DEP", "incident_address": "46-07 VERNON BOULEVARD", "borough": "QUEENS", "source": "nyc_311_soda_76ig-c548", "hazard": "pluvial_311", "official_identity_verified": true}, "geometry": {"type": "Point", "coordinates": [-73.95279099380124, 40.746609145821814]}}, {"type": "Feature", "properties": {"unique_key": "24003899", "complaint_type": "Sewer", "descriptor": "Street Flooding (SJ)", "created_date": "2012-09-11T13:23:00.000", "agency": "DEP", "incident_address": "210 MONTROSE AVENUE", "borough": "BROOKLYN", "source": "nyc_311_soda_76ig-c548", "hazard": "pluvial_311", "official_identity_verified": true}, "geometry": {"type": "Point", "coordinates": [-73.94079337717393, 40.70755394469466]}}, {"type": "Feature", "properties": {"unique_key": "24042578", "complaint_type": "Sewer", "descriptor": "Street Flooding (SJ)", "created_date": "2012-09-18T20:00:00.000", "agency": "DEP", "incident_address": null, "borough": "MANHATTAN", "source": "nyc_311_soda_76ig-c548", "hazard": "pluvial_311", "official_identity_verified": true}, "geometry": {"type": "Point", "coordinates": [-73.96943236982607, 40.75362485041006]}}, {"type": "Feature", "properties": {"unique_key": "24046202", "complaint_type": "Sewer", "descriptor": "Street Flooding (SJ)", "created_date": "2012-09-18T20:11:00.000", "agency": "DEP", "incident_address": null, "borough": "MANHATTAN", "source": "nyc_311_soda_76ig-c548", "hazard": "pluvial_311", "official_identity_verified": true}, "geometry": {"type": "Point", "coordinates": [-73.96372768490096, 40.77700565044055]}}, {"type": "Feature", "properties": {"unique_key": "24047132", "complaint_type": "Sewer", "descriptor": "Street Flooding (SJ)", "created_date": "2012-09-18T20:52:00.000", "agency": "DEP", "incident_address": null, "borough": "MANHATTAN", "source": "nyc_311_soda_76ig-c548", "hazard": "pluvial_311", "official_identity_verified": true}, "geometry": {"type": "Point", "coordinates": [-73.97178272840256, 40.79465104923777]}}, {"type": "Feature", "properties": {"unique_key": "24069338", "complaint_type": "Sewer", "descriptor": "Street Flooding (SJ)", "created_date": "2012-09-21T20:48:00.000", "agency": "DEP", "incident_address": null, "borough": "QUEENS", "source": "nyc_311_soda_76ig-c548", "hazard": "pluvial_311", "official_identity_verified": true}, "geometry": {"type": "Point", "coordinates": [-73.95040069214215, 40.75301438357151]}}, {"type": "Feature", "properties": {"unique_key": "24077033", "complaint_type": "Sewer", "descriptor": "Street Flooding (SJ)", "created_date": "2012-09-23T17:43:00.000", "agency": "DEP", "incident_address": null, "borough": "MANHATTAN", "source": "nyc_311_soda_76ig-c548", "hazard": "pluvial_311", "official_identity_verified": true}, "geometry": {"type": "Point", "coordinates": [-73.96297391546207, 40.762488480960634]}}, {"type": "Feature", "properties": {"unique_key": "24095257", "complaint_type": "Sewer", "descriptor": "Street Flooding (SJ)", "created_date": "2012-09-26T09:40:00.000", "agency": "DEP", "incident_address": "WEST   56 STREET", "borough": "MANHATTAN", "source": "nyc_311_soda_76ig-c548", "hazard": "pluvial_311", "official_identity_verified": true}, "geometry": {"type": "Point", "coordinates": [-73.98478720381459, 40.76664347619]}}, {"type": "Feature", "properties": {"unique_key": "24106057", "complaint_type": "Sewer", "descriptor": "Street Flooding (SJ)", "created_date": "2012-09-28T08:48:00.000", "agency": "DEP", "incident_address": null, "borough": "MANHATTAN", "source": "nyc_311_soda_76ig-c548", "hazard": "pluvial_311", "official_identity_verified": true}, "geometry": {"type": "Point", "coordinates": [-74.00863446734265, 40.73264222132682]}}, {"type": "Feature", "properties": {"unique_key": "24106973", "complaint_type": "Sewer", "descriptor": "Street Flooding (SJ)", "created_date": "2012-09-28T09:40:00.000", "agency": "DEP", "incident_address": null, "borough": "MANHATTAN", "source": "nyc_311_soda_76ig-c548", "hazard": "pluvial_311", "official_identity_verified": true}, "geometry": {"type": "Point", "coordinates": [-73.94284712061528, 40.78580504204428]}}, {"type": "Feature", "properties": {"unique_key": "24108656", "complaint_type": "Sewer", "descriptor": "Street Flooding (SJ)", "created_date": "2012-09-28T08:48:00.000", "agency": "DEP", "incident_address": "1330 5 AVENUE", "borough": "MANHATTAN", "source": "nyc_311_soda_76ig-c548", "hazard": "pluvial_311", "official_identity_verified": true}, "geometry": {"type": "Point", "coordinates": [-73.94855782800633, 40.79781044104941]}}, {"type": "Feature", "properties": {"unique_key": "24130730", "complaint_type": "Sewer", "descriptor": "Street Flooding (SJ)", "created_date": "2012-10-02T17:35:00.000", "agency": "DEP", "incident_address": null, "borough": "MANHATTAN", "source": "nyc_311_soda_76ig-c548", "hazard": "pluvial_311", "official_identity_verified": true}, "geometry": {"type": "Point", "coordinates": [-73.97860649327806, 40.74505781626459]}}, {"type": "Feature", "properties": {"unique_key": "24159924", "complaint_type": "Sewer", "descriptor": "Street Flooding (SJ)", "created_date": "2012-10-08T08:35:00.000", "agency": "DEP", "incident_address": null, "borough": "MANHATTAN", "source": "nyc_311_soda_76ig-c548", "hazard": "pluvial_311", "official_identity_verified": true}, "geometry": {"type": "Point", "coordinates": [-73.98085044954946, 40.74775081013395]}}, {"type": "Feature", "properties": {"unique_key": "24168247", "complaint_type": "Sewer", "descriptor": "Street Flooding (SJ)", "created_date": "2012-10-09T08:45:00.000", "agency": "DEP", "incident_address": null, "borough": "MANHATTAN", "source": "nyc_311_soda_76ig-c548", "hazard": "pluvial_311", "official_identity_verified": true}, "geometry": {"type": "Point", "coordinates": [-73.98674399475725, 40.71153733500604]}}, {"type": "Feature", "properties": {"unique_key": "24171919", "complaint_type": "Sewer", "descriptor": "Street Flooding (SJ)", "created_date": "2012-10-10T11:12:00.000", "agency": "DEP", "incident_address": null, "borough": "BROOKLYN", "source": "nyc_311_soda_76ig-c548", "hazard": "pluvial_311", "official_identity_verified": true}, "geometry": {"type": "Point", "coordinates": [-73.95410066475804, 40.68431183415839]}}, {"type": "Feature", "properties": {"unique_key": "24228535", "complaint_type": "Sewer", "descriptor": "Street Flooding (SJ)", "created_date": "2012-10-19T13:35:00.000", "agency": "DEP", "incident_address": null, "borough": "MANHATTAN", "source": "nyc_311_soda_76ig-c548", "hazard": "pluvial_311", "official_identity_verified": true}, "geometry": {"type": "Point", "coordinates": [-74.00311803396842, 40.744033224511604]}}, {"type": "Feature", "properties": {"unique_key": "24273491", "complaint_type": "Sewer", "descriptor": "Street Flooding (SJ)", "created_date": "2012-10-26T16:11:00.000", "agency": "DEP", "incident_address": "61 GRAND STREET", "borough": "MANHATTAN", "source": "nyc_311_soda_76ig-c548", "hazard": "pluvial_311", "official_identity_verified": true}, "geometry": {"type": "Point", "coordinates": [-74.00337676262929, 40.72218222904]}}, {"type": "Feature", "properties": {"unique_key": "24279386", "complaint_type": "Sewer", "descriptor": "Street Flooding (SJ)", "created_date": "2012-10-28T09:59:00.000", "agency": "DEP", "incident_address": "1540 BROADWAY", "borough": "MANHATTAN", "source": "nyc_311_soda_76ig-c548", "hazard": "pluvial_311", "official_identity_verified": true}, "geometry": {"type": "Point", "coordinates": [-73.98500939754636, 40.75784660453637]}}, {"type": "Feature", "properties": {"unique_key": "24279610", "complaint_type": "Sewer", "descriptor": "Street Flooding (SJ)", "created_date": "2012-10-28T10:18:00.000", "agency": "DEP", "incident_address": "1560 BROADWAY", "borough": "MANHATTAN", "source": "nyc_311_soda_76ig-c548", "hazard": "pluvial_311", "official_identity_verified": true}, "geometry": {"type": "Point", "coordinates": [-73.98484312622068, 40.758859393464085]}}, {"type": "Feature", "properties": {"unique_key": "24279855", "complaint_type": "Sewer", "descriptor": "Street Flooding (SJ)", "created_date": "2012-10-28T09:42:00.000", "agency": "DEP", "incident_address": "761 7 AVENUE", "borough": "MANHATTAN", "source": "nyc_311_soda_76ig-c548", "hazard": "pluvial_311", "official_identity_verified": true}, "geometry": {"type": "Point", "coordinates": [-73.98318571513919, 40.76118396142458]}}, {"type": "Feature", "properties": {"unique_key": "24280391", "complaint_type": "Sewer", "descriptor": "Street Flooding (SJ)", "created_date": "2012-10-28T10:12:00.000", "agency": "DEP", "incident_address": "1535 BROADWAY", "borough": "MANHATTAN", "source": "nyc_311_soda_76ig-c548", "hazard": "pluvial_311", "official_identity_verified": true}, "geometry": {"type": "Point", "coordinates": [-73.98546772308859, 40.75826660917717]}}, {"type": "Feature", "properties": {"unique_key": "24280830", "complaint_type": "Sewer", "descriptor": "Street Flooding (SJ)", "created_date": "2012-10-28T09:46:00.000", "agency": "DEP", "incident_address": "1515 BROADWAY", "borough": "MANHATTAN", "source": "nyc_311_soda_76ig-c548", "hazard": "pluvial_311", "official_identity_verified": true}, "geometry": {"type": "Point", "coordinates": [-73.98580355106148, 40.75763535980379]}}, {"type": "Feature", "properties": {"unique_key": "24281102", "complaint_type": "Sewer", "descriptor": "Street Flooding (SJ)", "created_date": "2012-10-28T09:51:00.000", "agency": "DEP", "incident_address": "1501 BROADWAY", "borough": "MANHATTAN", "source": "nyc_311_soda_76ig-c548", "hazard": "pluvial_311", "official_identity_verified": true}, "geometry": {"type": "Point", "coordinates": [-73.98619349526301, 40.757102926709656]}}, {"type": "Feature", "properties": {"unique_key": "24287839", "complaint_type": "Sewer", "descriptor": "Street Flooding (SJ)", "created_date": "2012-10-29T11:19:00.000", "agency": "DEP", "incident_address": "59 MAIDEN LANE", "borough": "MANHATTAN", "source": "nyc_311_soda_76ig-c548", "hazard": "pluvial_311", "official_identity_verified": true}, "geometry": {"type": "Point", "coordinates": [-74.0082309440472, 40.708266046703514]}}, {"type": "Feature", "properties": {"unique_key": "24287887", "complaint_type": "Sewer", "descriptor": "Street Flooding (SJ)", "created_date": "2012-10-29T12:35:00.000", "agency": "DEP", "incident_address": "210 DOUGLASS STREET", "borough": "BROOKLYN", "source": "nyc_311_soda_76ig-c548", "hazard": "pluvial_311", "official_identity_verified": true}, "geometry": {"type": "Point", "coordinates": [-73.98738452483546, 40.681501415724405]}}, {"type": "Feature", "properties": {"unique_key": "24290240", "complaint_type": "Sewer", "descriptor": "Street Flooding (SJ)", "created_date": "2012-10-29T16:07:00.000", "agency": "DEP", "incident_address": null, "borough": "BROOKLYN", "source": "nyc_311_soda_76ig-c548", "hazard": "pluvial_311", "official_identity_verified": true}, "geometry": {"type": "Point", "coordinates": [-73.95173807563845, 40.725435680911936]}}, {"type": "Feature", "properties": {"unique_key": "24292591", "complaint_type": "Sewer", "descriptor": "Street Flooding (SJ)", "created_date": "2012-10-30T05:37:00.000", "agency": "DEP", "incident_address": "242 EAST    7 STREET", "borough": "MANHATTAN", "source": "nyc_311_soda_76ig-c548", "hazard": "pluvial_311", "official_identity_verified": true}, "geometry": {"type": "Point", "coordinates": [-73.9782128583021, 40.72379962444798]}}, {"type": "Feature", "properties": {"unique_key": "24293716", "complaint_type": "Sewer", "descriptor": "Street Flooding (SJ)", "created_date": "2012-10-30T18:56:00.000", "agency": "DEP", "incident_address": "520 WEST   19 STREET", "borough": "MANHATTAN", "source": "nyc_311_soda_76ig-c548", "hazard": "pluvial_311", "official_identity_verified": true}, "geometry": {"type": "Point", "coordinates": [-74.00685334003391, 40.745600314905744]}}, {"type": "Feature", "properties": {"unique_key": "24303467", "complaint_type": "Sewer", "descriptor": "Street Flooding (SJ)", "created_date": "2012-11-01T13:39:00.000", "agency": "DEP", "incident_address": "40 ATLANTIC AVENUE", "borough": "BROOKLYN", "source": "nyc_311_soda_76ig-c548", "hazard": "pluvial_311", "official_identity_verified": true}, "geometry": {"type": "Point", "coordinates": [-73.99794819881342, 40.69122681282687]}}, {"type": "Feature", "properties": {"unique_key": "24311808", "complaint_type": "Sewer", "descriptor": "Street Flooding (SJ)", "created_date": "2012-11-02T11:01:00.000", "agency": "DEP", "incident_address": "288 WEST STREET", "borough": "MANHATTAN", "source": "nyc_311_soda_76ig-c548", "hazard": "pluvial_311", "official_identity_verified": true}, "geometry": {"type": "Point", "coordinates": [-74.01125630419142, 40.72472062934354]}}, {"type": "Feature", "properties": {"unique_key": "24329808", "complaint_type": "Sewer", "descriptor": "Street Flooding (SJ)", "created_date": "2012-11-04T12:03:00.000", "agency": "DEP", "incident_address": "324 WEST   46 STREET", "borough": "MANHATTAN", "source": "nyc_311_soda_76ig-c548", "hazard": "pluvial_311", "official_identity_verified": true}, "geometry": {"type": "Point", "coordinates": [-73.98884238676864, 40.76016909307711]}}, {"type": "Feature", "properties": {"unique_key": "24332217", "complaint_type": "Sewer", "descriptor": "Street Flooding (SJ)", "created_date": "2012-11-04T12:21:00.000", "agency": "DEP", "incident_address": "321 WEST   46 STREET", "borough": "MANHATTAN", "source": "nyc_311_soda_76ig-c548", "hazard": "pluvial_311", "official_identity_verified": true}, "geometry": {"type": "Point", "coordinates": [-73.9887485375584, 40.76014987074376]}}, {"type": "Feature", "properties": {"unique_key": "24336025", "complaint_type": "Sewer", "descriptor": "Street Flooding (SJ)", "created_date": "2012-11-05T11:35:00.000", "agency": "DEP", "incident_address": "268 WEST   47 STREET", "borough": "MANHATTAN", "source": "nyc_311_soda_76ig-c548", "hazard": "pluvial_311", "official_identity_verified": true}, "geometry": {"type": "Point", "coordinates": [-73.98659356682711, 40.76002338190854]}}, {"type": "Feature", "properties": {"unique_key": "24346622", "complaint_type": "Sewer", "descriptor": "Street Flooding (SJ)", "created_date": "2012-11-06T17:21:00.000", "agency": "DEP", "incident_address": "70 7 AVENUE", "borough": "MANHATTAN", "source": "nyc_311_soda_76ig-c548", "hazard": "pluvial_311", "official_identity_verified": true}, "geometry": {"type": "Point", "coordinates": [-73.9994442821283, 40.73890058099023]}}, {"type": "Feature", "properties": {"unique_key": "24381197", "complaint_type": "Sewer", "descriptor": "Street Flooding (SJ)", "created_date": "2012-11-10T14:27:00.000", "agency": "DEP", "incident_address": "15 WOOSTER STREET", "borough": "MANHATTAN", "source": "nyc_311_soda_76ig-c548", "hazard": "pluvial_311", "official_identity_verified": true}, "geometry": {"type": "Point", "coordinates": [-74.003434447867, 40.721460355861865]}}, {"type": "Feature", "properties": {"unique_key": "24402318", "complaint_type": "Sewer", "descriptor": "Street Flooding (SJ)", "created_date": "2012-11-13T19:42:00.000", "agency": "DEP", "incident_address": null, "borough": "MANHATTAN", "source": "nyc_311_soda_76ig-c548", "hazard": "pluvial_311", "official_identity_verified": true}, "geometry": {"type": "Point", "coordinates": [-73.98280655167409, 40.76171913037864]}}, {"type": "Feature", "properties": {"unique_key": "24410892", "complaint_type": "Sewer", "descriptor": "Street Flooding (SJ)", "created_date": "2012-11-15T15:30:00.000", "agency": "DEP", "incident_address": "224 NORTH    7 STREET", "borough": "BROOKLYN", "source": "nyc_311_soda_76ig-c548", "hazard": "pluvial_311", "official_identity_verified": true}, "geometry": {"type": "Point", "coordinates": [-73.95591450614782, 40.71669804285189]}}, {"type": "Feature", "properties": {"unique_key": "24414642", "complaint_type": "Sewer", "descriptor": "Street Flooding (SJ)", "created_date": "2012-11-15T09:28:00.000", "agency": "DEP", "incident_address": "224 NORTH    7 STREET", "borough": "BROOKLYN", "source": "nyc_311_soda_76ig-c548", "hazard": "pluvial_311", "official_identity_verified": true}, "geometry": {"type": "Point", "coordinates": [-73.95591450614782, 40.71669804285189]}}, {"type": "Feature", "properties": {"unique_key": "24436225", "complaint_type": "Sewer", "descriptor": "Street Flooding (SJ)", "created_date": "2012-11-19T22:21:00.000", "agency": "DEP", "incident_address": null, "borough": "MANHATTAN", "source": "nyc_311_soda_76ig-c548", "hazard": "pluvial_311", "official_identity_verified": true}, "geometry": {"type": "Point", "coordinates": [-74.00263869749898, 40.760158624203854]}}, {"type": "Feature", "properties": {"unique_key": "24446082", "complaint_type": "Sewer", "descriptor": "Street Flooding (SJ)", "created_date": "2012-11-20T01:35:00.000", "agency": "DEP", "incident_address": null, "borough": "MANHATTAN", "source": "nyc_311_soda_76ig-c548", "hazard": "pluvial_311", "official_identity_verified": true}, "geometry": {"type": "Point", "coordinates": [-74.00105398616749, 40.757065322824154]}}, {"type": "Feature", "properties": {"unique_key": "24481381", "complaint_type": "Sewer", "descriptor": "Street Flooding (SJ)", "created_date": "2012-11-27T17:31:00.000", "agency": "DEP", "incident_address": null, "borough": "MANHATTAN", "source": "nyc_311_soda_76ig-c548", "hazard": "pluvial_311", "official_identity_verified": true}, "geometry": {"type": "Point", "coordinates": [-74.00732049196499, 40.72732846589319]}}, {"type": "Feature", "properties": {"unique_key": "24483409", "complaint_type": "Sewer", "descriptor": "Street Flooding (SJ)", "created_date": "2012-11-27T11:53:00.000", "agency": "DEP", "incident_address": null, "borough": "MANHATTAN", "source": "nyc_311_soda_76ig-c548", "hazard": "pluvial_311", "official_identity_verified": true}, "geometry": {"type": "Point", "coordinates": [-73.98901164934453, 40.718794721647406]}}, {"type": "Feature", "properties": {"unique_key": "24484431", "complaint_type": "Sewer", "descriptor": "Street Flooding (SJ)", "created_date": "2012-11-27T16:23:00.000", "agency": "DEP", "incident_address": "100 7 AVENUE", "borough": "MANHATTAN", "source": "nyc_311_soda_76ig-c548", "hazard": "pluvial_311", "official_identity_verified": true}, "geometry": {"type": "Point", "coordinates": [-73.99865759494736, 40.73997377245845]}}, {"type": "Feature", "properties": {"unique_key": "24493486", "complaint_type": "Sewer", "descriptor": "Street Flooding (SJ)", "created_date": "2012-11-28T10:07:00.000", "agency": "DEP", "incident_address": null, "borough": "MANHATTAN", "source": "nyc_311_soda_76ig-c548", "hazard": "pluvial_311", "official_identity_verified": true}, "geometry": {"type": "Point", "coordinates": [-73.99032932220675, 40.73713255577926]}}, {"type": "Feature", "properties": {"unique_key": "24516970", "complaint_type": "Sewer", "descriptor": "Street Flooding (SJ)", "created_date": "2012-12-01T20:41:00.000", "agency": "DEP", "incident_address": "47 3 AVENUE", "borough": "BROOKLYN", "source": "nyc_311_soda_76ig-c548", "hazard": "pluvial_311", "official_identity_verified": true}, "geometry": {"type": "Point", "coordinates": [-73.98080713062633, 40.68515105356315]}}, {"type": "Feature", "properties": {"unique_key": "24566947", "complaint_type": "Sewer", "descriptor": "Street Flooding (SJ)", "created_date": "2012-12-10T14:56:00.000", "agency": "DEP", "incident_address": "EAST   64 STREET", "borough": "MANHATTAN", "source": "nyc_311_soda_76ig-c548", "hazard": "pluvial_311", "official_identity_verified": true}, "geometry": {"type": "Point", "coordinates": [-73.9666543534557, 40.76567350603612]}}, {"type": "Feature", "properties": {"unique_key": "24569513", "complaint_type": "Sewer", "descriptor": "Street Flooding (SJ)", "created_date": "2012-12-10T15:11:00.000", "agency": "DEP", "incident_address": null, "borough": "MANHATTAN", "source": "nyc_311_soda_76ig-c548", "hazard": "pluvial_311", "official_identity_verified": true}, "geometry": {"type": "Point", "coordinates": [-73.97499624058057, 40.777532891266006]}}, {"type": "Feature", "properties": {"unique_key": "24574013", "complaint_type": "Sewer", "descriptor": "Street Flooding (SJ)", "created_date": "2012-12-11T13:36:00.000", "agency": "DEP", "incident_address": "787 8 AVENUE", "borough": "MANHATTAN", "source": "nyc_311_soda_76ig-c548", "hazard": "pluvial_311", "official_identity_verified": true}, "geometry": {"type": "Point", "coordinates": [-73.98712402322151, 40.76090176035212]}}, {"type": "Feature", "properties": {"unique_key": "24576653", "complaint_type": "Sewer", "descriptor": "Street Flooding (SJ)", "created_date": "2012-12-11T13:27:00.000", "agency": "DEP", "incident_address": "771 8 AVENUE", "borough": "MANHATTAN", "source": "nyc_311_soda_76ig-c548", "hazard": "pluvial_311", "official_identity_verified": true}, "geometry": {"type": "Point", "coordinates": [-73.98738399225354, 40.7605477172115]}}, {"type": "Feature", "properties": {"unique_key": "24580258", "complaint_type": "Sewer", "descriptor": "Street Flooding (SJ)", "created_date": "2012-12-12T09:35:00.000", "agency": "DEP", "incident_address": null, "borough": "MANHATTAN", "source": "nyc_311_soda_76ig-c548", "hazard": "pluvial_311", "official_identity_verified": true}, "geometry": {"type": "Point", "coordinates": [-73.98245420652424, 40.74264583131978]}}, {"type": "Feature", "properties": {"unique_key": "24585791", "complaint_type": "Sewer", "descriptor": "Street Flooding (SJ)", "created_date": "2012-12-12T08:05:00.000", "agency": "DEP", "incident_address": null, "borough": "MANHATTAN", "source": "nyc_311_soda_76ig-c548", "hazard": "pluvial_311", "official_identity_verified": true}, "geometry": {"type": "Point", "coordinates": [-73.99034191604916, 40.72493212081157]}}, {"type": "Feature", "properties": {"unique_key": "24607172", "complaint_type": "Sewer", "descriptor": "Street Flooding (SJ)", "created_date": "2012-12-16T23:12:00.000", "agency": "DEP", "incident_address": "2134 SECOND AVENUE", "borough": "MANHATTAN", "source": "nyc_311_soda_76ig-c548", "hazard": "pluvial_311", "official_identity_verified": true}, "geometry": {"type": "Point", "coordinates": [-73.94073188637579, 40.79294027725418]}}, {"type": "Feature", "properties": {"unique_key": "24613497", "complaint_type": "Sewer", "descriptor": "Street Flooding (SJ)", "created_date": "2012-12-17T12:40:00.000", "agency": "DEP", "incident_address": null, "borough": "BROOKLYN", "source": "nyc_311_soda_76ig-c548", "hazard": "pluvial_311", "official_identity_verified": true}, "geometry": {"type": "Point", "coordinates": [-73.958550373776, 40.70688100684686]}}, {"type": "Feature", "properties": {"unique_key": "24620029", "complaint_type": "Sewer", "descriptor": "Street Flooding (SJ)", "created_date": "2012-12-18T05:29:00.000", "agency": "DEP", "incident_address": null, "borough": "MANHATTAN", "source": "nyc_311_soda_76ig-c548", "hazard": "pluvial_311", "official_identity_verified": true}, "geometry": {"type": "Point", "coordinates": [-73.9447737506954, 40.77914450955612]}}, {"type": "Feature", "properties": {"unique_key": "24621735", "complaint_type": "Sewer", "descriptor": "Street Flooding (SJ)", "created_date": "2012-12-18T09:57:00.000", "agency": "DEP", "incident_address": null, "borough": "MANHATTAN", "source": "nyc_311_soda_76ig-c548", "hazard": "pluvial_311", "official_identity_verified": true}, "geometry": {"type": "Point", "coordinates": [-73.9675888307687, 40.75189515597686]}}, {"type": "Feature", "properties": {"unique_key": "24622665", "complaint_type": "Sewer", "descriptor": "Street Flooding (SJ)", "created_date": "2012-12-18T08:16:00.000", "agency": "DEP", "incident_address": null, "borough": "MANHATTAN", "source": "nyc_311_soda_76ig-c548", "hazard": "pluvial_311", "official_identity_verified": true}, "geometry": {"type": "Point", "coordinates": [-73.97031909796912, 40.748157545313795]}}, {"type": "Feature", "properties": {"unique_key": "24623569", "complaint_type": "Sewer", "descriptor": "Street Flooding (SJ)", "created_date": "2012-12-18T10:07:00.000", "agency": "DEP", "incident_address": null, "borough": "MANHATTAN", "source": "nyc_311_soda_76ig-c548", "hazard": "pluvial_311", "official_identity_verified": true}, "geometry": {"type": "Point", "coordinates": [-73.97031909796912, 40.748157545313795]}}, {"type": "Feature", "properties": {"unique_key": "24626024", "complaint_type": "Sewer", "descriptor": "Street Flooding (SJ)", "created_date": "2012-12-19T10:10:00.000", "agency": "DEP", "incident_address": "30 EAST   47 STREET", "borough": "MANHATTAN", "source": "nyc_311_soda_76ig-c548", "hazard": "pluvial_311", "official_identity_verified": true}, "geometry": {"type": "Point", "coordinates": [-73.97674774606625, 40.75587999574879]}}, {"type": "Feature", "properties": {"unique_key": "24640338", "complaint_type": "Sewer", "descriptor": "Street Flooding (SJ)", "created_date": "2012-12-21T06:46:00.000", "agency": "DEP", "incident_address": null, "borough": "BROOKLYN", "source": "nyc_311_soda_76ig-c548", "hazard": "pluvial_311", "official_identity_verified": true}, "geometry": {"type": "Point", "coordinates": [-73.95131722410706, 40.68913325349826]}}, {"type": "Feature", "properties": {"unique_key": "24641287", "complaint_type": "Sewer", "descriptor": "Street Flooding (SJ)", "created_date": "2012-12-21T16:27:00.000", "agency": "DEP", "incident_address": "1 MAIN STREET", "borough": "BROOKLYN", "source": "nyc_311_soda_76ig-c548", "hazard": "pluvial_311", "official_identity_verified": true}, "geometry": {"type": "Point", "coordinates": [-73.99055408749997, 40.70433819597782]}}, {"type": "Feature", "properties": {"unique_key": "24641289", "complaint_type": "Sewer", "descriptor": "Street Flooding (SJ)", "created_date": "2012-12-21T00:00:00.000", "agency": "DEP", "incident_address": null, "borough": "MANHATTAN", "source": "nyc_311_soda_76ig-c548", "hazard": "pluvial_311", "official_identity_verified": true}, "geometry": {"type": "Point", "coordinates": [-73.99034191604916, 40.72493212081157]}}, {"type": "Feature", "properties": {"unique_key": "24666443", "complaint_type": "Sewer", "descriptor": "Street Flooding (SJ)", "created_date": "2012-12-26T23:17:00.000", "agency": "DEP", "incident_address": null, "borough": "BROOKLYN", "source": "nyc_311_soda_76ig-c548", "hazard": "pluvial_311", "official_identity_verified": true}, "geometry": {"type": "Point", "coordinates": [-73.98871070093001, 40.68522346444043]}}, {"type": "Feature", "properties": {"unique_key": "24674738", "complaint_type": "Sewer", "descriptor": "Street Flooding (SJ)", "created_date": "2012-12-27T16:08:00.000", "agency": "DEP", "incident_address": "451 BROOME STREET", "borough": "MANHATTAN", "source": "nyc_311_soda_76ig-c548", "hazard": "pluvial_311", "official_identity_verified": true}, "geometry": {"type": "Point", "coordinates": [-74.00054114732264, 40.722116403086154]}}, {"type": "Feature", "properties": {"unique_key": "24675683", "complaint_type": "Sewer", "descriptor": "Street Flooding (SJ)", "created_date": "2012-12-27T08:04:00.000", "agency": "DEP", "incident_address": null, "borough": "MANHATTAN", "source": "nyc_311_soda_76ig-c548", "hazard": "pluvial_311", "official_identity_verified": true}, "geometry": {"type": "Point", "coordinates": [-74.01189072521957, 40.7216382023764]}}, {"type": "Feature", "properties": {"unique_key": "24686919", "complaint_type": "Sewer", "descriptor": "Street Flooding (SJ)", "created_date": "2012-12-29T12:46:00.000", "agency": "DEP", "incident_address": null, "borough": "MANHATTAN", "source": "nyc_311_soda_76ig-c548", "hazard": "pluvial_311", "official_identity_verified": true}, "geometry": {"type": "Point", "coordinates": [-73.97444325196058, 40.75076604483484]}}, {"type": "Feature", "properties": {"unique_key": "24724245", "complaint_type": "Sewer", "descriptor": "Street Flooding (SJ)", "created_date": "2013-01-04T09:19:00.000", "agency": "DEP", "incident_address": null, "borough": "MANHATTAN", "source": "nyc_311_soda_76ig-c548", "hazard": "pluvial_311", "official_identity_verified": true}, "geometry": {"type": "Point", "coordinates": [-73.97623531488374, 40.76567588066998]}}, {"type": "Feature", "properties": {"unique_key": "24729439", "complaint_type": "Sewer", "descriptor": "Street Flooding (SJ)", "created_date": "2013-01-05T11:25:00.000", "agency": "DEP", "incident_address": null, "borough": "MANHATTAN", "source": "nyc_311_soda_76ig-c548", "hazard": "pluvial_311", "official_identity_verified": true}, "geometry": {"type": "Point", "coordinates": [-73.9810211612066, 40.76927237880526]}}, {"type": "Feature", "properties": {"unique_key": "24788260", "complaint_type": "Sewer", "descriptor": "Street Flooding (SJ)", "created_date": "2013-01-15T16:54:00.000", "agency": "DEP", "incident_address": null, "borough": "MANHATTAN", "source": "nyc_311_soda_76ig-c548", "hazard": "pluvial_311", "official_identity_verified": true}, "geometry": {"type": "Point", "coordinates": [-73.98314805353145, 40.738830730568644]}}, {"type": "Feature", "properties": {"unique_key": "24813372", "complaint_type": "Sewer", "descriptor": "Street Flooding (SJ)", "created_date": "2013-01-18T08:03:00.000", "agency": "DEP", "incident_address": null, "borough": "MANHATTAN", "source": "nyc_311_soda_76ig-c548", "hazard": "pluvial_311", "official_identity_verified": true}, "geometry": {"type": "Point", "coordinates": [-74.00510668394942, 40.74640187237436]}}, {"type": "Feature", "properties": {"unique_key": "24899716", "complaint_type": "Sewer", "descriptor": "Street Flooding (SJ)", "created_date": "2013-01-30T12:42:00.000", "agency": "DEP", "incident_address": "610 BALTIC STREET", "borough": "BROOKLYN", "source": "nyc_311_soda_76ig-c548", "hazard": "pluvial_311", "official_identity_verified": true}, "geometry": {"type": "Point", "coordinates": [-73.98049121551652, 40.680427247252936]}}, {"type": "Feature", "properties": {"unique_key": "24907191", "complaint_type": "Sewer", "descriptor": "Street Flooding (SJ)", "created_date": "2013-01-31T08:58:00.000", "agency": "DEP", "incident_address": null, "borough": "MANHATTAN", "source": "nyc_311_soda_76ig-c548", "hazard": "pluvial_311", "official_identity_verified": true}, "geometry": {"type": "Point", "coordinates": [-73.94284712061528, 40.78580504204428]}}, {"type": "Feature", "properties": {"unique_key": "24911454", "complaint_type": "Sewer", "descriptor": "Street Flooding (SJ)", "created_date": "2013-01-31T08:16:00.000", "agency": "DEP", "incident_address": null, "borough": "BROOKLYN", "source": "nyc_311_soda_76ig-c548", "hazard": "pluvial_311", "official_identity_verified": true}, "geometry": {"type": "Point", "coordinates": [-73.95131722410706, 40.68913325349826]}}, {"type": "Feature", "properties": {"unique_key": "24917534", "complaint_type": "Sewer", "descriptor": "Street Flooding (SJ)", "created_date": "2013-02-01T11:06:00.000", "agency": "DEP", "incident_address": null, "borough": "MANHATTAN", "source": "nyc_311_soda_76ig-c548", "hazard": "pluvial_311", "official_identity_verified": true}, "geometry": {"type": "Point", "coordinates": [-73.99280410305454, 40.742910439074564]}}, {"type": "Feature", "properties": {"unique_key": "24971131", "complaint_type": "Sewer", "descriptor": "Street Flooding (SJ)", "created_date": "2013-02-09T15:57:00.000", "agency": "DEP", "incident_address": null, "borough": "MANHATTAN", "source": "nyc_311_soda_76ig-c548", "hazard": "pluvial_311", "official_identity_verified": true}, "geometry": {"type": "Point", "coordinates": [-74.00051236454519, 40.73231591812111]}}, {"type": "Feature", "properties": {"unique_key": "24975098", "complaint_type": "Sewer", "descriptor": "Street Flooding (SJ)", "created_date": "2013-02-10T17:39:00.000", "agency": "DEP", "incident_address": null, "borough": "MANHATTAN", "source": "nyc_311_soda_76ig-c548", "hazard": "pluvial_311", "official_identity_verified": true}, "geometry": {"type": "Point", "coordinates": [-73.95303443006732, 40.78012529840929]}}, {"type": "Feature", "properties": {"unique_key": "24979998", "complaint_type": "Sewer", "descriptor": "Street Flooding (SJ)", "created_date": "2013-02-11T11:38:00.000", "agency": "DEP", "incident_address": "34 EAST    3 STREET", "borough": "MANHATTAN", "source": "nyc_311_soda_76ig-c548", "hazard": "pluvial_311", "official_identity_verified": true}, "geometry": {"type": "Point", "coordinates": [-73.99029489511794, 40.725752799246784]}}, {"type": "Feature", "properties": {"unique_key": "24982341", "complaint_type": "Sewer", "descriptor": "Street Flooding (SJ)", "created_date": "2013-02-11T12:55:00.000", "agency": "DEP", "incident_address": null, "borough": "MANHATTAN", "source": "nyc_311_soda_76ig-c548", "hazard": "pluvial_311", "official_identity_verified": true}, "geometry": {"type": "Point", "coordinates": [-73.97899798843295, 40.728106294050185]}}, {"type": "Feature", "properties": {"unique_key": "24990096", "complaint_type": "Sewer", "descriptor": "Street Flooding (SJ)", "created_date": "2013-02-12T14:41:00.000", "agency": "DEP", "incident_address": null, "borough": "MANHATTAN", "source": "nyc_311_soda_76ig-c548", "hazard": "pluvial_311", "official_identity_verified": true}, "geometry": {"type": "Point", "coordinates": [-73.97816732752612, 40.74164326439986]}}, {"type": "Feature", "properties": {"unique_key": "25071412", "complaint_type": "Sewer", "descriptor": "Street Flooding (SJ)", "created_date": "2013-02-25T12:45:00.000", "agency": "DEP", "incident_address": null, "borough": "MANHATTAN", "source": "nyc_311_soda_76ig-c548", "hazard": "pluvial_311", "official_identity_verified": true}, "geometry": {"type": "Point", "coordinates": [-73.98071276883954, 40.7122089492322]}}, {"type": "Feature", "properties": {"unique_key": "25076116", "complaint_type": "Sewer", "descriptor": "Street Flooding (SJ)", "created_date": "2013-02-26T21:05:00.000", "agency": "DEP", "incident_address": "7 AVENUE", "borough": "MANHATTAN", "source": "nyc_311_soda_76ig-c548", "hazard": "pluvial_311", "official_identity_verified": true}, "geometry": {"type": "Point", "coordinates": [-73.98720082692289, 40.75570322299865]}}, {"type": "Feature", "properties": {"unique_key": "25081612", "complaint_type": "Sewer", "descriptor": "Street Flooding (SJ)", "created_date": "2013-02-27T08:27:00.000", "agency": "DEP", "incident_address": "EAST   62 STREET", "borough": "MANHATTAN", "source": "nyc_311_soda_76ig-c548", "hazard": "pluvial_311", "official_identity_verified": true}, "geometry": {"type": "Point", "coordinates": [-73.96756829493773, 40.76442216464993]}}, {"type": "Feature", "properties": {"unique_key": "25081710", "complaint_type": "Sewer", "descriptor": "Street Flooding (SJ)", "created_date": "2013-02-27T14:09:00.000", "agency": "DEP", "incident_address": null, "borough": "MANHATTAN", "source": "nyc_311_soda_76ig-c548", "hazard": "pluvial_311", "official_identity_verified": true}, "geometry": {"type": "Point", "coordinates": [-73.94284712061528, 40.78580504204428]}}, {"type": "Feature", "properties": {"unique_key": "25081713", "complaint_type": "Sewer", "descriptor": "Street Flooding (SJ)", "created_date": "2013-02-27T09:13:00.000", "agency": "DEP", "incident_address": null, "borough": "MANHATTAN", "source": "nyc_311_soda_76ig-c548", "hazard": "pluvial_311", "official_identity_verified": true}, "geometry": {"type": "Point", "coordinates": [-73.98381155127129, 40.7407905784571]}}, {"type": "Feature", "properties": {"unique_key": "25084631", "complaint_type": "Sewer", "descriptor": "Street Flooding (SJ)", "created_date": "2013-02-27T11:47:00.000", "agency": "DEP", "incident_address": null, "borough": "MANHATTAN", "source": "nyc_311_soda_76ig-c548", "hazard": "pluvial_311", "official_identity_verified": true}, "geometry": {"type": "Point", "coordinates": [-74.00368846932793, 40.74835618760526]}}, {"type": "Feature", "properties": {"unique_key": "25112982", "complaint_type": "Sewer", "descriptor": "Street Flooding (SJ)", "created_date": "2013-03-04T23:59:00.000", "agency": "DEP", "incident_address": null, "borough": "BROOKLYN", "source": "nyc_311_soda_76ig-c548", "hazard": "pluvial_311", "official_identity_verified": true}, "geometry": {"type": "Point", "coordinates": [-73.96536873620161, 40.71100589469349]}}, {"type": "Feature", "properties": {"unique_key": "25119602", "complaint_type": "Sewer", "descriptor": "Street Flooding (SJ)", "created_date": "2013-03-05T08:13:00.000", "agency": "DEP", "incident_address": null, "borough": "BROOKLYN", "source": "nyc_311_soda_76ig-c548", "hazard": "pluvial_311", "official_identity_verified": true}, "geometry": {"type": "Point", "coordinates": [-73.96536873620161, 40.71100589469349]}}, {"type": "Feature", "properties": {"unique_key": "25143799", "complaint_type": "Sewer", "descriptor": "Street Flooding (SJ)", "created_date": "2013-03-08T11:28:00.000", "agency": "DEP", "incident_address": null, "borough": "MANHATTAN", "source": "nyc_311_soda_76ig-c548", "hazard": "pluvial_311", "official_identity_verified": true}, "geometry": {"type": "Point", "coordinates": [-73.97902527873018, 40.7560313939548]}}, {"type": "Feature", "properties": {"unique_key": "25161953", "complaint_type": "Sewer", "descriptor": "Street Flooding (SJ)", "created_date": "2013-03-12T13:30:00.000", "agency": "DEP", "incident_address": null, "borough": "MANHATTAN", "source": "nyc_311_soda_76ig-c548", "hazard": "pluvial_311", "official_identity_verified": true}, "geometry": {"type": "Point", "coordinates": [-73.97236197495663, 40.75649659469117]}}, {"type": "Feature", "properties": {"unique_key": "25164804", "complaint_type": "Sewer", "descriptor": "Street Flooding (SJ)", "created_date": "2013-03-12T14:50:00.000", "agency": "DEP", "incident_address": null, "borough": "MANHATTAN", "source": "nyc_311_soda_76ig-c548", "hazard": "pluvial_311", "official_identity_verified": true}, "geometry": {"type": "Point", "coordinates": [-73.98950536853718, 40.76781600688597]}}, {"type": "Feature", "properties": {"unique_key": "25166699", "complaint_type": "Sewer", "descriptor": "Street Flooding (SJ)", "created_date": "2013-03-12T12:43:00.000", "agency": "DEP", "incident_address": "525 WEST   24 STREET", "borough": "MANHATTAN", "source": "nyc_311_soda_76ig-c548", "hazard": "pluvial_311", "official_identity_verified": true}, "geometry": {"type": "Point", "coordinates": [-74.0047676143905, 40.7488200104448]}}, {"type": "Feature", "properties": {"unique_key": "25212018", "complaint_type": "Sewer", "descriptor": "Street Flooding (SJ)", "created_date": "2013-03-19T07:48:00.000", "agency": "DEP", "incident_address": null, "borough": "MANHATTAN", "source": "nyc_311_soda_76ig-c548", "hazard": "pluvial_311", "official_identity_verified": true}, "geometry": {"type": "Point", "coordinates": [-73.97053445526421, 40.75899934895229]}}, {"type": "Feature", "properties": {"unique_key": "25236568", "complaint_type": "Sewer", "descriptor": "Street Flooding (SJ)", "created_date": "2013-03-23T23:06:00.000", "agency": "DEP", "incident_address": null, "borough": "MANHATTAN", "source": "nyc_311_soda_76ig-c548", "hazard": "pluvial_311", "official_identity_verified": true}, "geometry": {"type": "Point", "coordinates": [-73.98381155127129, 40.7407905784571]}}, {"type": "Feature", "properties": {"unique_key": "25262180", "complaint_type": "Sewer", "descriptor": "Street Flooding (SJ)", "created_date": "2013-03-27T12:28:00.000", "agency": "DEP", "incident_address": null, "borough": "MANHATTAN", "source": "nyc_311_soda_76ig-c548", "hazard": "pluvial_311", "official_identity_verified": true}, "geometry": {"type": "Point", "coordinates": [-73.95417815370344, 40.7814295082462]}}, {"type": "Feature", "properties": {"unique_key": "25348178", "complaint_type": "Sewer", "descriptor": "Street Flooding (SJ)", "created_date": "2013-04-12T08:25:00.000", "agency": "DEP", "incident_address": null, "borough": "MANHATTAN", "source": "nyc_311_soda_76ig-c548", "hazard": "pluvial_311", "official_identity_verified": true}, "geometry": {"type": "Point", "coordinates": [-73.99186927462867, 40.74418668572297]}}, {"type": "Feature", "properties": {"unique_key": "25404482", "complaint_type": "Sewer", "descriptor": "Street Flooding (SJ)", "created_date": "2013-04-22T10:46:00.000", "agency": "DEP", "incident_address": "87 NORMAN AVENUE", "borough": "BROOKLYN", "source": "nyc_311_soda_76ig-c548", "hazard": "pluvial_311", "official_identity_verified": true}, "geometry": {"type": "Point", "coordinates": [-73.9519545908292, 40.725372642038195]}}, {"type": "Feature", "properties": {"unique_key": "25431926", "complaint_type": "Sewer", "descriptor": "Street Flooding (SJ)", "created_date": "2013-04-26T19:33:00.000", "agency": "DEP", "incident_address": "6 SKILLMAN STREET", "borough": "BROOKLYN", "source": "nyc_311_soda_76ig-c548", "hazard": "pluvial_311", "official_identity_verified": true}, "geometry": {"type": "Point", "coordinates": [-73.95788486462315, 40.69839669446714]}}, {"type": "Feature", "properties": {"unique_key": "25457375", "complaint_type": "Sewer", "descriptor": "Street Flooding (SJ)", "created_date": "2013-04-30T14:49:00.000", "agency": "DEP", "incident_address": "784 LEXINGTON AVENUE", "borough": "MANHATTAN", "source": "nyc_311_soda_76ig-c548", "hazard": "pluvial_311", "official_identity_verified": true}, "geometry": {"type": "Point", "coordinates": [-73.96721493559181, 40.76357942875794]}}, {"type": "Feature", "properties": {"unique_key": "25480597", "complaint_type": "Sewer", "descriptor": "Street Flooding (SJ)", "created_date": "2013-05-04T14:39:00.000", "agency": "DEP", "incident_address": null, "borough": "MANHATTAN", "source": "nyc_311_soda_76ig-c548", "hazard": "pluvial_311", "official_identity_verified": true}, "geometry": {"type": "Point", "coordinates": [-74.00864419959635, 40.72422130921706]}}, {"type": "Feature", "properties": {"unique_key": "25502638", "complaint_type": "Sewer", "descriptor": "Street Flooding (SJ)", "created_date": "2013-05-08T11:58:00.000", "agency": "DEP", "incident_address": "2 SOUTH END AVENUE", "borough": "MANHATTAN", "source": "nyc_311_soda_76ig-c548", "hazard": "pluvial_311", "official_identity_verified": true}, "geometry": {"type": "Point", "coordinates": [-74.0176557112128, 40.70803717159958]}}, {"type": "Feature", "properties": {"unique_key": "25503577", "complaint_type": "Sewer", "descriptor": "Street Flooding (SJ)", "created_date": "2013-05-08T12:25:00.000", "agency": "DEP", "incident_address": "F D R DRIVE", "borough": "MANHATTAN", "source": "nyc_311_soda_76ig-c548", "hazard": "pluvial_311", "official_identity_verified": true}, "geometry": {"type": "Point", "coordinates": [-73.94379170517895, 40.78333250115513]}}, {"type": "Feature", "properties": {"unique_key": "25503678", "complaint_type": "Sewer", "descriptor": "Street Flooding (SJ)", "created_date": "2013-05-08T08:34:00.000", "agency": "DEP", "incident_address": "337B WEST BROADWAY", "borough": "MANHATTAN", "source": "nyc_311_soda_76ig-c548", "hazard": "pluvial_311", "official_identity_verified": true}, "geometry": {"type": "Point", "coordinates": [-74.0036040653611, 40.72256374354509]}}, {"type": "Feature", "properties": {"unique_key": "25504537", "complaint_type": "Sewer", "descriptor": "Street Flooding (SJ)", "created_date": "2013-05-08T11:38:00.000", "agency": "DEP", "incident_address": "29 GRAHAM AVENUE", "borough": "BROOKLYN", "source": "nyc_311_soda_76ig-c548", "hazard": "pluvial_311", "official_identity_verified": true}, "geometry": {"type": "Point", "coordinates": [-73.94237417101779, 40.702238136747916]}}, {"type": "Feature", "properties": {"unique_key": "25504620", "complaint_type": "Sewer", "descriptor": "Street Flooding (SJ)", "created_date": "2013-05-08T07:34:00.000", "agency": "DEP", "incident_address": null, "borough": "BROOKLYN", "source": "nyc_311_soda_76ig-c548", "hazard": "pluvial_311", "official_identity_verified": true}, "geometry": {"type": "Point", "coordinates": [-73.95275052252838, 40.73752125808652]}}, {"type": "Feature", "properties": {"unique_key": "25504649", "complaint_type": "Sewer", "descriptor": "Street Flooding (SJ)", "created_date": "2013-05-08T08:27:00.000", "agency": "DEP", "incident_address": null, "borough": "MANHATTAN", "source": "nyc_311_soda_76ig-c548", "hazard": "pluvial_311", "official_identity_verified": true}, "geometry": {"type": "Point", "coordinates": [-74.00573890585939, 40.71208965236975]}}, {"type": "Feature", "properties": {"unique_key": "25504656", "complaint_type": "Sewer", "descriptor": "Street Flooding (SJ)", "created_date": "2013-05-08T08:45:00.000", "agency": "DEP", "incident_address": "60 GRAND STREET", "borough": "MANHATTAN", "source": "nyc_311_soda_76ig-c548", "hazard": "pluvial_311", "official_identity_verified": true}, "geometry": {"type": "Point", "coordinates": [-74.00343448761339, 40.72223163298204]}}, {"type": "Feature", "properties": {"unique_key": "25504657", "complaint_type": "Sewer", "descriptor": "Street Flooding (SJ)", "created_date": "2013-05-08T08:46:00.000", "agency": "DEP", "incident_address": null, "borough": "BROOKLYN", "source": "nyc_311_soda_76ig-c548", "hazard": "pluvial_311", "official_identity_verified": true}, "geometry": {"type": "Point", "coordinates": [-73.95128697646454, 40.70092202135726]}}, {"type": "Feature", "properties": {"unique_key": "25505510", "complaint_type": "Sewer", "descriptor": "Street Flooding (SJ)", "created_date": "2013-05-08T13:27:00.000", "agency": "DEP", "incident_address": "230 VAN BRUNT STREET", "borough": "BROOKLYN", "source": "nyc_311_soda_76ig-c548", "hazard": "pluvial_311", "official_identity_verified": true}, "geometry": {"type": "Point", "coordinates": [-74.00868906651367, 40.68095007988172]}}, {"type": "Feature", "properties": {"unique_key": "25505604", "complaint_type": "Sewer", "descriptor": "Street Flooding (SJ)", "created_date": "2013-05-08T09:05:00.000", "agency": "DEP", "incident_address": "111 HUDSON STREET", "borough": "MANHATTAN", "source": "nyc_311_soda_76ig-c548", "hazard": "pluvial_311", "official_identity_verified": true}, "geometry": {"type": "Point", "coordinates": [-74.00865802944006, 40.71959364547032]}}, {"type": "Feature", "properties": {"unique_key": "25505616", "complaint_type": "Sewer", "descriptor": "Street Flooding (SJ)", "created_date": "2013-05-08T09:23:00.000", "agency": "DEP", "incident_address": "44-29 9 STREET", "borough": "QUEENS", "source": "nyc_311_soda_76ig-c548", "hazard": "pluvial_311", "official_identity_verified": true}, "geometry": {"type": "Point", "coordinates": [-73.95205611224557, 40.749748834901084]}}, {"type": "Feature", "properties": {"unique_key": "25506423", "complaint_type": "Sewer", "descriptor": "Street Flooding (SJ)", "created_date": "2013-05-08T10:46:00.000", "agency": "DEP", "incident_address": "601 WEST   26 STREET", "borough": "MANHATTAN", "source": "nyc_311_soda_76ig-c548", "hazard": "pluvial_311", "official_identity_verified": true}, "geometry": {"type": "Point", "coordinates": [-74.00595519554346, 40.75093341092195]}}, {"type": "Feature", "properties": {"unique_key": "25506516", "complaint_type": "Sewer", "descriptor": "Street Flooding (SJ)", "created_date": "2013-05-08T08:01:00.000", "agency": "DEP", "incident_address": null, "borough": "MANHATTAN", "source": "nyc_311_soda_76ig-c548", "hazard": "pluvial_311", "official_identity_verified": true}, "geometry": {"type": "Point", "coordinates": [-74.01355599096652, 40.71447968462415]}}, {"type": "Feature", "properties": {"unique_key": "25506543", "complaint_type": "Sewer", "descriptor": "Street Flooding (SJ)", "created_date": "2013-05-08T09:07:00.000", "agency": "DEP", "incident_address": "276 AVENUE C", "borough": "MANHATTAN", "source": "nyc_311_soda_76ig-c548", "hazard": "pluvial_311", "official_identity_verified": true}, "geometry": {"type": "Point", "coordinates": [-73.97462078030094, 40.73004046535144]}}, {"type": "Feature", "properties": {"unique_key": "25506550", "complaint_type": "Sewer", "descriptor": "Street Flooding (SJ)", "created_date": "2013-05-08T09:17:00.000", "agency": "DEP", "incident_address": "276 AVENUE C", "borough": "MANHATTAN", "source": "nyc_311_soda_76ig-c548", "hazard": "pluvial_311", "official_identity_verified": true}, "geometry": {"type": "Point", "coordinates": [-73.97462078030094, 40.73004046535144]}}, {"type": "Feature", "properties": {"unique_key": "25508385", "complaint_type": "Sewer", "descriptor": "Street Flooding (SJ)", "created_date": "2013-05-08T10:02:00.000", "agency": "DEP", "incident_address": "814 MANHATTAN AVENUE", "borough": "BROOKLYN", "source": "nyc_311_soda_76ig-c548", "hazard": "pluvial_311", "official_identity_verified": true}, "geometry": {"type": "Point", "coordinates": [-73.95331994723998, 40.72824147471168]}}, {"type": "Feature", "properties": {"unique_key": "25508403", "complaint_type": "Sewer", "descriptor": "Street Flooding (SJ)", "created_date": "2013-05-08T11:16:00.000", "agency": "DEP", "incident_address": null, "borough": "BROOKLYN", "source": "nyc_311_soda_76ig-c548", "hazard": "pluvial_311", "official_identity_verified": true}, "geometry": {"type": "Point", "coordinates": [-74.00795375231108, 40.6825585698182]}}, {"type": "Feature", "properties": {"unique_key": "25508537", "complaint_type": "Sewer", "descriptor": "Street Flooding (SJ)", "created_date": "2013-05-08T08:59:00.000", "agency": "DEP", "incident_address": "40 MIDDLETON STREET", "borough": "BROOKLYN", "source": "nyc_311_soda_76ig-c548", "hazard": "pluvial_311", "official_identity_verified": true}, "geometry": {"type": "Point", "coordinates": [-73.95416852201994, 40.700994568761885]}}, {"type": "Feature", "properties": {"unique_key": "25509316", "complaint_type": "Sewer", "descriptor": "Street Flooding (SJ)", "created_date": "2013-05-08T10:27:00.000", "agency": "DEP", "incident_address": null, "borough": "MANHATTAN", "source": "nyc_311_soda_76ig-c548", "hazard": "pluvial_311", "official_identity_verified": true}, "geometry": {"type": "Point", "coordinates": [-73.98986362012604, 40.76223597911465]}}, {"type": "Feature", "properties": {"unique_key": "25509364", "complaint_type": "Sewer", "descriptor": "Street Flooding (SJ)", "created_date": "2013-05-08T13:33:00.000", "agency": "DEP", "incident_address": null, "borough": "MANHATTAN", "source": "nyc_311_soda_76ig-c548", "hazard": "pluvial_311", "official_identity_verified": true}, "geometry": {"type": "Point", "coordinates": [-74.00116543947316, 40.731775196703985]}}, {"type": "Feature", "properties": {"unique_key": "25509455", "complaint_type": "Sewer", "descriptor": "Street Flooding (SJ)", "created_date": "2013-05-08T09:15:00.000", "agency": "DEP", "incident_address": "FLUSHING AVENUE", "borough": "BROOKLYN", "source": "nyc_311_soda_76ig-c548", "hazard": "pluvial_311", "official_identity_verified": true}, "geometry": {"type": "Point", "coordinates": [-73.95655009641435, 40.69903023951623]}}, {"type": "Feature", "properties": {"unique_key": "25511097", "complaint_type": "Sewer", "descriptor": "Street Flooding (SJ)", "created_date": "2013-05-09T11:26:00.000", "agency": "DEP", "incident_address": "255 GREENPOINT AVENUE", "borough": "BROOKLYN", "source": "nyc_311_soda_76ig-c548", "hazard": "pluvial_311", "official_identity_verified": true}, "geometry": {"type": "Point", "coordinates": [-73.94943591990292, 40.73066619898257]}}, {"type": "Feature", "properties": {"unique_key": "25511108", "complaint_type": "Sewer", "descriptor": "Street Flooding (SJ)", "created_date": "2013-05-09T12:23:00.000", "agency": "DEP", "incident_address": null, "borough": "MANHATTAN", "source": "nyc_311_soda_76ig-c548", "hazard": "pluvial_311", "official_identity_verified": true}, "geometry": {"type": "Point", "coordinates": [-74.00743225670372, 40.72660109825021]}}, {"type": "Feature", "properties": {"unique_key": "25511919", "complaint_type": "Sewer", "descriptor": "Street Flooding (SJ)", "created_date": "2013-05-09T03:18:00.000", "agency": "DEP", "incident_address": "539 EAST   12 STREET", "borough": "MANHATTAN", "source": "nyc_311_soda_76ig-c548", "hazard": "pluvial_311", "official_identity_verified": true}, "geometry": {"type": "Point", "coordinates": [-73.98033998514924, 40.72868018501954]}}, {"type": "Feature", "properties": {"unique_key": "25514464", "complaint_type": "Sewer", "descriptor": "Street Flooding (SJ)", "created_date": "2013-05-09T12:22:00.000", "agency": "DEP", "incident_address": null, "borough": "MANHATTAN", "source": "nyc_311_soda_76ig-c548", "hazard": "pluvial_311", "official_identity_verified": true}, "geometry": {"type": "Point", "coordinates": [-73.98986362012604, 40.76223597911465]}}, {"type": "Feature", "properties": {"unique_key": "25514541", "complaint_type": "Sewer", "descriptor": "Street Flooding (SJ)", "created_date": "2013-05-09T10:45:00.000", "agency": "DEP", "incident_address": "475 BROADWAY", "borough": "MANHATTAN", "source": "nyc_311_soda_76ig-c548", "hazard": "pluvial_311", "official_identity_verified": true}, "geometry": {"type": "Point", "coordinates": [-74.00026696282403, 40.72132042408795]}}, {"type": "Feature", "properties": {"unique_key": "25523040", "complaint_type": "Sewer", "descriptor": "Street Flooding (SJ)", "created_date": "2013-05-11T23:30:00.000", "agency": "DEP", "incident_address": "50 EAST   12 STREET", "borough": "MANHATTAN", "source": "nyc_311_soda_76ig-c548", "hazard": "pluvial_311", "official_identity_verified": true}, "geometry": {"type": "Point", "coordinates": [-73.99169377996716, 40.733449203220836]}}, {"type": "Feature", "properties": {"unique_key": "25523057", "complaint_type": "Sewer", "descriptor": "Street Flooding (SJ)", "created_date": "2013-05-11T22:51:00.000", "agency": "DEP", "incident_address": "15 WEST   68 STREET", "borough": "MANHATTAN", "source": "nyc_311_soda_76ig-c548", "hazard": "pluvial_311", "official_identity_verified": true}, "geometry": {"type": "Point", "coordinates": [-73.97852860869823, 40.773962700310506]}}, {"type": "Feature", "properties": {"unique_key": "25528416", "complaint_type": "Sewer", "descriptor": "Street Flooding (SJ)", "created_date": "2013-05-12T10:41:00.000", "agency": "DEP", "incident_address": "334 AMSTERDAM AVENUE", "borough": "MANHATTAN", "source": "nyc_311_soda_76ig-c548", "hazard": "pluvial_311", "official_identity_verified": true}, "geometry": {"type": "Point", "coordinates": [-73.97989123239422, 40.78101417451643]}}, {"type": "Feature", "properties": {"unique_key": "25528889", "complaint_type": "Sewer", "descriptor": "Street Flooding (SJ)", "created_date": "2013-05-12T17:41:00.000", "agency": "DEP", "incident_address": "50 EAST   12 STREET", "borough": "MANHATTAN", "source": "nyc_311_soda_76ig-c548", "hazard": "pluvial_311", "official_identity_verified": true}, "geometry": {"type": "Point", "coordinates": [-73.99169377996716, 40.733449203220836]}}, {"type": "Feature", "properties": {"unique_key": "25582759", "complaint_type": "Sewer", "descriptor": "Street Flooding (SJ)", "created_date": "2013-05-19T15:18:00.000", "agency": "DEP", "incident_address": null, "borough": "MANHATTAN", "source": "nyc_311_soda_76ig-c548", "hazard": "pluvial_311", "official_identity_verified": true}, "geometry": {"type": "Point", "coordinates": [-73.98189293433464, 40.76296784838588]}}, {"type": "Feature", "properties": {"unique_key": "25590558", "complaint_type": "Sewer", "descriptor": "Street Flooding (SJ)", "created_date": "2013-05-19T17:34:00.000", "agency": "DEP", "incident_address": null, "borough": "MANHATTAN", "source": "nyc_311_soda_76ig-c548", "hazard": "pluvial_311", "official_identity_verified": true}, "geometry": {"type": "Point", "coordinates": [-73.99034191604916, 40.72493212081157]}}, {"type": "Feature", "properties": {"unique_key": "25590559", "complaint_type": "Sewer", "descriptor": "Street Flooding (SJ)", "created_date": "2013-05-22T16:19:00.000", "agency": "DEP", "incident_address": "1466 BROADWAY", "borough": "MANHATTAN", "source": "nyc_311_soda_76ig-c548", "hazard": "pluvial_311", "official_identity_verified": true}, "geometry": {"type": "Point", "coordinates": [-73.98646452281714, 40.75556864630674]}}, {"type": "Feature", "properties": {"unique_key": "25593140", "complaint_type": "Sewer", "descriptor": "Street Flooding (SJ)", "created_date": "2013-05-22T14:32:00.000", "agency": "DEP", "incident_address": null, "borough": "MANHATTAN", "source": "nyc_311_soda_76ig-c548", "hazard": "pluvial_311", "official_identity_verified": true}, "geometry": {"type": "Point", "coordinates": [-74.00095616452742, 40.731706579763554]}}, {"type": "Feature", "properties": {"unique_key": "25594061", "complaint_type": "Sewer", "descriptor": "Street Flooding (SJ)", "created_date": "2013-05-23T16:16:00.000", "agency": "DEP", "incident_address": "1701 LEXINGTON AVENUE", "borough": "MANHATTAN", "source": "nyc_311_soda_76ig-c548", "hazard": "pluvial_311", "official_identity_verified": true}, "geometry": {"type": "Point", "coordinates": [-73.9459651613759, 40.79265739749337]}}, {"type": "Feature", "properties": {"unique_key": "25594863", "complaint_type": "Sewer", "descriptor": "Street Flooding (SJ)", "created_date": "2013-05-23T16:22:00.000", "agency": "DEP", "incident_address": "8 BARCLAY STREET", "borough": "MANHATTAN", "source": "nyc_311_soda_76ig-c548", "hazard": "pluvial_311", "official_identity_verified": true}, "geometry": {"type": "Point", "coordinates": [-74.00850556675701, 40.71217182405998]}}, {"type": "Feature", "properties": {"unique_key": "25597978", "complaint_type": "Sewer", "descriptor": "Street Flooding (SJ)", "created_date": "2013-05-23T19:17:00.000", "agency": "DEP", "incident_address": "36 WATER STREET", "borough": "MANHATTAN", "source": "nyc_311_soda_76ig-c548", "hazard": "pluvial_311", "official_identity_verified": true}, "geometry": {"type": "Point", "coordinates": [-74.01062151130486, 40.703201760784346]}}, {"type": "Feature", "properties": {"unique_key": "25599585", "complaint_type": "Sewer", "descriptor": "Street Flooding (SJ)", "created_date": "2013-05-23T17:30:00.000", "agency": "DEP", "incident_address": "56 EAST   81 STREET", "borough": "MANHATTAN", "source": "nyc_311_soda_76ig-c548", "hazard": "pluvial_311", "official_identity_verified": true}, "geometry": {"type": "Point", "coordinates": [-73.96054290308756, 40.77736416447228]}}, {"type": "Feature", "properties": {"unique_key": "25618491", "complaint_type": "Sewer", "descriptor": "Street Flooding (SJ)", "created_date": "2013-05-28T16:55:00.000", "agency": "DEP", "incident_address": "10-38 47 ROAD", "borough": "QUEENS", "source": "nyc_311_soda_76ig-c548", "hazard": "pluvial_311", "official_identity_verified": true}, "geometry": {"type": "Point", "coordinates": [-73.95242070235876, 40.74460258134384]}}, {"type": "Feature", "properties": {"unique_key": "25634221", "complaint_type": "Sewer", "descriptor": "Street Flooding (SJ)", "created_date": "2013-05-30T09:39:00.000", "agency": "DEP", "incident_address": "2 SOUTH END AVENUE", "borough": "MANHATTAN", "source": "nyc_311_soda_76ig-c548", "hazard": "pluvial_311", "official_identity_verified": true}, "geometry": {"type": "Point", "coordinates": [-74.0176557112128, 40.70803717159958]}}, {"type": "Feature", "properties": {"unique_key": "25657781", "complaint_type": "Sewer", "descriptor": "Street Flooding (SJ)", "created_date": "2013-06-03T10:27:00.000", "agency": "DEP", "incident_address": null, "borough": "QUEENS", "source": "nyc_311_soda_76ig-c548", "hazard": "pluvial_311", "official_identity_verified": true}, "geometry": {"type": "Point", "coordinates": [-73.95070115204014, 40.742062963736515]}}, {"type": "Feature", "properties": {"unique_key": "25658813", "complaint_type": "Sewer", "descriptor": "Street Flooding (SJ)", "created_date": "2013-06-03T18:45:00.000", "agency": "DEP", "incident_address": "93 COMMERCIAL STREET", "borough": "BROOKLYN", "source": "nyc_311_soda_76ig-c548", "hazard": "pluvial_311", "official_identity_verified": true}, "geometry": {"type": "Point", "coordinates": [-73.95612077826145, 40.737624147390555]}}, {"type": "Feature", "properties": {"unique_key": "25663582", "complaint_type": "Sewer", "descriptor": "Street Flooding (SJ)", "created_date": "2013-06-03T09:16:00.000", "agency": "DEP", "incident_address": null, "borough": "BROOKLYN", "source": "nyc_311_soda_76ig-c548", "hazard": "pluvial_311", "official_identity_verified": true}, "geometry": {"type": "Point", "coordinates": [-73.95883922697111, 40.683018094206076]}}, {"type": "Feature", "properties": {"unique_key": "25690497", "complaint_type": "Sewer", "descriptor": "Street Flooding (SJ)", "created_date": "2013-06-07T17:35:00.000", "agency": "DEP", "incident_address": null, "borough": "MANHATTAN", "source": "nyc_311_soda_76ig-c548", "hazard": "pluvial_311", "official_identity_verified": true}, "geometry": {"type": "Point", "coordinates": [-73.94284712061528, 40.78580504204428]}}, {"type": "Feature", "properties": {"unique_key": "25693258", "complaint_type": "Sewer", "descriptor": "Street Flooding (SJ)", "created_date": "2013-06-07T17:20:00.000", "agency": "DEP", "incident_address": null, "borough": "MANHATTAN", "source": "nyc_311_soda_76ig-c548", "hazard": "pluvial_311", "official_identity_verified": true}, "geometry": {"type": "Point", "coordinates": [-73.94284712061528, 40.78580504204428]}}, {"type": "Feature", "properties": {"unique_key": "25694018", "complaint_type": "Sewer", "descriptor": "Street Flooding (SJ)", "created_date": "2013-06-07T13:50:00.000", "agency": "DEP", "incident_address": "100 1 AVENUE", "borough": "MANHATTAN", "source": "nyc_311_soda_76ig-c548", "hazard": "pluvial_311", "official_identity_verified": true}, "geometry": {"type": "Point", "coordinates": [-73.9860916031564, 40.72647972881244]}}, {"type": "Feature", "properties": {"unique_key": "25694766", "complaint_type": "Sewer", "descriptor": "Street Flooding (SJ)", "created_date": "2013-06-07T11:59:00.000", "agency": "DEP", "incident_address": "526 EAST    5 STREET", "borough": "MANHATTAN", "source": "nyc_311_soda_76ig-c548", "hazard": "pluvial_311", "official_identity_verified": true}, "geometry": {"type": "Point", "coordinates": [-73.98362789784123, 40.72452513778596]}}, {"type": "Feature", "properties": {"unique_key": "25694915", "complaint_type": "Sewer", "descriptor": "Street Flooding (SJ)", "created_date": "2013-06-07T15:57:00.000", "agency": "DEP", "incident_address": "175 EAST   83 STREET", "borough": "MANHATTAN", "source": "nyc_311_soda_76ig-c548", "hazard": "pluvial_311", "official_identity_verified": true}, "geometry": {"type": "Point", "coordinates": [-73.95606223459004, 40.77715394310713]}}, {"type": "Feature", "properties": {"unique_key": "25696671", "complaint_type": "Sewer", "descriptor": "Street Flooding (SJ)", "created_date": "2013-06-07T21:44:00.000", "agency": "DEP", "incident_address": "90 WEST WEST STREET", "borough": "MANHATTAN", "source": "nyc_311_soda_76ig-c548", "hazard": "pluvial_311", "official_identity_verified": true}, "geometry": {"type": "Point", "coordinates": [-74.01475981748165, 40.710008319289834]}}, {"type": "Feature", "properties": {"unique_key": "25705225", "complaint_type": "Sewer", "descriptor": "Street Flooding (SJ)", "created_date": "2013-06-09T21:18:00.000", "agency": "DEP", "incident_address": null, "borough": "MANHATTAN", "source": "nyc_311_soda_76ig-c548", "hazard": "pluvial_311", "official_identity_verified": true}, "geometry": {"type": "Point", "coordinates": [-73.95626142768926, 40.78722170653695]}}, {"type": "Feature", "properties": {"unique_key": "25707008", "complaint_type": "Sewer", "descriptor": "Street Flooding (SJ)", "created_date": "2013-06-10T13:22:00.000", "agency": "DEP", "incident_address": "36 WATER STREET", "borough": "MANHATTAN", "source": "nyc_311_soda_76ig-c548", "hazard": "pluvial_311", "official_identity_verified": true}, "geometry": {"type": "Point", "coordinates": [-74.01062151130486, 40.703201760784346]}}, {"type": "Feature", "properties": {"unique_key": "25711052", "complaint_type": "Sewer", "descriptor": "Street Flooding (SJ)", "created_date": "2013-06-10T18:05:00.000", "agency": "DEP", "incident_address": null, "borough": "MANHATTAN", "source": "nyc_311_soda_76ig-c548", "hazard": "pluvial_311", "official_identity_verified": true}, "geometry": {"type": "Point", "coordinates": [-73.98993630652562, 40.711211031632224]}}, {"type": "Feature", "properties": {"unique_key": "25715049", "complaint_type": "Sewer", "descriptor": "Street Flooding (SJ)", "created_date": "2013-06-11T02:38:00.000", "agency": "DEP", "incident_address": null, "borough": "MANHATTAN", "source": "nyc_311_soda_76ig-c548", "hazard": "pluvial_311", "official_identity_verified": true}, "geometry": {"type": "Point", "coordinates": [-73.94284712061528, 40.78580504204428]}}, {"type": "Feature", "properties": {"unique_key": "25721333", "complaint_type": "Sewer", "descriptor": "Street Flooding (SJ)", "created_date": "2013-06-11T14:19:00.000", "agency": "DEP", "incident_address": null, "borough": "MANHATTAN", "source": "nyc_311_soda_76ig-c548", "hazard": "pluvial_311", "official_identity_verified": true}, "geometry": {"type": "Point", "coordinates": [-73.94284712061528, 40.78580504204428]}}, {"type": "Feature", "properties": {"unique_key": "25730498", "complaint_type": "Sewer", "descriptor": "Street Flooding (SJ)", "created_date": "2013-06-12T21:06:00.000", "agency": "DEP", "incident_address": "1501 BROADWAY", "borough": "MANHATTAN", "source": "nyc_311_soda_76ig-c548", "hazard": "pluvial_311", "official_identity_verified": true}, "geometry": {"type": "Point", "coordinates": [-73.98619349526301, 40.757102926709656]}}, {"type": "Feature", "properties": {"unique_key": "25731486", "complaint_type": "Sewer", "descriptor": "Street Flooding (SJ)", "created_date": "2013-06-13T20:35:00.000", "agency": "DEP", "incident_address": "988 ATLANTIC AVENUE", "borough": "BROOKLYN", "source": "nyc_311_soda_76ig-c548", "hazard": "pluvial_311", "official_identity_verified": true}, "geometry": {"type": "Point", "coordinates": [-73.96083465538376, 40.68034812664321]}}, {"type": "Feature", "properties": {"unique_key": "25735241", "complaint_type": "Sewer", "descriptor": "Street Flooding (SJ)", "created_date": "2013-06-13T20:47:00.000", "agency": "DEP", "incident_address": "396 WALLABOUT STREET", "borough": "BROOKLYN", "source": "nyc_311_soda_76ig-c548", "hazard": "pluvial_311", "official_identity_verified": true}, "geometry": {"type": "Point", "coordinates": [-73.9474881675072, 40.702397035142475]}}, {"type": "Feature", "properties": {"unique_key": "25738026", "complaint_type": "Sewer", "descriptor": "Street Flooding (SJ)", "created_date": "2013-06-13T20:42:00.000", "agency": "DEP", "incident_address": "505 FLUSHING AVENUE", "borough": "BROOKLYN", "source": "nyc_311_soda_76ig-c548", "hazard": "pluvial_311", "official_identity_verified": true}, "geometry": {"type": "Point", "coordinates": [-73.95486576682472, 40.69923819363002]}}, {"type": "Feature", "properties": {"unique_key": "25738950", "complaint_type": "Sewer", "descriptor": "Street Flooding (SJ)", "created_date": "2013-06-14T09:39:00.000", "agency": "DEP", "incident_address": null, "borough": "MANHATTAN", "source": "nyc_311_soda_76ig-c548", "hazard": "pluvial_311", "official_identity_verified": true}, "geometry": {"type": "Point", "coordinates": [-73.96752916217581, 40.79285762085752]}}, {"type": "Feature", "properties": {"unique_key": "25755759", "complaint_type": "Sewer", "descriptor": "Street Flooding (SJ)", "created_date": "2013-06-17T21:05:00.000", "agency": "DEP", "incident_address": "26 MACON STREET", "borough": "BROOKLYN", "source": "nyc_311_soda_76ig-c548", "hazard": "pluvial_311", "official_identity_verified": true}, "geometry": {"type": "Point", "coordinates": [-73.95018744650062, 40.68100824508587]}}, {"type": "Feature", "properties": {"unique_key": "25785412", "complaint_type": "Sewer", "descriptor": "Street Flooding (SJ)", "created_date": "2013-06-20T11:56:00.000", "agency": "DEP", "incident_address": null, "borough": "MANHATTAN", "source": "nyc_311_soda_76ig-c548", "hazard": "pluvial_311", "official_identity_verified": true}, "geometry": {"type": "Point", "coordinates": [-74.00116543947316, 40.731775196703985]}}, {"type": "Feature", "properties": {"unique_key": "25807405", "complaint_type": "Sewer", "descriptor": "Street Flooding (SJ)", "created_date": "2013-06-24T17:31:00.000", "agency": "DEP", "incident_address": "2 MOTT STREET", "borough": "MANHATTAN", "source": "nyc_311_soda_76ig-c548", "hazard": "pluvial_311", "official_identity_verified": true}, "geometry": {"type": "Point", "coordinates": [-73.99866894440024, 40.7137640923645]}}, {"type": "Feature", "properties": {"unique_key": "25827956", "complaint_type": "Sewer", "descriptor": "Street Flooding (SJ)", "created_date": "2013-06-27T21:29:00.000", "agency": "DEP", "incident_address": "222 EAST   35 STREET", "borough": "MANHATTAN", "source": "nyc_311_soda_76ig-c548", "hazard": "pluvial_311", "official_identity_verified": true}, "geometry": {"type": "Point", "coordinates": [-73.9765166454795, 40.745908281482905]}}, {"type": "Feature", "properties": {"unique_key": "25852261", "complaint_type": "Sewer", "descriptor": "Street Flooding (SJ)", "created_date": "2013-07-01T13:45:00.000", "agency": "DEP", "incident_address": "350 HUDSON STREET", "borough": "MANHATTAN", "source": "nyc_311_soda_76ig-c548", "hazard": "pluvial_311", "official_identity_verified": true}, "geometry": {"type": "Point", "coordinates": [-74.00727361282912, 40.72754804937303]}}, {"type": "Feature", "properties": {"unique_key": "25852263", "complaint_type": "Sewer", "descriptor": "Street Flooding (SJ)", "created_date": "2013-07-01T13:44:00.000", "agency": "DEP", "incident_address": null, "borough": "MANHATTAN", "source": "nyc_311_soda_76ig-c548", "hazard": "pluvial_311", "official_identity_verified": true}, "geometry": {"type": "Point", "coordinates": [-74.00732049196499, 40.72732846589319]}}, {"type": "Feature", "properties": {"unique_key": "25856226", "complaint_type": "Sewer", "descriptor": "Street Flooding (SJ)", "created_date": "2013-07-01T13:26:00.000", "agency": "DEP", "incident_address": null, "borough": "MANHATTAN", "source": "nyc_311_soda_76ig-c548", "hazard": "pluvial_311", "official_identity_verified": true}, "geometry": {"type": "Point", "coordinates": [-73.96308610486504, 40.77500178839719]}}, {"type": "Feature", "properties": {"unique_key": "25869810", "complaint_type": "Sewer", "descriptor": "Street Flooding (SJ)", "created_date": "2013-07-03T20:18:00.000", "agency": "DEP", "incident_address": "38 WATER STREET", "borough": "MANHATTAN", "source": "nyc_311_soda_76ig-c548", "hazard": "pluvial_311", "official_identity_verified": true}, "geometry": {"type": "Point", "coordinates": [-74.010520530131, 40.70322921771054]}}, {"type": "Feature", "properties": {"unique_key": "25870827", "complaint_type": "Sewer", "descriptor": "Street Flooding (SJ)", "created_date": "2013-07-03T14:56:00.000", "agency": "DEP", "incident_address": null, "borough": "MANHATTAN", "source": "nyc_311_soda_76ig-c548", "hazard": "pluvial_311", "official_identity_verified": true}, "geometry": {"type": "Point", "coordinates": [-74.00365494458795, 40.729343291507625]}}, {"type": "Feature", "properties": {"unique_key": "25963442", "complaint_type": "Sewer", "descriptor": "Street Flooding (SJ)", "created_date": "2013-07-18T07:46:00.000", "agency": "DEP", "incident_address": null, "borough": "MANHATTAN", "source": "nyc_311_soda_76ig-c548", "hazard": "pluvial_311", "official_identity_verified": true}, "geometry": {"type": "Point", "coordinates": [-73.94112713742498, 40.79930001748764]}}, {"type": "Feature", "properties": {"unique_key": "25986301", "complaint_type": "Sewer", "descriptor": "Street Flooding (SJ)", "created_date": "2013-07-22T13:50:00.000", "agency": "DEP", "incident_address": "242 CANAL STREET", "borough": "MANHATTAN", "source": "nyc_311_soda_76ig-c548", "hazard": "pluvial_311", "official_identity_verified": true}, "geometry": {"type": "Point", "coordinates": [-74.00012986759137, 40.71813101411069]}}, {"type": "Feature", "properties": {"unique_key": "26046492", "complaint_type": "Sewer", "descriptor": "Street Flooding (SJ)", "created_date": "2013-08-01T14:59:00.000", "agency": "DEP", "incident_address": null, "borough": "MANHATTAN", "source": "nyc_311_soda_76ig-c548", "hazard": "pluvial_311", "official_identity_verified": true}, "geometry": {"type": "Point", "coordinates": [-73.97998787457806, 40.78384401265165]}}, {"type": "Feature", "properties": {"unique_key": "26047509", "complaint_type": "Sewer", "descriptor": "Street Flooding (SJ)", "created_date": "2013-08-01T09:56:00.000", "agency": "DEP", "incident_address": null, "borough": "MANHATTAN", "source": "nyc_311_soda_76ig-c548", "hazard": "pluvial_311", "official_identity_verified": true}, "geometry": {"type": "Point", "coordinates": [-73.94112713742498, 40.79930001748764]}}, {"type": "Feature", "properties": {"unique_key": "26051414", "complaint_type": "Sewer", "descriptor": "Street Flooding (SJ)", "created_date": "2013-07-29T13:28:00.000", "agency": "DEP", "incident_address": null, "borough": "MANHATTAN", "source": "nyc_311_soda_76ig-c548", "hazard": "pluvial_311", "official_identity_verified": true}, "geometry": {"type": "Point", "coordinates": [-73.94112713742498, 40.79930001748764]}}, {"type": "Feature", "properties": {"unique_key": "26059980", "complaint_type": "Sewer", "descriptor": "Street Flooding (SJ)", "created_date": "2013-07-26T12:18:00.000", "agency": "DEP", "incident_address": "123 EAST   64 STREET", "borough": "MANHATTAN", "source": "nyc_311_soda_76ig-c548", "hazard": "pluvial_311", "official_identity_verified": true}, "geometry": {"type": "Point", "coordinates": [-73.96669043980772, 40.765700963890886]}}, {"type": "Feature", "properties": {"unique_key": "26061553", "complaint_type": "Sewer", "descriptor": "Street Flooding (SJ)", "created_date": "2013-07-27T08:19:00.000", "agency": "DEP", "incident_address": "56 WEST   85 STREET", "borough": "MANHATTAN", "source": "nyc_311_soda_76ig-c548", "hazard": "pluvial_311", "official_identity_verified": true}, "geometry": {"type": "Point", "coordinates": [-73.97138227146081, 40.78525299011279]}}, {"type": "Feature", "properties": {"unique_key": "26117149", "complaint_type": "Sewer", "descriptor": "Street Flooding (SJ)", "created_date": "2013-08-13T08:26:00.000", "agency": "DEP", "incident_address": null, "borough": "MANHATTAN", "source": "nyc_311_soda_76ig-c548", "hazard": "pluvial_311", "official_identity_verified": true}, "geometry": {"type": "Point", "coordinates": [-73.98929757361397, 40.75790746711998]}}, {"type": "Feature", "properties": {"unique_key": "26118063", "complaint_type": "Sewer", "descriptor": "Street Flooding (SJ)", "created_date": "2013-08-13T10:52:00.000", "agency": "DEP", "incident_address": "1466 BROADWAY", "borough": "MANHATTAN", "source": "nyc_311_soda_76ig-c548", "hazard": "pluvial_311", "official_identity_verified": true}, "geometry": {"type": "Point", "coordinates": [-73.98646452281714, 40.75556864630674]}}, {"type": "Feature", "properties": {"unique_key": "26119932", "complaint_type": "Sewer", "descriptor": "Street Flooding (SJ)", "created_date": "2013-08-13T12:09:00.000", "agency": "DEP", "incident_address": "399 BEDFORD AVENUE", "borough": "BROOKLYN", "source": "nyc_311_soda_76ig-c548", "hazard": "pluvial_311", "official_identity_verified": true}, "geometry": {"type": "Point", "coordinates": [-73.9639554000532, 40.70984717091375]}}, {"type": "Feature", "properties": {"unique_key": "26120308", "complaint_type": "Sewer", "descriptor": "Street Flooding (SJ)", "created_date": "2013-08-13T14:39:00.000", "agency": "DEP", "incident_address": null, "borough": "MANHATTAN", "source": "nyc_311_soda_76ig-c548", "hazard": "pluvial_311", "official_identity_verified": true}, "geometry": {"type": "Point", "coordinates": [-73.94284712061528, 40.78580504204428]}}, {"type": "Feature", "properties": {"unique_key": "26121001", "complaint_type": "Sewer", "descriptor": "Street Flooding (SJ)", "created_date": "2013-08-13T09:38:00.000", "agency": "DEP", "incident_address": "194 AINSLIE STREET", "borough": "BROOKLYN", "source": "nyc_311_soda_76ig-c548", "hazard": "pluvial_311", "official_identity_verified": true}, "geometry": {"type": "Point", "coordinates": [-73.94668997687415, 40.712837750960084]}}, {"type": "Feature", "properties": {"unique_key": "26191008", "complaint_type": "Sewer", "descriptor": "Street Flooding (SJ)", "created_date": "2013-08-24T18:42:00.000", "agency": "DEP", "incident_address": "355 EAST   72 STREET", "borough": "MANHATTAN", "source": "nyc_311_soda_76ig-c548", "hazard": "pluvial_311", "official_identity_verified": true}, "geometry": {"type": "Point", "coordinates": [-73.95707171922261, 40.76826685921193]}}, {"type": "Feature", "properties": {"unique_key": "26300135", "complaint_type": "Sewer", "descriptor": "Street Flooding (SJ)", "created_date": "2013-09-12T20:25:00.000", "agency": "DEP", "incident_address": null, "borough": "MANHATTAN", "source": "nyc_311_soda_76ig-c548", "hazard": "pluvial_311", "official_identity_verified": true}, "geometry": {"type": "Point", "coordinates": [-74.00525554649693, 40.711999098304446]}}, {"type": "Feature", "properties": {"unique_key": "26302824", "complaint_type": "Sewer", "descriptor": "Street Flooding (SJ)", "created_date": "2013-09-12T20:54:00.000", "agency": "DEP", "incident_address": null, "borough": "MANHATTAN", "source": "nyc_311_soda_76ig-c548", "hazard": "pluvial_311", "official_identity_verified": true}, "geometry": {"type": "Point", "coordinates": [-73.98986362012604, 40.76223597911465]}}, {"type": "Feature", "properties": {"unique_key": "26327001", "complaint_type": "Sewer", "descriptor": "Street Flooding (SJ)", "created_date": "2013-09-16T16:40:00.000", "agency": "DEP", "incident_address": "155 EAST   78 STREET", "borough": "MANHATTAN", "source": "nyc_311_soda_76ig-c548", "hazard": "pluvial_311", "official_identity_verified": true}, "geometry": {"type": "Point", "coordinates": [-73.95884794550425, 40.7740561628444]}}, {"type": "Feature", "properties": {"unique_key": "26342736", "complaint_type": "Sewer", "descriptor": "Street Flooding (SJ)", "created_date": "2013-09-19T12:53:00.000", "agency": "DEP", "incident_address": "560 BROADWAY", "borough": "MANHATTAN", "source": "nyc_311_soda_76ig-c548", "hazard": "pluvial_311", "official_identity_verified": true}, "geometry": {"type": "Point", "coordinates": [-73.99804820949959, 40.72390871479163]}}, {"type": "Feature", "properties": {"unique_key": "26346887", "complaint_type": "Sewer", "descriptor": "Street Flooding (SJ)", "created_date": "2013-09-19T13:48:00.000", "agency": "DEP", "incident_address": null, "borough": "MANHATTAN", "source": "nyc_311_soda_76ig-c548", "hazard": "pluvial_311", "official_identity_verified": true}, "geometry": {"type": "Point", "coordinates": [-73.99695145601993, 40.72388124339955]}}, {"type": "Feature", "properties": {"unique_key": "26348362", "complaint_type": "Sewer", "descriptor": "Street Flooding (SJ)", "created_date": "2013-09-20T12:09:00.000", "agency": "DEP", "incident_address": "139 FRANKLIN STREET", "borough": "MANHATTAN", "source": "nyc_311_soda_76ig-c548", "hazard": "pluvial_311", "official_identity_verified": true}, "geometry": {"type": "Point", "coordinates": [-74.00754686842588, 40.719176520246904]}}, {"type": "Feature", "properties": {"unique_key": "26378241", "complaint_type": "Sewer", "descriptor": "Street Flooding (SJ)", "created_date": "2013-09-25T16:02:00.000", "agency": "DEP", "incident_address": null, "borough": "MANHATTAN", "source": "nyc_311_soda_76ig-c548", "hazard": "pluvial_311", "official_identity_verified": true}, "geometry": {"type": "Point", "coordinates": [-73.98929757361397, 40.75790746711998]}}, {"type": "Feature", "properties": {"unique_key": "26417752", "complaint_type": "Sewer", "descriptor": "Street Flooding (SJ)", "created_date": "2013-10-01T19:43:00.000", "agency": "DEP", "incident_address": null, "borough": "BROOKLYN", "source": "nyc_311_soda_76ig-c548", "hazard": "pluvial_311", "official_identity_verified": true}, "geometry": {"type": "Point", "coordinates": [-74.00581938694677, 40.68365660642204]}}, {"type": "Feature", "properties": {"unique_key": "26458887", "complaint_type": "Sewer", "descriptor": "Street Flooding (SJ)", "created_date": "2013-10-08T05:19:00.000", "agency": "DEP", "incident_address": "627 11 AVENUE", "borough": "MANHATTAN", "source": "nyc_311_soda_76ig-c548", "hazard": "pluvial_311", "official_identity_verified": true}, "geometry": {"type": "Point", "coordinates": [-73.99636483923263, 40.763520907197076]}}, {"type": "Feature", "properties": {"unique_key": "26467922", "complaint_type": "Sewer", "descriptor": "Street Flooding (SJ)", "created_date": "2013-10-10T19:33:00.000", "agency": "DEP", "incident_address": "207 WEST   10 STREET", "borough": "MANHATTAN", "source": "nyc_311_soda_76ig-c548", "hazard": "pluvial_311", "official_identity_verified": true}, "geometry": {"type": "Point", "coordinates": [-74.00400521053285, 40.73410268457704]}}, {"type": "Feature", "properties": {"unique_key": "26475833", "complaint_type": "Sewer", "descriptor": "Street Flooding (SJ)", "created_date": "2013-10-11T09:44:00.000", "agency": "DEP", "incident_address": null, "borough": "MANHATTAN", "source": "nyc_311_soda_76ig-c548", "hazard": "pluvial_311", "official_identity_verified": true}, "geometry": {"type": "Point", "coordinates": [-73.96991438209491, 40.797216898202706]}}, {"type": "Feature", "properties": {"unique_key": "26508989", "complaint_type": "Sewer", "descriptor": "Street Flooding (SJ)", "created_date": "2013-10-18T11:07:00.000", "agency": "DEP", "incident_address": null, "borough": "MANHATTAN", "source": "nyc_311_soda_76ig-c548", "hazard": "pluvial_311", "official_identity_verified": true}, "geometry": {"type": "Point", "coordinates": [-73.99695145601993, 40.72388124339955]}}, {"type": "Feature", "properties": {"unique_key": "26585286", "complaint_type": "Sewer", "descriptor": "Street Flooding (SJ)", "created_date": "2013-10-29T16:25:00.000", "agency": "DEP", "incident_address": null, "borough": "MANHATTAN", "source": "nyc_311_soda_76ig-c548", "hazard": "pluvial_311", "official_identity_verified": true}, "geometry": {"type": "Point", "coordinates": [-73.9873955961568, 40.718303244081405]}}, {"type": "Feature", "properties": {"unique_key": "26634161", "complaint_type": "Sewer", "descriptor": "Street Flooding (SJ)", "created_date": "2013-11-06T12:23:00.000", "agency": "DEP", "incident_address": "420 BERGEN STREET", "borough": "BROOKLYN", "source": "nyc_311_soda_76ig-c548", "hazard": "pluvial_311", "official_identity_verified": true}, "geometry": {"type": "Point", "coordinates": [-73.97775788148996, 40.68176345576984]}}, {"type": "Feature", "properties": {"unique_key": "26686179", "complaint_type": "Sewer", "descriptor": "Street Flooding (SJ)", "created_date": "2013-11-14T15:34:00.000", "agency": "DEP", "incident_address": null, "borough": "MANHATTAN", "source": "nyc_311_soda_76ig-c548", "hazard": "pluvial_311", "official_identity_verified": true}, "geometry": {"type": "Point", "coordinates": [-73.99630403340966, 40.75338730923498]}}, {"type": "Feature", "properties": {"unique_key": "26743975", "complaint_type": "Sewer", "descriptor": "Street Flooding (SJ)", "created_date": "2013-11-23T16:07:00.000", "agency": "DEP", "incident_address": null, "borough": "MANHATTAN", "source": "nyc_311_soda_76ig-c548", "hazard": "pluvial_311", "official_identity_verified": true}, "geometry": {"type": "Point", "coordinates": [-73.95028380635546, 40.78388992109044]}}, {"type": "Feature", "properties": {"unique_key": "26770563", "complaint_type": "Sewer", "descriptor": "Street Flooding (SJ)", "created_date": "2013-11-27T08:59:00.000", "agency": "DEP", "incident_address": null, "borough": "MANHATTAN", "source": "nyc_311_soda_76ig-c548", "hazard": "pluvial_311", "official_identity_verified": true}, "geometry": {"type": "Point", "coordinates": [-73.95729530066863, 40.77428341114541]}}, {"type": "Feature", "properties": {"unique_key": "26773344", "complaint_type": "Sewer", "descriptor": "Street Flooding (SJ)", "created_date": "2013-11-27T05:33:00.000", "agency": "DEP", "incident_address": null, "borough": "MANHATTAN", "source": "nyc_311_soda_76ig-c548", "hazard": "pluvial_311", "official_identity_verified": true}, "geometry": {"type": "Point", "coordinates": [-73.98162148906776, 40.77860733030423]}}, {"type": "Feature", "properties": {"unique_key": "26775035", "complaint_type": "Sewer", "descriptor": "Street Flooding (SJ)", "created_date": "2013-11-27T12:48:00.000", "agency": "DEP", "incident_address": null, "borough": "MANHATTAN", "source": "nyc_311_soda_76ig-c548", "hazard": "pluvial_311", "official_identity_verified": true}, "geometry": {"type": "Point", "coordinates": [-73.94476641096468, 40.77493407906431]}}, {"type": "Feature", "properties": {"unique_key": "26775973", "complaint_type": "Sewer", "descriptor": "Street Flooding (SJ)", "created_date": "2013-11-27T05:18:00.000", "agency": "DEP", "incident_address": null, "borough": "MANHATTAN", "source": "nyc_311_soda_76ig-c548", "hazard": "pluvial_311", "official_identity_verified": true}, "geometry": {"type": "Point", "coordinates": [-73.96900364497259, 40.798470997616064]}}, {"type": "Feature", "properties": {"unique_key": "26775975", "complaint_type": "Sewer", "descriptor": "Street Flooding (SJ)", "created_date": "2013-11-27T08:20:00.000", "agency": "DEP", "incident_address": null, "borough": "MANHATTAN", "source": "nyc_311_soda_76ig-c548", "hazard": "pluvial_311", "official_identity_verified": true}, "geometry": {"type": "Point", "coordinates": [-73.97346363241188, 40.76365789029119]}}, {"type": "Feature", "properties": {"unique_key": "26847116", "complaint_type": "Sewer", "descriptor": "Street Flooding (SJ)", "created_date": "2013-12-09T15:29:00.000", "agency": "DEP", "incident_address": null, "borough": "MANHATTAN", "source": "nyc_311_soda_76ig-c548", "hazard": "pluvial_311", "official_identity_verified": true}, "geometry": {"type": "Point", "coordinates": [-73.95881485536971, 40.780857608946064]}}, {"type": "Feature", "properties": {"unique_key": "26847904", "complaint_type": "Sewer", "descriptor": "Street Flooding (SJ)", "created_date": "2013-12-09T17:58:00.000", "agency": "DEP", "incident_address": null, "borough": "MANHATTAN", "source": "nyc_311_soda_76ig-c548", "hazard": "pluvial_311", "official_identity_verified": true}, "geometry": {"type": "Point", "coordinates": [-73.98957446267119, 40.74154879564148]}}, {"type": "Feature", "properties": {"unique_key": "26850871", "complaint_type": "Sewer", "descriptor": "Street Flooding (SJ)", "created_date": "2013-12-10T07:44:00.000", "agency": "DEP", "incident_address": null, "borough": "MANHATTAN", "source": "nyc_311_soda_76ig-c548", "hazard": "pluvial_311", "official_identity_verified": true}, "geometry": {"type": "Point", "coordinates": [-73.9854954103767, 40.74715313350962]}}, {"type": "Feature", "properties": {"unique_key": "26851844", "complaint_type": "Sewer", "descriptor": "Street Flooding (SJ)", "created_date": "2013-12-10T09:01:00.000", "agency": "DEP", "incident_address": null, "borough": "MANHATTAN", "source": "nyc_311_soda_76ig-c548", "hazard": "pluvial_311", "official_identity_verified": true}, "geometry": {"type": "Point", "coordinates": [-73.96276652887127, 40.778311838558686]}}, {"type": "Feature", "properties": {"unique_key": "26853793", "complaint_type": "Sewer", "descriptor": "Street Flooding (SJ)", "created_date": "2013-12-10T11:50:00.000", "agency": "DEP", "incident_address": null, "borough": "MANHATTAN", "source": "nyc_311_soda_76ig-c548", "hazard": "pluvial_311", "official_identity_verified": true}, "geometry": {"type": "Point", "coordinates": [-73.9882379049509, 40.74912966509562]}}, {"type": "Feature", "properties": {"unique_key": "26860798", "complaint_type": "Sewer", "descriptor": "Street Flooding (SJ)", "created_date": "2013-12-11T15:27:00.000", "agency": "DEP", "incident_address": null, "borough": "MANHATTAN", "source": "nyc_311_soda_76ig-c548", "hazard": "pluvial_311", "official_identity_verified": true}, "geometry": {"type": "Point", "coordinates": [-73.9656281806636, 40.79545632865123]}}, {"type": "Feature", "properties": {"unique_key": "26862670", "complaint_type": "Sewer", "descriptor": "Street Flooding (SJ)", "created_date": "2013-12-11T09:12:00.000", "agency": "DEP", "incident_address": null, "borough": "MANHATTAN", "source": "nyc_311_soda_76ig-c548", "hazard": "pluvial_311", "official_identity_verified": true}, "geometry": {"type": "Point", "coordinates": [-73.98533080617457, 40.77353009843591]}}, {"type": "Feature", "properties": {"unique_key": "26888753", "complaint_type": "Sewer", "descriptor": "Street Flooding (SJ)", "created_date": "2013-12-15T09:34:00.000", "agency": "DEP", "incident_address": null, "borough": "MANHATTAN", "source": "nyc_311_soda_76ig-c548", "hazard": "pluvial_311", "official_identity_verified": true}, "geometry": {"type": "Point", "coordinates": [-73.94419520915616, 40.78012684639865]}}, {"type": "Feature", "properties": {"unique_key": "26944249", "complaint_type": "Sewer", "descriptor": "Street Flooding (SJ)", "created_date": "2013-12-23T17:37:00.000", "agency": "DEP", "incident_address": null, "borough": "MANHATTAN", "source": "nyc_311_soda_76ig-c548", "hazard": "pluvial_311", "official_identity_verified": true}, "geometry": {"type": "Point", "coordinates": [-73.98399833588036, 40.72936968523056]}}, {"type": "Feature", "properties": {"unique_key": "26968235", "complaint_type": "Sewer", "descriptor": "Street Flooding (SJ)", "created_date": "2013-12-23T14:05:00.000", "agency": "DEP", "incident_address": "VAN BUREN STREET", "borough": "BROOKLYN", "source": "nyc_311_soda_76ig-c548", "hazard": "pluvial_311", "official_identity_verified": true}, "geometry": {"type": "Point", "coordinates": [-73.94378744755188, 40.68999991401278]}}, {"type": "Feature", "properties": {"unique_key": "27007834", "complaint_type": "Sewer", "descriptor": "Street Flooding (SJ)", "created_date": "2013-12-29T16:40:00.000", "agency": "DEP", "incident_address": null, "borough": "BROOKLYN", "source": "nyc_311_soda_76ig-c548", "hazard": "pluvial_311", "official_identity_verified": true}, "geometry": {"type": "Point", "coordinates": [-73.96134655378708, 40.680463580225336]}}, {"type": "Feature", "properties": {"unique_key": "27007856", "complaint_type": "Sewer", "descriptor": "Street Flooding (SJ)", "created_date": "2013-12-29T16:06:00.000", "agency": "DEP", "incident_address": "133 HARRISON AVENUE", "borough": "BROOKLYN", "source": "nyc_311_soda_76ig-c548", "hazard": "pluvial_311", "official_identity_verified": true}, "geometry": {"type": "Point", "coordinates": [-73.9500377488126, 40.70276047917429]}}, {"type": "Feature", "properties": {"unique_key": "27009672", "complaint_type": "Sewer", "descriptor": "Street Flooding (SJ)", "created_date": "2013-12-29T14:33:00.000", "agency": "DEP", "incident_address": "202 MACON STREET", "borough": "BROOKLYN", "source": "nyc_311_soda_76ig-c548", "hazard": "pluvial_311", "official_identity_verified": true}, "geometry": {"type": "Point", "coordinates": [-73.94264415081032, 40.681874825391475]}}, {"type": "Feature", "properties": {"unique_key": "27023258", "complaint_type": "Sewer", "descriptor": "Street Flooding (SJ)", "created_date": "2013-12-31T13:29:00.000", "agency": "DEP", "incident_address": null, "borough": "BROOKLYN", "source": "nyc_311_soda_76ig-c548", "hazard": "pluvial_311", "official_identity_verified": true}, "geometry": {"type": "Point", "coordinates": [-73.95003114907557, 40.72600037283003]}}, {"type": "Feature", "properties": {"unique_key": "27070401", "complaint_type": "Sewer", "descriptor": "Street Flooding (SJ)", "created_date": "2014-01-06T09:12:00.000", "agency": "DEP", "incident_address": null, "borough": "MANHATTAN", "source": "nyc_311_soda_76ig-c548", "hazard": "pluvial_311", "official_identity_verified": true}, "geometry": {"type": "Point", "coordinates": [-73.96276652887127, 40.778311838558686]}}, {"type": "Feature", "properties": {"unique_key": "27072494", "complaint_type": "Sewer", "descriptor": "Street Flooding (SJ)", "created_date": "2014-01-06T18:59:00.000", "agency": "DEP", "incident_address": null, "borough": "MANHATTAN", "source": "nyc_311_soda_76ig-c548", "hazard": "pluvial_311", "official_identity_verified": true}, "geometry": {"type": "Point", "coordinates": [-74.00667359125764, 40.7165333703795]}}, {"type": "Feature", "properties": {"unique_key": "27074620", "complaint_type": "Sewer", "descriptor": "Street Flooding (SJ)", "created_date": "2014-01-06T08:52:00.000", "agency": "DEP", "incident_address": "102 COMMERCE STREET", "borough": "BROOKLYN", "source": "nyc_311_soda_76ig-c548", "hazard": "pluvial_311", "official_identity_verified": true}, "geometry": {"type": "Point", "coordinates": [-74.00893067976263, 40.68132335048843]}}, {"type": "Feature", "properties": {"unique_key": "27075513", "complaint_type": "Sewer", "descriptor": "Street Flooding (SJ)", "created_date": "2014-01-06T09:18:00.000", "agency": "DEP", "incident_address": "102 COMMERCE STREET", "borough": "BROOKLYN", "source": "nyc_311_soda_76ig-c548", "hazard": "pluvial_311", "official_identity_verified": true}, "geometry": {"type": "Point", "coordinates": [-74.00893067976263, 40.68132335048843]}}, {"type": "Feature", "properties": {"unique_key": "27095593", "complaint_type": "Sewer", "descriptor": "Street Flooding (SJ)", "created_date": "2014-01-08T17:24:00.000", "agency": "DEP", "incident_address": null, "borough": "MANHATTAN", "source": "nyc_311_soda_76ig-c548", "hazard": "pluvial_311", "official_identity_verified": true}, "geometry": {"type": "Point", "coordinates": [-73.98595027519353, 40.74653562137812]}}, {"type": "Feature", "properties": {"unique_key": "27115574", "complaint_type": "Sewer", "descriptor": "Street Flooding (SJ)", "created_date": "2014-01-10T21:42:00.000", "agency": "DEP", "incident_address": "122 HALSEY STREET", "borough": "BROOKLYN", "source": "nyc_311_soda_76ig-c548", "hazard": "pluvial_311", "official_identity_verified": true}, "geometry": {"type": "Point", "coordinates": [-73.9485678891236, 40.68194350021905]}}, {"type": "Feature", "properties": {"unique_key": "27143898", "complaint_type": "Sewer", "descriptor": "Street Flooding (SJ)", "created_date": "2014-01-14T11:34:00.000", "agency": "DEP", "incident_address": "30 EAST   61 STREET", "borough": "MANHATTAN", "source": "nyc_311_soda_76ig-c548", "hazard": "pluvial_311", "official_identity_verified": true}, "geometry": {"type": "Point", "coordinates": [-73.97027560919226, 40.76473854028449]}}, {"type": "Feature", "properties": {"unique_key": "27184829", "complaint_type": "Sewer", "descriptor": "Street Flooding (SJ)", "created_date": "2014-01-18T13:21:00.000", "agency": "DEP", "incident_address": "169 EAST   87 STREET", "borough": "MANHATTAN", "source": "nyc_311_soda_76ig-c548", "hazard": "pluvial_311", "official_identity_verified": true}, "geometry": {"type": "Point", "coordinates": [-73.95437420287168, 40.779878810426034]}}, {"type": "Feature", "properties": {"unique_key": "27196827", "complaint_type": "Sewer", "descriptor": "Street Flooding (SJ)", "created_date": "2014-01-20T14:55:00.000", "agency": "DEP", "incident_address": null, "borough": "MANHATTAN", "source": "nyc_311_soda_76ig-c548", "hazard": "pluvial_311", "official_identity_verified": true}, "geometry": {"type": "Point", "coordinates": [-73.98950536853718, 40.76781600688597]}}, {"type": "Feature", "properties": {"unique_key": "27301966", "complaint_type": "Sewer", "descriptor": "Street Flooding (SJ)", "created_date": "2014-01-31T10:13:00.000", "agency": "DEP", "incident_address": null, "borough": "MANHATTAN", "source": "nyc_311_soda_76ig-c548", "hazard": "pluvial_311", "official_identity_verified": true}, "geometry": {"type": "Point", "coordinates": [-73.99739891123454, 40.7214493986705]}}, {"type": "Feature", "properties": {"unique_key": "27321838", "complaint_type": "Sewer", "descriptor": "Street Flooding (SJ)", "created_date": "2014-02-03T13:54:00.000", "agency": "DEP", "incident_address": "655 3 AVENUE", "borough": "MANHATTAN", "source": "nyc_311_soda_76ig-c548", "hazard": "pluvial_311", "official_identity_verified": true}, "geometry": {"type": "Point", "coordinates": [-73.97457686778714, 40.750568452580914]}}, {"type": "Feature", "properties": {"unique_key": "27337380", "complaint_type": "Sewer", "descriptor": "Street Flooding (SJ)", "created_date": "2014-02-05T09:57:00.000", "agency": "DEP", "incident_address": null, "borough": "MANHATTAN", "source": "nyc_311_soda_76ig-c548", "hazard": "pluvial_311", "official_identity_verified": true}, "geometry": {"type": "Point", "coordinates": [-73.98929757361397, 40.75790746711998]}}, {"type": "Feature", "properties": {"unique_key": "27337397", "complaint_type": "Sewer", "descriptor": "Street Flooding (SJ)", "created_date": "2014-02-05T11:13:00.000", "agency": "DEP", "incident_address": "234 WEST   29 STREET", "borough": "MANHATTAN", "source": "nyc_311_soda_76ig-c548", "hazard": "pluvial_311", "official_identity_verified": true}, "geometry": {"type": "Point", "coordinates": [-73.99403060201216, 40.74831766550164]}}, {"type": "Feature", "properties": {"unique_key": "27338259", "complaint_type": "Sewer", "descriptor": "Street Flooding (SJ)", "created_date": "2014-02-05T12:50:00.000", "agency": "DEP", "incident_address": null, "borough": "MANHATTAN", "source": "nyc_311_soda_76ig-c548", "hazard": "pluvial_311", "official_identity_verified": true}, "geometry": {"type": "Point", "coordinates": [-73.97301575364541, 40.76427809800246]}}, {"type": "Feature", "properties": {"unique_key": "27339276", "complaint_type": "Sewer", "descriptor": "Street Flooding (SJ)", "created_date": "2014-02-05T11:20:00.000", "agency": "DEP", "incident_address": "395 2 AVENUE", "borough": "MANHATTAN", "source": "nyc_311_soda_76ig-c548", "hazard": "pluvial_311", "official_identity_verified": true}, "geometry": {"type": "Point", "coordinates": [-73.98106263477966, 40.73768584481694]}}, {"type": "Feature", "properties": {"unique_key": "27339277", "complaint_type": "Sewer", "descriptor": "Street Flooding (SJ)", "created_date": "2014-02-05T10:42:00.000", "agency": "DEP", "incident_address": null, "borough": "MANHATTAN", "source": "nyc_311_soda_76ig-c548", "hazard": "pluvial_311", "official_identity_verified": true}, "geometry": {"type": "Point", "coordinates": [-73.9675888307687, 40.75189515597686]}}, {"type": "Feature", "properties": {"unique_key": "27339447", "complaint_type": "Sewer", "descriptor": "Street Flooding (SJ)", "created_date": "2014-02-05T12:02:00.000", "agency": "DEP", "incident_address": "99 RUTLEDGE STREET", "borough": "BROOKLYN", "source": "nyc_311_soda_76ig-c548", "hazard": "pluvial_311", "official_identity_verified": true}, "geometry": {"type": "Point", "coordinates": [-73.95883178267886, 40.700916732944556]}}, {"type": "Feature", "properties": {"unique_key": "27340538", "complaint_type": "Sewer", "descriptor": "Street Flooding (SJ)", "created_date": "2014-02-05T11:03:00.000", "agency": "DEP", "incident_address": null, "borough": "MANHATTAN", "source": "nyc_311_soda_76ig-c548", "hazard": "pluvial_311", "official_identity_verified": true}, "geometry": {"type": "Point", "coordinates": [-73.97178272840256, 40.79465104923777]}}, {"type": "Feature", "properties": {"unique_key": "27341585", "complaint_type": "Sewer", "descriptor": "Street Flooding (SJ)", "created_date": "2014-02-05T10:13:00.000", "agency": "DEP", "incident_address": null, "borough": "MANHATTAN", "source": "nyc_311_soda_76ig-c548", "hazard": "pluvial_311", "official_identity_verified": true}, "geometry": {"type": "Point", "coordinates": [-73.98042462260725, 40.759898985367656]}}, {"type": "Feature", "properties": {"unique_key": "27342461", "complaint_type": "Sewer", "descriptor": "Street Flooding (SJ)", "created_date": "2014-02-05T13:43:00.000", "agency": "DEP", "incident_address": null, "borough": "MANHATTAN", "source": "nyc_311_soda_76ig-c548", "hazard": "pluvial_311", "official_identity_verified": true}, "geometry": {"type": "Point", "coordinates": [-73.95558406794517, 40.77949776479802]}}, {"type": "Feature", "properties": {"unique_key": "27342653", "complaint_type": "Sewer", "descriptor": "Street Flooding (SJ)", "created_date": "2014-02-05T11:50:00.000", "agency": "DEP", "incident_address": null, "borough": "MANHATTAN", "source": "nyc_311_soda_76ig-c548", "hazard": "pluvial_311", "official_identity_verified": true}, "geometry": {"type": "Point", "coordinates": [-73.98189293433464, 40.76296784838588]}}, {"type": "Feature", "properties": {"unique_key": "27342655", "complaint_type": "Sewer", "descriptor": "Street Flooding (SJ)", "created_date": "2014-02-05T09:37:00.000", "agency": "DEP", "incident_address": "221 EAST   37 STREET", "borough": "MANHATTAN", "source": "nyc_311_soda_76ig-c548", "hazard": "pluvial_311", "official_identity_verified": true}, "geometry": {"type": "Point", "coordinates": [-73.97565003711132, 40.747176175634884]}}, {"type": "Feature", "properties": {"unique_key": "27343659", "complaint_type": "Sewer", "descriptor": "Street Flooding (SJ)", "created_date": "2014-02-05T10:41:00.000", "agency": "DEP", "incident_address": null, "borough": "MANHATTAN", "source": "nyc_311_soda_76ig-c548", "hazard": "pluvial_311", "official_identity_verified": true}, "geometry": {"type": "Point", "coordinates": [-73.95409255249892, 40.77465546404273]}}, {"type": "Feature", "properties": {"unique_key": "27349384", "complaint_type": "Sewer", "descriptor": "Street Flooding (SJ)", "created_date": "2014-02-06T08:18:00.000", "agency": "DEP", "incident_address": "25-20 BORDEN AVENUE", "borough": "QUEENS", "source": "nyc_311_soda_76ig-c548", "hazard": "pluvial_311", "official_identity_verified": true}, "geometry": {"type": "Point", "coordinates": [-73.94495819054134, 40.73947755080865]}}, {"type": "Feature", "properties": {"unique_key": "27406353", "complaint_type": "Sewer", "descriptor": "Street Flooding (SJ)", "created_date": "2014-02-11T21:33:00.000", "agency": "DEP", "incident_address": "29 HEYWARD STREET", "borough": "BROOKLYN", "source": "nyc_311_soda_76ig-c548", "hazard": "pluvial_311", "official_identity_verified": true}, "geometry": {"type": "Point", "coordinates": [-73.9587566183958, 40.699991719734186]}}, {"type": "Feature", "properties": {"unique_key": "27419763", "complaint_type": "Sewer", "descriptor": "Street Flooding (SJ)", "created_date": "2014-02-13T19:39:00.000", "agency": "DEP", "incident_address": null, "borough": "MANHATTAN", "source": "nyc_311_soda_76ig-c548", "hazard": "pluvial_311", "official_identity_verified": true}, "geometry": {"type": "Point", "coordinates": [-73.96529308737979, 40.75930804519673]}}, {"type": "Feature", "properties": {"unique_key": "27422268", "complaint_type": "Sewer", "descriptor": "Street Flooding (SJ)", "created_date": "2014-02-13T22:40:00.000", "agency": "DEP", "incident_address": "311 EAST   18 STREET", "borough": "MANHATTAN", "source": "nyc_311_soda_76ig-c548", "hazard": "pluvial_311", "official_identity_verified": true}, "geometry": {"type": "Point", "coordinates": [-73.98258621885549, 40.7346229408095]}}, {"type": "Feature", "properties": {"unique_key": "27422274", "complaint_type": "Sewer", "descriptor": "Street Flooding (SJ)", "created_date": "2014-02-13T21:50:00.000", "agency": "DEP", "incident_address": null, "borough": "MANHATTAN", "source": "nyc_311_soda_76ig-c548", "hazard": "pluvial_311", "official_identity_verified": true}, "geometry": {"type": "Point", "coordinates": [-73.97706165663851, 40.7876559017224]}}, {"type": "Feature", "properties": {"unique_key": "27422275", "complaint_type": "Sewer", "descriptor": "Street Flooding (SJ)", "created_date": "2014-02-13T16:54:00.000", "agency": "DEP", "incident_address": null, "borough": "MANHATTAN", "source": "nyc_311_soda_76ig-c548", "hazard": "pluvial_311", "official_identity_verified": true}, "geometry": {"type": "Point", "coordinates": [-73.9995561826455, 40.7336114424202]}}, {"type": "Feature", "properties": {"unique_key": "27423605", "complaint_type": "Sewer", "descriptor": "Street Flooding (SJ)", "created_date": "2014-02-13T14:29:00.000", "agency": "DEP", "incident_address": null, "borough": "MANHATTAN", "source": "nyc_311_soda_76ig-c548", "hazard": "pluvial_311", "official_identity_verified": true}, "geometry": {"type": "Point", "coordinates": [-73.97178272840256, 40.79465104923777]}}, {"type": "Feature", "properties": {"unique_key": "27424675", "complaint_type": "Sewer", "descriptor": "Street Flooding (SJ)", "created_date": "2014-02-13T21:02:00.000", "agency": "DEP", "incident_address": null, "borough": "BROOKLYN", "source": "nyc_311_soda_76ig-c548", "hazard": "pluvial_311", "official_identity_verified": true}, "geometry": {"type": "Point", "coordinates": [-73.94907770921955, 40.722541560035]}}, {"type": "Feature", "properties": {"unique_key": "27424676", "complaint_type": "Sewer", "descriptor": "Street Flooding (SJ)", "created_date": "2014-02-13T20:25:00.000", "agency": "DEP", "incident_address": null, "borough": "MANHATTAN", "source": "nyc_311_soda_76ig-c548", "hazard": "pluvial_311", "official_identity_verified": true}, "geometry": {"type": "Point", "coordinates": [-73.98591024906226, 40.73101953301406]}}, {"type": "Feature", "properties": {"unique_key": "27424722", "complaint_type": "Sewer", "descriptor": "Street Flooding (SJ)", "created_date": "2014-02-13T22:38:00.000", "agency": "DEP", "incident_address": null, "borough": "MANHATTAN", "source": "nyc_311_soda_76ig-c548", "hazard": "pluvial_311", "official_identity_verified": true}, "geometry": {"type": "Point", "coordinates": [-73.96752916217581, 40.79285762085752]}}, {"type": "Feature", "properties": {"unique_key": "27424811", "complaint_type": "Sewer", "descriptor": "Street Flooding (SJ)", "created_date": "2014-02-13T15:43:00.000", "agency": "DEP", "incident_address": null, "borough": "MANHATTAN", "source": "nyc_311_soda_76ig-c548", "hazard": "pluvial_311", "official_identity_verified": true}, "geometry": {"type": "Point", "coordinates": [-73.99263277459292, 40.75842923013922]}}, {"type": "Feature", "properties": {"unique_key": "27424857", "complaint_type": "Sewer", "descriptor": "Street Flooding (SJ)", "created_date": "2014-02-13T23:12:00.000", "agency": "DEP", "incident_address": null, "borough": "MANHATTAN", "source": "nyc_311_soda_76ig-c548", "hazard": "pluvial_311", "official_identity_verified": true}, "geometry": {"type": "Point", "coordinates": [-73.99564413111167, 40.744099058348795]}}, {"type": "Feature", "properties": {"unique_key": "27425957", "complaint_type": "Sewer", "descriptor": "Street Flooding (SJ)", "created_date": "2014-02-13T22:03:00.000", "agency": "DEP", "incident_address": "301 HALSEY STREET", "borough": "BROOKLYN", "source": "nyc_311_soda_76ig-c548", "hazard": "pluvial_311", "official_identity_verified": true}, "geometry": {"type": "Point", "coordinates": [-73.94048717040803, 40.68289204079909]}}, {"type": "Feature", "properties": {"unique_key": "27425958", "complaint_type": "Sewer", "descriptor": "Street Flooding (SJ)", "created_date": "2014-02-13T19:25:00.000", "agency": "DEP", "incident_address": null, "borough": "MANHATTAN", "source": "nyc_311_soda_76ig-c548", "hazard": "pluvial_311", "official_identity_verified": true}, "geometry": {"type": "Point", "coordinates": [-73.970300867221, 40.78905142646646]}}, {"type": "Feature", "properties": {"unique_key": "27425960", "complaint_type": "Sewer", "descriptor": "Street Flooding (SJ)", "created_date": "2014-02-13T14:44:00.000", "agency": "DEP", "incident_address": "151 BAYARD STREET", "borough": "BROOKLYN", "source": "nyc_311_soda_76ig-c548", "hazard": "pluvial_311", "official_identity_verified": true}, "geometry": {"type": "Point", "coordinates": [-73.94628740249115, 40.720020603223674]}}, {"type": "Feature", "properties": {"unique_key": "27427260", "complaint_type": "Sewer", "descriptor": "Street Flooding (SJ)", "created_date": "2014-02-13T18:24:00.000", "agency": "DEP", "incident_address": null, "borough": "MANHATTAN", "source": "nyc_311_soda_76ig-c548", "hazard": "pluvial_311", "official_identity_verified": true}, "geometry": {"type": "Point", "coordinates": [-73.95364737877979, 40.77102399632221]}}, {"type": "Feature", "properties": {"unique_key": "27427372", "complaint_type": "Sewer", "descriptor": "Street Flooding (SJ)", "created_date": "2014-02-13T21:59:00.000", "agency": "DEP", "incident_address": null, "borough": "MANHATTAN", "source": "nyc_311_soda_76ig-c548", "hazard": "pluvial_311", "official_identity_verified": true}, "geometry": {"type": "Point", "coordinates": [-74.01174654124661, 40.7223244067798]}}, {"type": "Feature", "properties": {"unique_key": "27428425", "complaint_type": "Sewer", "descriptor": "Street Flooding (SJ)", "created_date": "2014-02-14T13:36:00.000", "agency": "DEP", "incident_address": null, "borough": "MANHATTAN", "source": "nyc_311_soda_76ig-c548", "hazard": "pluvial_311", "official_identity_verified": true}, "geometry": {"type": "Point", "coordinates": [-74.00648805506913, 40.73754998145706]}}, {"type": "Feature", "properties": {"unique_key": "27430105", "complaint_type": "Sewer", "descriptor": "Street Flooding (SJ)", "created_date": "2014-02-14T13:38:00.000", "agency": "DEP", "incident_address": null, "borough": "MANHATTAN", "source": "nyc_311_soda_76ig-c548", "hazard": "pluvial_311", "official_identity_verified": true}, "geometry": {"type": "Point", "coordinates": [-74.00482815202, 40.73754731825787]}}, {"type": "Feature", "properties": {"unique_key": "27431675", "complaint_type": "Sewer", "descriptor": "Street Flooding (SJ)", "created_date": "2014-02-14T07:19:00.000", "agency": "DEP", "incident_address": null, "borough": "BROOKLYN", "source": "nyc_311_soda_76ig-c548", "hazard": "pluvial_311", "official_identity_verified": true}, "geometry": {"type": "Point", "coordinates": [-73.96254703454233, 40.687089857287326]}}, {"type": "Feature", "properties": {"unique_key": "27433508", "complaint_type": "Sewer", "descriptor": "Street Flooding (SJ)", "created_date": "2014-02-14T09:51:00.000", "agency": "DEP", "incident_address": null, "borough": "MANHATTAN", "source": "nyc_311_soda_76ig-c548", "hazard": "pluvial_311", "official_identity_verified": true}, "geometry": {"type": "Point", "coordinates": [-73.97405860126572, 40.78390046991279]}}, {"type": "Feature", "properties": {"unique_key": "27435163", "complaint_type": "Sewer", "descriptor": "Street Flooding (SJ)", "created_date": "2014-02-14T10:07:00.000", "agency": "DEP", "incident_address": "15 CLAY STREET", "borough": "BROOKLYN", "source": "nyc_311_soda_76ig-c548", "hazard": "pluvial_311", "official_identity_verified": true}, "geometry": {"type": "Point", "coordinates": [-73.957543318334, 40.7363758179809]}}, {"type": "Feature", "properties": {"unique_key": "27435184", "complaint_type": "Sewer", "descriptor": "Street Flooding (SJ)", "created_date": "2014-02-14T13:33:00.000", "agency": "DEP", "incident_address": null, "borough": "BROOKLYN", "source": "nyc_311_soda_76ig-c548", "hazard": "pluvial_311", "official_identity_verified": true}, "geometry": {"type": "Point", "coordinates": [-73.96590435336373, 40.69343406430127]}}, {"type": "Feature", "properties": {"unique_key": "27435265", "complaint_type": "Sewer", "descriptor": "Street Flooding (SJ)", "created_date": "2014-02-14T09:13:00.000", "agency": "DEP", "incident_address": "162 PRESIDENT STREET", "borough": "BROOKLYN", "source": "nyc_311_soda_76ig-c548", "hazard": "pluvial_311", "official_identity_verified": true}, "geometry": {"type": "Point", "coordinates": [-74.00064899547753, 40.68295957963312]}}, {"type": "Feature", "properties": {"unique_key": "27435322", "complaint_type": "Sewer", "descriptor": "Street Flooding (SJ)", "created_date": "2014-02-14T12:47:00.000", "agency": "DEP", "incident_address": null, "borough": "MANHATTAN", "source": "nyc_311_soda_76ig-c548", "hazard": "pluvial_311", "official_identity_verified": true}, "geometry": {"type": "Point", "coordinates": [-73.98067510088087, 40.77992464869507]}}, {"type": "Feature", "properties": {"unique_key": "27436935", "complaint_type": "Sewer", "descriptor": "Street Flooding (SJ)", "created_date": "2014-02-14T00:59:00.000", "agency": "DEP", "incident_address": "311 EAST   18 STREET", "borough": "MANHATTAN", "source": "nyc_311_soda_76ig-c548", "hazard": "pluvial_311", "official_identity_verified": true}, "geometry": {"type": "Point", "coordinates": [-73.98258621885549, 40.7346229408095]}}, {"type": "Feature", "properties": {"unique_key": "27437045", "complaint_type": "Sewer", "descriptor": "Street Flooding (SJ)", "created_date": "2014-02-14T07:38:00.000", "agency": "DEP", "incident_address": null, "borough": "MANHATTAN", "source": "nyc_311_soda_76ig-c548", "hazard": "pluvial_311", "official_identity_verified": true}, "geometry": {"type": "Point", "coordinates": [-73.98042462260725, 40.759898985367656]}}, {"type": "Feature", "properties": {"unique_key": "27440219", "complaint_type": "Sewer", "descriptor": "Street Flooding (SJ)", "created_date": "2014-02-14T10:24:00.000", "agency": "DEP", "incident_address": "15 CLAY STREET", "borough": "BROOKLYN", "source": "nyc_311_soda_76ig-c548", "hazard": "pluvial_311", "official_identity_verified": true}, "geometry": {"type": "Point", "coordinates": [-73.957543318334, 40.7363758179809]}}, {"type": "Feature", "properties": {"unique_key": "27440220", "complaint_type": "Sewer", "descriptor": "Street Flooding (SJ)", "created_date": "2014-02-14T00:52:00.000", "agency": "DEP", "incident_address": null, "borough": "BROOKLYN", "source": "nyc_311_soda_76ig-c548", "hazard": "pluvial_311", "official_identity_verified": true}, "geometry": {"type": "Point", "coordinates": [-73.94891566793831, 40.69390536708155]}}, {"type": "Feature", "properties": {"unique_key": "27440227", "complaint_type": "Sewer", "descriptor": "Street Flooding (SJ)", "created_date": "2014-02-14T13:40:00.000", "agency": "DEP", "incident_address": null, "borough": "MANHATTAN", "source": "nyc_311_soda_76ig-c548", "hazard": "pluvial_311", "official_identity_verified": true}, "geometry": {"type": "Point", "coordinates": [-74.00640823601, 40.73305407988208]}}, {"type": "Feature", "properties": {"unique_key": "27440341", "complaint_type": "Sewer", "descriptor": "Street Flooding (SJ)", "created_date": "2014-02-14T15:29:00.000", "agency": "DEP", "incident_address": null, "borough": "BROOKLYN", "source": "nyc_311_soda_76ig-c548", "hazard": "pluvial_311", "official_identity_verified": true}, "geometry": {"type": "Point", "coordinates": [-73.94115120013878, 40.69854031707234]}}, {"type": "Feature", "properties": {"unique_key": "27443276", "complaint_type": "Sewer", "descriptor": "Street Flooding (SJ)", "created_date": "2014-02-15T18:20:00.000", "agency": "DEP", "incident_address": null, "borough": "MANHATTAN", "source": "nyc_311_soda_76ig-c548", "hazard": "pluvial_311", "official_identity_verified": true}, "geometry": {"type": "Point", "coordinates": [-73.97082869895915, 40.79595730280253]}}, {"type": "Feature", "properties": {"unique_key": "27470003", "complaint_type": "Sewer", "descriptor": "Street Flooding (SJ)", "created_date": "2014-02-19T13:07:00.000", "agency": "DEP", "incident_address": null, "borough": "MANHATTAN", "source": "nyc_311_soda_76ig-c548", "hazard": "pluvial_311", "official_identity_verified": true}, "geometry": {"type": "Point", "coordinates": [-73.98672147252647, 40.715953653567944]}}, {"type": "Feature", "properties": {"unique_key": "27470063", "complaint_type": "Sewer", "descriptor": "Street Flooding (SJ)", "created_date": "2014-02-19T19:15:00.000", "agency": "DEP", "incident_address": "157 EAST   84 STREET", "borough": "MANHATTAN", "source": "nyc_311_soda_76ig-c548", "hazard": "pluvial_311", "official_identity_verified": true}, "geometry": {"type": "Point", "coordinates": [-73.95598949228514, 40.77795537851014]}}, {"type": "Feature", "properties": {"unique_key": "27474211", "complaint_type": "Sewer", "descriptor": "Street Flooding (SJ)", "created_date": "2014-02-19T16:49:00.000", "agency": "DEP", "incident_address": "102 COMMERCE STREET", "borough": "BROOKLYN", "source": "nyc_311_soda_76ig-c548", "hazard": "pluvial_311", "official_identity_verified": true}, "geometry": {"type": "Point", "coordinates": [-74.00893067976263, 40.68132335048843]}}, {"type": "Feature", "properties": {"unique_key": "27475255", "complaint_type": "Sewer", "descriptor": "Street Flooding (SJ)", "created_date": "2014-02-19T13:58:00.000", "agency": "DEP", "incident_address": null, "borough": "MANHATTAN", "source": "nyc_311_soda_76ig-c548", "hazard": "pluvial_311", "official_identity_verified": true}, "geometry": {"type": "Point", "coordinates": [-73.99075902845719, 40.7609926858091]}}, {"type": "Feature", "properties": {"unique_key": "27500816", "complaint_type": "Sewer", "descriptor": "Street Flooding (SJ)", "created_date": "2014-02-22T15:22:00.000", "agency": "DEP", "incident_address": null, "borough": "MANHATTAN", "source": "nyc_311_soda_76ig-c548", "hazard": "pluvial_311", "official_identity_verified": true}, "geometry": {"type": "Point", "coordinates": [-73.99630403340966, 40.75338730923498]}}, {"type": "Feature", "properties": {"unique_key": "27690454", "complaint_type": "Sewer", "descriptor": "Street Flooding (SJ)", "created_date": "2014-03-21T09:52:00.000", "agency": "DEP", "incident_address": "30 LAFAYETTE AVENUE", "borough": "BROOKLYN", "source": "nyc_311_soda_76ig-c548", "hazard": "pluvial_311", "official_identity_verified": true}, "geometry": {"type": "Point", "coordinates": [-73.97773815078145, 40.68686598279913]}}, {"type": "Feature", "properties": {"unique_key": "27747982", "complaint_type": "Sewer", "descriptor": "Street Flooding (SJ)", "created_date": "2014-03-30T00:48:00.000", "agency": "DEP", "incident_address": "UNION STREET", "borough": "BROOKLYN", "source": "nyc_311_soda_76ig-c548", "hazard": "pluvial_311", "official_identity_verified": true}, "geometry": {"type": "Point", "coordinates": [-73.99879935377066, 40.683214839010766]}}, {"type": "Feature", "properties": {"unique_key": "27753858", "complaint_type": "Sewer", "descriptor": "Street Flooding (SJ)", "created_date": "2014-03-31T09:05:00.000", "agency": "DEP", "incident_address": null, "borough": "BROOKLYN", "source": "nyc_311_soda_76ig-c548", "hazard": "pluvial_311", "official_identity_verified": true}, "geometry": {"type": "Point", "coordinates": [-73.95347016154248, 40.71979865985743]}}, {"type": "Feature", "properties": {"unique_key": "27804562", "complaint_type": "Sewer", "descriptor": "Street Flooding (SJ)", "created_date": "2014-04-08T18:58:00.000", "agency": "DEP", "incident_address": "570 11 AVENUE", "borough": "MANHATTAN", "source": "nyc_311_soda_76ig-c548", "hazard": "pluvial_311", "official_identity_verified": true}, "geometry": {"type": "Point", "coordinates": [-73.99788467112359, 40.76139376952742]}}, {"type": "Feature", "properties": {"unique_key": "27807409", "complaint_type": "Sewer", "descriptor": "Street Flooding (SJ)", "created_date": "2014-04-08T09:02:00.000", "agency": "DEP", "incident_address": null, "borough": "MANHATTAN", "source": "nyc_311_soda_76ig-c548", "hazard": "pluvial_311", "official_identity_verified": true}, "geometry": {"type": "Point", "coordinates": [-73.99647524407254, 40.72368635200795]}}, {"type": "Feature", "properties": {"unique_key": "27808218", "complaint_type": "Sewer", "descriptor": "Street Flooding (SJ)", "created_date": "2014-04-08T08:41:00.000", "agency": "DEP", "incident_address": null, "borough": "MANHATTAN", "source": "nyc_311_soda_76ig-c548", "hazard": "pluvial_311", "official_identity_verified": true}, "geometry": {"type": "Point", "coordinates": [-73.99263277459292, 40.75842923013922]}}, {"type": "Feature", "properties": {"unique_key": "27822648", "complaint_type": "Sewer", "descriptor": "Street Flooding (SJ)", "created_date": "2014-04-10T15:46:00.000", "agency": "DEP", "incident_address": "274 EAST   10 STREET", "borough": "MANHATTAN", "source": "nyc_311_soda_76ig-c548", "hazard": "pluvial_311", "official_identity_verified": true}, "geometry": {"type": "Point", "coordinates": [-73.98327700242703, 40.72827442513342]}}, {"type": "Feature", "properties": {"unique_key": "27920238", "complaint_type": "Sewer", "descriptor": "Street Flooding (SJ)", "created_date": "2014-04-26T11:24:00.000", "agency": "DEP", "incident_address": "570 11 AVENUE", "borough": "MANHATTAN", "source": "nyc_311_soda_76ig-c548", "hazard": "pluvial_311", "official_identity_verified": true}, "geometry": {"type": "Point", "coordinates": [-73.99788467112359, 40.76139376952742]}}, {"type": "Feature", "properties": {"unique_key": "27939045", "complaint_type": "Sewer", "descriptor": "Street Flooding (SJ)", "created_date": "2014-04-29T12:54:00.000", "agency": "DEP", "incident_address": "217 EAST   62 STREET", "borough": "MANHATTAN", "source": "nyc_311_soda_76ig-c548", "hazard": "pluvial_311", "official_identity_verified": true}, "geometry": {"type": "Point", "coordinates": [-73.96461601868268, 40.76318890642098]}}, {"type": "Feature", "properties": {"unique_key": "27942628", "complaint_type": "Sewer", "descriptor": "Street Flooding (SJ)", "created_date": "2014-04-30T14:05:00.000", "agency": "DEP", "incident_address": null, "borough": "BROOKLYN", "source": "nyc_311_soda_76ig-c548", "hazard": "pluvial_311", "official_identity_verified": true}, "geometry": {"type": "Point", "coordinates": [-73.94690719974291, 40.702783780620315]}}, {"type": "Feature", "properties": {"unique_key": "27943736", "complaint_type": "Sewer", "descriptor": "Street Flooding (SJ)", "created_date": "2014-04-30T19:21:00.000", "agency": "DEP", "incident_address": null, "borough": "MANHATTAN", "source": "nyc_311_soda_76ig-c548", "hazard": "pluvial_311", "official_identity_verified": true}, "geometry": {"type": "Point", "coordinates": [-73.98672147252647, 40.715953653567944]}}, {"type": "Feature", "properties": {"unique_key": "27945792", "complaint_type": "Sewer", "descriptor": "Street Flooding (SJ)", "created_date": "2014-04-30T15:46:00.000", "agency": "DEP", "incident_address": null, "borough": "QUEENS", "source": "nyc_311_soda_76ig-c548", "hazard": "pluvial_311", "official_identity_verified": true}, "geometry": {"type": "Point", "coordinates": [-73.94243045893519, 40.75399604007852]}}, {"type": "Feature", "properties": {"unique_key": "27947920", "complaint_type": "Sewer", "descriptor": "Street Flooding (SJ)", "created_date": "2014-04-30T15:44:00.000", "agency": "DEP", "incident_address": null, "borough": "MANHATTAN", "source": "nyc_311_soda_76ig-c548", "hazard": "pluvial_311", "official_identity_verified": true}, "geometry": {"type": "Point", "coordinates": [-74.00732049196499, 40.72732846589319]}}, {"type": "Feature", "properties": {"unique_key": "27949015", "complaint_type": "Sewer", "descriptor": "Street Flooding (SJ)", "created_date": "2014-04-30T12:04:00.000", "agency": "DEP", "incident_address": "35-53 9 STREET", "borough": "QUEENS", "source": "nyc_311_soda_76ig-c548", "hazard": "pluvial_311", "official_identity_verified": true}, "geometry": {"type": "Point", "coordinates": [-73.94108745556593, 40.76251504959053]}}, {"type": "Feature", "properties": {"unique_key": "27949016", "complaint_type": "Sewer", "descriptor": "Street Flooding (SJ)", "created_date": "2014-04-30T09:45:00.000", "agency": "DEP", "incident_address": null, "borough": "BROOKLYN", "source": "nyc_311_soda_76ig-c548", "hazard": "pluvial_311", "official_identity_verified": true}, "geometry": {"type": "Point", "coordinates": [-73.95164568611048, 40.723486864052205]}}, {"type": "Feature", "properties": {"unique_key": "27950054", "complaint_type": "Sewer", "descriptor": "Street Flooding (SJ)", "created_date": "2014-04-30T10:36:00.000", "agency": "DEP", "incident_address": "330 HUDSON STREET", "borough": "MANHATTAN", "source": "nyc_311_soda_76ig-c548", "hazard": "pluvial_311", "official_identity_verified": true}, "geometry": {"type": "Point", "coordinates": [-74.00738177510488, 40.72686185337721]}}, {"type": "Feature", "properties": {"unique_key": "27953483", "complaint_type": "Sewer", "descriptor": "Street Flooding (SJ)", "created_date": "2014-05-01T16:27:00.000", "agency": "DEP", "incident_address": null, "borough": "BROOKLYN", "source": "nyc_311_soda_76ig-c548", "hazard": "pluvial_311", "official_identity_verified": true}, "geometry": {"type": "Point", "coordinates": [-73.95073523800245, 40.68620433512224]}}, {"type": "Feature", "properties": {"unique_key": "27965040", "complaint_type": "Sewer", "descriptor": "Street Flooding (SJ)", "created_date": "2014-05-02T00:41:00.000", "agency": "DEP", "incident_address": null, "borough": "BROOKLYN", "source": "nyc_311_soda_76ig-c548", "hazard": "pluvial_311", "official_identity_verified": true}, "geometry": {"type": "Point", "coordinates": [-73.94905935288806, 40.69463828403883]}}, {"type": "Feature", "properties": {"unique_key": "27973734", "complaint_type": "Sewer", "descriptor": "Street Flooding (SJ)", "created_date": "2014-05-04T11:10:00.000", "agency": "DEP", "incident_address": null, "borough": "MANHATTAN", "source": "nyc_311_soda_76ig-c548", "hazard": "pluvial_311", "official_identity_verified": true}, "geometry": {"type": "Point", "coordinates": [-73.94284712061528, 40.78580504204428]}}, {"type": "Feature", "properties": {"unique_key": "27979776", "complaint_type": "Sewer", "descriptor": "Street Flooding (SJ)", "created_date": "2014-05-05T17:32:00.000", "agency": "DEP", "incident_address": "242 EAST   10 STREET", "borough": "MANHATTAN", "source": "nyc_311_soda_76ig-c548", "hazard": "pluvial_311", "official_identity_verified": true}, "geometry": {"type": "Point", "coordinates": [-73.98485714766721, 40.72893887472053]}}, {"type": "Feature", "properties": {"unique_key": "28008131", "complaint_type": "Sewer", "descriptor": "Street Flooding (SJ)", "created_date": "2014-05-09T08:54:00.000", "agency": "DEP", "incident_address": "31 LEONARD STREET", "borough": "BROOKLYN", "source": "nyc_311_soda_76ig-c548", "hazard": "pluvial_311", "official_identity_verified": true}, "geometry": {"type": "Point", "coordinates": [-73.94606204457612, 40.70427928492746]}}, {"type": "Feature", "properties": {"unique_key": "28009968", "complaint_type": "Sewer", "descriptor": "Street Flooding (SJ)", "created_date": "2014-05-09T09:01:00.000", "agency": "DEP", "incident_address": null, "borough": "BROOKLYN", "source": "nyc_311_soda_76ig-c548", "hazard": "pluvial_311", "official_identity_verified": true}, "geometry": {"type": "Point", "coordinates": [-73.9502376942007, 40.70547239392146]}}, {"type": "Feature", "properties": {"unique_key": "28013617", "complaint_type": "Sewer", "descriptor": "Street Flooding (SJ)", "created_date": "2014-05-09T17:05:00.000", "agency": "DEP", "incident_address": null, "borough": "MANHATTAN", "source": "nyc_311_soda_76ig-c548", "hazard": "pluvial_311", "official_identity_verified": true}, "geometry": {"type": "Point", "coordinates": [-73.94525452040779, 40.77848600219572]}}, {"type": "Feature", "properties": {"unique_key": "28031995", "complaint_type": "Sewer", "descriptor": "Street Flooding (SJ)", "created_date": "2014-05-13T11:09:00.000", "agency": "DEP", "incident_address": "395 HANCOCK STREET", "borough": "BROOKLYN", "source": "nyc_311_soda_76ig-c548", "hazard": "pluvial_311", "official_identity_verified": true}, "geometry": {"type": "Point", "coordinates": [-73.94010427217991, 40.68368508144872]}}, {"type": "Feature", "properties": {"unique_key": "28054637", "complaint_type": "Sewer", "descriptor": "Street Flooding (SJ)", "created_date": "2014-05-16T14:07:00.000", "agency": "DEP", "incident_address": "260 WEST   30 STREET", "borough": "MANHATTAN", "source": "nyc_311_soda_76ig-c548", "hazard": "pluvial_311", "official_identity_verified": true}, "geometry": {"type": "Point", "coordinates": [-73.9941063181297, 40.74915756234465]}}, {"type": "Feature", "properties": {"unique_key": "28062849", "complaint_type": "Sewer", "descriptor": "Street Flooding (SJ)", "created_date": "2014-05-17T00:16:00.000", "agency": "DEP", "incident_address": "210 BROADWAY", "borough": "MANHATTAN", "source": "nyc_311_soda_76ig-c548", "hazard": "pluvial_311", "official_identity_verified": true}, "geometry": {"type": "Point", "coordinates": [-74.00911498227278, 40.71081037534807]}}, {"type": "Feature", "properties": {"unique_key": "28084272", "complaint_type": "Sewer", "descriptor": "Street Flooding (SJ)", "created_date": "2014-05-20T10:48:00.000", "agency": "DEP", "incident_address": null, "borough": "BROOKLYN", "source": "nyc_311_soda_76ig-c548", "hazard": "pluvial_311", "official_identity_verified": true}, "geometry": {"type": "Point", "coordinates": [-73.94683938281717, 40.72903189974557]}}, {"type": "Feature", "properties": {"unique_key": "28086309", "complaint_type": "Sewer", "descriptor": "Street Flooding (SJ)", "created_date": "2014-05-20T15:45:00.000", "agency": "DEP", "incident_address": "790 7 AVENUE", "borough": "MANHATTAN", "source": "nyc_311_soda_76ig-c548", "hazard": "pluvial_311", "official_identity_verified": true}, "geometry": {"type": "Point", "coordinates": [-73.9826115482865, 40.76200455438324]}}, {"type": "Feature", "properties": {"unique_key": "28098562", "complaint_type": "Sewer", "descriptor": "Street Flooding (SJ)", "created_date": "2014-05-22T04:57:00.000", "agency": "DEP", "incident_address": "360 WEST   23 STREET", "borough": "MANHATTAN", "source": "nyc_311_soda_76ig-c548", "hazard": "pluvial_311", "official_identity_verified": true}, "geometry": {"type": "Point", "coordinates": [-74.00013713975908, 40.74597929412808]}}, {"type": "Feature", "properties": {"unique_key": "28105337", "complaint_type": "Sewer", "descriptor": "Street Flooding (SJ)", "created_date": "2014-05-23T22:36:00.000", "agency": "DEP", "incident_address": null, "borough": "MANHATTAN", "source": "nyc_311_soda_76ig-c548", "hazard": "pluvial_311", "official_identity_verified": true}, "geometry": {"type": "Point", "coordinates": [-73.96481255932004, 40.75331337547471]}}, {"type": "Feature", "properties": {"unique_key": "28109721", "complaint_type": "Sewer", "descriptor": "Street Flooding (SJ)", "created_date": "2014-05-23T12:39:00.000", "agency": "DEP", "incident_address": "2 EAST   64 STREET", "borough": "MANHATTAN", "source": "nyc_311_soda_76ig-c548", "hazard": "pluvial_311", "official_identity_verified": true}, "geometry": {"type": "Point", "coordinates": [-73.97049468941289, 40.76728297189827]}}, {"type": "Feature", "properties": {"unique_key": "28110573", "complaint_type": "Sewer", "descriptor": "Street Flooding (SJ)", "created_date": "2014-05-24T06:04:00.000", "agency": "DEP", "incident_address": "90 AMSTERDAM AVENUE", "borough": "MANHATTAN", "source": "nyc_311_soda_76ig-c548", "hazard": "pluvial_311", "official_identity_verified": true}, "geometry": {"type": "Point", "coordinates": [-73.98560527569799, 40.77317606181161]}}, {"type": "Feature", "properties": {"unique_key": "28111168", "complaint_type": "Sewer", "descriptor": "Street Flooding (SJ)", "created_date": "2014-05-24T18:15:00.000", "agency": "DEP", "incident_address": null, "borough": "BROOKLYN", "source": "nyc_311_soda_76ig-c548", "hazard": "pluvial_311", "official_identity_verified": true}, "geometry": {"type": "Point", "coordinates": [-74.00730471293318, 40.682122194035344]}}, {"type": "Feature", "properties": {"unique_key": "28134305", "complaint_type": "Sewer", "descriptor": "Street Flooding (SJ)", "created_date": "2014-05-28T00:51:00.000", "agency": "DEP", "incident_address": "32 EAST    2 STREET", "borough": "MANHATTAN", "source": "nyc_311_soda_76ig-c548", "hazard": "pluvial_311", "official_identity_verified": true}, "geometry": {"type": "Point", "coordinates": [-73.99082894012994, 40.72514350694292]}}, {"type": "Feature", "properties": {"unique_key": "28140217", "complaint_type": "Sewer", "descriptor": "Street Flooding (SJ)", "created_date": "2014-05-28T15:32:00.000", "agency": "DEP", "incident_address": null, "borough": "MANHATTAN", "source": "nyc_311_soda_76ig-c548", "hazard": "pluvial_311", "official_identity_verified": true}, "geometry": {"type": "Point", "coordinates": [-73.94790069491228, 40.79293276169847]}}, {"type": "Feature", "properties": {"unique_key": "28161410", "complaint_type": "Sewer", "descriptor": "Street Flooding (SJ)", "created_date": "2014-05-31T14:22:00.000", "agency": "DEP", "incident_address": "89 DRIGGS AVENUE", "borough": "BROOKLYN", "source": "nyc_311_soda_76ig-c548", "hazard": "pluvial_311", "official_identity_verified": true}, "geometry": {"type": "Point", "coordinates": [-73.9425580490837, 40.72323291588402]}}, {"type": "Feature", "properties": {"unique_key": "28162826", "complaint_type": "Sewer", "descriptor": "Street Flooding (SJ)", "created_date": "2014-06-01T10:36:00.000", "agency": "DEP", "incident_address": null, "borough": "QUEENS", "source": "nyc_311_soda_76ig-c548", "hazard": "pluvial_311", "official_identity_verified": true}, "geometry": {"type": "Point", "coordinates": [-73.94024974676935, 40.75471954267713]}}, {"type": "Feature", "properties": {"unique_key": "28190333", "complaint_type": "Sewer", "descriptor": "Street Flooding (SJ)", "created_date": "2014-06-04T22:11:00.000", "agency": "DEP", "incident_address": "334 WEST   46 STREET", "borough": "MANHATTAN", "source": "nyc_311_soda_76ig-c548", "hazard": "pluvial_311", "official_identity_verified": true}, "geometry": {"type": "Point", "coordinates": [-73.98904451652456, 40.76025419952927]}}, {"type": "Feature", "properties": {"unique_key": "28191281", "complaint_type": "Sewer", "descriptor": "Street Flooding (SJ)", "created_date": "2014-06-05T11:30:00.000", "agency": "DEP", "incident_address": null, "borough": "MANHATTAN", "source": "nyc_311_soda_76ig-c548", "hazard": "pluvial_311", "official_identity_verified": true}, "geometry": {"type": "Point", "coordinates": [-73.98667818939326, 40.73397846974231]}}, {"type": "Feature", "properties": {"unique_key": "28191309", "complaint_type": "Sewer", "descriptor": "Street Flooding (SJ)", "created_date": "2014-06-05T08:33:00.000", "agency": "DEP", "incident_address": null, "borough": "MANHATTAN", "source": "nyc_311_soda_76ig-c548", "hazard": "pluvial_311", "official_identity_verified": true}, "geometry": {"type": "Point", "coordinates": [-73.99263277459292, 40.75842923013922]}}, {"type": "Feature", "properties": {"unique_key": "28194003", "complaint_type": "Sewer", "descriptor": "Street Flooding (SJ)", "created_date": "2014-06-05T09:35:00.000", "agency": "DEP", "incident_address": null, "borough": "MANHATTAN", "source": "nyc_311_soda_76ig-c548", "hazard": "pluvial_311", "official_identity_verified": true}, "geometry": {"type": "Point", "coordinates": [-73.99335942321805, 40.74723619782853]}}, {"type": "Feature", "properties": {"unique_key": "28195972", "complaint_type": "Sewer", "descriptor": "Street Flooding (SJ)", "created_date": "2014-06-05T11:52:00.000", "agency": "DEP", "incident_address": "30 EAST   47 STREET", "borough": "MANHATTAN", "source": "nyc_311_soda_76ig-c548", "hazard": "pluvial_311", "official_identity_verified": true}, "geometry": {"type": "Point", "coordinates": [-73.97674774606625, 40.75587999574879]}}, {"type": "Feature", "properties": {"unique_key": "28197843", "complaint_type": "Sewer", "descriptor": "Street Flooding (SJ)", "created_date": "2014-06-05T09:33:00.000", "agency": "DEP", "incident_address": null, "borough": "MANHATTAN", "source": "nyc_311_soda_76ig-c548", "hazard": "pluvial_311", "official_identity_verified": true}, "geometry": {"type": "Point", "coordinates": [-73.99335942321805, 40.74723619782853]}}, {"type": "Feature", "properties": {"unique_key": "28204437", "complaint_type": "Sewer", "descriptor": "Street Flooding (SJ)", "created_date": "2014-06-06T21:17:00.000", "agency": "DEP", "incident_address": "522 FIRST AVENUE", "borough": "MANHATTAN", "source": "nyc_311_soda_76ig-c548", "hazard": "pluvial_311", "official_identity_verified": true}, "geometry": {"type": "Point", "coordinates": [-73.97517215779105, 40.74149169635123]}}, {"type": "Feature", "properties": {"unique_key": "28205326", "complaint_type": "Sewer", "descriptor": "Street Flooding (SJ)", "created_date": "2014-06-06T10:23:00.000", "agency": "DEP", "incident_address": "845 UNITED NATIONS PLAZA", "borough": "MANHATTAN", "source": "nyc_311_soda_76ig-c548", "hazard": "pluvial_311", "official_identity_verified": true}, "geometry": {"type": "Point", "coordinates": [-73.96753825831024, 40.751982973643145]}}, {"type": "Feature", "properties": {"unique_key": "28219356", "complaint_type": "Sewer", "descriptor": "Street Flooding (SJ)", "created_date": "2014-06-09T12:19:00.000", "agency": "DEP", "incident_address": null, "borough": "MANHATTAN", "source": "nyc_311_soda_76ig-c548", "hazard": "pluvial_311", "official_identity_verified": true}, "geometry": {"type": "Point", "coordinates": [-73.9675888307687, 40.75189515597686]}}, {"type": "Feature", "properties": {"unique_key": "28219391", "complaint_type": "Sewer", "descriptor": "Street Flooding (SJ)", "created_date": "2014-06-09T09:27:00.000", "agency": "DEP", "incident_address": "333 EAST   47 STREET", "borough": "MANHATTAN", "source": "nyc_311_soda_76ig-c548", "hazard": "pluvial_311", "official_identity_verified": true}, "geometry": {"type": "Point", "coordinates": [-73.96905384276171, 40.75264487479958]}}, {"type": "Feature", "properties": {"unique_key": "28220419", "complaint_type": "Sewer", "descriptor": "Street Flooding (SJ)", "created_date": "2014-06-09T15:27:00.000", "agency": "DEP", "incident_address": "2 CORNELIA STREET", "borough": "MANHATTAN", "source": "nyc_311_soda_76ig-c548", "hazard": "pluvial_311", "official_identity_verified": true}, "geometry": {"type": "Point", "coordinates": [-74.00142883377391, 40.731670893056894]}}, {"type": "Feature", "properties": {"unique_key": "28222442", "complaint_type": "Sewer", "descriptor": "Street Flooding (SJ)", "created_date": "2014-06-09T11:47:00.000", "agency": "DEP", "incident_address": null, "borough": "BROOKLYN", "source": "nyc_311_soda_76ig-c548", "hazard": "pluvial_311", "official_identity_verified": true}, "geometry": {"type": "Point", "coordinates": [-73.94604543563193, 40.72925660047586]}}, {"type": "Feature", "properties": {"unique_key": "28228744", "complaint_type": "Sewer", "descriptor": "Street Flooding (SJ)", "created_date": "2014-06-10T10:13:00.000", "agency": "DEP", "incident_address": null, "borough": "BROOKLYN", "source": "nyc_311_soda_76ig-c548", "hazard": "pluvial_311", "official_identity_verified": true}, "geometry": {"type": "Point", "coordinates": [-73.94683938281717, 40.72903189974557]}}, {"type": "Feature", "properties": {"unique_key": "28240021", "complaint_type": "Sewer", "descriptor": "Street Flooding (SJ)", "created_date": "2014-06-11T09:10:00.000", "agency": "DEP", "incident_address": "87 NORMAN AVENUE", "borough": "BROOKLYN", "source": "nyc_311_soda_76ig-c548", "hazard": "pluvial_311", "official_identity_verified": true}, "geometry": {"type": "Point", "coordinates": [-73.9519545908292, 40.725372642038195]}}, {"type": "Feature", "properties": {"unique_key": "28250462", "complaint_type": "Sewer", "descriptor": "Street Flooding (SJ)", "created_date": "2014-06-13T16:57:00.000", "agency": "DEP", "incident_address": "11 WEST   67 STREET", "borough": "MANHATTAN", "source": "nyc_311_soda_76ig-c548", "hazard": "pluvial_311", "official_identity_verified": true}, "geometry": {"type": "Point", "coordinates": [-73.97890430495133, 40.773304032533055]}}, {"type": "Feature", "properties": {"unique_key": "28253311", "complaint_type": "Sewer", "descriptor": "Street Flooding (SJ)", "created_date": "2014-06-13T10:39:00.000", "agency": "DEP", "incident_address": null, "borough": "MANHATTAN", "source": "nyc_311_soda_76ig-c548", "hazard": "pluvial_311", "official_identity_verified": true}, "geometry": {"type": "Point", "coordinates": [-73.98217925056508, 40.77220943489252]}}, {"type": "Feature", "properties": {"unique_key": "28254407", "complaint_type": "Sewer", "descriptor": "Street Flooding (SJ)", "created_date": "2014-06-13T09:35:00.000", "agency": "DEP", "incident_address": "160 EAST   22 STREET", "borough": "MANHATTAN", "source": "nyc_311_soda_76ig-c548", "hazard": "pluvial_311", "official_identity_verified": true}, "geometry": {"type": "Point", "coordinates": [-73.984522982013, 40.7385317455709]}}, {"type": "Feature", "properties": {"unique_key": "28267066", "complaint_type": "Sewer", "descriptor": "Street Flooding (SJ)", "created_date": "2014-06-16T16:02:00.000", "agency": "DEP", "incident_address": null, "borough": "MANHATTAN", "source": "nyc_311_soda_76ig-c548", "hazard": "pluvial_311", "official_identity_verified": true}, "geometry": {"type": "Point", "coordinates": [-74.00708863170247, 40.7183723348158]}}, {"type": "Feature", "properties": {"unique_key": "28279398", "complaint_type": "Sewer", "descriptor": "Street Flooding (SJ)", "created_date": "2014-06-17T22:11:00.000", "agency": "DEP", "incident_address": null, "borough": "MANHATTAN", "source": "nyc_311_soda_76ig-c548", "hazard": "pluvial_311", "official_identity_verified": true}, "geometry": {"type": "Point", "coordinates": [-73.99190953813475, 40.709805868775554]}}, {"type": "Feature", "properties": {"unique_key": "28348692", "complaint_type": "Sewer", "descriptor": "Street Flooding (SJ)", "created_date": "2014-06-26T15:28:00.000", "agency": "DEP", "incident_address": "1106 LEXINGTON AVENUE", "borough": "MANHATTAN", "source": "nyc_311_soda_76ig-c548", "hazard": "pluvial_311", "official_identity_verified": true}, "geometry": {"type": "Point", "coordinates": [-73.95968928455622, 40.77388903121349]}}, {"type": "Feature", "properties": {"unique_key": "28356076", "complaint_type": "Sewer", "descriptor": "Street Flooding (SJ)", "created_date": "2014-06-27T09:48:00.000", "agency": "DEP", "incident_address": "1370 BROADWAY", "borough": "MANHATTAN", "source": "nyc_311_soda_76ig-c548", "hazard": "pluvial_311", "official_identity_verified": true}, "geometry": {"type": "Point", "coordinates": [-73.98750470802945, 40.75204725445699]}}, {"type": "Feature", "properties": {"unique_key": "28369212", "complaint_type": "Sewer", "descriptor": "Street Flooding (SJ)", "created_date": "2014-06-30T21:08:00.000", "agency": "DEP", "incident_address": "7 WEST   35 STREET", "borough": "MANHATTAN", "source": "nyc_311_soda_76ig-c548", "hazard": "pluvial_311", "official_identity_verified": true}, "geometry": {"type": "Point", "coordinates": [-73.9846900933296, 40.74936804124357]}}, {"type": "Feature", "properties": {"unique_key": "28387105", "complaint_type": "Sewer", "descriptor": "Street Flooding (SJ)", "created_date": "2014-07-02T17:00:00.000", "agency": "DEP", "incident_address": "117 WEST   58 STREET", "borough": "MANHATTAN", "source": "nyc_311_soda_76ig-c548", "hazard": "pluvial_311", "official_identity_verified": true}, "geometry": {"type": "Point", "coordinates": [-73.97745200845067, 40.76531930880851]}}, {"type": "Feature", "properties": {"unique_key": "28389116", "complaint_type": "Sewer", "descriptor": "Street Flooding (SJ)", "created_date": "2014-07-02T20:12:00.000", "agency": "DEP", "incident_address": "988 ATLANTIC AVENUE", "borough": "BROOKLYN", "source": "nyc_311_soda_76ig-c548", "hazard": "pluvial_311", "official_identity_verified": true}, "geometry": {"type": "Point", "coordinates": [-73.96083465538376, 40.68034812664321]}}, {"type": "Feature", "properties": {"unique_key": "28391027", "complaint_type": "Sewer", "descriptor": "Street Flooding (SJ)", "created_date": "2014-07-02T21:33:00.000", "agency": "DEP", "incident_address": "10 JAY STREET", "borough": "MANHATTAN", "source": "nyc_311_soda_76ig-c548", "hazard": "pluvial_311", "official_identity_verified": true}, "geometry": {"type": "Point", "coordinates": [-74.00974005246529, 40.718015322259916]}}, {"type": "Feature", "properties": {"unique_key": "28393220", "complaint_type": "Sewer", "descriptor": "Street Flooding (SJ)", "created_date": "2014-07-02T20:30:00.000", "agency": "DEP", "incident_address": null, "borough": "BROOKLYN", "source": "nyc_311_soda_76ig-c548", "hazard": "pluvial_311", "official_identity_verified": true}, "geometry": {"type": "Point", "coordinates": [-73.94138702118752, 40.71334844365143]}}, {"type": "Feature", "properties": {"unique_key": "28394056", "complaint_type": "Sewer", "descriptor": "Street Flooding (SJ)", "created_date": "2014-07-03T20:56:00.000", "agency": "DEP", "incident_address": "20 EAST   35 STREET", "borough": "MANHATTAN", "source": "nyc_311_soda_76ig-c548", "hazard": "pluvial_311", "official_identity_verified": true}, "geometry": {"type": "Point", "coordinates": [-73.98224699323775, 40.74832743103886]}}, {"type": "Feature", "properties": {"unique_key": "28419008", "complaint_type": "Sewer", "descriptor": "Street Flooding (SJ)", "created_date": "2014-07-07T15:32:00.000", "agency": "DEP", "incident_address": null, "borough": "BROOKLYN", "source": "nyc_311_soda_76ig-c548", "hazard": "pluvial_311", "official_identity_verified": true}, "geometry": {"type": "Point", "coordinates": [-73.95313019563861, 40.71076002319388]}}, {"type": "Feature", "properties": {"unique_key": "28427480", "complaint_type": "Sewer", "descriptor": "Street Flooding (SJ)", "created_date": "2014-07-08T20:36:00.000", "agency": "DEP", "incident_address": "352 SOUTH    1 STREET", "borough": "BROOKLYN", "source": "nyc_311_soda_76ig-c548", "hazard": "pluvial_311", "official_identity_verified": true}, "geometry": {"type": "Point", "coordinates": [-73.95289580439837, 40.71066660558345]}}, {"type": "Feature", "properties": {"unique_key": "28444165", "complaint_type": "Sewer", "descriptor": "Street Flooding (SJ)", "created_date": "2014-07-10T13:37:00.000", "agency": "DEP", "incident_address": null, "borough": "MANHATTAN", "source": "nyc_311_soda_76ig-c548", "hazard": "pluvial_311", "official_identity_verified": true}, "geometry": {"type": "Point", "coordinates": [-73.99630403340966, 40.75338730923498]}}, {"type": "Feature", "properties": {"unique_key": "28445098", "complaint_type": "Sewer", "descriptor": "Street Flooding (SJ)", "created_date": "2014-07-10T10:15:00.000", "agency": "DEP", "incident_address": null, "borough": "BROOKLYN", "source": "nyc_311_soda_76ig-c548", "hazard": "pluvial_311", "official_identity_verified": true}, "geometry": {"type": "Point", "coordinates": [-73.95003114907557, 40.72600037283003]}}, {"type": "Feature", "properties": {"unique_key": "28457908", "complaint_type": "Sewer", "descriptor": "Street Flooding (SJ)", "created_date": "2014-07-12T21:40:00.000", "agency": "DEP", "incident_address": null, "borough": "MANHATTAN", "source": "nyc_311_soda_76ig-c548", "hazard": "pluvial_311", "official_identity_verified": true}, "geometry": {"type": "Point", "coordinates": [-73.99861084472359, 40.73221435496422]}}, {"type": "Feature", "properties": {"unique_key": "28473745", "complaint_type": "Sewer", "descriptor": "Street Flooding (SJ)", "created_date": "2014-07-14T22:38:00.000", "agency": "DEP", "incident_address": null, "borough": "MANHATTAN", "source": "nyc_311_soda_76ig-c548", "hazard": "pluvial_311", "official_identity_verified": true}, "geometry": {"type": "Point", "coordinates": [-73.99263277459292, 40.75842923013922]}}, {"type": "Feature", "properties": {"unique_key": "28483260", "complaint_type": "Sewer", "descriptor": "Street Flooding (SJ)", "created_date": "2014-07-15T16:50:00.000", "agency": "DEP", "incident_address": null, "borough": "MANHATTAN", "source": "nyc_311_soda_76ig-c548", "hazard": "pluvial_311", "official_identity_verified": true}, "geometry": {"type": "Point", "coordinates": [-73.98217925056508, 40.77220943489252]}}, {"type": "Feature", "properties": {"unique_key": "28485361", "complaint_type": "Sewer", "descriptor": "Street Flooding (SJ)", "created_date": "2014-07-16T09:22:00.000", "agency": "DEP", "incident_address": null, "borough": "MANHATTAN", "source": "nyc_311_soda_76ig-c548", "hazard": "pluvial_311", "official_identity_verified": true}, "geometry": {"type": "Point", "coordinates": [-73.94884791223447, 40.79162120466542]}}, {"type": "Feature", "properties": {"unique_key": "28487556", "complaint_type": "Sewer", "descriptor": "Street Flooding (SJ)", "created_date": "2014-07-16T08:23:00.000", "agency": "DEP", "incident_address": "120 NORMAN AVENUE", "borough": "BROOKLYN", "source": "nyc_311_soda_76ig-c548", "hazard": "pluvial_311", "official_identity_verified": true}, "geometry": {"type": "Point", "coordinates": [-73.9499012414091, 40.72603325346825]}}, {"type": "Feature", "properties": {"unique_key": "28496481", "complaint_type": "Sewer", "descriptor": "Street Flooding (SJ)", "created_date": "2014-07-17T11:28:00.000", "agency": "DEP", "incident_address": null, "borough": "BROOKLYN", "source": "nyc_311_soda_76ig-c548", "hazard": "pluvial_311", "official_identity_verified": true}, "geometry": {"type": "Point", "coordinates": [-73.94587740287288, 40.727354405328924]}}, {"type": "Feature", "properties": {"unique_key": "28508872", "complaint_type": "Sewer", "descriptor": "Street Flooding (SJ)", "created_date": "2014-07-19T10:43:00.000", "agency": "DEP", "incident_address": "227 WEST   42 STREET", "borough": "MANHATTAN", "source": "nyc_311_soda_76ig-c548", "hazard": "pluvial_311", "official_identity_verified": true}, "geometry": {"type": "Point", "coordinates": [-73.98811748290571, 40.756537723765355]}}, {"type": "Feature", "properties": {"unique_key": "28508925", "complaint_type": "Sewer", "descriptor": "Street Flooding (SJ)", "created_date": "2014-07-19T10:23:00.000", "agency": "DEP", "incident_address": "270 WEST   43 STREET", "borough": "MANHATTAN", "source": "nyc_311_soda_76ig-c548", "hazard": "pluvial_311", "official_identity_verified": true}, "geometry": {"type": "Point", "coordinates": [-73.98830862137434, 40.75748193557638]}}, {"type": "Feature", "properties": {"unique_key": "28510187", "complaint_type": "Sewer", "descriptor": "Street Flooding (SJ)", "created_date": "2014-07-19T09:39:00.000", "agency": "DEP", "incident_address": "680 8 AVENUE", "borough": "MANHATTAN", "source": "nyc_311_soda_76ig-c548", "hazard": "pluvial_311", "official_identity_verified": true}, "geometry": {"type": "Point", "coordinates": [-73.98921814803249, 40.7579980362835]}}, {"type": "Feature", "properties": {"unique_key": "28511059", "complaint_type": "Sewer", "descriptor": "Street Flooding (SJ)", "created_date": "2014-07-19T10:39:00.000", "agency": "DEP", "incident_address": "672 8 AVENUE", "borough": "MANHATTAN", "source": "nyc_311_soda_76ig-c548", "hazard": "pluvial_311", "official_identity_verified": true}, "geometry": {"type": "Point", "coordinates": [-73.98947809460088, 40.75764398826698]}}, {"type": "Feature", "properties": {"unique_key": "28511673", "complaint_type": "Sewer", "descriptor": "Street Flooding (SJ)", "created_date": "2014-07-19T10:48:00.000", "agency": "DEP", "incident_address": "263 WEST   42 STREET", "borough": "MANHATTAN", "source": "nyc_311_soda_76ig-c548", "hazard": "pluvial_311", "official_identity_verified": true}, "geometry": {"type": "Point", "coordinates": [-73.9890703285979, 40.75693855088533]}}, {"type": "Feature", "properties": {"unique_key": "28523191", "complaint_type": "Sewer", "descriptor": "Street Flooding (SJ)", "created_date": "2014-07-21T16:05:00.000", "agency": "DEP", "incident_address": "177 MYRTLE AVENUE", "borough": "BROOKLYN", "source": "nyc_311_soda_76ig-c548", "hazard": "pluvial_311", "official_identity_verified": true}, "geometry": {"type": "Point", "coordinates": [-73.9823048350059, 40.69361341975755]}}, {"type": "Feature", "properties": {"unique_key": "28580449", "complaint_type": "Sewer", "descriptor": "Street Flooding (SJ)", "created_date": "2014-07-29T21:21:00.000", "agency": "DEP", "incident_address": "220 EAST   63 STREET", "borough": "MANHATTAN", "source": "nyc_311_soda_76ig-c548", "hazard": "pluvial_311", "official_identity_verified": true}, "geometry": {"type": "Point", "coordinates": [-73.9641031015917, 40.76377337790351]}}, {"type": "Feature", "properties": {"unique_key": "28586928", "complaint_type": "Sewer", "descriptor": "Street Flooding (SJ)", "created_date": "2014-07-30T12:45:00.000", "agency": "DEP", "incident_address": "1101 LEXINGTON AVENUE", "borough": "MANHATTAN", "source": "nyc_311_soda_76ig-c548", "hazard": "pluvial_311", "official_identity_verified": true}, "geometry": {"type": "Point", "coordinates": [-73.95975073359452, 40.77377102894543]}}, {"type": "Feature", "properties": {"unique_key": "28587835", "complaint_type": "Sewer", "descriptor": "Street Flooding (SJ)", "created_date": "2014-07-30T12:35:00.000", "agency": "DEP", "incident_address": "240 UNION AVENUE", "borough": "BROOKLYN", "source": "nyc_311_soda_76ig-c548", "hazard": "pluvial_311", "official_identity_verified": true}, "geometry": {"type": "Point", "coordinates": [-73.95056068111738, 40.707657365591004]}}, {"type": "Feature", "properties": {"unique_key": "28608762", "complaint_type": "Sewer", "descriptor": "Street Flooding (SJ)", "created_date": "2014-08-03T15:44:00.000", "agency": "DEP", "incident_address": "2-03 BORDEN AVENUE", "borough": "QUEENS", "source": "nyc_311_soda_76ig-c548", "hazard": "pluvial_311", "official_identity_verified": true}, "geometry": {"type": "Point", "coordinates": [-73.95871968723146, 40.74216218322472]}}, {"type": "Feature", "properties": {"unique_key": "28625461", "complaint_type": "Sewer", "descriptor": "Street Flooding (SJ)", "created_date": "2014-08-05T09:16:00.000", "agency": "DEP", "incident_address": "220 EAST   63 STREET", "borough": "MANHATTAN", "source": "nyc_311_soda_76ig-c548", "hazard": "pluvial_311", "official_identity_verified": true}, "geometry": {"type": "Point", "coordinates": [-73.9641031015917, 40.76377337790351]}}, {"type": "Feature", "properties": {"unique_key": "28638559", "complaint_type": "Sewer", "descriptor": "Street Flooding (SJ)", "created_date": "2014-08-07T15:34:00.000", "agency": "DEP", "incident_address": "556 CARLTON AVENUE", "borough": "BROOKLYN", "source": "nyc_311_soda_76ig-c548", "hazard": "pluvial_311", "official_identity_verified": true}, "geometry": {"type": "Point", "coordinates": [-73.97132635995766, 40.68029906880493]}}, {"type": "Feature", "properties": {"unique_key": "28676944", "complaint_type": "Sewer", "descriptor": "Street Flooding (SJ)", "created_date": "2014-08-13T13:25:00.000", "agency": "DEP", "incident_address": "43 WEST   70 STREET", "borough": "MANHATTAN", "source": "nyc_311_soda_76ig-c548", "hazard": "pluvial_311", "official_identity_verified": true}, "geometry": {"type": "Point", "coordinates": [-73.97818151557357, 40.77545577246193]}}, {"type": "Feature", "properties": {"unique_key": "28715980", "complaint_type": "Sewer", "descriptor": "Street Flooding (SJ)", "created_date": "2014-08-19T14:52:00.000", "agency": "DEP", "incident_address": "4-12 49 AVENUE", "borough": "QUEENS", "source": "nyc_311_soda_76ig-c548", "hazard": "pluvial_311", "official_identity_verified": true}, "geometry": {"type": "Point", "coordinates": [-73.95661463542844, 40.7439427527051]}}, {"type": "Feature", "properties": {"unique_key": "28724291", "complaint_type": "Sewer", "descriptor": "Street Flooding (SJ)", "created_date": "2014-08-20T15:59:00.000", "agency": "DEP", "incident_address": "76 MESEROLE AVENUE", "borough": "BROOKLYN", "source": "nyc_311_soda_76ig-c548", "hazard": "pluvial_311", "official_identity_verified": true}, "geometry": {"type": "Point", "coordinates": [-73.95417616714869, 40.72660045410998]}}, {"type": "Feature", "properties": {"unique_key": "28750897", "complaint_type": "Sewer", "descriptor": "Street Flooding (SJ)", "created_date": "2014-08-25T14:29:00.000", "agency": "DEP", "incident_address": "845 MANHATTAN AVENUE", "borough": "BROOKLYN", "source": "nyc_311_soda_76ig-c548", "hazard": "pluvial_311", "official_identity_verified": true}, "geometry": {"type": "Point", "coordinates": [-73.95375957798798, 40.729023907639146]}}, {"type": "Feature", "properties": {"unique_key": "28790664", "complaint_type": "Sewer", "descriptor": "Street Flooding (SJ)", "created_date": "2014-08-31T17:01:00.000", "agency": "DEP", "incident_address": null, "borough": "MANHATTAN", "source": "nyc_311_soda_76ig-c548", "hazard": "pluvial_311", "official_identity_verified": true}, "geometry": {"type": "Point", "coordinates": [-73.99263277459292, 40.75842923013922]}}, {"type": "Feature", "properties": {"unique_key": "28796603", "complaint_type": "Sewer", "descriptor": "Street Flooding (SJ)", "created_date": "2014-09-01T22:54:00.000", "agency": "DEP", "incident_address": "74 MACDOUGAL STREET", "borough": "MANHATTAN", "source": "nyc_311_soda_76ig-c548", "hazard": "pluvial_311", "official_identity_verified": true}, "geometry": {"type": "Point", "coordinates": [-74.00186172122311, 40.72836071187914]}}, {"type": "Feature", "properties": {"unique_key": "28805300", "complaint_type": "Sewer", "descriptor": "Street Flooding (SJ)", "created_date": "2014-09-03T22:01:00.000", "agency": "DEP", "incident_address": "1515 BROADWAY", "borough": "MANHATTAN", "source": "nyc_311_soda_76ig-c548", "hazard": "pluvial_311", "official_identity_verified": true}, "geometry": {"type": "Point", "coordinates": [-73.98580355106148, 40.75763535980379]}}, {"type": "Feature", "properties": {"unique_key": "28856864", "complaint_type": "Sewer", "descriptor": "Street Flooding (SJ)", "created_date": "2014-09-10T08:06:00.000", "agency": "DEP", "incident_address": "CENTRAL PARK WEST", "borough": "MANHATTAN", "source": "nyc_311_soda_76ig-c548", "hazard": "pluvial_311", "official_identity_verified": true}, "geometry": {"type": "Point", "coordinates": [-73.9726479961279, 40.780749188376944]}}, {"type": "Feature", "properties": {"unique_key": "28857533", "complaint_type": "Sewer", "descriptor": "Street Flooding (SJ)", "created_date": "2014-09-10T12:09:00.000", "agency": "DEP", "incident_address": "147 SULLIVAN STREET", "borough": "MANHATTAN", "source": "nyc_311_soda_76ig-c548", "hazard": "pluvial_311", "official_identity_verified": true}, "geometry": {"type": "Point", "coordinates": [-74.00188333191005, 40.72704322852554]}}, {"type": "Feature", "properties": {"unique_key": "28894766", "complaint_type": "Sewer", "descriptor": "Street Flooding (SJ)", "created_date": "2014-09-16T12:55:00.000", "agency": "DEP", "incident_address": null, "borough": "MANHATTAN", "source": "nyc_311_soda_76ig-c548", "hazard": "pluvial_311", "official_identity_verified": true}, "geometry": {"type": "Point", "coordinates": [-73.99108083276965, 40.73003193771921]}}, {"type": "Feature", "properties": {"unique_key": "28896760", "complaint_type": "Sewer", "descriptor": "Street Flooding (SJ)", "created_date": "2014-09-17T22:04:00.000", "agency": "DEP", "incident_address": null, "borough": "MANHATTAN", "source": "nyc_311_soda_76ig-c548", "hazard": "pluvial_311", "official_identity_verified": true}, "geometry": {"type": "Point", "coordinates": [-73.98945625556239, 40.735987917187984]}}, {"type": "Feature", "properties": {"unique_key": "29007959", "complaint_type": "Sewer", "descriptor": "Street Flooding (SJ)", "created_date": "2014-10-04T12:05:00.000", "agency": "DEP", "incident_address": "1259 PARK AVENUE", "borough": "MANHATTAN", "source": "nyc_311_soda_76ig-c548", "hazard": "pluvial_311", "official_identity_verified": true}, "geometry": {"type": "Point", "coordinates": [-73.95189174406553, 40.787442288708746]}}, {"type": "Feature", "properties": {"unique_key": "29034705", "complaint_type": "Sewer", "descriptor": "Street Flooding (SJ)", "created_date": "2014-10-08T17:09:00.000", "agency": "DEP", "incident_address": null, "borough": "MANHATTAN", "source": "nyc_311_soda_76ig-c548", "hazard": "pluvial_311", "official_identity_verified": true}, "geometry": {"type": "Point", "coordinates": [-73.98929757361397, 40.75790746711998]}}, {"type": "Feature", "properties": {"unique_key": "29055116", "complaint_type": "Sewer", "descriptor": "Street Flooding (SJ)", "created_date": "2014-10-11T23:39:00.000", "agency": "DEP", "incident_address": null, "borough": "MANHATTAN", "source": "nyc_311_soda_76ig-c548", "hazard": "pluvial_311", "official_identity_verified": true}, "geometry": {"type": "Point", "coordinates": [-74.0040184651626, 40.71456001069013]}}, {"type": "Feature", "properties": {"unique_key": "29064664", "complaint_type": "Sewer", "descriptor": "Street Flooding (SJ)", "created_date": "2014-10-13T15:20:00.000", "agency": "DEP", "incident_address": null, "borough": "BROOKLYN", "source": "nyc_311_soda_76ig-c548", "hazard": "pluvial_311", "official_identity_verified": true}, "geometry": {"type": "Point", "coordinates": [-74.00301068247119, 40.68438956827206]}}, {"type": "Feature", "properties": {"unique_key": "29077036", "complaint_type": "Sewer", "descriptor": "Street Flooding (SJ)", "created_date": "2014-10-15T11:39:00.000", "agency": "DEP", "incident_address": null, "borough": "BROOKLYN", "source": "nyc_311_soda_76ig-c548", "hazard": "pluvial_311", "official_identity_verified": true}, "geometry": {"type": "Point", "coordinates": [-73.94115120013878, 40.69854031707234]}}, {"type": "Feature", "properties": {"unique_key": "29079509", "complaint_type": "Sewer", "descriptor": "Street Flooding (SJ)", "created_date": "2014-10-16T05:14:00.000", "agency": "DEP", "incident_address": "140 WEST END AVENUE", "borough": "MANHATTAN", "source": "nyc_311_soda_76ig-c548", "hazard": "pluvial_311", "official_identity_verified": true}, "geometry": {"type": "Point", "coordinates": [-73.98655062844335, 40.77602795857743]}}, {"type": "Feature", "properties": {"unique_key": "29083966", "complaint_type": "Sewer", "descriptor": "Street Flooding (SJ)", "created_date": "2014-10-16T05:23:00.000", "agency": "DEP", "incident_address": "808 COLUMBUS AVENUE", "borough": "MANHATTAN", "source": "nyc_311_soda_76ig-c548", "hazard": "pluvial_311", "official_identity_verified": true}, "geometry": {"type": "Point", "coordinates": [-73.9658883905071, 40.79511880426107]}}, {"type": "Feature", "properties": {"unique_key": "29123040", "complaint_type": "Sewer", "descriptor": "Street Flooding (SJ)", "created_date": "2014-10-22T09:30:00.000", "agency": "DEP", "incident_address": "330 WEST BROADWAY", "borough": "MANHATTAN", "source": "nyc_311_soda_76ig-c548", "hazard": "pluvial_311", "official_identity_verified": true}, "geometry": {"type": "Point", "coordinates": [-74.00400809766849, 40.722113589834755]}}, {"type": "Feature", "properties": {"unique_key": "29137354", "complaint_type": "Sewer", "descriptor": "Street Flooding (SJ)", "created_date": "2014-10-23T08:13:00.000", "agency": "DEP", "incident_address": "111 JEWEL STREET", "borough": "BROOKLYN", "source": "nyc_311_soda_76ig-c548", "hazard": "pluvial_311", "official_identity_verified": true}, "geometry": {"type": "Point", "coordinates": [-73.94729474260735, 40.728085168104336]}}, {"type": "Feature", "properties": {"unique_key": "29151790", "complaint_type": "Sewer", "descriptor": "Street Flooding (SJ)", "created_date": "2014-10-26T15:38:00.000", "agency": "DEP", "incident_address": null, "borough": "MANHATTAN", "source": "nyc_311_soda_76ig-c548", "hazard": "pluvial_311", "official_identity_verified": true}, "geometry": {"type": "Point", "coordinates": [-73.99019920410063, 40.71405188280998]}}, {"type": "Feature", "properties": {"unique_key": "29161603", "complaint_type": "Sewer", "descriptor": "Street Flooding (SJ)", "created_date": "2014-10-27T17:44:00.000", "agency": "DEP", "incident_address": null, "borough": "MANHATTAN", "source": "nyc_311_soda_76ig-c548", "hazard": "pluvial_311", "official_identity_verified": true}, "geometry": {"type": "Point", "coordinates": [-73.9758818809488, 40.74478005822341]}}, {"type": "Feature", "properties": {"unique_key": "29201556", "complaint_type": "Sewer", "descriptor": "Street Flooding (SJ)", "created_date": "2014-11-02T18:17:00.000", "agency": "DEP", "incident_address": "487 KEAP STREET", "borough": "BROOKLYN", "source": "nyc_311_soda_76ig-c548", "hazard": "pluvial_311", "official_identity_verified": true}, "geometry": {"type": "Point", "coordinates": [-73.9518694362982, 40.71339721966222]}}, {"type": "Feature", "properties": {"unique_key": "29236621", "complaint_type": "Sewer", "descriptor": "Street Flooding (SJ)", "created_date": "2014-11-06T11:07:00.000", "agency": "DEP", "incident_address": "5 EAST   62 STREET", "borough": "MANHATTAN", "source": "nyc_311_soda_76ig-c548", "hazard": "pluvial_311", "official_identity_verified": true}, "geometry": {"type": "Point", "coordinates": [-73.97119561888483, 40.76596292876611]}}, {"type": "Feature", "properties": {"unique_key": "29237667", "complaint_type": "Sewer", "descriptor": "Street Flooding (SJ)", "created_date": "2014-11-06T20:58:00.000", "agency": "DEP", "incident_address": "1515 BROADWAY", "borough": "MANHATTAN", "source": "nyc_311_soda_76ig-c548", "hazard": "pluvial_311", "official_identity_verified": true}, "geometry": {"type": "Point", "coordinates": [-73.98580355106148, 40.75763535980379]}}, {"type": "Feature", "properties": {"unique_key": "29249922", "complaint_type": "Sewer", "descriptor": "Street Flooding (SJ)", "created_date": "2014-11-08T15:59:00.000", "agency": "DEP", "incident_address": null, "borough": "MANHATTAN", "source": "nyc_311_soda_76ig-c548", "hazard": "pluvial_311", "official_identity_verified": true}, "geometry": {"type": "Point", "coordinates": [-73.98533768299346, 40.75869477281765]}}, {"type": "Feature", "properties": {"unique_key": "29270632", "complaint_type": "Sewer", "descriptor": "Street Flooding (SJ)", "created_date": "2014-11-12T17:28:00.000", "agency": "DEP", "incident_address": "34-25 VERNON BOULEVARD", "borough": "QUEENS", "source": "nyc_311_soda_76ig-c548", "hazard": "pluvial_311", "official_identity_verified": true}, "geometry": {"type": "Point", "coordinates": [-73.9407606002407, 40.764729889476406]}}, {"type": "Feature", "properties": {"unique_key": "29286296", "complaint_type": "Sewer", "descriptor": "Street Flooding (SJ)", "created_date": "2014-11-14T16:17:00.000", "agency": "DEP", "incident_address": "719 7 AVENUE", "borough": "MANHATTAN", "source": "nyc_311_soda_76ig-c548", "hazard": "pluvial_311", "official_identity_verified": true}, "geometry": {"type": "Point", "coordinates": [-73.98423288804848, 40.759743119134775]}}, {"type": "Feature", "properties": {"unique_key": "29307834", "complaint_type": "Sewer", "descriptor": "Street Flooding (SJ)", "created_date": "2014-11-17T15:13:00.000", "agency": "DEP", "incident_address": "82 WASHINGTON PLACE", "borough": "MANHATTAN", "source": "nyc_311_soda_76ig-c548", "hazard": "pluvial_311", "official_identity_verified": true}, "geometry": {"type": "Point", "coordinates": [-73.99991340356783, 40.7320139962256]}}, {"type": "Feature", "properties": {"unique_key": "29308843", "complaint_type": "Sewer", "descriptor": "Street Flooding (SJ)", "created_date": "2014-11-17T14:43:00.000", "agency": "DEP", "incident_address": null, "borough": "MANHATTAN", "source": "nyc_311_soda_76ig-c548", "hazard": "pluvial_311", "official_identity_verified": true}, "geometry": {"type": "Point", "coordinates": [-73.94884791223447, 40.79162120466542]}}, {"type": "Feature", "properties": {"unique_key": "29311848", "complaint_type": "Sewer", "descriptor": "Street Flooding (SJ)", "created_date": "2014-11-17T14:39:00.000", "agency": "DEP", "incident_address": "130 EAST END AVENUE", "borough": "MANHATTAN", "source": "nyc_311_soda_76ig-c548", "hazard": "pluvial_311", "official_identity_verified": true}, "geometry": {"type": "Point", "coordinates": [-73.94495074208145, 40.77469811978997]}}, {"type": "Feature", "properties": {"unique_key": "29312029", "complaint_type": "Sewer", "descriptor": "Street Flooding (SJ)", "created_date": "2014-11-17T14:52:00.000", "agency": "DEP", "incident_address": null, "borough": "MANHATTAN", "source": "nyc_311_soda_76ig-c548", "hazard": "pluvial_311", "official_identity_verified": true}, "geometry": {"type": "Point", "coordinates": [-74.00132449156148, 40.74649255468646]}}, {"type": "Feature", "properties": {"unique_key": "29312077", "complaint_type": "Sewer", "descriptor": "Street Flooding (SJ)", "created_date": "2014-11-17T15:08:00.000", "agency": "DEP", "incident_address": null, "borough": "BROOKLYN", "source": "nyc_311_soda_76ig-c548", "hazard": "pluvial_311", "official_identity_verified": true}, "geometry": {"type": "Point", "coordinates": [-73.94091267354423, 40.682834619852095]}}, {"type": "Feature", "properties": {"unique_key": "29313113", "complaint_type": "Sewer", "descriptor": "Street Flooding (SJ)", "created_date": "2014-11-17T13:48:00.000", "agency": "DEP", "incident_address": null, "borough": "MANHATTAN", "source": "nyc_311_soda_76ig-c548", "hazard": "pluvial_311", "official_identity_verified": true}, "geometry": {"type": "Point", "coordinates": [-73.99263277459292, 40.75842923013922]}}, {"type": "Feature", "properties": {"unique_key": "29317411", "complaint_type": "Sewer", "descriptor": "Street Flooding (SJ)", "created_date": "2014-11-18T11:50:00.000", "agency": "DEP", "incident_address": null, "borough": "BROOKLYN", "source": "nyc_311_soda_76ig-c548", "hazard": "pluvial_311", "official_identity_verified": true}, "geometry": {"type": "Point", "coordinates": [-73.98046393610078, 40.69970376121759]}}, {"type": "Feature", "properties": {"unique_key": "29319060", "complaint_type": "Sewer", "descriptor": "Street Flooding (SJ)", "created_date": "2014-11-18T07:35:00.000", "agency": "DEP", "incident_address": null, "borough": "MANHATTAN", "source": "nyc_311_soda_76ig-c548", "hazard": "pluvial_311", "official_identity_verified": true}, "geometry": {"type": "Point", "coordinates": [-73.9784972859385, 40.7367906050123]}}, {"type": "Feature", "properties": {"unique_key": "29319115", "complaint_type": "Sewer", "descriptor": "Street Flooding (SJ)", "created_date": "2014-11-18T07:31:00.000", "agency": "DEP", "incident_address": null, "borough": "MANHATTAN", "source": "nyc_311_soda_76ig-c548", "hazard": "pluvial_311", "official_identity_verified": true}, "geometry": {"type": "Point", "coordinates": [-73.9784972859385, 40.7367906050123]}}, {"type": "Feature", "properties": {"unique_key": "29348122", "complaint_type": "Sewer", "descriptor": "Street Flooding (SJ)", "created_date": "2014-11-21T20:07:00.000", "agency": "DEP", "incident_address": "290 GREENE AVENUE", "borough": "BROOKLYN", "source": "nyc_311_soda_76ig-c548", "hazard": "pluvial_311", "official_identity_verified": true}, "geometry": {"type": "Point", "coordinates": [-73.95902036315717, 40.68748664723496]}}, {"type": "Feature", "properties": {"unique_key": "29365094", "complaint_type": "Sewer", "descriptor": "Street Flooding (SJ)", "created_date": "2014-11-24T10:31:00.000", "agency": "DEP", "incident_address": "525 EAST   13 STREET", "borough": "MANHATTAN", "source": "nyc_311_soda_76ig-c548", "hazard": "pluvial_311", "official_identity_verified": true}, "geometry": {"type": "Point", "coordinates": [-73.98010885250032, 40.72941848463957]}}, {"type": "Feature", "properties": {"unique_key": "29366846", "complaint_type": "Sewer", "descriptor": "Street Flooding (SJ)", "created_date": "2014-11-24T22:27:00.000", "agency": "DEP", "incident_address": null, "borough": "MANHATTAN", "source": "nyc_311_soda_76ig-c548", "hazard": "pluvial_311", "official_identity_verified": true}, "geometry": {"type": "Point", "coordinates": [-73.97812268196289, 40.74572744427753]}}, {"type": "Feature", "properties": {"unique_key": "29376091", "complaint_type": "Sewer", "descriptor": "Street Flooding (SJ)", "created_date": "2014-11-26T14:38:00.000", "agency": "DEP", "incident_address": null, "borough": "MANHATTAN", "source": "nyc_311_soda_76ig-c548", "hazard": "pluvial_311", "official_identity_verified": true}, "geometry": {"type": "Point", "coordinates": [-73.95601507606814, 40.772021264888394]}}, {"type": "Feature", "properties": {"unique_key": "29377644", "complaint_type": "Sewer", "descriptor": "Street Flooding (SJ)", "created_date": "2014-11-26T18:22:00.000", "agency": "DEP", "incident_address": "279 AVENUE C", "borough": "MANHATTAN", "source": "nyc_311_soda_76ig-c548", "hazard": "pluvial_311", "official_identity_verified": true}, "geometry": {"type": "Point", "coordinates": [-73.97470379838718, 40.72995539619824]}}, {"type": "Feature", "properties": {"unique_key": "29379898", "complaint_type": "Sewer", "descriptor": "Street Flooding (SJ)", "created_date": "2014-11-26T12:19:00.000", "agency": "DEP", "incident_address": null, "borough": "MANHATTAN", "source": "nyc_311_soda_76ig-c548", "hazard": "pluvial_311", "official_identity_verified": true}, "geometry": {"type": "Point", "coordinates": [-73.99263277459292, 40.75842923013922]}}, {"type": "Feature", "properties": {"unique_key": "29381570", "complaint_type": "Sewer", "descriptor": "Street Flooding (SJ)", "created_date": "2014-11-26T13:49:00.000", "agency": "DEP", "incident_address": "111 JEWEL STREET", "borough": "BROOKLYN", "source": "nyc_311_soda_76ig-c548", "hazard": "pluvial_311", "official_identity_verified": true}, "geometry": {"type": "Point", "coordinates": [-73.94729474260735, 40.728085168104336]}}, {"type": "Feature", "properties": {"unique_key": "29437409", "complaint_type": "Sewer", "descriptor": "Street Flooding (SJ)", "created_date": "2014-12-05T23:55:00.000", "agency": "DEP", "incident_address": null, "borough": "BROOKLYN", "source": "nyc_311_soda_76ig-c548", "hazard": "pluvial_311", "official_identity_verified": true}, "geometry": {"type": "Point", "coordinates": [-73.99129741503246, 40.7016566188967]}}, {"type": "Feature", "properties": {"unique_key": "29445315", "complaint_type": "Sewer", "descriptor": "Street Flooding (SJ)", "created_date": "2014-12-06T14:50:00.000", "agency": "DEP", "incident_address": null, "borough": "MANHATTAN", "source": "nyc_311_soda_76ig-c548", "hazard": "pluvial_311", "official_identity_verified": true}, "geometry": {"type": "Point", "coordinates": [-73.99263277459292, 40.75842923013922]}}, {"type": "Feature", "properties": {"unique_key": "29447833", "complaint_type": "Sewer", "descriptor": "Street Flooding (SJ)", "created_date": "2014-12-07T20:12:00.000", "agency": "DEP", "incident_address": null, "borough": "MANHATTAN", "source": "nyc_311_soda_76ig-c548", "hazard": "pluvial_311", "official_identity_verified": true}, "geometry": {"type": "Point", "coordinates": [-73.98085044954946, 40.74775081013395]}}, {"type": "Feature", "properties": {"unique_key": "29450578", "complaint_type": "Sewer", "descriptor": "Street Flooding (SJ)", "created_date": "2014-12-07T00:57:00.000", "agency": "DEP", "incident_address": null, "borough": "MANHATTAN", "source": "nyc_311_soda_76ig-c548", "hazard": "pluvial_311", "official_identity_verified": true}, "geometry": {"type": "Point", "coordinates": [-73.99263277459292, 40.75842923013922]}}, {"type": "Feature", "properties": {"unique_key": "29460446", "complaint_type": "Sewer", "descriptor": "Street Flooding (SJ)", "created_date": "2014-12-08T17:12:00.000", "agency": "DEP", "incident_address": null, "borough": "MANHATTAN", "source": "nyc_311_soda_76ig-c548", "hazard": "pluvial_311", "official_identity_verified": true}, "geometry": {"type": "Point", "coordinates": [-73.97359614122578, 40.784537143135864]}}, {"type": "Feature", "properties": {"unique_key": "29462990", "complaint_type": "Sewer", "descriptor": "Street Flooding (SJ)", "created_date": "2014-12-09T16:11:00.000", "agency": "DEP", "incident_address": null, "borough": "QUEENS", "source": "nyc_311_soda_76ig-c548", "hazard": "pluvial_311", "official_identity_verified": true}, "geometry": {"type": "Point", "coordinates": [-73.949403647964, 40.75416125406995]}}, {"type": "Feature", "properties": {"unique_key": "29463006", "complaint_type": "Sewer", "descriptor": "Street Flooding (SJ)", "created_date": "2014-12-09T14:40:00.000", "agency": "DEP", "incident_address": "SOUTH    5 STREET", "borough": "BROOKLYN", "source": "nyc_311_soda_76ig-c548", "hazard": "pluvial_311", "official_identity_verified": true}, "geometry": {"type": "Point", "coordinates": [-73.95125012039338, 40.70693578666178]}}, {"type": "Feature", "properties": {"unique_key": "29465519", "complaint_type": "Sewer", "descriptor": "Street Flooding (SJ)", "created_date": "2014-12-09T07:55:00.000", "agency": "DEP", "incident_address": "123 ESSEX STREET", "borough": "MANHATTAN", "source": "nyc_311_soda_76ig-c548", "hazard": "pluvial_311", "official_identity_verified": true}, "geometry": {"type": "Point", "coordinates": [-73.9877200434564, 40.719510973346296]}}, {"type": "Feature", "properties": {"unique_key": "29465549", "complaint_type": "Sewer", "descriptor": "Street Flooding (SJ)", "created_date": "2014-12-09T09:36:00.000", "agency": "DEP", "incident_address": null, "borough": "MANHATTAN", "source": "nyc_311_soda_76ig-c548", "hazard": "pluvial_311", "official_identity_verified": true}, "geometry": {"type": "Point", "coordinates": [-73.98363176291305, 40.73816657030053]}}, {"type": "Feature", "properties": {"unique_key": "29466599", "complaint_type": "Sewer", "descriptor": "Street Flooding (SJ)", "created_date": "2014-12-09T14:32:00.000", "agency": "DEP", "incident_address": "41-57 VERNON BOULEVARD", "borough": "QUEENS", "source": "nyc_311_soda_76ig-c548", "hazard": "pluvial_311", "official_identity_verified": true}, "geometry": {"type": "Point", "coordinates": [-73.94817902062626, 40.75550563532087]}}, {"type": "Feature", "properties": {"unique_key": "29466735", "complaint_type": "Sewer", "descriptor": "Street Flooding (SJ)", "created_date": "2014-12-09T16:04:00.000", "agency": "DEP", "incident_address": null, "borough": "MANHATTAN", "source": "nyc_311_soda_76ig-c548", "hazard": "pluvial_311", "official_identity_verified": true}, "geometry": {"type": "Point", "coordinates": [-74.00443990393069, 40.70542816947799]}}, {"type": "Feature", "properties": {"unique_key": "29466745", "complaint_type": "Sewer", "descriptor": "Street Flooding (SJ)", "created_date": "2014-12-09T13:14:00.000", "agency": "DEP", "incident_address": null, "borough": "BROOKLYN", "source": "nyc_311_soda_76ig-c548", "hazard": "pluvial_311", "official_identity_verified": true}, "geometry": {"type": "Point", "coordinates": [-73.959593428714, 40.68195338972714]}}, {"type": "Feature", "properties": {"unique_key": "29467941", "complaint_type": "Sewer", "descriptor": "Street Flooding (SJ)", "created_date": "2014-12-09T12:38:00.000", "agency": "DEP", "incident_address": null, "borough": "MANHATTAN", "source": "nyc_311_soda_76ig-c548", "hazard": "pluvial_311", "official_identity_verified": true}, "geometry": {"type": "Point", "coordinates": [-73.98672147252647, 40.715953653567944]}}, {"type": "Feature", "properties": {"unique_key": "29467945", "complaint_type": "Sewer", "descriptor": "Street Flooding (SJ)", "created_date": "2014-12-09T12:08:00.000", "agency": "DEP", "incident_address": null, "borough": "MANHATTAN", "source": "nyc_311_soda_76ig-c548", "hazard": "pluvial_311", "official_identity_verified": true}, "geometry": {"type": "Point", "coordinates": [-73.97787428590465, 40.75472742445424]}}, {"type": "Feature", "properties": {"unique_key": "29467981", "complaint_type": "Sewer", "descriptor": "Street Flooding (SJ)", "created_date": "2014-12-09T14:08:00.000", "agency": "DEP", "incident_address": null, "borough": "MANHATTAN", "source": "nyc_311_soda_76ig-c548", "hazard": "pluvial_311", "official_identity_verified": true}, "geometry": {"type": "Point", "coordinates": [-73.98336498934722, 40.766044926045275]}}, {"type": "Feature", "properties": {"unique_key": "29467984", "complaint_type": "Sewer", "descriptor": "Street Flooding (SJ)", "created_date": "2014-12-09T11:30:00.000", "agency": "DEP", "incident_address": null, "borough": "MANHATTAN", "source": "nyc_311_soda_76ig-c548", "hazard": "pluvial_311", "official_identity_verified": true}, "geometry": {"type": "Point", "coordinates": [-74.00376640056474, 40.72238532906574]}}, {"type": "Feature", "properties": {"unique_key": "29467986", "complaint_type": "Sewer", "descriptor": "Street Flooding (SJ)", "created_date": "2014-12-09T10:47:00.000", "agency": "DEP", "incident_address": null, "borough": "MANHATTAN", "source": "nyc_311_soda_76ig-c548", "hazard": "pluvial_311", "official_identity_verified": true}, "geometry": {"type": "Point", "coordinates": [-73.99831424894528, 40.76082287001736]}}, {"type": "Feature", "properties": {"unique_key": "29468003", "complaint_type": "Sewer", "descriptor": "Street Flooding (SJ)", "created_date": "2014-12-09T07:53:00.000", "agency": "DEP", "incident_address": null, "borough": "MANHATTAN", "source": "nyc_311_soda_76ig-c548", "hazard": "pluvial_311", "official_identity_verified": true}, "geometry": {"type": "Point", "coordinates": [-73.97501457897238, 40.79601867019603]}}, {"type": "Feature", "properties": {"unique_key": "29468007", "complaint_type": "Sewer", "descriptor": "Street Flooding (SJ)", "created_date": "2014-12-09T12:10:00.000", "agency": "DEP", "incident_address": null, "borough": "BROOKLYN", "source": "nyc_311_soda_76ig-c548", "hazard": "pluvial_311", "official_identity_verified": true}, "geometry": {"type": "Point", "coordinates": [-73.95465418163987, 40.71869299409883]}}, {"type": "Feature", "properties": {"unique_key": "29469235", "complaint_type": "Sewer", "descriptor": "Street Flooding (SJ)", "created_date": "2014-12-09T14:09:00.000", "agency": "DEP", "incident_address": null, "borough": "MANHATTAN", "source": "nyc_311_soda_76ig-c548", "hazard": "pluvial_311", "official_identity_verified": true}, "geometry": {"type": "Point", "coordinates": [-73.98575320366534, 40.723010314091134]}}, {"type": "Feature", "properties": {"unique_key": "29470459", "complaint_type": "Sewer", "descriptor": "Street Flooding (SJ)", "created_date": "2014-12-09T13:10:00.000", "agency": "DEP", "incident_address": null, "borough": "MANHATTAN", "source": "nyc_311_soda_76ig-c548", "hazard": "pluvial_311", "official_identity_verified": true}, "geometry": {"type": "Point", "coordinates": [-73.98595027519353, 40.74653562137812]}}, {"type": "Feature", "properties": {"unique_key": "29470471", "complaint_type": "Sewer", "descriptor": "Street Flooding (SJ)", "created_date": "2014-12-09T09:35:00.000", "agency": "DEP", "incident_address": null, "borough": "BROOKLYN", "source": "nyc_311_soda_76ig-c548", "hazard": "pluvial_311", "official_identity_verified": true}, "geometry": {"type": "Point", "coordinates": [-73.95978394288561, 40.68290863736154]}}, {"type": "Feature", "properties": {"unique_key": "29470525", "complaint_type": "Sewer", "descriptor": "Street Flooding (SJ)", "created_date": "2014-12-09T15:54:00.000", "agency": "DEP", "incident_address": null, "borough": "QUEENS", "source": "nyc_311_soda_76ig-c548", "hazard": "pluvial_311", "official_identity_verified": true}, "geometry": {"type": "Point", "coordinates": [-73.9427654728235, 40.74636031754802]}}, {"type": "Feature", "properties": {"unique_key": "29471750", "complaint_type": "Sewer", "descriptor": "Street Flooding (SJ)", "created_date": "2014-12-09T09:51:00.000", "agency": "DEP", "incident_address": null, "borough": "MANHATTAN", "source": "nyc_311_soda_76ig-c548", "hazard": "pluvial_311", "official_identity_verified": true}, "geometry": {"type": "Point", "coordinates": [-73.9675888307687, 40.75189515597686]}}, {"type": "Feature", "properties": {"unique_key": "29471839", "complaint_type": "Sewer", "descriptor": "Street Flooding (SJ)", "created_date": "2014-12-09T14:38:00.000", "agency": "DEP", "incident_address": "927 COLUMBUS AVENUE", "borough": "MANHATTAN", "source": "nyc_311_soda_76ig-c548", "hazard": "pluvial_311", "official_identity_verified": true}, "geometry": {"type": "Point", "coordinates": [-73.96312704638417, 40.7988699978297]}}, {"type": "Feature", "properties": {"unique_key": "29484657", "complaint_type": "Sewer", "descriptor": "Street Flooding (SJ)", "created_date": "2014-12-11T16:08:00.000", "agency": "DEP", "incident_address": "662 8 AVENUE", "borough": "MANHATTAN", "source": "nyc_311_soda_76ig-c548", "hazard": "pluvial_311", "official_identity_verified": true}, "geometry": {"type": "Point", "coordinates": [-73.9896694428358, 40.75738051009254]}}, {"type": "Feature", "properties": {"unique_key": "29495338", "complaint_type": "Sewer", "descriptor": "Street Flooding (SJ)", "created_date": "2014-12-14T08:25:00.000", "agency": "DEP", "incident_address": "252 WALLABOUT STREET", "borough": "BROOKLYN", "source": "nyc_311_soda_76ig-c548", "hazard": "pluvial_311", "official_identity_verified": true}, "geometry": {"type": "Point", "coordinates": [-73.95296811924081, 40.70019535745603]}}, {"type": "Feature", "properties": {"unique_key": "29526137", "complaint_type": "Sewer", "descriptor": "Street Flooding (SJ)", "created_date": "2014-12-17T09:17:00.000", "agency": "DEP", "incident_address": null, "borough": "MANHATTAN", "source": "nyc_311_soda_76ig-c548", "hazard": "pluvial_311", "official_identity_verified": true}, "geometry": {"type": "Point", "coordinates": [-73.97350434354797, 40.752064098136685]}}, {"type": "Feature", "properties": {"unique_key": "29570702", "complaint_type": "Sewer", "descriptor": "Street Flooding (SJ)", "created_date": "2014-12-24T12:37:00.000", "agency": "DEP", "incident_address": "77 2 AVENUE", "borough": "MANHATTAN", "source": "nyc_311_soda_76ig-c548", "hazard": "pluvial_311", "official_identity_verified": true}, "geometry": {"type": "Point", "coordinates": [-73.9892160306798, 40.7264855533407]}}, {"type": "Feature", "properties": {"unique_key": "29570704", "complaint_type": "Sewer", "descriptor": "Street Flooding (SJ)", "created_date": "2014-12-24T14:17:00.000", "agency": "DEP", "incident_address": null, "borough": "MANHATTAN", "source": "nyc_311_soda_76ig-c548", "hazard": "pluvial_311", "official_identity_verified": true}, "geometry": {"type": "Point", "coordinates": [-73.9675888307687, 40.75189515597686]}}, {"type": "Feature", "properties": {"unique_key": "29571360", "complaint_type": "Sewer", "descriptor": "Street Flooding (SJ)", "created_date": "2014-12-24T11:52:00.000", "agency": "DEP", "incident_address": null, "borough": "MANHATTAN", "source": "nyc_311_soda_76ig-c548", "hazard": "pluvial_311", "official_identity_verified": true}, "geometry": {"type": "Point", "coordinates": [-73.95601507606814, 40.772021264888394]}}, {"type": "Feature", "properties": {"unique_key": "29572763", "complaint_type": "Sewer", "descriptor": "Street Flooding (SJ)", "created_date": "2014-12-24T12:29:00.000", "agency": "DEP", "incident_address": "323 EAST   47 STREET", "borough": "MANHATTAN", "source": "nyc_311_soda_76ig-c548", "hazard": "pluvial_311", "official_identity_verified": true}, "geometry": {"type": "Point", "coordinates": [-73.96920901102706, 40.752713535051626]}}, {"type": "Feature", "properties": {"unique_key": "29580447", "complaint_type": "Sewer", "descriptor": "Street Flooding (SJ)", "created_date": "2014-12-26T12:37:00.000", "agency": "DEP", "incident_address": "74 7 AVENUE", "borough": "MANHATTAN", "source": "nyc_311_soda_76ig-c548", "hazard": "pluvial_311", "official_identity_verified": true}, "geometry": {"type": "Point", "coordinates": [-73.9993288066535, 40.73906252074122]}}, {"type": "Feature", "properties": {"unique_key": "33179507", "complaint_type": "Sewer", "descriptor": "Street Flooding (SJ)", "created_date": "2013-10-20T19:57:00.000", "agency": "DEP", "incident_address": "77A BAXTER STREET", "borough": "MANHATTAN", "source": "nyc_311_soda_76ig-c548", "hazard": "pluvial_311", "official_identity_verified": true}, "geometry": {"type": "Point", "coordinates": [-73.99980159533058, 40.71673667590109]}}]}