h3_index,elevation_m,slope_deg,dem_d8_accum_proxy,impervious_frac,building_density,building_area_fraction,dist_mapped_water_m,rainfall_mm_h,land_cover_urban,flow_accum_proxy,dist_stream_m,lon,lat,h3_resolution,feature_source,evidence_score,evidence_positive,flood_risk,flood_class,label_source
89099938003ffff,87.37150491435617,9.87372574274136,3.0386808846383375,0.6468006689785051,133.38890165007504,0.37340033448925253,644.9150510062068,30.0,1.0,3.0386808846383375,644.9150510062068,10.755581482460203,59.9293025704907,9,synthetic,0.40312556217907386,0,0.40312556217907386,0,synthetic
89099938007ffff,91.88809044706079,10.539213572647055,3.623122042849316,0.6856207923896707,148.99926588850062,0.3928103961948353,689.2809063332531,30.0,1.0,3.623122042849316,689.2809063332531,10.75809276258815,59.931647149148816,9,synthetic,0.33389333729667053,0,0.33389333729667053,0,synthetic
8909993800bffff,80.4413849236357,11.69320774413329,5.399191456481911,0.752937119059701,178.10988269509414,0.42646855952985047,766.2138510990021,30.0,1.0,5.399191456481911,766.2138510990021,10.758732628327515,59.927399553460425,9,synthetic,0.46896525288286367,0,0.46896525288286367,0,synthetic
8909993800fffff,84.95797045634035,12.358695574038986,8.883490711932321,0.7917572424708667,196.07466412813406,0.4458786212354333,810.5797064260486,30.0,1.0,8.883490711932321,810.5797064260486,10.76124399039919,59.929744171643534,9,synthetic,0.47741553020729033,0,0.47741553020729033,0,synthetic
89099938013ffff,48.50065129753233,4.0400977002177845,0.6991380507723453,0.30650569983129655,33.40962046180846,0.2032528499156483,256.00651483796844,30.0,0.0,0.6991380507723453,256.00651483796844,10.749919197544372,59.92886073231402,9,synthetic,0.36958460549625327,0,0.36958460549625327,0,synthetic
89099938017ffff,53.01723683023697,4.70558553012348,0.8629985338648754,0.34532582324246214,41.47124601538065,0.22266291162123109,300.3723701650148,30.0,0.0,0.8629985338648754,300.3723701650148,10.752430140591695,59.93120541241272,9,synthetic,0.3881375574638217,0,0.3881375574638217,0,synthetic
8909993801bffff,41.57053130681186,5.859579701609714,1.183462782388095,0.4126421499124925,57.49191578924196,0.25632107495624623,377.3053149307637,30.0,0.0,1.183462782388095,377.3053149307637,10.753070457427185,59.92695785086239,9,synthetic,0.48456613568290463,0,0.48456613568290463,0,synthetic
89099938023ffff,89.62979768070849,10.206469657694209,3.3096287751233557,0.6662107306840879,141.08644077059796,0.3831053653420439,667.09797866973,30.0,1.0,3.3096287751233557,667.09797866973,10.766267479908873,59.93443298504245,9,synthetic,0.3710359385833687,0,0.3710359385833687,0,synthetic
89099938027ffff,74.14638321341313,10.871957487599904,3.9950565454260567,0.7050308540952535,157.127377003783,0.4025154270476267,711.4638339967764,30.0,1.0,3.9950565454260567,711.4638339967764,10.768779607405246,59.93677718023799,9,synthetic,0.4341830735405802,0,0.4341830735405802,0,synthetic
8909993802bffff,82.69967768998801,12.025951659086138,6.462705278025063,0.7723471807652837,186.98463041292422,0.43617359038264186,788.3967787625253,30.0,1.0,6.462705278025063,788.3967787625253,10.76941867547959,59.93252991146689,9,synthetic,0.3882197401619802,0,0.3882197401619802,0,synthetic
8909993802fffff,7.216263222692657,0.6914394889918339,0.03216382955801622,0.11116730417644946,5.913062104951247,0.10558365208822473,32.76263408957172,30.0,0.0,0.03216382955801622,32.76263408957172,10.771930884854324,59.93487414617202,9,synthetic,0.6326193698646698,1,0.6326193698646698,1,synthetic
89099938033ffff,50.75894406388465,4.372841615170633,0.7793906203483225,0.3259157615368794,37.332790239904696,0.2129578807684397,278.1894425014916,30.0,0.0,0.7793906203483225,278.1894425014916,10.760604297840118,59.93399158682658,9,synthetic,0.49903798843991287,0,0.49903798843991287,0,synthetic
89099938037ffff,35.27552959658929,5.038329445076329,0.9502546528290937,0.364735884948045,45.824987788236356,0.23236794247402248,322.555297828538,30.0,0.0,0.9502546528290937,322.555297828538,10.763116088245333,59.93633588351394,9,synthetic,0.4997323232224225,0,0.4997323232224225,0,synthetic
8909993803bffff,43.82882407316418,6.192323616562562,1.2862785709027134,0.4320522116180753,62.59229416464535,0.2660261058090376,399.48824259428693,30.0,0.0,1.2862785709027134,399.48824259428693,10.763755607583255,59.93208864884092,9,synthetic,0.5280190860513851,0,0.5280190860513851,0,synthetic
89099938043ffff,91.88809044706079,10.539213572647055,3.623122042849316,0.6856207923896707,148.99926588850062,0.3928103961948353,689.2809063332531,30.0,1.0,3.623122042849316,689.2809063332531,10.75937238927895,59.92315156263371,9,synthetic,0.4092680097212976,0,0.4092680097212976,0,synthetic
89099938047ffff,76.40467597976546,11.204701402552752,4.452330816700005,0.7244409158008362,165.47077411644514,0.4122204579004181,733.6467616602996,30.0,1.0,4.452330816700005,733.6467616602996,10.761883578192776,59.925496361323695,9,synthetic,0.39127521147768396,0,0.39127521147768396,0,synthetic
8909993804bffff,84.95797045634035,12.358695574038986,8.883490711932321,0.7917572424708667,196.07466412813406,0.4458786212354333,810.5797064260486,30.0,1.0,8.883490711932321,810.5797064260486,10.762523061246377,59.921248155860184,9,synthetic,0.44882483359185454,0,0.44882483359185454,0,synthetic
8909993804fffff,9.474555989044978,1.024183403944682,0.08932946761072652,0.13057736588203225,7.669643132687405,0.11528868294101613,54.94556175309492,30.0,0.0,0.08932946761072652,54.94556175309492,10.765034332055262,59.923592994082234,9,synthetic,0.5328507323194548,0,0.5328507323194548,0,synthetic
89099938053ffff,53.01723683023697,4.70558553012348,0.8629985338648754,0.34532582324246214,41.47124601538065,0.22266291162123109,300.3723701650148,30.0,0.0,0.8629985338648754,300.3723701650148,10.753710669404276,59.92270989417743,9,synthetic,0.4971690478723012,0,0.4971690478723012,0,synthetic
89099938057ffff,37.533822362941606,5.371073360029176,1.0414919377133844,0.3841459466536278,50.394015558471786,0.24207297332681388,344.7382254920612,30.0,0.0,1.0414919377133844,344.7382254920612,10.756221521338954,59.9250547943017,9,synthetic,0.48720486273142494,0,0.48720486273142494,0,synthetic
8909993805bffff,46.0871168395165,6.52506753151541,1.3946677106304064,0.45146227332365807,67.90795853742848,0.275731136661829,421.67117025781016,30.0,1.0,1.3946677106304064,421.67117025781016,10.75686145540729,59.9208066229728,9,synthetic,0.45598293210311547,0,0.45598293210311547,0,synthetic
89099938063ffff,74.14638321341313,10.871957487599904,3.9950565454260567,0.7050308540952535,157.127377003783,0.4025154270476267,711.4638339967764,30.0,1.0,3.9950565454260567,711.4638339967764,10.770057638881225,59.92828224755678,9,synthetic,0.40097665419559764,0,0.40097665419559764,0,synthetic
89099938067ffff,78.66296874611777,11.5374453175056,5.046142114092236,0.7438509775064192,174.02945722648704,0.42192548875320957,755.8296893238229,30.0,1.0,5.046142114092236,755.8296893238229,10.772569674956802,59.93062666278908,9,synthetic,0.49466971916055064,0,0.49466971916055064,0,synthetic
8909993806bffff,7.216263222692657,0.6914394889918339,0.03216382955801622,0.11116730417644946,5.913062104951247,0.10558365208822473,32.76263408957172,30.0,0.0,0.03216382955801622,32.76263408957172,10.773208360434582,59.92637878426183,9,synthetic,0.5809229970180884,1,0.5809229970180884,1,synthetic
8909993806fffff,11.732848755397297,1.35692731889753,0.1481772593328154,0.14998742758761507,9.641510157803298,0.12499371379380754,77.12848941661812,30.0,0.0,0.1481772593328154,77.12848941661812,10.775720478339727,59.92872323901076,9,synthetic,0.5516099768910775,1,0.5516099768910775,1,synthetic
89099938073ffff,35.27552959658929,5.038329445076329,0.9502546528290937,0.364735884948045,45.824987788236356,0.23236794247402248,322.555297828538,30.0,0.0,0.9502546528290937,322.555297828538,10.76439502217805,59.92784101903262,9,synthetic,0.47882411081995024,0,0.47882411081995024,0,synthetic
89099938077ffff,39.792115129293926,5.703817274982025,1.137091120039691,0.40355600835921057,55.178329326086946,0.2517780041796053,366.9211531555844,30.0,0.0,1.137091120039691,366.9211531555844,10.766906721263886,59.9301855357504,9,synthetic,0.5096731018937329,0,0.5096731018937329,0,synthetic
8909993807bffff,48.34540960586882,6.857811446468258,1.509269238261351,0.47087233502924086,73.43890890759131,0.2854361675146204,443.8540979213333,30.0,1.0,1.509269238261351,443.8540979213333,10.767545857923775,59.92593769131781,9,synthetic,0.4771533924749294,0,0.4771533924749294,0,synthetic
89099938083ffff,76.40467597976546,11.204701402552752,4.452330816700005,0.7244409158008362,165.47077411644514,0.4122204579004181,733.6467616602996,30.0,1.0,4.452330816700005,733.6467616602996,10.741105565984618,59.93032122789739,9,synthetic,0.4548764652016453,0,0.4548764652016453,0,synthetic
89099938087ffff,80.9212615124701,11.870189232458449,5.894485064716849,0.763261039212002,182.80342633390862,0.43163051960600096,778.0126169873461,30.0,1.0,5.894485064716849,778.0126169873461,10.743616089868938,59.93266596988317,9,synthetic,0.45447263438119834,0,0.45447263438119834,0,synthetic
8909993808bffff,9.474555989044978,1.024183403944682,0.08932946761072652,0.13057736588203225,7.669643132687405,0.11528868294101613,54.94556175309492,30.0,0.0,0.08932946761072652,54.94556175309492,10.744257135749105,59.928418657135666,9,synthetic,0.6878772424044278,1,0.6878772424044278,1,synthetic
8909993808fffff,13.991141521749618,1.6896712338503783,0.20880921193286936,0.16939748929319787,11.828663180298921,0.13469874464659892,99.31141708014134,30.0,0.0,0.20880921193286936,99.31141708014134,10.746767741691404,59.93076343865485,9,synthetic,0.5450232372172822,0,0.5450232372172822,0,synthetic
89099938093ffff,37.533822362941606,5.371073360029176,1.0414919377133844,0.3841459466536278,50.394015558471786,0.24207297332681388,344.7382254920612,30.0,0.0,1.0414919377133844,344.7382254920612,10.735443613568771,59.92987878016251,9,synthetic,0.4640890218271607,0,0.4640890218271607,0,synthetic
89099938097ffff,42.05040789564625,6.036561189934873,1.237490301904912,0.42296607006479336,60.177929091081836,0.26148303503239667,389.10408081910765,30.0,0.0,1.237490301904912,389.10408081910765,10.737953800281758,59.93222362354399,9,synthetic,0.43581160493795124,0,0.43581160493795124,0,synthetic
8909993809bffff,50.60370237222114,7.190555361421106,1.630838817789088,0.49028239673482366,79.1851452751339,0.2951411983674118,466.03702558485656,30.0,1.0,1.630838817789088,466.03702558485656,10.738595297171742,59.92797634497789,9,synthetic,0.483421413760799,0,0.483421413760799,0,synthetic
890999380a3ffff,82.69967768998801,12.025951659086138,6.462705278025063,0.7723471807652837,186.98463041292422,0.43617359038264186,788.3967787625253,30.0,1.0,6.462705278025063,788.3967787625253,10.751789718872256,59.935452578835324,9,synthetic,0.4873205511767038,0,0.4873205511767038,0,synthetic
890999380a7ffff,7.216263222692657,0.6914394889918339,0.03216382955801622,0.11116730417644946,5.913062104951247,0.10558365208822473,32.76263408957172,30.0,0.0,0.03216382955801622,32.76263408957172,10.754301090169356,59.93779693747639,9,synthetic,0.5829520982387847,1,0.5829520982387847,1,synthetic
890999380abffff,15.769557699267548,1.8454336604780675,0.2378361715516113,0.17848363084647972,12.92647967194499,0.13924181542323988,109.69557885532062,30.0,0.0,0.2378361715516113,109.69557885532062,10.754941338745558,59.933549951546645,9,synthetic,0.5179663291082578,0,0.5179663291082578,0,synthetic
890999380afffff,20.286143231972186,2.5109214903837636,0.36682860644217424,0.21730375425764534,18.148200929892422,0.15865187712882267,154.061434182367,30.0,0.0,0.36682860644217424,154.061434182367,10.75745279203518,59.93589434970566,9,synthetic,0.5037242983315648,0,0.5037242983315648,0,synthetic
890999380b3ffff,43.82882407316418,6.192323616562562,1.2862785709027134,0.4320522116180753,62.59229416464535,0.2660261058090376,399.48824259428693,30.0,0.0,1.2862785709027134,399.48824259428693,10.74612686885402,59.935010570925115,9,synthetic,0.5041866650942186,0,0.5041866650942186,0,synthetic
890999380b7ffff,48.34540960586882,6.857811446468258,1.509269238261351,0.47087233502924086,73.43890890759131,0.2854361675146204,443.8540979213333,30.0,1.0,1.509269238261351,443.8540979213333,10.748637902969033,59.93735503101309,9,synthetic,0.49604389781689756,0,0.49604389781689756,0,synthetic
890999380bbffff,56.89870408244371,8.01180561795449,1.9669123444861696,0.538188661699271,94.28891010986496,0.3190943308496355,520.7870426870822,30.0,1.0,1.9669123444861696,520.7870426870822,10.749278602722688,59.933108079224766,9,synthetic,0.46705562649836935,0,0.46705562649836935,0,synthetic
890999380c3ffff,84.95797045634035,12.358695574038986,8.883490711932321,0.7917572424708667,196.07466412813406,0.4458786212354333,810.5797064260486,30.0,1.0,8.883490711932321,810.5797064260486,10.744898076652486,59.92417094926267,9,synthetic,0.3971118090232949,0,0.3971118090232949,0,synthetic
890999380c7ffff,9.474555989044978,1.024183403944682,0.08932946761072652,0.13057736588203225,7.669643132687405,0.11528868294101613,54.94556175309492,30.0,0.0,0.08932946761072652,54.94556175309492,10.747408509574395,59.926515911260616,9,synthetic,0.5924029285142407,1,0.5924029285142407,1,synthetic
890999380cbffff,18.027850465619867,2.178177575430915,0.30129262867678214,0.19789369255206252,15.429697302228838,0.14894684627603128,131.8785065188438,30.0,0.0,0.30129262867678214,131.8785065188438,10.748049172528663,59.92226798873553,9,synthetic,0.558252489293816,1,0.558252489293816,1,synthetic
890999380cfffff,22.54443599832451,2.843665405336612,0.4345850313892928,0.23671381596322816,21.08199055493574,0.16835690798161407,176.24436184589024,30.0,0.0,0.4345850313892928,176.24436184589024,10.750559687459708,59.924612990273964,9,synthetic,0.5484990636308765,0,0.5484990636308765,0,synthetic
890999380d3ffff,46.0871168395165,6.52506753151541,1.3946677106304064,0.45146227332365807,67.90795853742848,0.275731136661829,421.67117025781016,30.0,1.0,1.3946677106304064,421.67117025781016,10.739236689014625,59.92372867128998,9,synthetic,0.508797489177788,0,0.508797489177788,0,synthetic
890999380d7ffff,50.60370237222114,7.190555361421106,1.630838817789088,0.49028239673482366,79.1851452751339,0.2951411983674118,466.03702558485656,30.0,1.0,1.630838817789088,466.03702558485656,10.741746784866603,59.92607373467736,9,synthetic,0.46380222007075833,0,0.46380222007075833,0,synthetic
890999380dbffff,59.15699684879603,8.34454953290734,2.1209716260715266,0.557598723404854,100.78178307995525,0.32879936170242696,542.9699703506054,30.0,1.0,2.1209716260715266,542.9699703506054,10.742387898749463,59.92182584633022,9,synthetic,0.4723200847857268,0,0.4723200847857268,0,synthetic
89099938103ffff,48.50065129753233,4.0400977002177845,0.6991380507723453,0.30650569983129655,33.40962046180846,0.2032528499156483,256.00651483796844,30.0,0.0,0.6991380507723453,256.00651483796844,10.773165801983836,59.9457116601571,9,synthetic,0.47051531840338967,0,0.47051531840338967,0,synthetic
89099938107ffff,53.01723683023697,4.70558553012348,0.8629985338648754,0.34532582324246214,41.47124601538065,0.22266291162123109,300.3723701650148,30.0,0.0,0.8629985338648754,300.3723701650148,10.775678868594007,59.948055251740804,9,synthetic,0.4677025027414368,0,0.4677025027414368,0,synthetic
8909993810bffff,41.57053130681186,5.859579701609714,1.183462782388095,0.4126421499124925,57.49191578924196,0.25632107495624623,377.3053149307637,30.0,0.0,1.183462782388095,377.3053149307637,10.776317521211338,59.943808919687974,9,synthetic,0.5097385268164674,0,0.5097385268164674,0,synthetic
8909993810fffff,46.0871168395165,6.52506753151541,1.3946677106304064,0.45146227332365807,67.90795853742848,0.275731136661829,421.67117025781016,30.0,1.0,1.3946677106304064,421.67117025781016,10.778830669683133,59.946152550758725,9,synthetic,0.39236825928759517,0,0.39236825928759517,0,synthetic
89099938113ffff,89.62979768070849,10.206469657694209,3.3096287751233557,0.6662107306840879,141.08644077059796,0.3831053653420439,667.09797866973,30.0,1.0,3.3096287751233557,667.09797866973,10.767501157136255,59.945270532390715,9,synthetic,0.37086450738268273,0,0.37086450738268273,0,synthetic
89099938117ffff,74.14638321341313,10.871957487599904,3.9950565454260567,0.7050308540952535,157.127377003783,0.4025154270476267,711.4638339967764,30.0,1.0,3.9950565454260567,711.4638339967764,10.770013886543323,59.94761422552371,9,synthetic,0.4115044987011549,0,0.4115044987011549,0,synthetic
8909993811bffff,82.69967768998801,12.025951659086138,6.462705278025063,0.7723471807652837,186.98463041292422,0.43617359038264186,788.3967787625253,30.0,1.0,6.462705278025063,788.3967787625253,10.770652990673147,59.94336792753246,9,synthetic,0.3989280441284921,0,0.3989280441284921,0,synthetic
89099938123ffff,50.75894406388465,4.372841615170633,0.7793906203483225,0.3259157615368794,37.332790239904696,0.2129578807684397,278.1894425014916,30.0,0.0,0.7793906203483225,278.1894425014916,10.783857732606704,59.95083938972076,9,synthetic,0.4463912791071313,0,0.4463912791071313,0,synthetic
89099938127ffff,35.27552959658929,5.038329445076329,0.9502546528290937,0.364735884948045,45.824987788236356,0.23236794247402248,322.555297828538,30.0,0.0,0.9502546528290937,322.555297828538,10.786371647116976,59.95318259759187,9,synthetic,0.5711778539060816,1,0.5711778539060816,1,synthetic
8909993812bffff,43.82882407316418,6.192323616562562,1.2862785709027134,0.4320522116180753,62.59229416464535,0.2660261058090376,399.48824259428693,30.0,0.0,1.2862785709027134,399.48824259428693,10.787009501079185,59.94893659259823,9,synthetic,0.42836546991832136,0,0.42836546991832136,0,synthetic
8909993812fffff,48.34540960586882,6.857811446468258,1.509269238261351,0.47087233502924086,73.43890890759131,0.2854361675146204,443.8540979213333,30.0,1.0,1.509269238261351,443.8540979213333,10.789523497385472,59.951279839940895,9,synthetic,0.5072951069862994,0,0.5072951069862994,0,synthetic
89099938133ffff,91.88809044706079,10.539213572647055,3.623122042849316,0.6856207923896707,148.99926588850062,0.3928103961948353,689.2809063332531,30.0,1.0,3.623122042849316,689.2809063332531,10.778192190532886,59.95039870227349,9,synthetic,0.3017490540279051,0,0.3017490540279051,0,synthetic
89099938137ffff,76.40467597976546,11.204701402552752,4.452330816700005,0.7244409158008362,165.47077411644514,0.4122204579004181,733.6467616602996,30.0,1.0,4.452330816700005,733.6467616602996,10.780705767829625,59.95274201174505,9,synthetic,0.41749558312255713,0,0.41749558312255713,0,synthetic
8909993813bffff,84.95797045634035,12.358695574038986,8.883490711932321,0.7917572424708667,196.07466412813406,0.4458786212354333,810.5797064260486,30.0,1.0,8.883490711932321,810.5797064260486,10.781344073471836,59.94849604077301,9,synthetic,0.4385249476429799,0,0.4385249476429799,0,synthetic
89099938143ffff,53.01723683023697,4.70558553012348,0.8629985338648754,0.34532582324246214,41.47124601538065,0.22266291162123109,300.3723701650148,30.0,0.0,0.8629985338648754,300.3723701650148,10.776956069197853,59.93956219250775,9,synthetic,0.48255764937490153,0,0.48255764937490153,0,synthetic
89099938147ffff,37.533822362941606,5.371073360029176,1.0414919377133844,0.3841459466536278,50.394015558471786,0.24207297332681388,344.7382254920612,30.0,0.0,1.0414919377133844,344.7382254920612,10.779469044225038,59.941906004118145,9,synthetic,0.5252624872703803,0,0.5252624872703803,0,synthetic
8909993814bffff,46.0871168395165,6.52506753151541,1.3946677106304064,0.45146227332365807,67.90795853742848,0.275731136661829,421.67117025781016,30.0,1.0,1.3946677106304064,421.67117025781016,10.780107314184109,59.93765906234482,9,synthetic,0.5048934120403747,0,0.5048934120403747,0,synthetic
8909993814fffff,50.60370237222114,7.190555361421106,1.630838817789088,0.49028239673482366,79.1851452751339,0.2951411983674118,466.03702558485656,30.0,1.0,1.630838817789088,466.03702558485656,10.782620371024175,59.94000291344932,9,synthetic,0.4351861890196023,0,0.4351861890196023,0,synthetic
89099938153ffff,74.14638321341313,10.871957487599904,3.9950565454260567,0.7050308540952535,157.127377003783,0.4025154270476267,711.4638339967764,30.0,1.0,3.9950565454260567,711.4638339967764,10.771291990101608,59.93912123441751,9,synthetic,0.41190554178256633,0,0.41190554178256633,0,synthetic
89099938157ffff,78.66296874611777,11.5374453175056,5.046142114092236,0.7438509775064192,174.02945722648704,0.42192548875320957,755.8296893238229,30.0,1.0,5.046142114092236,755.8296893238229,10.773804628027284,59.94146514757088,9,synthetic,0.4764414462897068,0,0.4764414462897068,0,synthetic
8909993815bffff,7.216263222692657,0.6914394889918339,0.03216382955801622,0.11116730417644946,5.913062104951247,0.10558365208822473,32.76263408957172,30.0,0.0,0.03216382955801622,32.76263408957172,10.774443349417348,59.93721823985568,9,synthetic,0.5790842548774476,1,0.5790842548774476,1,synthetic
89099938163ffff,35.27552959658929,5.038329445076329,0.9502546528290937,0.364735884948045,45.824987788236356,0.23236794247402248,322.555297828538,30.0,0.0,0.9502546528290937,322.555297828538,10.787647250526012,59.94469019247659,9,synthetic,0.4326464721774656,0,0.4326464721774656,0,synthetic
89099938167ffff,39.792115129293926,5.703817274982025,1.137091120039691,0.40355600835921057,55.178329326086946,0.2517780041796053,366.9211531555844,30.0,0.0,1.137091120039691,366.9211531555844,10.790161073246248,59.94703362037919,9,synthetic,0.42639328191589143,0,0.42639328191589143,0,synthetic
8909993816bffff,48.34540960586882,6.857811446468258,1.509269238261351,0.47087233502924086,73.43890890759131,0.2854361675146204,443.8540979213333,30.0,1.0,1.509269238261351,443.8540979213333,10.790798544639694,59.942787005684146,9,synthetic,0.4129085749566449,0,0.4129085749566449,0,synthetic
8909993816fffff,52.861995138573455,7.523299276373955,1.760278969447684,0.5096924584404064,85.14666764005622,0.3048462292202032,488.21995324837974,30.0,1.0,1.760278969447684,488.21995324837974,10.79331244910723,59.945130473065404,9,synthetic,0.47130784760896316,0,0.47130784760896316,0,synthetic
89099938173ffff,76.40467597976546,11.204701402552752,4.452330816700005,0.7244409158008362,165.47077411644514,0.4122204579004181,733.6467616602996,30.0,1.0,4.452330816700005,733.6467616602996,10.781982274528167,59.94424967467675,9,synthetic,0.44136112142537415,0,0.44136112142537415,0,synthetic
89099938177ffff,80.9212615124701,11.870189232458449,5.894485064716849,0.763261039212002,182.80342633390862,0.43163051960600096,778.0126169873461,30.0,1.0,5.894485064716849,778.0126169873461,10.7844957601365,59.94659320417347,9,synthetic,0.4674558519341926,0,0.4674558519341926,0,synthetic
8909993817bffff,9.474555989044978,1.024183403944682,0.08932946761072652,0.13057736588203225,7.669643132687405,0.11528868294101613,54.94556175309492,30.0,0.0,0.08932946761072652,54.94556175309492,10.785133683128374,59.942346623496604,9,synthetic,0.559432230044078,1,0.559432230044078,1,synthetic
89099938183ffff,37.533822362941606,5.371073360029176,1.0414919377133844,0.3841459466536278,50.394015558471786,0.24207297332681388,344.7382254920612,30.0,0.0,1.0414919377133844,344.7382254920612,10.758684591313605,59.94673146162357,9,synthetic,0.4976281428345733,0,0.4976281428345733,0,synthetic
89099938187ffff,42.05040789564625,6.036561189934873,1.237490301904912,0.42296607006479336,60.177929091081836,0.26148303503239667,389.10408081910765,30.0,0.0,1.237490301904912,389.10408081910765,10.761196901517103,59.94907521679033,9,synthetic,0.5077797610487119,0,0.5077797610487119,0,synthetic
8909993818bffff,50.60370237222114,7.190555361421106,1.630838817789088,0.49028239673482366,79.1851452751339,0.2951411983674118,466.03702558485656,30.0,1.0,1.630838817789088,466.03702558485656,10.76183673523787,59.94482916748177,9,synthetic,0.4371551156460123,0,0.4371551156460123,0,synthetic
8909993818fffff,55.120287904925775,7.856043191326801,1.8986797753136855,0.5291025201459892,91.32347600235826,0.3145512600729946,510.4028809119029,30.0,1.0,1.8986797753136855,510.4028809119029,10.764349127417294,59.947172962143924,9,synthetic,0.4652826306397288,0,0.4652826306397288,0,synthetic
89099938193ffff,78.66296874611777,11.5374453175056,5.046142114092236,0.7438509775064192,174.02945722648704,0.42192548875320957,755.8296893238229,30.0,1.0,5.046142114092236,755.8296893238229,10.75302027832977,59.94628972398485,9,synthetic,0.40044635517351657,0,0.40044635517351657,0,synthetic
89099938197ffff,83.17955427882241,12.202933147411297,7.3974094824323,0.7826711009175847,191.79268143870993,0.44133555045879236,800.1955446508692,30.0,1.0,7.3974094824323,800.1955446508692,10.755532251239154,59.94863358065601,9,synthetic,0.41425393830545765,0,0.41425393830545765,0,synthetic
8909993819bffff,11.732848755397297,1.35692731889753,0.1481772593328154,0.14998742758761507,9.641510157803298,0.12499371379380754,77.12848941661812,30.0,0.0,0.1481772593328154,77.12848941661812,10.756172536386291,59.944387565452374,9,synthetic,0.5539394732993165,1,0.5539394732993165,1,synthetic
890999381a3ffff,43.82882407316418,6.192323616562562,1.2862785709027134,0.4320522116180753,62.59229416464535,0.2660261058090376,399.48824259428693,30.0,0.0,1.2862785709027134,399.48824259428693,10.769374677686493,59.951860128398245,9,synthetic,0.41186504342353153,0,0.41186504342353153,0,synthetic
890999381a7ffff,48.34540960586882,6.857811446468258,1.509269238261351,0.47087233502924086,73.43890890759131,0.2854361675146204,443.8540979213333,30.0,1.0,1.509269238261351,443.8540979213333,10.771887835834791,59.9542034999702,9,synthetic,0.48322981329600456,0,0.48322981329600456,0,synthetic
890999381abffff,56.89870408244371,8.01180561795449,1.9669123444861696,0.538188661699271,94.28891010986496,0.3190943308496355,520.7870426870822,30.0,1.0,1.9669123444861696,520.7870426870822,10.772526871261533,59.94995777762122,9,synthetic,0.4164277960729734,0,0.4164277960729734,0,synthetic
890999381afffff,61.415289615148346,8.677293447860187,2.2878959160231704,0.5770087851104367,107.48994204742525,0.33850439255521836,565.1528980141286,30.0,1.0,2.2878959160231704,565.1528980141286,10.77504011132024,59.95230118867314,9,synthetic,0.4375617205164909,0,0.4375617205164909,0,synthetic
890999381b3ffff,84.95797045634035,12.358695574038986,8.883490711932321,0.7917572424708667,196.07466412813406,0.4458786212354333,810.5797064260486,30.0,1.0,8.883490711932321,810.5797064260486,10.76370946702604,59.95141883094252,9,synthetic,0.454424627333025,0,0.454424627333025,0,synthetic
890999381b7ffff,9.474555989044978,1.024183403944682,0.08932946761072652,0.13057736588203225,7.669643132687405,0.11528868294101613,54.94556175309492,30.0,0.0,0.08932946761072652,54.94556175309492,10.766222287869661,59.953762304070096,9,synthetic,0.603121421162402,1,0.603121421162402,1,synthetic
890999381bbffff,18.027850465619867,2.178177575430915,0.30129262867678214,0.19789369255206252,15.429697302228838,0.14894684627603128,131.8785065188438,30.0,0.0,0.30129262867678214,131.8785065188438,10.766861774890435,59.9495166157861,9,synthetic,0.5856874542854189,1,0.5856874542854189,1,synthetic
890999381c3ffff,46.0871168395165,6.52506753151541,1.3946677106304064,0.45146227332365807,67.90795853742848,0.275731136661829,421.67117025781016,30.0,1.0,1.3946677106304064,421.67117025781016,10.76247646413875,59.9405827230586,9,synthetic,0.4603017760549073,0,0.4603017760549073,0,synthetic
890999381c7ffff,50.60370237222114,7.190555361421106,1.630838817789088,0.49028239673482366,79.1851452751339,0.2951411983674118,466.03702558485656,30.0,1.0,1.630838817789088,466.03702558485656,10.764988683011138,59.94292669823231,9,synthetic,0.43145752702981655,0,0.43145752702981655,0,synthetic
890999381cbffff,59.15699684879603,8.34454953290734,2.1209716260715266,0.557598723404854,100.78178307995525,0.32879936170242696,542.9699703506054,30.0,1.0,2.1209716260715266,542.9699703506054,10.765628133833106,59.93868003920077,9,synthetic,0.4343884960868121,0,0.4343884960868121,0,synthetic
890999381cfffff,63.673582381500665,9.010037362813037,2.4700312418184063,0.5964188468160195,114.413387012275,0.34820942340800976,587.3358256776519,30.0,1.0,2.4700312418184063,587.3358256776519,10.768140434632626,59.94102405387697,9,synthetic,0.3512190152291313,0,0.3512190152291313,0,synthetic
890999381d3ffff,7.216263222692657,0.6914394889918339,0.03216382955801622,0.11116730417644946,5.913062104951247,0.10558365208822473,32.76263408957172,30.0,0.0,0.03216382955801622,32.76263408957172,10.756812716643118,59.94014115513789,9,synthetic,0.5162938475003741,0,0.5162938475003741,0,synthetic
890999381d7ffff,11.732848755397297,1.35692731889753,0.1481772593328154,0.14998742758761507,9.641510157803298,0.12499371379380754,77.12848941661812,30.0,0.0,0.1481772593328154,77.12848941661812,10.759324598322907,59.94248523180972,9,synthetic,0.5068913873815127,0,0.5068913873815127,0,synthetic
890999381dbffff,20.286143231972186,2.5109214903837636,0.36682860644217424,0.21730375425764534,18.148200929892422,0.15865187712882267,154.061434182367,30.0,0.0,0.36682860644217424,154.061434182367,10.75996450048984,59.93823860687967,9,synthetic,0.49508601773605276,0,0.49508601773605276,0,synthetic
89099938203ffff,89.62979768070849,10.206469657694209,3.3096287751233557,0.6662107306840879,141.08644077059796,0.3831053653420439,667.09797866973,30.0,1.0,3.3096287751233557,667.09797866973,10.777635387461958,59.915977774104206,9,synthetic,0.4068367795367196,0,0.4068367795367196,0,synthetic
89099938207ffff,74.14638321341313,10.871957487599904,3.9950565454260567,0.7050308540952535,157.127377003783,0.4025154270476267,711.4638339967764,30.0,1.0,3.9950565454260567,711.4638339967764,10.780147240561417,59.91832262945447,9,synthetic,0.3897491786477916,0,0.3897491786477916,0,synthetic
8909993820bffff,82.69967768998801,12.025951659086138,6.462705278025063,0.7723471807652837,186.98463041292422,0.43617359038264186,788.3967787625253,30.0,1.0,6.462705278025063,788.3967787625253,10.78078516129907,59.91407353136546,9,synthetic,0.4119638088386897,0,0.4119638088386897,0,synthetic
8909993820fffff,7.216263222692657,0.6914394889918339,0.03216382955801622,0.11116730417644946,5.913062104951247,0.10558365208822473,32.76263408957172,30.0,0.0,0.03216382955801622,32.76263408957172,10.783297096130719,59.91641842624646,9,synthetic,0.6536108860108317,1,0.6536108860108317,1,synthetic
89099938213ffff,50.75894406388465,4.372841615170633,0.7793906203483225,0.3259157615368794,37.332790239904696,0.2129578807684397,278.1894425014916,30.0,0.0,0.7793906203483225,278.1894425014916,10.771973901305708,59.91553688492392,9,synthetic,0.44233519311539415,0,0.44233519311539415,0,synthetic
89099938217ffff,35.27552959658929,5.038329445076329,0.9502546528290937,0.364735884948045,45.824987788236356,0.23236794247402248,322.555297828538,30.0,0.0,0.9502546528290937,322.555297828538,10.774485417618276,59.91788184174701,9,synthetic,0.533306566767716,0,0.533306566767716,0,synthetic
8909993821bffff,43.82882407316418,6.192323616562562,1.2862785709027134,0.4320522116180753,62.59229416464535,0.2660261058090376,399.48824259428693,30.0,0.0,1.2862785709027134,399.48824259428693,10.775123789375254,59.91363277774577,9,synthetic,0.42497614170248965,0,0.42497614170248965,0,synthetic
89099938223ffff,91.88809044706079,10.539213572647055,3.623122042849316,0.6856207923896707,148.99926588850062,0.3928103961948353,689.2809063332531,30.0,1.0,3.623122042849316,689.2809063332531,10.7883217309137,59.92110779292745,9,synthetic,0.3756206647153138,0,0.3756206647153138,0,synthetic
89099938227ffff,76.40467597976546,11.204701402552752,4.452330816700005,0.7244409158008362,165.47077411644514,0.4122204579004181,733.6467616602996,30.0,1.0,4.452330816700005,733.6467616602996,10.7908344309234,59.92345226470717,9,synthetic,0.38673873187631685,0,0.38673873187631685,0,synthetic
8909993822bffff,84.95797045634035,12.358695574038986,8.883490711932321,0.7917572424708667,196.07466412813406,0.4458786212354333,810.5797064260486,30.0,1.0,8.883490711932321,810.5797064260486,10.791471553814041,59.9192034936729,9,synthetic,0.4134356405927015,0,0.4134356405927015,0,synthetic
8909993822fffff,9.474555989044978,1.024183403944682,0.08932946761072652,0.13057736588203225,7.669643132687405,0.11528868294101613,54.94556175309492,30.0,0.0,0.08932946761072652,54.94556175309492,10.793984335490464,59.92154800496795,9,synthetic,0.6228102692337745,1,0.6228102692337745,1,synthetic
89099938233ffff,53.01723683023697,4.70558553012348,0.8629985338648754,0.34532582324246214,41.47124601538065,0.22266291162123109,300.3723701650148,30.0,0.0,0.8629985338648754,300.3723701650148,10.782659348702817,59.92066734378654,9,synthetic,0.36688051164732016,0,0.36688051164732016,0,synthetic
89099938237ffff,37.533822362941606,5.371073360029176,1.0414919377133844,0.3841459466536278,50.394015558471786,0.24207297332681388,344.7382254920612,30.0,0.0,1.0414919377133844,344.7382254920612,10.785171711915364,59.92301191709026,9,synthetic,0.5114223404580305,0,0.5114223404580305,0,synthetic
8909993823bffff,46.0871168395165,6.52506753151541,1.3946677106304064,0.45146227332365807,67.90795853742848,0.275731136661829,421.67117025781016,30.0,1.0,1.3946677106304064,421.67117025781016,10.785809285992508,59.91876318010382,9,synthetic,0.47711283039699237,0,0.47711283039699237,0,synthetic
89099938243ffff,74.14638321341313,10.871957487599904,3.9950565454260567,0.7050308540952535,157.127377003783,0.4025154270476267,711.4638339967764,30.0,1.0,3.9950565454260567,711.4638339967764,10.781422977584576,59.90982403810103,9,synthetic,0.40531563363095496,0,0.40531563363095496,0,synthetic
89099938247ffff,78.66296874611777,11.5374453175056,5.046142114092236,0.7438509775064192,174.02945722648704,0.42192548875320957,755.8296893238229,30.0,1.0,5.046142114092236,755.8296893238229,10.783934739128881,59.91216911353255,9,synthetic,0.3612397595074264,0,0.3612397595074264,0,synthetic
8909993824bffff,7.216263222692657,0.6914394889918339,0.03216382955801622,0.11116730417644946,5.913062104951247,0.10558365208822473,32.76263408957172,30.0,0.0,0.03216382955801622,32.76263408957172,10.78457227772282,59.90791940563795,9,synthetic,0.5922559465072219,1,0.5922559465072219,1,synthetic
8909993824fffff,11.732848755397297,1.35692731889753,0.1481772593328154,0.14998742758761507,9.641510157803298,0.12499371379380754,77.12848941661812,30.0,0.0,0.1481772593328154,77.12848941661812,10.787084120950581,59.910264520607214,9,synthetic,0.5465517325460427,0,0.5465517325460427,0,synthetic
89099938253ffff,35.27552959658929,5.038329445076329,0.9502546528290937,0.364735884948045,45.824987788236356,0.23236794247402248,322.555297828538,30.0,0.0,0.9502546528290937,322.555297828538,10.775762056609667,59.90938331857292,9,synthetic,0.5080645989120969,0,0.5080645989120969,0,synthetic
89099938257ffff,39.792115129293926,5.703817274982025,1.137091120039691,0.40355600835921057,55.178329326086946,0.2517780041796053,366.9211531555844,30.0,0.0,1.137091120039691,366.9211531555844,10.778273481468469,59.9117284954709,9,synthetic,0.48415024989223765,0,0.48415024989223765,0,synthetic
8909993825bffff,48.34540960586882,6.857811446468258,1.509269238261351,0.47087233502924086,73.43890890759131,0.2854361675146204,443.8540979213333,30.0,1.0,1.509269238261351,443.8540979213333,10.778911471000363,59.90747882166071,9,synthetic,0.5389701338227713,0,0.5389701338227713,0,synthetic
89099938263ffff,76.40467597976546,11.204701402552752,4.452330816700005,0.7244409158008362,165.47077411644514,0.4122204579004181,733.6467616602996,30.0,1.0,4.452330816700005,733.6467616602996,10.792108572367892,59.91495432746258,9,synthetic,0.42227205324819467,0,0.42227205324819467,0,synthetic
89099938267ffff,80.9212615124701,11.870189232458449,5.894485064716849,0.763261039212002,182.80342633390862,0.43163051960600096,778.0126169873461,30.0,1.0,5.894485064716849,778.0126169873461,10.79462118061573,59.91729901932843,9,synthetic,0.3817567095997109,0,0.3817567095997109,0,synthetic
8909993826bffff,9.474555989044978,1.024183403944682,0.08932946761072652,0.13057736588203225,7.669643132687405,0.11528868294101613,54.94556175309492,30.0,0.0,0.08932946761072652,54.94556175309492,10.795257921452151,59.91304963850757,9,synthetic,0.5897586441087205,1,0.5897586441087205,1,synthetic
8909993826fffff,13.991141521749618,1.6896712338503783,0.20880921193286936,0.16939748929319787,11.828663180298921,0.13469874464659892,99.31141708014134,30.0,0.0,0.20880921193286936,99.31141708014134,10.797770611317944,59.91539436989578,9,synthetic,0.5763438222351013,1,0.5763438222351013,1,synthetic
89099938273ffff,37.533822362941606,5.371073360029176,1.0414919377133844,0.3841459466536278,50.394015558471786,0.24207297332681388,344.7382254920612,30.0,0.0,1.0414919377133844,344.7382254920612,10.786446755662427,59.91451404794508,9,synthetic,0.5576605370427594,1,0.5576605370427594,1,synthetic
89099938277ffff,42.05040789564625,6.036561189934873,1.237490301904912,0.42296607006479336,60.177929091081836,0.26148303503239667,389.10408081910765,30.0,0.0,1.237490301904912,389.10408081910765,10.788959027214469,59.91685884132859,9,synthetic,0.518255803646074,0,0.518255803646074,0,synthetic
8909993827bffff,50.60370237222114,7.190555361421106,1.630838817789088,0.49028239673482366,79.1851452751339,0.2951411983674118,466.03702558485656,30.0,1.0,1.630838817789088,466.03702558485656,10.789596219155936,59.91260949455212,9,synthetic,0.4704659955894997,0,0.4704659955894997,0,synthetic
89099938283ffff,78.66296874611777,11.5374453175056,5.046142114092236,0.7438509775064192,174.02945722648704,0.42192548875320957,755.8296893238229,30.0,1.0,5.046142114092236,755.8296893238229,10.763162439585557,59.9169995552462,9,synthetic,0.5067077967878272,0,0.5067077967878272,0,synthetic
89099938287ffff,83.17955427882241,12.202933147411297,7.3974094824323,0.7826711009175847,191.79268143870993,0.44133555045879236,800.1955446508692,30.0,1.0,7.3974094824323,800.1955446508692,10.765673537240504,59.91934457398288,9,synthetic,0.37296847791756865,0,0.37296847791756865,0,synthetic
8909993828bffff,11.732848755397297,1.35692731889753,0.1481772593328154,0.14998742758761507,9.641510157803298,0.12499371379380754,77.12848941661812,30.0,0.0,0.1481772593328154,77.12848941661812,10.766312637759276,59.915095758727766,9,synthetic,0.5410387913617455,0,0.5410387913617455,0,synthetic
8909993828fffff,16.24943428810194,2.0224151488032263,0.2713369022338178,0.18880755099878066,14.231102200174277,0.14440377549939032,121.49434474366454,30.0,0.0,0.2713369022338178,121.49434474366454,10.768823817260497,59.91744081700355,9,synthetic,0.5114189254024685,0,0.5114189254024685,0,synthetic
89099938293ffff,39.792115129293926,5.703817274982025,1.137091120039691,0.40355600835921057,55.178329326086946,0.2517780041796053,366.9211531555844,30.0,0.0,1.137091120039691,366.9211531555844,10.75750128469085,59.91655805649717,9,synthetic,0.46356715245827707,0,0.46356715245827707,0,synthetic
89099938297ffff,44.30870066199857,6.3693051048877205,1.3431970949027967,0.44237613177037616,65.39281485345647,0.27118806588518807,411.2870084826308,30.0,0.0,1.3431970949027967,411.2870084826308,10.760012045467972,59.9189031766618,9,synthetic,0.4011946471057614,0,0.4011946471057614,0,synthetic
8909993829bffff,52.861995138573455,7.523299276373955,1.760278969447684,0.5096924584404064,85.14666764005622,0.3048462292202032,488.21995324837974,30.0,1.0,1.760278969447684,488.21995324837974,10.760651596920217,59.91465439553787,9,synthetic,0.4782073577469952,0,0.4782073577469952,0,synthetic
890999382a3ffff,84.95797045634035,12.358695574038986,8.883490711932321,0.7917572424708667,196.07466412813406,0.4458786212354333,810.5797064260486,30.0,1.0,8.883490711932321,810.5797064260486,10.773846941313204,59.922130510583415,9,synthetic,0.41927615953279096,0,0.41927615953279096,0,synthetic
890999382a7ffff,9.474555989044978,1.024183403944682,0.08932946761072652,0.13057736588203225,7.669643132687405,0.11528868294101613,54.94556175309492,30.0,0.0,0.08932946761072652,54.94556175309492,10.776358885923106,59.9244751458673,9,synthetic,0.5072545476357718,0,0.5072545476357718,0,synthetic
890999382abffff,18.027850465619867,2.178177575430915,0.30129262867678214,0.19789369255206252,15.429697302228838,0.14894684627603128,131.8785065188438,30.0,0.0,0.30129262867678214,131.8785065188438,10.776997188955358,59.920226657567405,9,synthetic,0.5016392447764024,0,0.5016392447764024,0,synthetic
890999382afffff,22.54443599832451,2.843665405336612,0.4345850313892928,0.23671381596322816,21.08199055493574,0.16835690798161407,176.24436184589024,30.0,0.0,0.4345850313892928,176.24436184589024,10.779509215346083,59.922571332374964,9,synthetic,0.5532403261669356,1,0.5532403261669356,1,synthetic
890999382b3ffff,46.0871168395165,6.52506753151541,1.3946677106304064,0.45146227332365807,67.90795853742848,0.275731136661829,421.67117025781016,30.0,1.0,1.3946677106304064,421.67117025781016,10.768184889914169,59.92168945173777,9,synthetic,0.5071323786750975,0,0.5071323786750975,0,synthetic
890999382b7ffff,50.60370237222114,7.190555361421106,1.630838817789088,0.49028239673482366,79.1851452751339,0.2951411983674118,466.03702558485656,30.0,1.0,1.630838817789088,466.03702558485656,10.770696497635793,59.9240341885008,9,synthetic,0.5524589872166136,1,0.5524589872166136,1,synthetic
890999382bbffff,59.15699684879603,8.34454953290734,2.1209716260715266,0.557598723404854,100.78178307995525,0.32879936170242696,542.9699703506054,30.0,1.0,2.1209716260715266,542.9699703506054,10.771335251768722,59.919785734292134,9,synthetic,0.5840675299324986,1,0.5840675299324986,1,synthetic
890999382c3ffff,7.216263222692657,0.6914394889918339,0.03216382955801622,0.11116730417644946,5.913062104951247,0.10558365208822473,32.76263408957172,30.0,0.0,0.03216382955801622,32.76263408957172,10.766951633637238,59.91084654831005,9,synthetic,0.6093699427853283,1,0.6093699427853283,1,synthetic
890999382c7ffff,11.732848755397297,1.35692731889753,0.1481772593328154,0.14998742758761507,9.641510157803298,0.12499371379380754,77.12848941661812,30.0,0.0,0.1481772593328154,77.12848941661812,10.769462639988406,59.91319178710824,9,synthetic,0.5235494619976397,0,0.5235494619976397,0,synthetic
890999382cbffff,20.286143231972186,2.5109214903837636,0.36682860644217424,0.21730375425764534,18.148200929892422,0.15865187712882267,154.061434182367,30.0,0.0,0.36682860644217424,154.061434182367,10.770101358123323,59.90894236204506,9,synthetic,0.4383460450795614,0,0.4383460450795614,0,synthetic
890999382cfffff,24.80272876467683,3.1764093202894594,0.5047176596447688,0.25612387766881095,24.23106617735878,0.17806193883440546,198.4272895094134,30.0,0.0,0.5047176596447688,198.4272895094134,10.772612446272124,59.91128764038937,9,synthetic,0.5436525959888687,0,0.5436525959888687,0,synthetic
890999382d3ffff,48.34540960586882,6.857811446468258,1.509269238261351,0.47087233502924086,73.43890890759131,0.2854361675146204,443.8540979213333,30.0,1.0,1.509269238261351,443.8540979213333,10.76129104366119,59.91040521925511,9,synthetic,0.41823413449120916,0,0.41823413449120916,0,synthetic
890999382d7ffff,52.861995138573455,7.523299276373955,1.760278969447684,0.5096924584404064,85.14666764005622,0.3048462292202032,488.21995324837974,30.0,1.0,1.760278969447684,488.21995324837974,10.76380171323593,59.91275055947494,9,synthetic,0.4256819473972907,0,0.4256819473972907,0,synthetic
890999382dbffff,61.415289615148346,8.677293447860187,2.2878959160231704,0.5770087851104367,107.48994204742525,0.33850439255521836,565.1528980141286,30.0,1.0,2.2878959160231704,565.1528980141286,10.764440882222978,59.908501168539516,9,synthetic,0.4063321746271161,0,0.4063321746271161,0,synthetic
89099938303ffff,50.75894406388465,4.372841615170633,0.7793906203483225,0.3259157615368794,37.332790239904696,0.2129578807684397,278.1894425014916,30.0,0.0,0.7793906203483225,278.1894425014916,10.795223716060372,59.932388799819364,9,synthetic,0.45310884734764617,0,0.45310884734764617,0,synthetic
89099938307ffff,35.27552959658929,5.038329445076329,0.9502546528290937,0.364735884948045,45.824987788236356,0.23236794247402248,322.555297828538,30.0,0.0,0.9502546528290937,322.555297828538,10.797737355066378,59.934732667829664,9,synthetic,0.5497297998837439,0,0.5497297998837439,0,synthetic
8909993830bffff,43.82882407316418,6.192323616562562,1.2862785709027134,0.4320522116180753,62.59229416464535,0.2660261058090376,399.48824259428693,30.0,0.0,1.2862785709027134,399.48824259428693,10.798374061775723,59.93048483368202,9,synthetic,0.47950945407525075,0,0.47950945407525075,0,synthetic
8909993830fffff,48.34540960586882,6.857811446468258,1.509269238261351,0.47087233502924086,73.43890890759131,0.2854361675146204,443.8540979213333,30.0,1.0,1.509269238261351,443.8540979213333,10.800887782431472,59.932828741185155,9,synthetic,0.45094944740479104,0,0.45094944740479104,0,synthetic
89099938313ffff,91.88809044706079,10.539213572647055,3.623122042849316,0.6856207923896707,148.99926588850062,0.3928103961948353,689.2809063332531,30.0,1.0,3.623122042849316,689.2809063332531,10.789559872029784,59.93194862127472,9,synthetic,0.33410985496740475,0,0.33410985496740475,0,synthetic
89099938317ffff,76.40467597976546,11.204701402552752,4.452330816700005,0.7244409158008362,165.47077411644514,0.4122204579004181,733.6467616602996,30.0,1.0,4.452330816700005,733.6467616602996,10.79207317412683,59.93429259086651,9,synthetic,0.350505687386628,0,0.350505687386628,0,synthetic
8909993831bffff,84.95797045634035,12.358695574038986,8.883490711932321,0.7917572424708667,196.07466412813406,0.4458786212354333,810.5797064260486,30.0,1.0,8.883490711932321,810.5797064260486,10.792710332271481,59.93004479073015,9,synthetic,0.40607189893406304,0,0.40607189893406304,0,synthetic
89099938323ffff,53.01723683023697,4.70558553012348,0.8629985338648754,0.34532582324246214,41.47124601538065,0.22266291162123109,300.3723701650148,30.0,0.0,0.8629985338648754,300.3723701650148,10.805915989475707,59.93751613289812,9,synthetic,0.45055740526602156,0,0.45055740526602156,0,synthetic
89099938327ffff,37.533822362941606,5.371073360029176,1.0414919377133844,0.3841459466536278,50.394015558471786,0.24207297332681388,344.7382254920612,30.0,0.0,1.0414919377133844,344.7382254920612,10.80843047592249,59.93985961708772,9,synthetic,0.5780976539597318,1,0.5780976539597318,1,synthetic
8909993832bffff,46.0871168395165,6.52506753151541,1.3946677106304064,0.45146227332365807,67.90795853742848,0.275731136661829,421.67117025781016,30.0,1.0,1.3946677106304064,421.67117025781016,10.809066383795377,59.93561211013705,9,synthetic,0.4717397763540228,0,0.4717397763540228,0,synthetic
8909993832fffff,50.60370237222114,7.190555361421106,1.630838817789088,0.49028239673482366,79.1851452751339,0.2951411983674118,466.03702558485656,30.0,1.0,1.630838817789088,466.03702558485656,10.811580951826373,59.93795563380407,9,synthetic,0.5017594181831772,0,0.5017594181831772,0,synthetic
89099938333ffff,74.14638321341313,10.871957487599904,3.9950565454260567,0.7050308540952535,157.127377003783,0.4025154270476267,711.4638339967764,30.0,1.0,3.9950565454260567,711.4638339967764,10.800251249318588,59.93707639475101,9,synthetic,0.41005835148883707,0,0.41005835148883707,0,synthetic
89099938337ffff,78.66296874611777,11.5374453175056,5.046142114092236,0.7438509775064192,174.02945722648704,0.42192548875320957,755.8296893238229,30.0,1.0,5.046142114092236,755.8296893238229,10.802765398846299,59.939419980573234,9,synthetic,0.3742954639059979,0,0.3742954639059979,0,synthetic
8909993833bffff,7.216263222692657,0.6914394889918339,0.03216382955801622,0.11116730417644946,5.913062104951247,0.10558365208822473,32.76263408957172,30.0,0.0,0.03216382955801622,32.76263408957172,10.803401758321767,59.935172507593926,9,synthetic,0.5403936330099098,0,0.5403936330099098,0,synthetic
89099938343ffff,35.27552959658929,5.038329445076329,0.9502546528290937,0.364735884948045,45.824987788236356,0.23236794247402248,322.555297828538,30.0,0.0,0.9502546528290937,322.555297828538,10.799010664190318,59.92623660436973,9,synthetic,0.46016948511757405,0,0.46016948511757405,0,synthetic
89099938347ffff,39.792115129293926,5.703817274982025,1.137091120039691,0.40355600835921057,55.178329326086946,0.2517780041796053,366.9211531555844,30.0,0.0,1.137091120039691,366.9211531555844,10.801524211272131,59.92858069245625,9,synthetic,0.5894811292378237,1,0.5894811292378237,1,synthetic
8909993834bffff,48.34540960586882,6.857811446468258,1.509269238261351,0.47087233502924086,73.43890890759131,0.2854361675146204,443.8540979213333,30.0,1.0,1.509269238261351,443.8540979213333,10.802160535865957,59.92433224855743,9,synthetic,0.41781185529550613,0,0.41781185529550613,0,synthetic
8909993834fffff,52.861995138573455,7.523299276373955,1.760278969447684,0.5096924584404064,85.14666764005622,0.3048462292202032,488.21995324837974,30.0,1.0,1.760278969447684,488.21995324837974,10.804674164548903,59.92667637614386,9,synthetic,0.48837427059309224,0,0.48837427059309224,0,synthetic
89099938353ffff,76.40467597976546,11.204701402552752,4.452330816700005,0.7244409158008362,165.47077411644514,0.4122204579004181,733.6467616602996,30.0,1.0,4.452330816700005,733.6467616602996,10.793347386050845,59.92579659543291,9,synthetic,0.3890934757174946,0,0.3890934757174946,0,synthetic
89099938357ffff,80.9212615124701,11.870189232458449,5.894485064716849,0.763261039212002,182.80342633390862,0.43163051960600096,778.0126169873461,30.0,1.0,5.894485064716849,778.0126169873461,10.795860596325241,59.92814078509457,9,synthetic,0.4795102348745164,0,0.4795102348745164,0,synthetic
8909993835bffff,9.474555989044978,1.024183403944682,0.08932946761072652,0.13057736588203225,7.669643132687405,0.11528868294101613,54.94556175309492,30.0,0.0,0.08932946761072652,54.94556175309492,10.796497372272785,59.92389237520361,9,synthetic,0.6000424106661979,1,0.6000424106661979,1,synthetic
89099938363ffff,37.533822362941606,5.371073360029176,1.0414919377133844,0.3841459466536278,50.394015558471786,0.24207297332681388,344.7382254920612,30.0,0.0,1.0414919377133844,344.7382254920612,10.809702187489062,59.931364208021165,9,synthetic,0.48186926339783304,0,0.48186926339783304,0,synthetic
89099938367ffff,42.05040789564625,6.036561189934873,1.237490301904912,0.42296607006479336,60.177929091081836,0.26148303503239667,389.10408081910765,30.0,0.0,1.237490301904912,389.10408081910765,10.812216581804728,59.933707912291844,9,synthetic,0.47446211504357344,0,0.47446211504357344,0,synthetic
8909993836bffff,50.60370237222114,7.190555361421106,1.630838817789088,0.49028239673482366,79.1851452751339,0.2951411983674118,466.03702558485656,30.0,1.0,1.630838817789088,466.03702558485656,10.812852107651876,59.92945979560907,9,synthetic,0.4198830578605547,0,0.4198830578605547,0,synthetic
8909993836fffff,55.120287904925775,7.856043191326801,1.8986797753136855,0.5291025201459892,91.32347600235826,0.3145512600729946,510.4028809119029,30.0,1.0,1.8986797753136855,510.4028809119029,10.815366583502934,59.931803539364246,9,synthetic,0.46474747883596224,0,0.46474747883596224,0,synthetic
89099938373ffff,78.66296874611777,11.5374453175056,5.046142114092236,0.7438509775064192,174.02945722648704,0.42192548875320957,755.8296893238229,30.0,1.0,5.046142114092236,755.8296893238229,10.804038013547437,59.93092463945304,9,synthetic,0.4107934782098101,0,0.4107934782098101,0,synthetic
89099938377ffff,83.17955427882241,12.202933147411297,7.3974094824323,0.7826711009175847,191.79268143870993,0.44133555045879236,800.1955446508692,30.0,1.0,7.3974094824323,800.1955446508692,10.806552071045504,59.93326844535003,9,synthetic,0.3711263424453488,0,0.3711263424453488,0,synthetic
8909993837bffff,11.732848755397297,1.35692731889753,0.1481772593328154,0.14998742758761507,9.641510157803298,0.12499371379380754,77.12848941661812,30.0,0.0,0.1481772593328154,77.12848941661812,10.807188048413552,59.92902036263512,9,synthetic,0.509129489283252,0,0.509129489283252,0,synthetic
89099938383ffff,39.792115129293926,5.703817274982025,1.137091120039691,0.40355600835921057,55.178329326086946,0.2517780041796053,366.9211531555844,30.0,0.0,1.137091120039691,366.9211531555844,10.780745479585915,59.93341172543185,9,synthetic,0.49168703850217144,0,0.49168703850217144,0,synthetic
89099938387ffff,44.30870066199857,6.3693051048877205,1.3431970949027967,0.44237613177037616,65.39281485345647,0.27118806588518807,411.2870084826308,30.0,0.0,1.3431970949027967,411.2870084826308,10.783258362985373,59.935755757083825,9,synthetic,0.5489835173040986,0,0.5489835173040986,0,synthetic
8909993838bffff,52.861995138573455,7.523299276373955,1.760278969447684,0.5096924584404064,85.14666764005622,0.3048462292202032,488.21995324837974,30.0,1.0,1.760278969447684,488.21995324837974,10.78389625043726,59.931508205573365,9,synthetic,0.45444939108494686,0,0.45444939108494686,0,synthetic
8909993838fffff,57.378580671278094,8.188787106279651,2.047374745403413,0.548512581851572,97.71557036204005,0.324256290925786,532.5858085754262,30.0,1.0,2.047374745403413,532.5858085754262,10.786409215600798,59.933852276726526,9,synthetic,0.4349481345612231,0,0.4349481345612231,0,synthetic
89099938393ffff,80.9212615124701,11.870189232458449,5.894485064716849,0.763261039212002,182.80342633390862,0.43163051960600096,778.0126169873461,30.0,1.0,5.894485064716849,778.0126169873461,10.775081966179615,59.932970937004576,9,synthetic,0.44722289121093134,0,0.44722289121093134,0,synthetic
89099938397ffff,5.4378470451747285,0.5356770623641447,0.005955034809285081,0.10208116262316759,5.16475742643138,0.1010405813115838,22.378472314392436,30.0,0.0,0.005955034809285081,22.378472314392436,10.777594512579027,59.93531507019321,9,synthetic,0.6594591980122488,1,0.6594591980122488,1,synthetic
8909993839bffff,13.991141521749618,1.6896712338503783,0.20880921193286936,0.16939748929319787,11.828663180298921,0.13469874464659892,99.31141708014134,30.0,0.0,0.20880921193286936,99.31141708014134,10.778232851380425,59.931067552737474,9,synthetic,0.5763131131047058,1,0.5763131131047058,1,synthetic
890999383a3ffff,46.0871168395165,6.52506753151541,1.3946677106304064,0.45146227332365807,67.90795853742848,0.275731136661829,421.67117025781016,30.0,1.0,1.3946677106304064,421.67117025781016,10.791435911591426,59.938539995848906,9,synthetic,0.4446796887386916,0,0.4446796887386916,0,synthetic
890999383a7ffff,50.60370237222114,7.190555361421106,1.630838817789088,0.49028239673482366,79.1851452751339,0.2951411983674118,466.03702558485656,30.0,1.0,1.630838817789088,466.03702558485656,10.79394964247686,59.940883643797896,9,synthetic,0.5079368781350186,0,0.5079368781350186,0,synthetic
890999383abffff,59.15699684879603,8.34454953290734,2.1209716260715266,0.557598723404854,100.78178307995525,0.32879936170242696,542.9699703506054,30.0,1.0,2.1209716260715266,542.9699703506054,10.794586731452746,59.936636419384854,9,synthetic,0.45981222855521275,0,0.45981222855521275,0,synthetic
890999383afffff,63.673582381500665,9.010037362813037,2.4700312418184063,0.5964188468160195,114.413387012275,0.34820942340800976,587.3358256776519,30.0,1.0,2.4700312418184063,587.3358256776519,10.797100544036715,59.93898010681959,9,synthetic,0.5123735365268324,0,0.5123735365268324,0,synthetic
890999383b3ffff,7.216263222692657,0.6914394889918339,0.03216382955801622,0.11116730417644946,5.913062104951247,0.10558365208822473,32.76263408957172,30.0,0.0,0.03216382955801622,32.76263408957172,10.785771501607995,59.93809964768326,9,synthetic,0.5978111929826238,1,0.5978111929826238,1,synthetic
890999383b7ffff,11.732848755397297,1.35692731889753,0.1481772593328154,0.14998742758761507,9.641510157803298,0.12499371379380754,77.12848941661812,30.0,0.0,0.1481772593328154,77.12848941661812,10.788284895483034,59.940443397220065,9,synthetic,0.5118029164132079,0,0.5118029164132079,0,synthetic
890999383bbffff,20.286143231972186,2.5109214903837636,0.36682860644217424,0.21730375425764534,18.148200929892422,0.15865187712882267,154.061434182367,30.0,0.0,0.36682860644217424,154.061434182367,10.7889224359758,59.93619620682175,9,synthetic,0.47654039915384355,0,0.47654039915384355,0,synthetic
890999383c3ffff,48.34540960586882,6.857811446468258,1.509269238261351,0.47087233502924086,73.43890890759131,0.2854361675146204,443.8540979213333,30.0,1.0,1.509269238261351,443.8540979213333,10.784534033405425,59.927260258911154,9,synthetic,0.541427585868288,0,0.541427585868288,0,synthetic
890999383c7ffff,52.861995138573455,7.523299276373955,1.760278969447684,0.5096924584404064,85.14666764005622,0.3048462292202032,488.21995324837974,30.0,1.0,1.760278969447684,488.21995324837974,10.787046825132391,59.92960451061957,9,synthetic,0.5326330964454398,0,0.5326330964454398,0,synthetic
890999383cbffff,61.415289615148346,8.677293447860187,2.2878959160231704,0.5770087851104367,107.48994204742525,0.33850439255521836,565.1528980141286,30.0,1.0,2.2878959160231704,565.1528980141286,10.787684330228151,59.92535634935548,9,synthetic,0.4279610539159765,0,0.4279610539159765,0,synthetic
890999383cfffff,65.93187514785299,9.342781277765884,2.6704303254225827,0.6158289085216023,121.55211797450447,0.35791445426080115,609.518753341175,30.0,1.0,2.6704303254225827,609.518753341175,10.790197203670472,59.92770064057215,9,synthetic,0.41516120761611164,0,0.41516120761611164,0,synthetic
890999383d3ffff,9.474555989044978,1.024183403944682,0.08932946761072652,0.13057736588203225,7.669643132687405,0.11528868294101613,54.94556175309492,30.0,0.0,0.08932946761072652,54.94556175309492,10.77887108562759,59.926819640133665,9,synthetic,0.6538670769730148,1,0.6538670769730148,1,synthetic
890999383d7ffff,13.991141521749618,1.6896712338503783,0.20880921193286936,0.16939748929319787,11.828663180298921,0.13469874464659892,99.31141708014134,30.0,0.0,0.20880921193286936,99.31141708014134,10.781383540455902,59.9291639933724,9,synthetic,0.5099917039343386,0,0.5099917039343386,0,synthetic
890999383dbffff,22.54443599832451,2.843665405336612,0.4345850313892928,0.23671381596322816,21.08199055493574,0.16835690798161407,176.24436184589024,30.0,0.0,0.4345850313892928,176.24436184589024,10.782021496819723,59.92491586615957,9,synthetic,0.49282828284663455,0,0.49282828284663455,0,synthetic
89099938403ffff,91.88809044706079,10.539213572647055,3.623122042849316,0.6856207923896707,148.99926588850062,0.3928103961948353,689.2809063332531,30.0,1.0,3.623122042849316,689.2809063332531,10.71595017698886,59.92620472699609,9,synthetic,0.41805888234314753,0,0.41805888234314753,0,synthetic
89099938407ffff,76.40467597976546,11.204701402552752,4.452330816700005,0.7244409158008362,165.47077411644514,0.4122204579004181,733.6467616602996,30.0,1.0,4.452330816700005,733.6467616602996,10.718459097040395,59.928550015315466,9,synthetic,0.41450957847886644,0,0.41450957847886644,0,synthetic
8909993840bffff,84.95797045634035,12.358695574038986,8.883490711932321,0.7917572424708667,196.07466412813406,0.4458786212354333,810.5797064260486,30.0,1.0,8.883490711932321,810.5797064260486,10.71910211943214,59.92430265897307,9,synthetic,0.43013120105172603,0,0.43013120105172603,0,synthetic
8909993840fffff,9.474555989044978,1.024183403944682,0.08932946761072652,0.13057736588203225,7.669643132687405,0.11528868294101613,54.94556175309492,30.0,0.0,0.08932946761072652,54.94556175309492,10.721611121720972,59.92664798684973,9,synthetic,0.5726227174346791,1,0.5726227174346791,1,synthetic
89099938413ffff,53.01723683023697,4.70558553012348,0.8629985338648754,0.34532582324246214,41.47124601538065,0.22266291162123109,300.3723701650148,30.0,0.0,0.8629985338648754,300.3723701650148,10.710289455961341,59.925761230274084,9,synthetic,0.4701252602468843,0,0.4701252602468843,0,synthetic
89099938417ffff,37.533822362941606,5.371073360029176,1.0414919377133844,0.3841459466536278,50.394015558471786,0.24207297332681388,344.7382254920612,30.0,0.0,1.0414919377133844,344.7382254920612,10.712798038761733,59.928106619893065,9,synthetic,0.5600752513464234,1,0.5600752513464234,1,synthetic
8909993841bffff,46.0871168395165,6.52506753151541,1.3946677106304064,0.45146227332365807,67.90795853742848,0.275731136661829,421.67117025781016,30.0,1.0,1.3946677106304064,421.67117025781016,10.713441511909272,59.923859297815234,9,synthetic,0.46975529562546575,0,0.46975529562546575,0,synthetic
89099938423ffff,74.14638321341313,10.871957487599904,3.9950565454260567,0.7050308540952535,157.127377003783,0.4025154270476267,711.4638339967764,30.0,1.0,3.9950565454260567,711.4638339967764,10.726629891296463,59.93133821996183,9,synthetic,0.4672200710796376,0,0.4672200710796376,0,synthetic
89099938427ffff,78.66296874611777,11.5374453175056,5.046142114092236,0.7438509775064192,174.02945722648704,0.42192548875320957,755.8296893238229,30.0,1.0,5.046142114092236,755.8296893238229,10.729139658641627,59.93368312517708,9,synthetic,0.331034047175298,0,0.331034047175298,0,synthetic
8909993842bffff,7.216263222692657,0.6914394889918339,0.03216382955801622,0.11116730417644946,5.913062104951247,0.10558365208822473,32.76263408957172,30.0,0.0,0.03216382955801622,32.76263408957172,10.729781884541252,59.92943609547244,9,synthetic,0.5862135510250225,1,0.5862135510250225,1,synthetic
8909993842fffff,11.732848755397297,1.35692731889753,0.1481772593328154,0.14998742758761507,9.641510157803298,0.12499371379380754,77.12848941661812,30.0,0.0,0.1481772593328154,77.12848941661812,10.732291734058455,59.931781040229495,9,synthetic,0.5308648544845893,0,0.5308648544845893,0,synthetic
89099938433ffff,35.27552959658929,5.038329445076329,0.9502546528290937,0.364735884948045,45.824987788236356,0.23236794247402248,322.555297828538,30.0,0.0,0.9502546528290937,322.555297828538,10.720968272093144,59.93089516276325,9,synthetic,0.4354901353231803,0,0.4354901353231803,0,synthetic
89099938437ffff,39.792115129293926,5.703817274982025,1.137091120039691,0.40355600835921057,55.178329326086946,0.2517780041796053,366.9211531555844,30.0,0.0,1.137091120039691,366.9211531555844,10.723477702176258,59.933240169329295,9,synthetic,0.43915002426962796,0,0.43915002426962796,0,synthetic
8909993843bffff,48.34540960586882,6.857811446468258,1.509269238261351,0.47087233502924086,73.43890890759131,0.2854361675146204,443.8540979213333,30.0,1.0,1.509269238261351,443.8540979213333,10.724120378999311,59.928993173849335,9,synthetic,0.44217501722168484,0,0.44217501722168484,0,synthetic
89099938443ffff,76.40467597976546,11.204701402552752,4.452330816700005,0.7244409158008362,165.47077411644514,0.4122204579004181,733.6467616602996,30.0,1.0,4.452330816700005,733.6467616602996,10.719745036543486,59.92005490751859,9,synthetic,0.48003496173964655,0,0.48003496173964655,0,synthetic
89099938447ffff,80.9212615124701,11.870189232458449,5.894485064716849,0.763261039212002,182.80342633390862,0.43163051960600096,778.0126169873461,30.0,1.0,5.894485064716849,778.0126169873461,10.7222538660907,59.92240041582567,9,synthetic,0.366611948343826,0,0.366611948343826,0,synthetic
8909993844bffff,9.474555989044978,1.024183403944682,0.08932946761072652,0.13057736588203225,7.669643132687405,0.11528868294101613,54.94556175309492,30.0,0.0,0.08932946761072652,54.94556175309492,10.722896505228034,59.91815244968427,9,synthetic,0.5823264369906256,1,0.5823264369906256,1,synthetic
8909993844fffff,13.991141521749618,1.6896712338503783,0.20880921193286936,0.16939748929319787,11.828663180298921,0.13469874464659892,99.31141708014134,30.0,0.0,0.20880921193286936,99.31141708014134,10.725405416963769,59.92049799755565,9,synthetic,0.541135516369834,0,0.541135516369834,0,synthetic
89099938453ffff,37.533822362941606,5.371073360029176,1.0414919377133844,0.3841459466536278,50.394015558471786,0.24207297332681388,344.7382254920612,30.0,0.0,1.0414919377133844,344.7382254920612,10.71408487970614,59.91961158062912,9,synthetic,0.4733175035626395,0,0.4733175035626395,0,synthetic
89099938457ffff,42.05040789564625,6.036561189934873,1.237490301904912,0.42296607006479336,60.177929091081836,0.26148303503239667,389.10408081910765,30.0,0.0,1.237490301904912,389.10408081910765,10.716593372103604,59.92195719022951,9,synthetic,0.5266381326155753,0,0.5266381326155753,0,synthetic
8909993845bffff,50.60370237222114,7.190555361421106,1.630838817789088,0.49028239673482366,79.1851452751339,0.2951411983674118,466.03702558485656,30.0,1.0,1.630838817789088,466.03702558485656,10.71723646191562,59.917709258349305,9,synthetic,0.47952821448222055,0,0.47952821448222055,0,synthetic
89099938463ffff,78.66296874611777,11.5374453175056,5.046142114092236,0.7438509775064192,174.02945722648704,0.42192548875320957,755.8296893238229,30.0,1.0,5.046142114092236,755.8296893238229,10.730424005275381,59.92518867065505,9,synthetic,0.5004125575989863,0,0.5004125575989863,0,synthetic
89099938467ffff,83.17955427882241,12.202933147411297,7.3974094824323,0.7826711009175847,191.79268143870993,0.44133555045879236,800.1955446508692,30.0,1.0,7.3974094824323,800.1955446508692,10.732933681909712,59.92753379586282,9,synthetic,0.4246813466712162,0,0.4246813466712162,0,synthetic
8909993846bffff,11.732848755397297,1.35692731889753,0.1481772593328154,0.14998742758761507,9.641510157803298,0.12499371379380754,77.12848941661812,30.0,0.0,0.1481772593328154,77.12848941661812,10.733575524643506,59.92328615637812,9,synthetic,0.5382292374156977,0,0.5382292374156977,0,synthetic
8909993846fffff,16.24943428810194,2.0224151488032263,0.2713369022338178,0.18880755099878066,14.231102200174277,0.14440377549939032,121.49434474366454,30.0,0.0,0.2713369022338178,121.49434474366454,10.73608528340111,59.92563132113476,9,synthetic,0.5465547816287197,0,0.5465547816287197,0,synthetic
89099938473ffff,39.792115129293926,5.703817274982025,1.137091120039691,0.40355600835921057,55.178329326086946,0.2517780041796053,366.9211531555844,30.0,0.0,1.137091120039691,366.9211531555844,10.724762950586605,59.92474578326041,9,synthetic,0.49518248217962657,0,0.49518248217962657,0,synthetic
89099938477ffff,44.30870066199857,6.3693051048877205,1.3431970949027967,0.44237613177037616,65.39281485345647,0.27118806588518807,411.2870084826308,30.0,0.0,1.3431970949027967,411.2870084826308,10.727272290060364,59.927091009812685,9,synthetic,0.4788576224062624,0,0.4788576224062624,0,synthetic
8909993847bffff,52.861995138573455,7.523299276373955,1.760278969447684,0.5096924584404064,85.14666764005622,0.3048462292202032,488.21995324837974,30.0,1.0,1.760278969447684,488.21995324837974,10.727914583636455,59.92284340454928,9,synthetic,0.39223040679460663,0,0.39223040679460663,0,synthetic
89099938483ffff,80.9212615124701,11.870189232458449,5.894485064716849,0.763261039212002,182.80342633390862,0.43163051960600096,778.0126169873461,30.0,1.0,5.894485064716849,778.0126169873461,10.701476593634167,59.92721911847151,9,synthetic,0.4374560733121979,0,0.4374560733121979,0,synthetic
89099938487ffff,5.4378470451747285,0.5356770623641447,0.005955034809285081,0.10208116262316759,5.16475742643138,0.1010405813115838,22.378472314392436,30.0,0.0,0.005955034809285081,22.378472314392436,10.703984756807884,59.92956456980418,9,synthetic,0.6055705274338529,1,0.6055705274338529,1,synthetic
8909993848bffff,13.991141521749618,1.6896712338503783,0.20880921193286936,0.16939748929319787,11.828663180298921,0.13469874464659892,99.31141708014134,30.0,0.0,0.20880921193286936,99.31141708014134,10.704628958735551,59.92531749670594,9,synthetic,0.691217689913209,1,0.691217689913209,1,synthetic
8909993848fffff,18.507727054454257,2.355159063756074,0.3358827124272642,0.20821761270436345,16.848827217429363,0.15410880635218172,143.67727240718773,30.0,0.0,0.3358827124272642,143.67727240718773,10.707137204260562,59.92766298760432,9,synthetic,0.6440798018720122,1,0.6440798018720122,1,synthetic
890999384a3ffff,7.216263222692657,0.6914394889918339,0.03216382955801622,0.11116730417644946,5.913062104951247,0.10558365208822473,32.76263408957172,30.0,0.0,0.03216382955801622,32.76263408957172,10.71215446023771,59.93235354686941,9,synthetic,0.5459873035935874,0,0.5459873035935874,0,synthetic
890999384a7ffff,11.732848755397297,1.35692731889753,0.1481772593328154,0.14998742758761507,9.641510157803298,0.12499371379380754,77.12848941661812,30.0,0.0,0.1481772593328154,77.12848941661812,10.714663470748421,59.93469861521588,9,synthetic,0.5586571999217741,1,0.5586571999217741,1,synthetic
890999384abffff,20.286143231972186,2.5109214903837636,0.36682860644217424,0.21730375425764534,18.148200929892422,0.15865187712882267,154.061434182367,30.0,0.0,0.36682860644217424,154.061434182367,10.71530687654572,59.93045186865596,9,synthetic,0.47177625902427667,0,0.47177625902427667,0,synthetic
890999384afffff,24.80272876467683,3.1764093202894594,0.5047176596447688,0.25612387766881095,24.23106617735878,0.17806193883440546,198.4272895094134,30.0,0.0,0.5047176596447688,198.4272895094134,10.717815969342524,59.93279697655267,9,synthetic,0.5007316721735026,0,0.5007316721735026,0,synthetic
890999384b3ffff,48.34540960586882,6.857811446468258,1.509269238261351,0.47087233502924086,73.43890890759131,0.2854361675146204,443.8540979213333,30.0,1.0,1.509269238261351,443.8540979213333,10.706493174959157,59.93190988030174,9,synthetic,0.47466143943624245,0,0.47466143943624245,0,synthetic
890999384b7ffff,52.861995138573455,7.523299276373955,1.760278969447684,0.5096924584404064,85.14666764005622,0.3048462292202032,488.21995324837974,30.0,1.0,1.760278969447684,488.21995324837974,10.709001848117323,59.93425504995412,9,synthetic,0.5067424914506866,0,0.5067424914506866,0,synthetic
890999384bbffff,61.415289615148346,8.677293447860187,2.2878959160231704,0.5770087851104367,107.48994204742525,0.33850439255521836,565.1528980141286,30.0,1.0,2.2878959160231704,565.1528980141286,10.709645704751543,59.930008337662194,9,synthetic,0.4004828226929261,0,0.4004828226929261,0,synthetic
890999384c3ffff,9.474555989044978,1.024183403944682,0.08932946761072652,0.13057736588203225,7.669643132687405,0.11528868294101613,54.94556175309492,30.0,0.0,0.08932946761072652,54.94556175309492,10.705273055194214,59.921070028508424,9,synthetic,0.548087540357515,0,0.548087540357515,0,synthetic
890999384c7ffff,13.991141521749618,1.6896712338503783,0.20880921193286936,0.16939748929319787,11.828663180298921,0.13469874464659892,99.31141708014134,30.0,0.0,0.20880921193286936,99.31141708014134,10.707781128115238,59.92341569980917,9,synthetic,0.45797953654958024,0,0.45797953654958024,0,synthetic
890999384cbffff,22.54443599832451,2.843665405336612,0.4345850313892928,0.23671381596322816,21.08199055493574,0.16835690798161407,176.24436184589024,30.0,0.0,0.4345850313892928,176.24436184589024,10.70842494654891,59.91916801690952,9,synthetic,0.5294313377671805,0,0.5294313377671805,0,synthetic
890999384cfffff,27.06102153102915,3.509153235242308,0.5773992334666608,0.27553393937439374,27.595427797161562,0.18776696968719686,220.61021717293664,30.0,0.0,0.5773992334666608,220.61021717293664,10.710933101772396,59.92151372778301,9,synthetic,0.4699348057549016,0,0.4699348057549016,0,synthetic
890999384d7ffff,55.120287904925775,7.856043191326801,1.8986797753136855,0.5291025201459892,91.32347600235826,0.3145512600729946,510.4028809119029,30.0,1.0,1.8986797753136855,510.4028809119029,10.70212096814721,59.922971864977114,9,synthetic,0.4159718973935545,0,0.4159718973935545,0,synthetic
890999384dbffff,63.673582381500665,9.010037362813037,2.4700312418184063,0.5964188468160195,114.413387012275,0.34820942340800976,587.3358256776519,30.0,1.0,2.4700312418184063,587.3358256776519,10.70276523716905,59.91872421638196,9,synthetic,0.39174269801865336,0,0.39174269801865336,0,synthetic
89099938503ffff,53.01723683023697,4.70558553012348,0.8629985338648754,0.34532582324246214,41.47124601538065,0.22266291162123109,300.3723701650148,30.0,0.0,0.8629985338648754,300.3723701650148,10.733517973398419,59.942618786574336,9,synthetic,0.4485334050943098,0,0.4485334050943098,0,synthetic
89099938507ffff,37.533822362941606,5.371073360029176,1.0414919377133844,0.3841459466536278,50.394015558471786,0.24207297332681388,344.7382254920612,30.0,0.0,1.0414919377133844,344.7382254920612,10.736028679072612,59.94496308858027,9,synthetic,0.401814738712906,0,0.401814738712906,0,synthetic
8909993850bffff,46.0871168395165,6.52506753151541,1.3946677106304064,0.45146227332365807,67.90795853742848,0.275731136661829,421.67117025781016,30.0,1.0,1.3946677106304064,421.67117025781016,10.736670491257877,59.940716995338306,9,synthetic,0.39187378801082895,0,0.39187378801082895,0,synthetic
8909993850fffff,50.60370237222114,7.190555361421106,1.630838817789088,0.49028239673482366,79.1851452751339,0.2951411983674118,466.03702558485656,30.0,1.0,1.630838817789088,466.03702558485656,10.739181279087653,59.94306133686354,9,synthetic,0.5590847982334392,1,0.5590847982334392,1,synthetic
89099938513ffff,74.14638321341313,10.871957487599904,3.9950565454260567,0.7050308540952535,157.127377003783,0.4025154270476267,711.4638339967764,30.0,1.0,3.9950565454260567,711.4638339967764,10.727854891243398,59.94217599927566,9,synthetic,0.3706520023520931,0,0.3706520023520931,0,synthetic
89099938517ffff,78.66296874611777,11.5374453175056,5.046142114092236,0.7438509775064192,174.02945722648704,0.42192548875320957,755.8296893238229,30.0,1.0,5.046142114092236,755.8296893238229,10.730365259543282,59.94452040268994,9,synthetic,0.37870337330411713,0,0.37870337330411713,0,synthetic
8909993851bffff,7.216263222692657,0.6914394889918339,0.03216382955801622,0.11116730417644946,5.913062104951247,0.10558365208822473,32.76263408957172,30.0,0.0,0.03216382955801622,32.76263408957172,10.731007522900915,59.94027434363615,9,synthetic,0.6804951475375941,1,0.6804951475375941,1,synthetic
89099938523ffff,35.27552959658929,5.038329445076329,0.9502546528290937,0.364735884948045,45.824987788236356,0.23236794247402248,322.555297828538,30.0,0.0,0.9502546528290937,322.555297828538,10.744203620359494,59.947749597060614,9,synthetic,0.6416841468063821,1,0.6416841468063821,1,synthetic
89099938527ffff,39.792115129293926,5.703817274982025,1.137091120039691,0.40355600835921057,55.178329326086946,0.2517780041796053,366.9211531555844,30.0,0.0,1.137091120039691,366.9211531555844,10.746715173859997,59.95009351571225,9,synthetic,0.4244793111747984,0,0.4244793111747984,0,synthetic
8909993852bffff,48.34540960586882,6.857811446468258,1.509269238261351,0.47087233502924086,73.43890890759131,0.2854361675146204,443.8540979213333,30.0,1.0,1.509269238261351,443.8540979213333,10.74735618856333,59.945847749249936,9,synthetic,0.4404687414173239,0,0.4404687414173239,0,synthetic
8909993852fffff,52.861995138573455,7.523299276373955,1.760278969447684,0.5096924584404064,85.14666764005622,0.3048462292202032,488.21995324837974,30.0,1.0,1.760278969447684,488.21995324837974,10.749867824154105,59.94819170740538,9,synthetic,0.46352758795330046,0,0.46352758795330046,0,synthetic
89099938533ffff,76.40467597976546,11.204701402552752,4.452330816700005,0.7244409158008362,165.47077411644514,0.4122204579004181,733.6467616602996,30.0,1.0,4.452330816700005,733.6467616602996,10.738539639952847,59.94730724964386,9,synthetic,0.5206747168421255,0,0.5206747168421255,0,synthetic
89099938537ffff,80.9212615124701,11.870189232458449,5.894485064716849,0.763261039212002,182.80342633390862,0.43163051960600096,778.0126169873461,30.0,1.0,5.894485064716849,778.0126169873461,10.741050856068313,59.94965126975504,9,synthetic,0.38358873030939233,0,0.38358873030939233,0,synthetic
8909993853bffff,9.474555989044978,1.024183403944682,0.08932946761072652,0.13057736588203225,7.669643132687405,0.11528868294101613,54.94556175309492,30.0,0.0,0.08932946761072652,54.94556175309492,10.741692322111769,59.945405537441005,9,synthetic,0.5685309700637993,1,0.5685309700637993,1,synthetic
89099938543ffff,37.533822362941606,5.371073360029176,1.0414919377133844,0.3841459466536278,50.394015558471786,0.24207297332681388,344.7382254920612,30.0,0.0,1.0414919377133844,344.7382254920612,10.737312198318998,59.9364705069952,9,synthetic,0.5285680370838248,0,0.5285680370838248,0,synthetic
89099938547ffff,42.05040789564625,6.036561189934873,1.237490301904912,0.42296607006479336,60.177929091081836,0.26148303503239667,389.10408081910765,30.0,0.0,1.237490301904912,389.10408081910765,10.739822813120796,59.93881502898361,9,synthetic,0.49823854507367604,0,0.49823854507367604,0,synthetic
8909993854bffff,50.60370237222114,7.190555361421106,1.630838817789088,0.49028239673482366,79.1851452751339,0.2951411983674118,466.03702558485656,30.0,1.0,1.630838817789088,466.03702558485656,10.740464242077893,59.93456832599718,9,synthetic,0.43381463907051926,0,0.43381463907051926,0,synthetic
8909993854fffff,55.120287904925775,7.856043191326801,1.8986797753136855,0.5291025201459892,91.32347600235826,0.3145512600729946,510.4028809119029,30.0,1.0,1.8986797753136855,510.4028809119029,10.742974938986478,59.936912887511966,9,synthetic,0.4357527205360561,0,0.4357527205360561,0,synthetic
89099938553ffff,78.66296874611777,11.5374453175056,5.046142114092236,0.7438509775064192,174.02945722648704,0.42192548875320957,755.8296893238229,30.0,1.0,5.046142114092236,755.8296893238229,10.73164968106409,59.93602788948499,9,synthetic,0.36479786180835005,0,0.36479786180835005,0,synthetic
89099938557ffff,83.17955427882241,12.202933147411297,7.3974094824323,0.7826711009175847,191.79268143870993,0.44133555045879236,800.1955446508692,30.0,1.0,7.3974094824323,800.1955446508692,10.734159958593073,59.93837251287542,9,synthetic,0.4204979434349779,0,0.4204979434349779,0,synthetic
8909993855bffff,11.732848755397297,1.35692731889753,0.1481772593328154,0.14998742758761507,9.641510157803298,0.12499371379380754,77.12848941661812,30.0,0.0,0.1481772593328154,77.12848941661812,10.734801838641312,59.93412584407378,9,synthetic,0.5597069934987852,1,0.5597069934987852,1,synthetic
89099938563ffff,39.792115129293926,5.703817274982025,1.137091120039691,0.40355600835921057,55.178329326086946,0.2517780041796053,366.9211531555844,30.0,0.0,1.137091120039691,366.9211531555844,10.747997098257784,59.94160158768585,9,synthetic,0.4946661370973783,0,0.4946661370973783,0,synthetic
89099938567ffff,44.30870066199857,6.3693051048877205,1.3431970949027967,0.44237613177037616,65.39281485345647,0.27118806588518807,411.2870084826308,30.0,0.0,1.3431970949027967,411.2870084826308,10.750508560679075,59.94394572632476,9,synthetic,0.44226259354262604,0,0.44226259354262604,0,synthetic
8909993856bffff,52.861995138573455,7.523299276373955,1.760278969447684,0.5096924584404064,85.14666764005622,0.3048462292202032,488.21995324837974,30.0,1.0,1.760278969447684,488.21995324837974,10.751149192243247,59.93969935013704,9,synthetic,0.4700267365335319,0,0.4700267365335319,0,synthetic
8909993856fffff,57.378580671278094,8.188787106279651,2.047374745403413,0.548512581851572,97.71557036204005,0.324256290925786,532.5858085754262,30.0,1.0,2.047374745403413,532.5858085754262,10.753660736705948,59.942043528286824,9,synthetic,0.4915158417577087,0,0.4915158417577087,0,synthetic
89099938573ffff,80.9212615124701,11.870189232458449,5.894485064716849,0.763261039212002,182.80342633390862,0.43163051960600096,778.0126169873461,30.0,1.0,5.894485064716849,778.0126169873461,10.742333683075973,59.94115941002893,9,synthetic,0.4407030506142275,0,0.4407030506142275,0,synthetic
89099938577ffff,5.4378470451747285,0.5356770623641447,0.005955034809285081,0.10208116262316759,5.16475742643138,0.1010405813115838,22.378472314392436,30.0,0.0,0.005955034809285081,22.378472314392436,10.744844808213703,59.94350365012109,9,synthetic,0.6117469313468679,1,0.6117469313468679,1,synthetic
8909993857bffff,13.991141521749618,1.6896712338503783,0.20880921193286936,0.16939748929319787,11.828663180298921,0.13469874464659892,99.31141708014134,30.0,0.0,0.20880921193286936,99.31141708014134,10.745485891036653,59.93925730807822,9,synthetic,0.5680017554154063,1,0.5680017554154063,1,synthetic
89099938583ffff,42.05040789564625,6.036561189934873,1.237490301904912,0.42296607006479336,60.177929091081836,0.26148303503239667,389.10408081910765,30.0,0.0,1.237490301904912,389.10408081910765,10.719039091403854,59.9436343199093,9,synthetic,0.47650446100491584,0,0.47650446100491584,0,synthetic
89099938587ffff,46.566993428350884,6.702049019840569,1.4548041498001756,0.46178619347595895,70.82298661321082,0.28089309673797946,433.469936146154,30.0,1.0,1.4548041498001756,433.469936146154,10.721549040035327,59.94597878518402,9,synthetic,0.4275658803386179,0,0.4275658803386179,0,synthetic
8909993858bffff,55.120287904925775,7.856043191326801,1.8986797753136855,0.5291025201459892,91.32347600235826,0.3145512600729946,510.4028809119029,30.0,1.0,1.8986797753136855,510.4028809119029,10.722192032719976,59.94173297498977,9,synthetic,0.4582685818455236,0,0.4582685818455236,0,synthetic
8909993858fffff,59.63687343763041,8.521531021232498,2.208019169211325,0.5679226435571548,104.32295071910156,0.3339613217785774,554.7687362389493,30.0,1.0,2.208019169211325,554.7687362389493,10.724702063621239,59.9440774797922,9,synthetic,0.4345380174498538,0,0.4345380174498538,0,synthetic
89099938593ffff,83.17955427882241,12.202933147411297,7.3974094824323,0.7826711009175847,191.79268143870993,0.44133555045879236,800.1955446508692,30.0,1.0,7.3974094824323,800.1955446508692,10.71337634298852,59.943190923063526,9,synthetic,0.537065046080241,0,0.537065046080241,0,synthetic
89099938597ffff,7.696139811527049,0.8684209773169929,0.06236584288417808,0.12149122432875038,6.820559843759046,0.1107456121643752,44.56139997791564,30.0,0.0,0.06236584288417808,44.56139997791564,10.715885954155077,59.94553548970161,9,synthetic,0.6649319358458827,1,0.6649319358458827,1,synthetic
8909993859bffff,16.24943428810194,2.0224151488032263,0.2713369022338178,0.18880755099878066,14.231102200174277,0.14440377549939032,121.49434474366454,30.0,0.0,0.2713369022338178,121.49434474366454,10.716529397925587,59.94128971373887,9,synthetic,0.5770400501005698,1,0.5770400501005698,1,synthetic
890999385a3ffff,48.34540960586882,6.857811446468258,1.509269238261351,0.47087233502924086,73.43890890759131,0.2854361675146204,443.8540979213333,30.0,1.0,1.509269238261351,443.8540979213333,10.729722890965485,59.94876606665316,9,synthetic,0.42072832877198707,0,0.42072832877198707,0,synthetic
890999385a7ffff,52.861995138573455,7.523299276373955,1.760278969447684,0.5096924584404064,85.14666764005622,0.3048462292202032,488.21995324837974,30.0,1.0,1.760278969447684,488.21995324837974,10.732233687467042,59.95111014869151,9,synthetic,0.3908292368071041,0,0.3908292368071041,0,synthetic
890999385abffff,61.415289615148346,8.677293447860187,2.2878959160231704,0.5770087851104367,107.48994204742525,0.33850439255521836,565.1528980141286,30.0,1.0,2.2878959160231704,565.1528980141286,10.73287588303165,59.946864665177394,9,synthetic,0.4964941622345498,0,0.4964941622345498,0,synthetic
890999385afffff,65.93187514785299,9.342781277765884,2.6704303254225827,0.6158289085216023,121.55211797450447,0.35791445426080115,609.518753341175,30.0,1.0,2.6704303254225827,609.518753341175,10.735386761737661,59.94920878672796,9,synthetic,0.447458034930268,0,0.447458034930268,0,synthetic
890999385b3ffff,9.474555989044978,1.024183403944682,0.08932946761072652,0.13057736588203225,7.669643132687405,0.11528868294101613,54.94556175309492,30.0,0.0,0.08932946761072652,54.94556175309492,10.724059243849327,59.948323109552916,9,synthetic,0.6048020325304853,1,0.6048020325304853,1,synthetic
890999385b7ffff,13.991141521749618,1.6896712338503783,0.20880921193286936,0.16939748929319787,11.828663180298921,0.13469874464659892,99.31141708014134,30.0,0.0,0.20880921193286936,99.31141708014134,10.72656970287507,59.95066729300588,9,synthetic,0.4781146886878033,0,0.4781146886878033,0,synthetic
890999385bbffff,22.54443599832451,2.843665405336612,0.4345850313892928,0.23671381596322816,21.08199055493574,0.16835690798161407,176.24436184589024,30.0,0.0,0.4345850313892928,176.24436184589024,10.727212349693348,59.94642184368338,9,synthetic,0.5839365578723349,1,0.5839365578723349,1,synthetic
890999385c3ffff,50.60370237222114,7.190555361421106,1.630838817789088,0.49028239673482366,79.1851452751339,0.2951411983674118,466.03702558485656,30.0,1.0,1.630838817789088,466.03702558485656,10.722834920091705,59.93748676970714,9,synthetic,0.4753434595427424,0,0.4753434595427424,0,synthetic
890999385c7ffff,55.120287904925775,7.856043191326801,1.8986797753136855,0.5291025201459892,91.32347600235826,0.3145512600729946,510.4028809119029,30.0,1.0,1.8986797753136855,510.4028809119029,10.72534477810262,59.9398314549447,9,synthetic,0.3869223345411343,0,0.3869223345411343,0,synthetic
890999385cbffff,63.673582381500665,9.010037362813037,2.4700312418184063,0.5964188468160195,114.413387012275,0.34820942340800976,587.3358256776519,30.0,1.0,2.4700312418184063,587.3358256776519,10.725987387319119,59.93558503500353,9,synthetic,0.41200949655453534,0,0.41200949655453534,0,synthetic
890999385cfffff,68.1901679142053,9.675525192718732,2.8931684267563713,0.6352389702271851,128.90613493411365,0.36761948511359255,631.7016810046982,30.0,1.0,2.8931684267563713,631.7016810046982,10.728497327550922,59.937929759775884,9,synthetic,0.4463273850355671,0,0.4463273850355671,0,synthetic
890999385d3ffff,11.732848755397297,1.35692731889753,0.1481772593328154,0.14998742758761507,9.641510157803298,0.12499371379380754,77.12848941661812,30.0,0.0,0.1481772593328154,77.12848941661812,10.717172736312842,59.937043542691505,9,synthetic,0.5756497079170451,1,0.5756497079170451,1,synthetic
890999385d7ffff,16.24943428810194,2.0224151488032263,0.2713369022338178,0.18880755099878066,14.231102200174277,0.14440377549939032,121.49434474366454,30.0,0.0,0.2713369022338178,121.49434474366454,10.719682256960244,59.93938832928617,9,synthetic,0.5431391631825669,0,0.5431391631825669,0,synthetic
890999385dbffff,24.80272876467683,3.1764093202894594,0.5047176596447688,0.25612387766881095,24.23106617735878,0.17806193883440546,198.4272895094134,30.0,0.0,0.5047176596447688,198.4272895094134,10.720325317181437,59.93514194357309,9,synthetic,0.5250926094683789,0,0.5250926094683789,0,synthetic
89099938603ffff,74.14638321341313,10.871957487599904,3.9950565454260567,0.7050308540952535,157.127377003783,0.4025154270476267,711.4638339967764,30.0,1.0,3.9950565454260567,711.4638339967764,10.738009662584034,59.912886573284204,9,synthetic,0.4224242625054504,0,0.4224242625054504,0,synthetic
89099938607ffff,78.66296874611777,11.5374453175056,5.046142114092236,0.7438509775064192,174.02945722648704,0.42192548875320957,755.8296893238229,30.0,1.0,5.046142114092236,755.8296893238229,10.740519157661671,59.91523213852147,9,synthetic,0.44117077783197256,0,0.44117077783197256,0,synthetic
8909993860bffff,7.216263222692657,0.6914394889918339,0.03216382955801622,0.11116730417644946,5.913062104951247,0.10558365208822473,32.76263408957172,30.0,0.0,0.03216382955801622,32.76263408957172,10.741160234517075,59.91098327942721,9,synthetic,0.6622240697711863,1,0.6622240697711863,1,synthetic
8909993860fffff,11.732848755397297,1.35692731889753,0.1481772593328154,0.14998742758761507,9.641510157803298,0.12499371379380754,77.12848941661812,30.0,0.0,0.1481772593328154,77.12848941661812,10.743669811620391,59.9133288842274,9,synthetic,0.444693445952668,0,0.444693445952668,0,synthetic
89099938613ffff,35.27552959658929,5.038329445076329,0.9502546528290937,0.364735884948045,45.824987788236356,0.23236794247402248,322.555297828538,30.0,0.0,0.9502546528290937,322.555297828538,10.73234973674159,59.912444025458136,9,synthetic,0.4845882751188775,0,0.4845882751188775,0,synthetic
89099938617ffff,39.792115129293926,5.703817274982025,1.137091120039691,0.40355600835921057,55.178329326086946,0.2517780041796053,366.9211531555844,30.0,0.0,1.137091120039691,366.9211531555844,10.734858894861375,59.91478969202727,9,synthetic,0.4918832636846878,0,0.4918832636846878,0,synthetic
8909993861bffff,48.34540960586882,6.857811446468258,1.509269238261351,0.47087233502924086,73.43890890759131,0.2854361675146204,443.8540979213333,30.0,1.0,1.509269238261351,443.8540979213333,10.7355004223967,59.91054086714751,9,synthetic,0.47368088874108044,0,0.47368088874108044,0,synthetic
89099938623ffff,76.40467597976546,11.204701402552752,4.452330816700005,0.7244409158008362,165.47077411644514,0.4122204579004181,733.6467616602996,30.0,1.0,4.452330816700005,733.6467616602996,10.748689730579759,59.918019671072784,9,synthetic,0.4156441055557814,0,0.4156441055557814,0,synthetic
89099938627ffff,80.9212615124701,11.870189232458449,5.894485064716849,0.763261039212002,182.80342633390862,0.43163051960600096,778.0126169873461,30.0,1.0,5.894485064716849,778.0126169873461,10.751200072494274,59.92036485309775,9,synthetic,0.34509549510687504,0,0.34509549510687504,0,synthetic
8909993862bffff,9.474555989044978,1.024183403944682,0.08932946761072652,0.13057736588203225,7.669643132687405,0.11528868294101613,54.94556175309492,30.0,0.0,0.08932946761072652,54.94556175309492,10.751840352673733,59.916116320778585,9,synthetic,0.5971946365466102,1,0.5971946365466102,1,synthetic
8909993862fffff,13.991141521749618,1.6896712338503783,0.20880921193286936,0.16939748929319787,11.828663180298921,0.13469874464659892,99.31141708014134,30.0,0.0,0.20880921193286936,99.31141708014134,10.75435077654859,59.918461542351054,9,synthetic,0.6517114987447222,1,0.6517114987447222,1,synthetic
89099938633ffff,37.533822362941606,5.371073360029176,1.0414919377133844,0.3841459466536278,50.394015558471786,0.24207297332681388,344.7382254920612,30.0,0.0,1.0414919377133844,344.7382254920612,10.743028907658823,59.91757756284919,9,synthetic,0.41300808803493066,0,0.41300808803493066,0,synthetic
89099938637ffff,42.05040789564625,6.036561189934873,1.237490301904912,0.42296607006479336,60.177929091081836,0.26148303503239667,389.10408081910765,30.0,0.0,1.237490301904912,389.10408081910765,10.74553891260475,59.91992284625724,9,synthetic,0.5196916420352545,0,0.5196916420352545,0,synthetic
8909993863bffff,50.60370237222114,7.190555361421106,1.630838817789088,0.49028239673482366,79.1851452751339,0.2951411983674118,466.03702558485656,30.0,1.0,1.630838817789088,466.03702558485656,10.746179643631546,59.91567434811261,9,synthetic,0.4361961814758795,0,0.4361961814758795,0,synthetic
89099938643ffff,78.66296874611777,11.5374453175056,5.046142114092236,0.7438509775064192,174.02945722648704,0.42192548875320957,755.8296893238229,30.0,1.0,5.046142114092236,755.8296893238229,10.74180120642787,59.9067340251839,9,synthetic,0.43047643493540677,0,0.43047643493540677,0,synthetic
89099938647ffff,83.17955427882241,12.202933147411297,7.3974094824323,0.7826711009175847,191.79268143870993,0.44133555045879236,800.1955446508692,30.0,1.0,7.3974094824323,800.1955446508692,10.74431061065967,59.90907981045804,9,synthetic,0.37976170509851376,0,0.37976170509851376,0,synthetic
8909993864bffff,11.732848755397297,1.35692731889753,0.1481772593328154,0.14998742758761507,9.641510157803298,0.12499371379380754,77.12848941661812,30.0,0.0,0.1481772593328154,77.12848941661812,10.744951304802303,59.90483034153438,9,synthetic,0.556303559381439,1,0.556303559381439,1,synthetic
8909993864fffff,16.24943428810194,2.0224151488032263,0.2713369022338178,0.18880755099878066,14.231102200174277,0.14440377549939032,121.49434474366454,30.0,0.0,0.2713369022338178,121.49434474366454,10.747460791011067,59.9071761663785,9,synthetic,0.6227499522076927,1,0.6227499522076927,1,synthetic
89099938653ffff,39.792115129293926,5.703817274982025,1.137091120039691,0.40355600835921057,55.178329326086946,0.2517780041796053,366.9211531555844,30.0,0.0,1.137091120039691,366.9211531555844,10.736141844917164,59.906291647122444,9,synthetic,0.5121904047154509,0,0.5121904047154509,0,synthetic
89099938657ffff,44.30870066199857,6.3693051048877205,1.3431970949027967,0.44237613177037616,65.39281485345647,0.27118806588518807,411.2870084826308,30.0,0.0,1.3431970949027967,411.2870084826308,10.73865091229237,59.908637533722185,9,synthetic,0.556644534754074,1,0.556644534754074,1,synthetic
8909993865bffff,52.861995138573455,7.523299276373955,1.760278969447684,0.5096924584404064,85.14666764005622,0.3048462292202032,488.21995324837974,30.0,1.0,1.760278969447684,488.21995324837974,10.739292057033804,59.90438809900961,9,synthetic,0.5053204048551596,0,0.5053204048551596,0,synthetic
89099938663ffff,80.9212615124701,11.870189232458449,5.894485064716849,0.763261039212002,182.80342633390862,0.43163051960600096,778.0126169873461,30.0,1.0,5.894485064716849,778.0126169873461,10.752480528023577,59.9118673933096,9,synthetic,0.454885918177283,0,0.454885918177283,0,synthetic
89099938667ffff,5.4378470451747285,0.5356770623641447,0.005955034809285081,0.10208116262316759,5.16475742643138,0.1010405813115838,22.378472314392436,30.0,0.0,0.005955034809285081,22.378472314392436,10.7549907788858,59.9142127953764,9,synthetic,0.6813558372352972,1,0.6813558372352972,1,synthetic
8909993866bffff,13.991141521749618,1.6896712338503783,0.20880921193286936,0.16939748929319787,11.828663180298921,0.13469874464659892,99.31141708014134,30.0,0.0,0.20880921193286936,99.31141708014134,10.755630676441369,59.90996365324669,9,synthetic,0.5872936459734279,1,0.5872936459734279,1,synthetic
8909993866fffff,18.507727054454257,2.355159063756074,0.3358827124272642,0.20821761270436345,16.848827217429363,0.15410880635218172,143.67727240718773,30.0,0.0,0.3358827124272642,143.67727240718773,10.758141009215173,59.91230909486798,9,synthetic,0.5916369801477817,1,0.5916369801477817,1,synthetic
89099938673ffff,42.05040789564625,6.036561189934873,1.237490301904912,0.42296607006479336,60.177929091081836,0.26148303503239667,389.10408081910765,30.0,0.0,1.237490301904912,389.10408081910765,10.746820269758443,59.911425454821966,9,synthetic,0.4616716936736097,0,0.4616716936736097,0,synthetic
89099938677ffff,46.566993428350884,6.702049019840569,1.4548041498001756,0.46178619347595895,70.82298661321082,0.28089309673797946,433.469936146154,30.0,1.0,1.4548041498001756,433.469936146154,10.749330183753399,59.913770958265516,9,synthetic,0.4669710728087205,0,0.4669710728087205,0,synthetic
8909993867bffff,55.120287904925775,7.856043191326801,1.8986797753136855,0.5291025201459892,91.32347600235826,0.3145512600729946,510.4028809119029,30.0,1.0,1.8986797753136855,510.4028809119029,10.749970532075116,59.90952185030693,9,synthetic,0.40757267759684435,0,0.40757267759684435,0,synthetic
89099938683ffff,83.17955427882241,12.202933147411297,7.3974094824323,0.7826711009175847,191.79268143870993,0.44133555045879236,800.1955446508692,30.0,1.0,7.3974094824323,800.1955446508692,10.723539039158618,59.91390408841869,9,synthetic,0.48188582736345387,0,0.48188582736345387,0,synthetic
89099938687ffff,7.696139811527049,0.8684209773169929,0.06236584288417808,0.12149122432875038,6.820559843759046,0.1107456121643752,44.56139997791564,30.0,0.0,0.06236584288417808,44.56139997791564,10.726047778156481,59.91624981672824,9,synthetic,0.5273490095663773,0,0.5273490095663773,0,synthetic
8909993868bffff,16.24943428810194,2.0224151488032263,0.2713369022338178,0.18880755099878066,14.231102200174277,0.14440377549939032,121.49434474366454,30.0,0.0,0.2713369022338178,121.49434474366454,10.726690034190424,59.912001240771396,9,synthetic,0.5968652395936278,1,0.5968652395936278,1,synthetic
8909993868fffff,20.76601982080658,2.687902978708922,0.40258127197235993,0.22762767440994627,19.681838232064184,0.16381383720497314,165.86020007071093,30.0,0.0,0.40258127197235993,165.86020007071093,10.729198855327905,59.91434700865229,9,synthetic,0.5332809816668064,0,0.5332809816668064,0,synthetic
89099938693ffff,44.30870066199857,6.3693051048877205,1.3431970949027967,0.44237613177037616,65.39281485345647,0.27118806588518807,411.2870084826308,30.0,0.0,1.3431970949027967,411.2870084826308,10.717879446450668,59.913460931348716,9,synthetic,0.5285913091569429,0,0.5285913091569429,0,synthetic
89099938697ffff,48.82528619470321,7.034792934793417,1.5730092811328389,0.48119625518154174,76.46844437034491,0.29059812759077086,455.6528638096773,30.0,1.0,1.5730092811328389,455.6528638096773,10.720387848400053,59.915806760945244,9,synthetic,0.49488817338345875,0,0.49488817338345875,0,synthetic
8909993869bffff,57.378580671278094,8.188787106279651,2.047374745403413,0.548512581851572,97.71557036204005,0.324256290925786,532.5858085754262,30.0,1.0,2.047374745403413,532.5858085754262,10.72103055502764,59.91155821924618,9,synthetic,0.5319123587490573,0,0.5319123587490573,0,synthetic
890999386a3ffff,9.474555989044978,1.024183403944682,0.08932946761072652,0.13057736588203225,7.669643132687405,0.11528868294101613,54.94556175309492,30.0,0.0,0.08932946761072652,54.94556175309492,10.734217262285515,59.91903812176855,9,synthetic,0.617333596917837,1,0.617333596917837,1,synthetic
890999386a7ffff,13.991141521749618,1.6896712338503783,0.20880921193286936,0.16939748929319787,11.828663180298921,0.13469874464659892,99.31141708014134,30.0,0.0,0.20880921193286936,99.31141708014134,10.736726848164,59.92138346698368,9,synthetic,0.48674197525385093,0,0.48674197525385093,0,synthetic
890999386abffff,22.54443599832451,2.843665405336612,0.4345850313892928,0.23671381596322816,21.08199055493574,0.16835690798161407,176.24436184589024,30.0,0.0,0.4345850313892928,176.24436184589024,10.73736830788312,59.91713521770242,9,synthetic,0.5342169751495158,0,0.5342169751495158,0,synthetic
890999386afffff,27.06102153102915,3.509153235242308,0.5773992334666608,0.27553393937439374,27.595427797161562,0.18776696968719686,220.61021717293664,30.0,0.0,0.5773992334666608,220.61021717293664,10.739877975836071,59.919480602473435,9,synthetic,0.46445516671813897,0,0.46445516671813897,0,synthetic
890999386b3ffff,50.60370237222114,7.190555361421106,1.630838817789088,0.49028239673482366,79.1851452751339,0.2951411983674118,466.03702558485656,30.0,1.0,1.630838817789088,466.03702558485656,10.728556772050405,59.918595404164755,9,synthetic,0.4267084505137105,0,0.4267084505137105,0,synthetic
890999386b7ffff,55.120287904925775,7.856043191326801,1.8986797753136855,0.5291025201459892,91.32347600235826,0.3145512600729946,510.4028809119029,30.0,1.0,1.8986797753136855,510.4028809119029,10.731066020869692,59.920940850718075,9,synthetic,0.5180052904256943,0,0.5180052904256943,0,synthetic
890999386bbffff,63.673582381500665,9.010037362813037,2.4700312418184063,0.5964188468160195,114.413387012275,0.34820942340800976,587.3358256776519,30.0,1.0,2.4700312418184063,587.3358256776519,10.731707931349884,59.91669263565472,9,synthetic,0.4674624274719176,0,0.4674624274719176,0,synthetic
890999386c3ffff,11.732848755397297,1.35692731889753,0.1481772593328154,0.14998742758761507,9.641510157803298,0.12499371379380754,77.12848941661812,30.0,0.0,0.1481772593328154,77.12848941661812,10.727332185091257,59.907752269678284,9,synthetic,0.5380798465702956,0,0.5380798465702956,0,synthetic
890999386c7ffff,16.24943428810194,2.0224151488032263,0.2713369022338178,0.18880755099878066,14.231102200174277,0.14440377549939032,121.49434474366454,30.0,0.0,0.2713369022338178,121.49434474366454,10.729840833494613,59.91009821800508,9,synthetic,0.5070618541507248,0,0.5070618541507248,0,synthetic
890999386cbffff,24.80272876467683,3.1764093202894594,0.5047176596447688,0.25612387766881095,24.23106617735878,0.17806193883440546,198.4272895094134,30.0,0.0,0.5047176596447688,198.4272895094134,10.73048270657617,59.90584903221636,9,synthetic,0.5319061275154899,0,0.5319061275154899,0,synthetic
890999386cfffff,29.319314297381467,3.8418971501951553,0.6528220446396581,0.29494400107997654,31.175075414344068,0.19747200053998826,242.79314483645982,30.0,0.0,0.6528220446396581,242.79314483645982,10.732991437070478,59.908195020121525,9,synthetic,0.45510213675397815,0,0.45510213675397815,0,synthetic
890999386d3ffff,52.861995138573455,7.523299276373955,1.760278969447684,0.5096924584404064,85.14666764005622,0.3048462292202032,488.21995324837974,30.0,1.0,1.760278969447684,488.21995324837974,10.721673156451805,59.90730928241464,9,synthetic,0.4128927965364459,0,0.4128927965364459,0,synthetic
890999386d7ffff,57.378580671278094,8.188787106279651,2.047374745403413,0.548512581851572,97.71557036204005,0.324256290925786,532.5858085754262,30.0,1.0,2.047374745403413,532.5858085754262,10.724181467908092,59.90965533202213,9,synthetic,0.4564805244442794,0,0.4564805244442794,0,synthetic
890999386dbffff,65.93187514785299,9.342781277765884,2.6704303254225827,0.6158289085216023,121.55211797450447,0.35791445426080115,609.518753341175,30.0,1.0,2.6704303254225827,609.518753341175,10.7248237915022,59.90540618048783,9,synthetic,0.49208617547824585,0,0.49208617547824585,0,synthetic
89099938803ffff,76.40467597976546,11.204701402552752,4.452330816700005,0.7244409158008362,165.47077411644514,0.4122204579004181,733.6467616602996,30.0,1.0,4.452330816700005,733.6467616602996,10.830437900185794,59.965190109190054,9,synthetic,0.46467790823306787,0,0.46467790823306787,0,synthetic
89099938807ffff,80.9212615124701,11.870189232458449,5.894485064716849,0.763261039212002,182.80342633390862,0.43163051960600096,778.0126169873461,30.0,1.0,5.894485064716849,778.0126169873461,10.83295511529759,59.96753200103578,9,synthetic,0.3183671088008992,0,0.3183671088008992,0,synthetic
8909993880bffff,9.474555989044978,1.024183403944682,0.08932946761072652,0.13057736588203225,7.669643132687405,0.11528868294101613,54.94556175309492,30.0,0.0,0.08932946761072652,54.94556175309492,10.833589387923498,59.96328669545881,9,synthetic,0.5960131988124177,1,0.5960131988124177,1,synthetic
8909993880fffff,13.991141521749618,1.6896712338503783,0.20880921193286936,0.16939748929319787,11.828663180298921,0.13469874464659892,99.31141708014134,30.0,0.0,0.20880921193286936,99.31141708014134,10.83610668451949,59.965628626721454,9,synthetic,0.5689456666981418,1,0.5689456666981418,1,synthetic
89099938813ffff,37.533822362941606,5.371073360029176,1.0414919377133844,0.3841459466536278,50.394015558471786,0.24207297332681388,344.7382254920612,30.0,0.0,1.0414919377133844,344.7382254920612,10.824769337846769,59.96475135419834,9,synthetic,0.5103956725493722,0,0.5103956725493722,0,synthetic
89099938817ffff,42.05040789564625,6.036561189934873,1.237490301904912,0.42296607006479336,60.177929091081836,0.26148303503239667,389.10408081910765,30.0,0.0,1.237490301904912,389.10408081910765,10.827286215806106,59.967093347842805,9,synthetic,0.5573107254329055,1,0.5573107254329055,1,synthetic
8909993881bffff,50.60370237222114,7.190555361421106,1.630838817789088,0.49028239673482366,79.1851452751339,0.2951411983674118,466.03702558485656,30.0,1.0,1.630838817789088,466.03702558485656,10.827920940700132,59.96284807612413,9,synthetic,0.3494605287917871,0,0.3494605287917871,0,synthetic
89099938823ffff,78.66296874611777,11.5374453175056,5.046142114092236,0.7438509775064192,174.02945722648704,0.42192548875320957,755.8296893238229,30.0,1.0,5.046142114092236,755.8296893238229,10.84114204467081,59.970312065529434,9,synthetic,0.40398748096729387,0,0.40398748096729387,0,synthetic
89099938827ffff,83.17955427882241,12.202933147411297,7.3974094824323,0.7826711009175847,191.79268143870993,0.44133555045879236,800.1955446508692,30.0,1.0,7.3974094824323,800.1955446508692,10.84366010828466,59.97265357305468,9,synthetic,0.4619519467733789,0,0.4619519467733789,0,synthetic
8909993882bffff,11.732848755397297,1.35692731889753,0.1481772593328154,0.14998742758761507,9.641510157803298,0.12499371379380754,77.12848941661812,30.0,0.0,0.1481772593328154,77.12848941661812,10.844293580091971,59.96840859495841,9,synthetic,0.49394664802653576,0,0.49394664802653576,0,synthetic
8909993882fffff,16.24943428810194,2.0224151488032263,0.2713369022338178,0.18880755099878066,14.231102200174277,0.14440377549939032,121.49434474366454,30.0,0.0,0.2713369022338178,121.49434474366454,10.846811725124072,59.97075014188508,9,synthetic,0.6315451748754202,1,0.6315451748754202,1,synthetic
89099938833ffff,39.792115129293926,5.703817274982025,1.137091120039691,0.40355600835921057,55.178329326086946,0.2517780041796053,366.9211531555844,30.0,0.0,1.137091120039691,366.9211531555844,10.835472586064563,59.96987375165123,9,synthetic,0.5014754732510984,0,0.5014754732510984,0,synthetic
89099938837ffff,44.30870066199857,6.3693051048877205,1.3431970949027967,0.44237613177037616,65.39281485345647,0.27118806588518807,411.2870084826308,30.0,0.0,1.3431970949027967,411.2870084826308,10.837990312516082,59.972215361026315,9,synthetic,0.512358153775747,0,0.512358153775747,0,synthetic
8909993883bffff,52.861995138573455,7.523299276373955,1.760278969447684,0.5096924584404064,85.14666764005622,0.3048462292202032,488.21995324837974,30.0,1.0,1.760278969447684,488.21995324837974,10.838624236758863,59.96797041674833,9,synthetic,0.41790262733018524,0,0.41790262733018524,0,synthetic
89099938843ffff,80.9212615124701,11.870189232458449,5.894485064716849,0.763261039212002,182.80342633390862,0.43163051960600096,778.0126169873461,30.0,1.0,5.894485064716849,778.0126169873461,10.83422355657084,59.95904099473954,9,synthetic,0.4736197687291147,0,0.4736197687291147,0,synthetic
89099938847ffff,5.4378470451747285,0.5356770623641447,0.005955034809285081,0.10208116262316759,5.16475742643138,0.1010405813115838,22.378472314392436,30.0,0.0,0.005955034809285081,22.378472314392436,10.836740679018472,59.96138310665091,9,synthetic,0.6475826887263596,1,0.6475826887263596,1,synthetic
8909993884bffff,13.991141521749618,1.6896712338503783,0.20880921193286936,0.16939748929319787,11.828663180298921,0.13469874464659892,99.31141708014134,30.0,0.0,0.20880921193286936,99.31141708014134,10.837374569586927,59.9571371914327,9,synthetic,0.5769878890433714,1,0.5769878890433714,1,synthetic
8909993884fffff,18.507727054454257,2.355159063756074,0.3358827124272642,0.20821761270436345,16.848827217429363,0.15410880635218172,143.67727240718773,30.0,0.0,0.3358827124272642,143.67727240718773,10.839891773470029,59.9594793427681,9,synthetic,0.5619576159428635,1,0.5619576159428635,1,synthetic
89099938853ffff,42.05040789564625,6.036561189934873,1.237490301904912,0.42296607006479336,60.177929091081836,0.26148303503239667,389.10408081910765,30.0,0.0,1.237490301904912,389.10408081910765,10.82855556154479,59.95860240926683,9,synthetic,0.49001740331443144,0,0.49001740331443144,0,synthetic
89099938857ffff,46.566993428350884,6.702049019840569,1.4548041498001756,0.46178619347595895,70.82298661321082,0.28089309673797946,433.469936146154,30.0,1.0,1.4548041498001756,433.469936146154,10.831072346941665,59.960944622970594,9,synthetic,0.4204765187787912,0,0.4204765187787912,0,synthetic
8909993885bffff,55.120287904925775,7.856043191326801,1.8986797753136855,0.5291025201459892,91.32347600235826,0.3145512600729946,510.4028809119029,30.0,1.0,1.8986797753136855,510.4028809119029,10.831706689696338,59.9566987416072,9,synthetic,0.43506743474984055,0,0.43506743474984055,0,synthetic
89099938863ffff,83.17955427882241,12.202933147411297,7.3974094824323,0.7826711009175847,191.79268143870993,0.44133555045879236,800.1955446508692,30.0,1.0,7.3974094824323,800.1955446508692,10.844926948036756,59.96416322171934,9,synthetic,0.42478050401109324,0,0.42478050401109324,0,synthetic
89099938867ffff,7.696139811527049,0.8684209773169929,0.06236584288417808,0.12149122432875038,6.820559843759046,0.1107456121643752,44.56139997791564,30.0,0.0,0.06236584288417808,44.56139997791564,10.847444918778782,59.96650494931501,9,synthetic,0.6054338839397952,1,0.6054338839397952,1,synthetic
8909993886bffff,16.24943428810194,2.0224151488032263,0.2713369022338178,0.18880755099878066,14.231102200174277,0.14440377549939032,121.49434474366454,30.0,0.0,0.2713369022338178,121.49434474366454,10.848078008619089,59.962259361596765,9,synthetic,0.6077389348182595,1,0.6077389348182595,1,synthetic
89099938873ffff,44.30870066199857,6.3693051048877205,1.3431970949027967,0.44237613177037616,65.39281485345647,0.27118806588518807,411.2870084826308,30.0,0.0,1.3431970949027967,411.2870084826308,10.839258057068374,59.96372507733126,9,synthetic,0.41710215038465637,0,0.41710215038465637,0,synthetic
89099938877ffff,48.82528619470321,7.034792934793417,1.5730092811328389,0.48119625518154174,76.46844437034491,0.29059812759077086,455.6528638096773,30.0,1.0,1.5730092811328389,455.6528638096773,10.841775690749802,59.96606690677044,9,synthetic,0.4510942724309169,0,0.4510942724309169,0,synthetic
8909993887bffff,57.378580671278094,8.188787106279651,2.047374745403413,0.548512581851572,97.71557036204005,0.324256290925786,532.5858085754262,30.0,1.0,2.047374745403413,532.5858085754262,10.842409232943607,59.96182135286698,9,synthetic,0.5149528282496659,0,0.5149528282496659,0,synthetic
89099938883ffff,5.4378470451747285,0.5356770623641447,0.005955034809285081,0.10208116262316759,5.16475742643138,0.1010405813115838,22.378472314392436,30.0,0.0,0.005955034809285081,22.378472314392436,10.815949083124265,59.96621532910393,9,synthetic,0.5569796994862795,1,0.5569796994862795,1,synthetic
89099938887ffff,9.954432577879368,1.2011648922698408,0.12041403537933591,0.1409012860343332,8.691648258466445,0.1204506430171666,66.74432764143884,30.0,0.0,0.12041403537933591,66.74432764143884,10.8184655423075,59.968557385101796,9,synthetic,0.5373428840517693,0,0.5373428840517693,0,synthetic
8909993888bffff,18.507727054454257,2.355159063756074,0.3358827124272642,0.20821761270436345,16.848827217429363,0.15410880635218172,143.67727240718773,30.0,0.0,0.3358827124272642,143.67727240718773,10.819100997600245,59.9643123617684,9,synthetic,0.5603528808994884,1,0.5603528808994884,1,synthetic
8909993888fffff,23.0243125871589,3.0206468936617705,0.4715811483337786,0.24703773611552907,22.730135244078745,0.17351886805776454,188.04312773423416,30.0,0.0,0.4715811483337786,188.04312773423416,10.821617538382343,59.9666544571915,9,synthetic,0.5776948716994179,1,0.5776948716994179,1,synthetic
89099938893ffff,46.566993428350884,6.702049019840569,1.4548041498001756,0.46178619347595895,70.82298661321082,0.28089309673797946,433.469936146154,30.0,1.0,1.4548041498001756,433.469936146154,10.81028085012972,59.96577596360218,9,synthetic,0.46421508479379325,0,0.46421508479379325,0,synthetic
89099938897ffff,51.08357896105552,7.367536849746265,1.6986419213581991,0.5006063168871245,82.32918812485875,0.30030315844356226,477.83579147320046,30.0,1.0,1.6986419213581991,477.83579147320046,10.812796972068847,59.96811812135399,9,synthetic,0.5175798097988326,0,0.5175798097988326,0,synthetic
8909993889bffff,59.63687343763041,8.521531021232498,2.208019169211325,0.5679226435571548,104.32295071910156,0.3339613217785774,554.7687362389493,30.0,1.0,2.208019169211325,554.7687362389493,10.8134328795441,59.963873131922306,9,synthetic,0.48224204649885466,0,0.48224204649885466,0,synthetic
890999388a3ffff,11.732848755397297,1.35692731889753,0.1481772593328154,0.14998742758761507,9.641510157803298,0.12499371379380754,77.12848941661812,30.0,0.0,0.1481772593328154,77.12848941661812,10.826651386837337,59.97133822442984,9,synthetic,0.615117371343736,1,0.615117371343736,1,synthetic
890999388a7ffff,16.24943428810194,2.0224151488032263,0.2713369022338178,0.18880755099878066,14.231102200174277,0.14440377549939032,121.49434474366454,30.0,0.0,0.2713369022338178,121.49434474366454,10.829168694568704,59.973679896224944,9,synthetic,0.5854535475389494,1,0.5854535475389494,1,synthetic
890999388abffff,24.80272876467683,3.1764093202894594,0.5047176596447688,0.25612387766881095,24.23106617735878,0.17806193883440546,198.4272895094134,30.0,0.0,0.5047176596447688,198.4272895094134,10.829803349403322,59.96943520027251,9,synthetic,0.6466496778889812,1,0.6466496778889812,1,synthetic
890999388afffff,29.319314297381467,3.8418971501951553,0.6528220446396581,0.29494400107997654,31.175075414344068,0.19747200053998826,242.79314483645982,30.0,0.0,0.6528220446396581,242.79314483645982,10.832320738667665,59.97177691147734,9,synthetic,0.5056720597797323,0,0.5056720597797323,0,synthetic
890999388b3ffff,52.861995138573455,7.523299276373955,1.760278969447684,0.5096924584404064,85.14666764005622,0.3048462292202032,488.21995324837974,30.0,1.0,1.760278969447684,488.21995324837974,10.820982257123163,59.970899299905874,9,synthetic,0.34627369580294926,0,0.34627369580294926,0,synthetic
890999388b7ffff,57.378580671278094,8.188787106279651,2.047374745403413,0.548512581851572,97.71557036204005,0.324256290925786,532.5858085754262,30.0,1.0,2.047374745403413,532.5858085754262,10.823499227600372,59.97324107350605,9,synthetic,0.5210927689425743,0,0.5210927689425743,0,synthetic
890999388bbffff,65.93187514785299,9.342781277765884,2.6704303254225827,0.6158289085216023,121.55211797450447,0.35791445426080115,609.518753341175,30.0,1.0,2.6704303254225827,609.518753341175,10.824134334784972,59.96899641141532,9,synthetic,0.41143560212506974,0,0.41143560212506974,0,synthetic
890999388c3ffff,13.991141521749618,1.6896712338503783,0.20880921193286936,0.16939748929319787,11.828663180298921,0.13469874464659892,99.31141708014134,30.0,0.0,0.20880921193286936,99.31141708014134,10.819736348724888,59.96006694330548,9,synthetic,0.5707380102536647,1,0.5707380102536647,1,synthetic
890999388c7ffff,18.507727054454257,2.355159063756074,0.3358827124272642,0.20821761270436345,16.848827217429363,0.15410880635218172,143.67727240718773,30.0,0.0,0.3358827124272642,143.67727240718773,10.822252715496106,59.9624092193492,9,synthetic,0.6157151055509551,1,0.6157151055509551,1,synthetic
890999388cbffff,27.06102153102915,3.509153235242308,0.5773992334666608,0.27553393937439374,27.595427797161562,0.18776696968719686,220.61021717293664,30.0,0.0,0.5773992334666608,220.61021717293664,10.822887788489865,59.958163586372024,9,synthetic,0.4429425492949335,0,0.4429425492949335,0,synthetic
890999388cfffff,31.577607063733787,4.174641065148004,0.7312010004491759,0.31435406278555933,34.97000902890631,0.20717703139277965,264.97607249998305,30.0,0.0,0.7312010004491759,264.97607249998305,10.825404236811194,59.96050590184809,9,synthetic,0.4463085157918343,0,0.4463085157918343,0,synthetic
890999388d3ffff,55.120287904925775,7.856043191326801,1.8986797753136855,0.5291025201459892,91.32347600235826,0.3145512600729946,510.4028809119029,30.0,1.0,1.8986797753136855,510.4028809119029,10.814068682780611,59.95962774736482,9,synthetic,0.36237997190591553,0,0.36237997190591553,0,synthetic
890999388d7ffff,59.63687343763041,8.521531021232498,2.208019169211325,0.5679226435571548,104.32295071910156,0.3339613217785774,554.7687362389493,30.0,1.0,2.208019169211325,554.7687362389493,10.816584712409375,59.961970125156135,9,synthetic,0.3996955328692571,0,0.3996955328692571,0,synthetic
890999388dbffff,68.1901679142053,9.675525192718732,2.8931684267563713,0.6352389702271851,128.90613493411365,0.36761948511359255,631.7016810046982,30.0,1.0,2.8931684267563713,631.7016810046982,10.817220237503848,59.957724526077236,9,synthetic,0.4551233551185908,0,0.4551233551185908,0,synthetic
8909993891bffff,11.732848755397297,1.35692731889753,0.1481772593328154,0.14998742758761507,9.641510157803298,0.12499371379380754,77.12848941661812,30.0,0.0,0.1481772593328154,77.12848941661812,10.845545026269782,59.97923934160865,9,synthetic,0.5992357601398715,1,0.5992357601398715,1,synthetic
89099938953ffff,83.17955427882241,12.202933147411297,7.3974094824323,0.7826711009175847,191.79268143870993,0.44133555045879236,800.1955446508692,30.0,1.0,7.3974094824323,800.1955446508692,10.846178427629525,59.97499493931394,9,synthetic,0.4462203396001389,0,0.4462203396001389,0,synthetic
89099938957ffff,7.696139811527049,0.8684209773169929,0.06236584288417808,0.12149122432875038,6.820559843759046,0.1107456121643752,44.56139997791564,30.0,0.0,0.06236584288417808,44.56139997791564,10.848697002734665,59.97733616429721,9,synthetic,0.5156258965275022,0,0.5156258965275022,0,synthetic
8909993895bffff,16.24943428810194,2.0224151488032263,0.2713369022338178,0.18880755099878066,14.231102200174277,0.14440377549939032,121.49434474366454,30.0,0.0,0.2713369022338178,121.49434474366454,10.849330125875339,59.973091547540356,9,synthetic,0.4422425506411125,0,0.4422425506411125,0,synthetic
890999389c3ffff,55.120287904925775,7.856043191326801,1.8986797753136855,0.5291025201459892,91.32347600235826,0.3145512600729946,510.4028809119029,30.0,1.0,1.8986797753136855,510.4028809119029,10.837356284314636,59.97645991017221,9,synthetic,0.4451615480313773,0,0.4451615480313773,0,synthetic
890999389c7ffff,59.63687343763041,8.521531021232498,2.208019169211325,0.5679226435571548,104.32295071910156,0.3339613217785774,554.7687362389493,30.0,1.0,2.208019169211325,554.7687362389493,10.839874440755764,59.97880119764207,9,synthetic,0.4158135456886115,0,0.4158135456886115,0,synthetic
890999389cbffff,68.1901679142053,9.675525192718732,2.8931684267563713,0.6352389702271851,128.90613493411365,0.36761948511359255,631.7016810046982,30.0,1.0,2.8931684267563713,631.7016810046982,10.840508294681273,59.97455682915097,9,synthetic,0.45611081340357174,0,0.45611081340357174,0,synthetic
890999389cfffff,72.70675344690994,10.341013022624427,3.430535065294052,0.6740590936383507,144.26002684547126,0.38702954681917534,676.0675363317446,30.0,1.0,3.430535065294052,676.0675363317446,10.843026532589443,59.976898156015096,9,synthetic,0.46613945161532055,0,0.46613945161532055,0,synthetic
890999389d3ffff,16.24943428810194,2.0224151488032263,0.2713369022338178,0.18880755099878066,14.231102200174277,0.14440377549939032,121.49434474366454,30.0,0.0,0.2713369022338178,121.49434474366454,10.831686258008304,59.97602142679058,9,synthetic,0.5646597940756788,1,0.5646597940756788,1,synthetic
890999389d7ffff,20.76601982080658,2.687902978708922,0.40258127197235993,0.22762767440994627,19.681838232064184,0.16381383720497314,165.86020007071093,30.0,0.0,0.40258127197235993,165.86020007071093,10.834204077185344,59.97836281611662,9,synthetic,0.5808201888108571,1,0.5808201888108571,1,synthetic
890999389dbffff,29.319314297381467,3.8418971501951553,0.6528220446396581,0.29494400107997654,31.175075414344068,0.19747200053998826,242.79314483645982,30.0,0.0,0.6528220446396581,242.79314483645982,10.834838383628366,59.974118481447285,9,synthetic,0.5273907129287879,0,0.5273907129287879,0,synthetic
89099938a13ffff,43.82882407316418,6.192323616562562,1.2862785709027134,0.4320522116180753,62.59229416464535,0.2660261058090376,399.48824259428693,30.0,0.0,1.2862785709027134,399.48824259428693,10.846826428950035,59.95142473107529,9,synthetic,0.4981602609830568,0,0.4981602609830568,0,synthetic
89099938a17ffff,48.34540960586882,6.857811446468258,1.509269238261351,0.47087233502924086,73.43890890759131,0.2854361675146204,443.8540979213333,30.0,1.0,1.509269238261351,443.8540979213333,10.84934387695796,59.95376700068778,9,synthetic,0.4236475261132313,0,0.4236475261132313,0,synthetic
89099938a1bffff,56.89870408244371,8.01180561795449,1.9669123444861696,0.538188661699271,94.28891010986496,0.3190943308496355,520.7870426870822,30.0,1.0,1.9669123444861696,520.7870426870822,10.849976655507223,59.94952022748311,9,synthetic,0.4309173423915367,0,0.4309173423915367,0,synthetic
89099938a83ffff,11.732848755397297,1.35692731889753,0.1481772593328154,0.14998742758761507,9.641510157803298,0.12499371379380754,77.12848941661812,30.0,0.0,0.1481772593328154,77.12848941661812,10.838008356250253,59.952890881059794,9,synthetic,0.5828651728320807,1,0.5828651728320807,1,synthetic
89099938a87ffff,16.24943428810194,2.0224151488032263,0.2713369022338178,0.18880755099878066,14.231102200174277,0.14440377549939032,121.49434474366454,30.0,0.0,0.2713369022338178,121.49434474366454,10.840525385989261,59.95523321305186,9,synthetic,0.5987741462436157,1,0.5987741462436157,1,synthetic
89099938a8bffff,24.80272876467683,3.1764093202894594,0.5047176596447688,0.25612387766881095,24.23106617735878,0.17806193883440546,198.4272895094134,30.0,0.0,0.5047176596447688,198.4272895094134,10.841158894651361,59.950986688175625,9,synthetic,0.5105799642604483,0,0.5105799642604483,0,synthetic
89099938a8fffff,29.319314297381467,3.8418971501951553,0.6528220446396581,0.29494400107997654,31.175075414344068,0.19747200053998826,242.79314483645982,30.0,0.0,0.6528220446396581,242.79314483645982,10.84367600577719,59.95332905959881,9,synthetic,0.5419885070096402,0,0.5419885070096402,0,synthetic
89099938a93ffff,52.861995138573455,7.523299276373955,1.760278969447684,0.5096924584404064,85.14666764005622,0.3048462292202032,488.21995324837974,30.0,1.0,1.760278969447684,488.21995324837974,10.83234092847515,59.95245246509282,9,synthetic,0.433157870810506,0,0.433157870810506,0,synthetic
89099938a97ffff,57.378580671278094,8.188787106279651,2.047374745403413,0.548512581851572,97.71557036204005,0.324256290925786,532.5858085754262,30.0,1.0,2.047374745403413,532.5858085754262,10.834857621265012,59.95479489887091,9,synthetic,0.4350029425003107,0,0.4350029425003107,0,synthetic
89099938a9bffff,65.93187514785299,9.342781277765884,2.6704303254225827,0.6158289085216023,121.55211797450447,0.35791445426080115,609.518753341175,30.0,1.0,2.6704303254225827,609.518753341175,10.83549158203141,59.95054840784599,9,synthetic,0.4757965257741147,0,0.4757965257741147,0,synthetic
89099938aa3ffff,18.027850465619867,2.178177575430915,0.30129262867678214,0.19789369255206252,15.429697302228838,0.14894684627603128,131.8785065188438,30.0,0.0,0.30129262867678214,131.8785065188438,10.848710994670386,59.95801337872336,9,synthetic,0.45276518028407176,0,0.45276518028407176,0,synthetic
89099938ab3ffff,59.15699684879603,8.34454953290734,2.1209716260715266,0.557598723404854,100.78178307995525,0.32879936170242696,542.9699703506054,30.0,1.0,2.1209716260715266,542.9699703506054,10.843042671277582,59.95757540381211,9,synthetic,0.373550790228394,0,0.373550790228394,0,synthetic
89099938ab7ffff,63.673582381500665,9.010037362813037,2.4700312418184063,0.5964188468160195,114.413387012275,0.34820942340800976,587.3358256776519,30.0,1.0,2.4700312418184063,587.3358256776519,10.845560212144484,59.959917453330455,9,synthetic,0.3614764670548917,0,0.3614764670548917,0,synthetic
89099938abbffff,72.22687685807556,10.16403153429927,3.2729601731544222,0.6637351734860498,140.092719642961,0.3818675867430249,664.2687704434007,30.0,1.0,3.2729601731544222,664.2687704434007,10.846193372440435,59.95567128978476,9,synthetic,0.31308256774810006,0,0.31308256774810006,0,synthetic
89099938ac3ffff,20.286143231972186,2.5109214903837636,0.36682860644217424,0.21730375425764534,18.148200929892422,0.15865187712882267,154.061434182367,30.0,0.0,0.36682860644217424,154.061434182367,10.841792299481792,59.946739768132396,9,synthetic,0.511035137108368,0,0.511035137108368,0,synthetic
89099938ac7ffff,24.80272876467683,3.1764093202894594,0.5047176596447688,0.25612387766881095,24.23106617735878,0.17806193883440546,198.4272895094134,30.0,0.0,0.5047176596447688,198.4272895094134,10.84430923646775,59.949082320220136,9,synthetic,0.567738717858064,1,0.567738717858064,1,synthetic
89099938acbffff,33.35602324125172,4.330403491775693,0.7689742596358144,0.32344020433884124,36.82045177531256,0.2117201021694206,275.3602342751623,30.0,0.0,0.7689742596358144,275.3602342751623,10.84494236337462,59.944835185669184,9,synthetic,0.48957788859978796,0,0.48957788859978796,0,synthetic
89099938acfffff,37.87260877395636,4.995891321681389,0.938911912430471,0.3622603277500068,45.25773421739323,0.2311301638750034,319.72608960220873,30.0,0.0,0.938911912430471,319.72608960220873,10.847459381698672,59.94717777719516,9,synthetic,0.49997202664940504,0,0.49997202664940504,0,synthetic
89099938ad3ffff,61.415289615148346,8.677293447860187,2.2878959160231704,0.5770087851104367,107.48994204742525,0.33850439255521836,565.1528980141286,30.0,1.0,2.2878959160231704,565.1528980141286,10.836125438895465,59.94630152165785,9,synthetic,0.49139788941564616,0,0.49139788941564616,0,synthetic
89099938ad7ffff,65.93187514785299,9.342781277765884,2.6704303254225827,0.6158289085216023,121.55211797450447,0.35791445426080115,609.518753341175,30.0,1.0,2.6704303254225827,609.518753341175,10.838642039033884,59.94864417552527,9,synthetic,0.5007048802862957,0,0.5007048802862957,0,synthetic
89099938adbffff,74.48516962442788,10.496775449252116,3.580296989928423,0.6831452351916325,147.97808720773813,0.39157261759581624,686.4516981069239,30.0,1.0,3.580296989928423,686.4516981069239,10.839275617963139,59.94439707482217,9,synthetic,0.4253399683911055,0,0.4253399683911055,0,synthetic
89099938b93ffff,13.991141521749618,1.6896712338503783,0.20880921193286936,0.16939748929319787,11.828663180298921,0.13469874464659892,99.31141708014134,30.0,0.0,0.20880921193286936,99.31141708014134,10.849963145198886,59.968846535643955,9,synthetic,0.6330232825149829,1,0.6330232825149829,1,synthetic
89099938c03ffff,84.95797045634035,12.358695574038986,8.883490711932321,0.7917572424708667,196.07466412813406,0.4458786212354333,810.5797064260486,30.0,1.0,8.883490711932321,810.5797064260486,10.790762631180929,59.96211383881832,9,synthetic,0.4349936273094351,0,0.4349936273094351,0,synthetic
89099938c07ffff,9.474555989044978,1.024183403944682,0.08932946761072652,0.13057736588203225,7.669643132687405,0.11528868294101613,54.94556175309492,30.0,0.0,0.08932946761072652,54.94556175309492,10.79327748570602,59.964456442832926,9,synthetic,0.5389249511695317,0,0.5389249511695317,0,synthetic
89099938c0bffff,18.027850465619867,2.178177575430915,0.30129262867678214,0.19789369255206252,15.429697302228838,0.14894684627603128,131.8785065188438,30.0,0.0,0.30129262867678214,131.8785065188438,10.793914923192608,59.9602113746444,9,synthetic,0.5226981812268428,0,0.5226981812268428,0,synthetic
89099938c0fffff,22.54443599832451,2.843665405336612,0.4345850313892928,0.23671381596322816,21.08199055493574,0.16835690798161407,176.24436184589024,30.0,0.0,0.4345850313892928,176.24436184589024,10.796429859496874,59.96255401810804,9,synthetic,0.46353780816617507,0,0.46353780816617507,0,synthetic
89099938c13ffff,46.0871168395165,6.52506753151541,1.3946677106304064,0.45146227332365807,67.90795853742848,0.275731136661829,421.67117025781016,30.0,1.0,1.3946677106304064,421.67117025781016,10.785095625544534,59.961673422222994,9,synthetic,0.4208193575936959,0,0.4208193575936959,0,synthetic
89099938c17ffff,50.60370237222114,7.190555361421106,1.630838817789088,0.49028239673482366,79.1851452751339,0.2951411983674118,466.03702558485656,30.0,1.0,1.630838817789088,466.03702558485656,10.787610142744184,59.96401612789555,9,synthetic,0.43472160822830275,0,0.43472160822830275,0,synthetic
89099938c1bffff,59.15699684879603,8.34454953290734,2.1209716260715266,0.557598723404854,100.78178307995525,0.32879936170242696,542.9699703506054,30.0,1.0,2.1209716260715266,542.9699703506054,10.788248032160007,59.95977109369214,9,synthetic,0.47855365760106217,0,0.47855365760106217,0,synthetic
89099938c23ffff,7.216263222692657,0.6914394889918339,0.03216382955801622,0.11116730417644946,5.913062104951247,0.10558365208822473,32.76263408957172,30.0,0.0,0.03216382955801622,32.76263408957172,10.801460498699544,59.96723888164392,9,synthetic,0.6746879626798277,1,0.6746879626798277,1,synthetic
89099938c27ffff,11.732848755397297,1.35692731889753,0.1481772593328154,0.14998742758761507,9.641510157803298,0.12499371379380754,77.12848941661812,30.0,0.0,0.1481772593328154,77.12848941661812,10.803976201656395,59.96958110169603,9,synthetic,0.503917292230381,0,0.503917292230381,0,synthetic
89099938c2bffff,20.286143231972186,2.5109214903837636,0.36682860644217424,0.21730375425764534,18.148200929892422,0.15865187712882267,154.061434182367,30.0,0.0,0.36682860644217424,154.061434182367,10.804612839496603,59.96533636070835,9,synthetic,0.5645897325291228,1,0.5645897325291228,1,synthetic
89099938c2fffff,24.80272876467683,3.1764093202894594,0.5047176596447688,0.25612387766881095,24.23106617735878,0.17806193883440546,198.4272895094134,30.0,0.0,0.5047176596447688,198.4272895094134,10.807128624166936,59.96767862019401,9,synthetic,0.4782398259138002,0,0.4782398259138002,0,synthetic
89099938c33ffff,48.34540960586882,6.857811446468258,1.509269238261351,0.47087233502924086,73.43890890759131,0.2854361675146204,443.8540979213333,30.0,1.0,1.509269238261351,443.8540979213333,10.795792595764535,59.96679890572587,9,synthetic,0.48261604367988553,0,0.48261604367988553,0,synthetic
89099938c37ffff,52.861995138573455,7.523299276373955,1.760278969447684,0.5096924584404064,85.14666764005622,0.3048462292202032,488.21995324837974,30.0,1.0,1.760278969447684,488.21995324837974,10.798307961385767,59.969141227487086,9,synthetic,0.43989547787188865,0,0.43989547787188865,0,synthetic
89099938c3bffff,61.415289615148346,8.677293447860187,2.2878959160231704,0.5770087851104367,107.48994204742525,0.33850439255521836,565.1528980141286,30.0,1.0,2.2878959160231704,565.1528980141286,10.79894505132278,59.96489652044455,9,synthetic,0.34539172328773,0,0.34539172328773,0,synthetic
89099938c43ffff,9.474555989044978,1.024183403944682,0.08932946761072652,0.13057736588203225,7.669643132687405,0.11528868294101613,54.94556175309492,30.0,0.0,0.08932946761072652,54.94556175309492,10.7945522562059,59.95596591133966,9,synthetic,0.627209711939329,1,0.627209711939329,1,synthetic
89099938c47ffff,13.991141521749618,1.6896712338503783,0.20880921193286936,0.16939748929319787,11.828663180298921,0.13469874464659892,99.31141708014134,30.0,0.0,0.20880921193286936,99.31141708014134,10.797067018778518,59.958308735375574,9,synthetic,0.5350939523960764,0,0.5350939523960764,0,synthetic
89099938c4bffff,22.54443599832451,2.843665405336612,0.4345850313892928,0.23671381596322816,21.08199055493574,0.16835690798161407,176.24436184589024,30.0,0.0,0.4345850313892928,176.24436184589024,10.7977040736349,59.95406305752157,9,synthetic,0.5108696218757481,0,0.5108696218757481,0,synthetic
89099938c4fffff,27.06102153102915,3.509153235242308,0.5773992334666608,0.27553393937439374,27.595427797161562,0.18776696968719686,220.61021717293664,30.0,0.0,0.5773992334666608,220.61021717293664,10.800218917937853,59.95640592101359,9,synthetic,0.46956790578339525,0,0.46956790578339525,0,synthetic
89099938c53ffff,50.60370237222114,7.190555361421106,1.630838817789088,0.49028239673482366,79.1851452751339,0.2951411983674118,466.03702558485656,30.0,1.0,1.630838817789088,466.03702558485656,10.788885817031932,59.95552566437623,9,synthetic,0.4199082787976465,0,0.4199082787976465,0,synthetic
89099938c57ffff,55.120287904925775,7.856043191326801,1.8986797753136855,0.5291025201459892,91.32347600235826,0.3145512600729946,510.4028809119029,30.0,1.0,1.8986797753136855,510.4028809119029,10.791400242380695,59.95786859006378,9,synthetic,0.46383839079660405,0,0.46383839079660405,0,synthetic
89099938c5bffff,63.673582381500665,9.010037362813037,2.4700312418184063,0.5964188468160195,114.413387012275,0.34820942340800976,587.3358256776519,30.0,1.0,2.4700312418184063,587.3358256776519,10.792037749084669,59.9536229461914,9,synthetic,0.4261235198802125,0,0.4261235198802125,0,synthetic
89099938c63ffff,11.732848755397297,1.35692731889753,0.1481772593328154,0.14998742758761507,9.641510157803298,0.12499371379380754,77.12848941661812,30.0,0.0,0.1481772593328154,77.12848941661812,10.805249372979347,59.96109122460399,9,synthetic,0.5894594681133569,1,0.5894594681133569,1,synthetic
89099938c67ffff,16.24943428810194,2.0224151488032263,0.2713369022338178,0.18880755099878066,14.231102200174277,0.14440377549939032,121.49434474366454,30.0,0.0,0.2713369022338178,121.49434474366454,10.807764983776277,59.963433664682135,9,synthetic,0.5758438151691869,1,0.5758438151691869,1,synthetic
89099938c6bffff,24.80272876467683,3.1764093202894594,0.5047176596447688,0.25612387766881095,24.23106617735878,0.17806193883440546,198.4272895094134,30.0,0.0,0.5047176596447688,198.4272895094134,10.80840123907627,59.95918831404822,9,synthetic,0.5963001056480852,1,0.5963001056480852,1,synthetic
89099938c6fffff,29.319314297381467,3.8418971501951553,0.6528220446396581,0.29494400107997654,31.175075414344068,0.19747200053998826,242.79314483645982,30.0,0.0,0.6528220446396581,242.79314483645982,10.810916931537855,59.961530793567036,9,synthetic,0.49879083667981555,0,0.49879083667981555,0,synthetic
89099938c73ffff,52.861995138573455,7.523299276373955,1.760278969447684,0.5096924584404064,85.14666764005622,0.3048462292202032,488.21995324837974,30.0,1.0,1.760278969447684,488.21995324837974,10.79958203683165,59.96065141828906,9,synthetic,0.3726069195639884,0,0.3726069195639884,0,synthetic
89099938c77ffff,57.378580671278094,8.188787106279651,2.047374745403413,0.548512581851572,97.71557036204005,0.324256290925786,532.5858085754262,30.0,1.0,2.047374745403413,532.5858085754262,10.80209731039459,59.96299396007002,9,synthetic,0.4942411716953164,0,0.4942411716953164,0,synthetic
89099938c7bffff,65.93187514785299,9.342781277765884,2.6704303254225827,0.6158289085216023,121.55211797450447,0.35791445426080115,609.518753341175,30.0,1.0,2.6704303254225827,609.518753341175,10.802734017709597,59.95874864337776,9,synthetic,0.4177461650680483,0,0.4177461650680483,0,synthetic
89099938c83ffff,13.991141521749618,1.6896712338503783,0.20880921193286936,0.16939748929319787,11.828663180298921,0.13469874464659892,99.31141708014134,30.0,0.0,0.20880921193286936,99.31141708014134,10.776276125176215,59.96313478613218,9,synthetic,0.6210736102653818,1,0.6210736102653818,1,synthetic
89099938c87ffff,18.507727054454257,2.355159063756074,0.3358827124272642,0.20821761270436345,16.848827217429363,0.15410880635218172,143.67727240718773,30.0,0.0,0.3358827124272642,143.67727240718773,10.778790223132178,59.96547755398519,9,synthetic,0.5694064269670522,1,0.5694064269670522,1,synthetic
89099938c8bffff,27.06102153102915,3.509153235242308,0.5773992334666608,0.27553393937439374,27.595427797161562,0.18776696968719686,220.61021717293664,30.0,0.0,0.5773992334666608,220.61021717293664,10.779428842685373,59.961232768344196,9,synthetic,0.5164986498377125,0,0.5164986498377125,0,synthetic
89099938c8fffff,31.577607063733787,4.174641065148004,0.7312010004491759,0.31435406278555933,34.97000902890631,0.20717703139277965,264.97607249998305,30.0,0.0,0.7312010004491759,264.97607249998305,10.78194302253498,59.963575575654595,9,synthetic,0.5263296711994561,0,0.5263296711994561,0,synthetic
89099938c93ffff,55.120287904925775,7.856043191326801,1.8986797753136855,0.5291025201459892,91.32347600235826,0.3145512600729946,510.4028809119029,30.0,1.0,1.8986797753136855,510.4028809119029,10.770609450765528,59.96269375935047,9,synthetic,0.5399944967681731,0,0.5399944967681731,0,synthetic
89099938c97ffff,59.63687343763041,8.521531021232498,2.208019169211325,0.5679226435571548,104.32295071910156,0.3339613217785774,554.7687362389493,30.0,1.0,2.208019169211325,554.7687362389493,10.773123211304805,59.96503662881658,9,synthetic,0.543251373823216,0,0.543251373823216,0,synthetic
89099938c9bffff,68.1901679142053,9.675525192718732,2.8931684267563713,0.6352389702271851,128.90613493411365,0.36761948511359255,631.7016810046982,30.0,1.0,2.8931684267563713,631.7016810046982,10.773762282701215,59.960791877204066,9,synthetic,0.4366105815743801,0,0.4366105815743801,0,synthetic
89099938ca3ffff,20.286143231972186,2.5109214903837636,0.36682860644217424,0.21730375425764534,18.148200929892422,0.15865187712882267,154.061434182367,30.0,0.0,0.36682860644217424,154.061434182367,10.786972148758935,59.968260766993474,9,synthetic,0.5529578887819806,1,0.5529578887819806,1,synthetic
89099938ca7ffff,24.80272876467683,3.1764093202894594,0.5047176596447688,0.25612387766881095,24.23106617735878,0.17806193883440546,198.4272895094134,30.0,0.0,0.5047176596447688,198.4272895094134,10.789487095191783,59.97060315100178,9,synthetic,0.5840790307449962,1,0.5840790307449962,1,synthetic
89099938cabffff,33.35602324125172,4.330403491775693,0.7689742596358144,0.32344020433884124,36.82045177531256,0.2117201021694206,275.3602342751623,30.0,0.0,0.7689742596358144,275.3602342751623,10.790124915459819,59.966358692461995,9,synthetic,0.4615390402805493,0,0.4615390402805493,0,synthetic
89099938cafffff,37.87260877395636,4.995891321681389,0.938911912430471,0.3622603277500068,45.25773421739323,0.2311301638750034,319.72608960220873,30.0,0.0,0.938911912430471,319.72608960220873,10.792639943720628,59.96870111591221,9,synthetic,0.5067360411832252,0,0.5067360411832252,0,synthetic
89099938cb3ffff,61.415289615148346,8.677293447860187,2.2878959160231704,0.5770087851104367,107.48994204742525,0.33850439255521836,565.1528980141286,30.0,1.0,2.2878959160231704,565.1528980141286,10.78130457659839,59.96782018075304,9,synthetic,0.43564387218241374,0,0.43564387218241374,0,synthetic
89099938cb7ffff,65.93187514785299,9.342781277765884,2.6704303254225827,0.6158289085216023,121.55211797450447,0.35791445426080115,609.518753341175,30.0,1.0,2.6704303254225827,609.518753341175,10.783819185604154,59.97016266642562,9,synthetic,0.4500159842457887,0,0.4500159842457887,0,synthetic
89099938cbbffff,74.48516962442788,10.496775449252116,3.580296989928423,0.6831452351916325,147.97808720773813,0.39157261759581624,686.4516981069239,30.0,1.0,3.580296989928423,686.4516981069239,10.784457457883118,59.96591824187439,9,synthetic,0.3871284248299422,0,0.3871284248299422,0,synthetic
89099938cc3ffff,22.54443599832451,2.843665405336612,0.4345850313892928,0.23671381596322816,21.08199055493574,0.16835690798161407,176.24436184589024,30.0,0.0,0.4345850313892928,176.24436184589024,10.780067357575989,59.9569875875998,9,synthetic,0.45808625912897744,0,0.45808625912897744,0,synthetic
89099938cc7ffff,27.06102153102915,3.509153235242308,0.5773992334666608,0.27553393937439374,27.595427797161562,0.18776696968719686,220.61021717293664,30.0,0.0,0.5773992334666608,220.61021717293664,10.78258136383154,59.95933057545438,9,synthetic,0.4194063545483152,0,0.4194063545483152,0,synthetic
89099938ccbffff,35.61431600760404,4.663147406728541,0.8521387033663794,0.34285026604442403,40.93144999766304,0.221425133022212,297.54316193868556,30.0,0.0,0.8521387033663794,297.54316193868556,10.78321960051362,59.95508518014544,9,synthetic,0.4410400443866583,0,0.4410400443866583,0,synthetic
89099938ccfffff,40.13090154030868,5.328635236634238,1.0296213410061066,0.3816703894555896,49.79930443450317,0.2408351947277948,341.90901726573196,30.0,0.0,1.0296213410061066,341.90901726573196,10.785733688613947,59.95742820746448,9,synthetic,0.4604081452204716,0,0.4604081452204716,0,synthetic
89099938cd3ffff,63.673582381500665,9.010037362813037,2.4700312418184063,0.5964188468160195,114.413387012275,0.34820942340800976,587.3358256776519,30.0,1.0,2.4700312418184063,587.3358256776519,10.77440124936452,59.9565467304919,9,synthetic,0.4209261575945947,0,0.4209261575945947,0,synthetic
89099938cd7ffff,68.1901679142053,9.675525192718732,2.8931684267563713,0.6352389702271851,128.90613493411365,0.36761948511359255,631.7016810046982,30.0,1.0,2.8931684267563713,631.7016810046982,10.776914918304982,59.95888981995328,9,synthetic,0.530003082939217,0,0.530003082939217,0,synthetic
89099938cdbffff,76.7434623907802,10.829519364204966,3.943590524494632,0.7025552968972154,156.07874076989506,0.4012776484486077,708.6346257704472,30.0,1.0,3.943590524494632,708.6346257704472,10.777553606748665,59.95464445866934,9,synthetic,0.4832161394086266,0,0.4832161394086266,0,synthetic
89099938d03ffff,46.0871168395165,6.52506753151541,1.3946677106304064,0.45146227332365807,67.90795853742848,0.275731136661829,421.67117025781016,30.0,1.0,1.3946677106304064,421.67117025781016,10.808371980082347,59.97850910301292,9,synthetic,0.41712149446329716,0,0.41712149446329716,0,synthetic
89099938d0bffff,59.15699684879603,8.34454953290734,2.1209716260715266,0.557598723404854,100.78178307995525,0.32879936170242696,542.9699703506054,30.0,1.0,2.1209716260715266,542.9699703506054,10.811524844300205,59.97660691486795,9,synthetic,0.4557598292546799,0,0.4557598292546799,0,synthetic
89099938d0fffff,63.673582381500665,9.010037362813037,2.4700312418184063,0.5964188468160195,114.413387012275,0.34820942340800976,587.3358256776519,30.0,1.0,2.4700312418184063,587.3358256776519,10.814041569870017,59.97894857023022,9,synthetic,0.4152318251095165,0,0.4152318251095165,0,synthetic
89099938d13ffff,7.216263222692657,0.6914394889918339,0.03216382955801622,0.11116730417644946,5.913062104951247,0.10558365208822473,32.76263408957172,30.0,0.0,0.03216382955801622,32.76263408957172,10.802702612801394,59.978069398349255,9,synthetic,0.5744312792195236,1,0.5744312792195236,1,synthetic
89099938d1bffff,20.286143231972186,2.5109214903837636,0.36682860644217424,0.21730375425764534,18.148200929892422,0.15865187712882267,154.061434182367,30.0,0.0,0.36682860644217424,154.061434182367,10.80585559191788,59.976167345879475,9,synthetic,0.5542146415868959,1,0.5542146415868959,1,synthetic
89099938d43ffff,50.60370237222114,7.190555361421106,1.630838817789088,0.49028239673482366,79.1851452751339,0.2951411983674118,466.03702558485656,30.0,1.0,1.630838817789088,466.03702558485656,10.812160960329384,59.972362715666875,9,synthetic,0.4835809984807939,0,0.4835809984807939,0,synthetic
89099938d47ffff,55.120287904925775,7.856043191326801,1.8986797753136855,0.5291025201459892,91.32347600235826,0.3145512600729946,510.4028809119029,30.0,1.0,1.8986797753136855,510.4028809119029,10.814677511880042,59.97470455163394,9,synthetic,0.42548094456765745,0,0.42548094456765745,0,synthetic
89099938d4bffff,63.673582381500665,9.010037362813037,2.4700312418184063,0.5964188468160195,114.413387012275,0.34820942340800976,587.3358256776519,30.0,1.0,2.4700312418184063,587.3358256776519,10.815313349622995,59.970460137927525,9,synthetic,0.48877831356375073,0,0.48877831356375073,0,synthetic
89099938d4fffff,68.1901679142053,9.675525192718732,2.8931684267563713,0.6352389702271851,128.90613493411365,0.36761948511359255,631.7016810046982,30.0,1.0,2.8931684267563713,631.7016810046982,10.81782998282125,59.972802013312666,9,synthetic,0.37604461351062096,0,0.37604461351062096,0,synthetic
89099938d53ffff,11.732848755397297,1.35692731889753,0.1481772593328154,0.14998742758761507,9.641510157803298,0.12499371379380754,77.12848941661812,30.0,0.0,0.1481772593328154,77.12848941661812,10.80649216022264,59.97192318059079,9,synthetic,0.5733433211173463,1,0.5733433211173463,1,synthetic
89099938d57ffff,16.24943428810194,2.0224151488032263,0.2713369022338178,0.18880755099878066,14.231102200174277,0.14440377549939032,121.49434474366454,30.0,0.0,0.2713369022338178,121.49434474366454,10.809008374427458,59.974265118318115,9,synthetic,0.6876314088025364,1,0.6876314088025364,1,synthetic
89099938d5bffff,24.80272876467683,3.1764093202894594,0.5047176596447688,0.25612387766881095,24.23106617735878,0.17806193883440546,198.4272895094134,30.0,0.0,0.5047176596447688,198.4272895094134,10.809644664434742,59.970020738516844,9,synthetic,0.5414210100029407,0,0.5414210100029407,0,synthetic
89099938d63ffff,52.861995138573455,7.523299276373955,1.760278969447684,0.5096924584404064,85.14666764005622,0.3048462292202032,488.21995324837974,30.0,1.0,1.760278969447684,488.21995324837974,10.82286401626749,59.977485340477514,9,synthetic,0.5181105357365836,0,0.5181105357365836,0,synthetic
89099938d67ffff,57.378580671278094,8.188787106279651,2.047374745403413,0.548512581851572,97.71557036204005,0.324256290925786,532.5858085754262,30.0,1.0,2.047374745403413,532.5858085754262,10.825381416573874,59.979826792237056,9,synthetic,0.4454560597753776,0,0.4454560597753776,0,synthetic
89099938d6bffff,65.93187514785299,9.342781277765884,2.6704303254225827,0.6158289085216023,121.55211797450447,0.35791445426080115,609.518753341175,30.0,1.0,2.6704303254225827,609.518753341175,10.826016453768442,59.97558270589225,9,synthetic,0.46335942843940087,0,0.46335942843940087,0,synthetic
89099938d6fffff,70.44846068055763,10.00826910767158,3.1438580911376657,0.6546490319327679,136.4754378911026,0.37732451596638394,653.8846086682214,30.0,1.0,3.1438580911376657,653.8846086682214,10.828533935656612,59.97792419705444,9,synthetic,0.42920943064188855,0,0.42920943064188855,0,synthetic
89099938d73ffff,13.991141521749618,1.6896712338503783,0.20880921193286936,0.16939748929319787,11.828663180298921,0.13469874464659892,99.31141708014134,30.0,0.0,0.20880921193286936,99.31141708014134,10.817194319116028,59.97704624640799,9,synthetic,0.5568236089783027,1,0.5568236089783027,1,synthetic
89099938d77ffff,18.507727054454257,2.355159063756074,0.3358827124272642,0.20821761270436345,16.848827217429363,0.15410880635218172,143.67727240718773,30.0,0.0,0.3358827124272642,143.67727240718773,10.819711382066533,59.979387799978944,9,synthetic,0.5112634514716577,0,0.5112634514716577,0,synthetic
89099938d7bffff,27.06102153102915,3.509153235242308,0.5773992334666608,0.27553393937439374,27.595427797161562,0.18776696968719686,220.61021717293664,30.0,0.0,0.5773992334666608,220.61021717293664,10.820346871693015,59.975143747499374,9,synthetic,0.5445705942957575,0,0.5445705942957575,0,synthetic
89099938d83ffff,55.120287904925775,7.856043191326801,1.8986797753136855,0.5291025201459892,91.32347600235826,0.3145512600729946,510.4028809119029,30.0,1.0,1.8986797753136855,510.4028809119029,10.793880177607893,59.97953119796177,9,synthetic,0.3998670093025698,0,0.3998670093025698,0,synthetic
89099938d8bffff,68.1901679142053,9.675525192718732,2.8931684267563713,0.6352389702271851,128.90613493411365,0.36761948511359255,631.7016810046982,30.0,1.0,2.8931684267563713,631.7016810046982,10.797033468125063,59.97762945626124,9,synthetic,0.46642078663341263,0,0.46642078663341263,0,synthetic
89099938d8fffff,72.70675344690994,10.341013022624427,3.430535065294052,0.6740590936383507,144.26002684547126,0.38702954681917534,676.0675363317446,30.0,1.0,3.430535065294052,676.0675363317446,10.799549437078639,59.97997127572562,9,synthetic,0.48530612052655253,0,0.48530612052655253,0,synthetic
89099938d93ffff,16.24943428810194,2.0224151488032263,0.2713369022338178,0.18880755099878066,14.231102200174277,0.14440377549939032,121.49434474366454,30.0,0.0,0.2713369022338178,121.49434474366454,10.788211140912821,59.979090882797756,9,synthetic,0.5760742928346062,1,0.5760742928346062,1,synthetic
89099938d9bffff,29.319314297381467,3.8418971501951553,0.6528220446396581,0.29494400107997654,31.175075414344068,0.19747200053998826,242.79314483645982,30.0,0.0,0.6528220446396581,242.79314483645982,10.791364546151302,59.977189276771014,9,synthetic,0.5016177075452499,0,0.5016177075452499,0,synthetic
89099938dc3ffff,63.673582381500665,9.010037362813037,2.4700312418184063,0.5964188468160195,114.413387012275,0.34820942340800976,587.3358256776519,30.0,1.0,2.4700312418184063,587.3358256776519,10.797670766995024,59.97338553942364,9,synthetic,0.4582840158924676,0,0.4582840158924676,0,synthetic
89099938dc7ffff,68.1901679142053,9.675525192718732,2.8931684267563713,0.6352389702271851,128.90613493411365,0.36761948511359255,631.7016810046982,30.0,1.0,2.8931684267563713,631.7016810046982,10.800186562067086,59.9757275394647,9,synthetic,0.41770787204042054,0,0.41770787204042054,0,synthetic
89099938dcbffff,76.7434623907802,10.829519364204966,3.943590524494632,0.7025552968972154,156.07874076989506,0.4012776484486077,708.6346257704472,30.0,1.0,3.943590524494632,708.6346257704472,10.800823582598841,59.97148340810649,9,synthetic,0.4746938271865192,0,0.4746938271865192,0,synthetic
89099938dcfffff,81.26004792348483,11.495007194110663,4.959852544363646,0.741375420308381,172.92590588634803,0.4206877101541905,753.0004810974935,30.0,1.0,4.959852544363646,753.0004810974935,10.803339459433168,59.97382544757399,9,synthetic,0.33484372147105956,0,0.33484372147105956,0,synthetic
89099938dd3ffff,24.80272876467683,3.1764093202894594,0.5047176596447688,0.25612387766881095,24.23106617735878,0.17806193883440546,198.4272895094134,30.0,0.0,0.5047176596447688,198.4272895094134,10.79200229721095,59.97294539388922,9,synthetic,0.5134866544657446,0,0.5134866544657446,0,synthetic
89099938dd7ffff,29.319314297381467,3.8418971501951553,0.6528220446396581,0.29494400107997654,31.175075414344068,0.19747200053998826,242.79314483645982,30.0,0.0,0.6528220446396581,242.79314483645982,10.794517754845577,59.97528749564573,9,synthetic,0.4163895444668346,0,0.4163895444668346,0,synthetic
89099938ddbffff,37.87260877395636,4.995891321681389,0.938911912430471,0.3622603277500068,45.25773421739323,0.2311301638750034,319.72608960220873,30.0,0.0,0.938911912430471,319.72608960220873,10.795155227555957,59.97104339823609,9,synthetic,0.4153294810409522,0,0.4153294810409522,0,synthetic
89099938e03ffff,7.216263222692657,0.6914394889918339,0.03216382955801622,0.11116730417644946,5.913062104951247,0.10558365208822473,32.76263408957172,30.0,0.0,0.03216382955801622,32.76263408957172,10.812824550296048,59.94879291266927,9,synthetic,0.656842582612224,1,0.656842582612224,1,synthetic
89099938e07ffff,11.732848755397297,1.35692731889753,0.1481772593328154,0.14998742758761507,9.641510157803298,0.12499371379380754,77.12848941661812,30.0,0.0,0.1481772593328154,77.12848941661812,10.81533997663917,59.95113579284456,9,synthetic,0.6177856170978172,1,0.6177856170978172,1,synthetic
89099938e0bffff,20.286143231972186,2.5109214903837636,0.36682860644217424,0.21730375425764534,18.148200929892422,0.15865187712882267,154.061434182367,30.0,0.0,0.36682860644217424,154.061434182367,10.815975467312203,59.94688922286788,9,synthetic,0.5089743474518873,0,0.5089743474518873,0,synthetic
89099938e0fffff,24.80272876467683,3.1764093202894594,0.5047176596447688,0.25612387766881095,24.23106617735878,0.17806193883440546,198.4272895094134,30.0,0.0,0.5047176596447688,198.4272895094134,10.81849097522255,59.94923214249805,9,synthetic,0.4551418500696321,0,0.4551418500696321,0,synthetic
89099938e13ffff,48.34540960586882,6.857811446468258,1.509269238261351,0.47087233502924086,73.43890890759131,0.2854361675146204,443.8540979213333,30.0,1.0,1.509269238261351,443.8540979213333,10.807158347537388,59.9483534455209,9,synthetic,0.3106547473646429,0,0.3106547473646429,0,synthetic
89099938e17ffff,52.861995138573455,7.523299276373955,1.760278969447684,0.5096924584404064,85.14666764005622,0.3048462292202032,488.21995324837974,30.0,1.0,1.760278969447684,488.21995324837974,10.809673436849813,59.95069642738629,9,synthetic,0.41927503500964325,0,0.41927503500964325,0,synthetic
89099938e1bffff,61.415289615148346,8.677293447860187,2.2878959160231704,0.5770087851104367,107.48994204742525,0.33850439255521836,565.1528980141286,30.0,1.0,2.2878959160231704,565.1528980141286,10.810309379374381,59.946449891344386,9,synthetic,0.5579577651924766,1,0.5579577651924766,1,synthetic
89099938e23ffff,9.474555989044978,1.024183403944682,0.08932946761072652,0.13057736588203225,7.669643132687405,0.11528868294101613,54.94556175309492,30.0,0.0,0.08932946761072652,54.94556175309492,10.82352275738905,59.953917558252996,9,synthetic,0.6025390759340871,1,0.6025390759340871,1,synthetic
89099938e27ffff,13.991141521749618,1.6896712338503783,0.20880921193286936,0.16939748929319787,11.828663180298921,0.13469874464659892,99.31141708014134,30.0,0.0,0.20880921193286936,99.31141708014134,10.826039031703711,59.95626005435759,9,synthetic,0.5373653737340385,0,0.5373653737340385,0,synthetic
89099938e2bffff,22.54443599832451,2.843665405336612,0.4345850313892928,0.23671381596322816,21.08199055493574,0.16835690798161407,176.24436184589024,30.0,0.0,0.4345850313892928,176.24436184589024,10.826673722549677,59.9520138117199,9,synthetic,0.5608186442694412,1,0.5608186442694412,1,synthetic
89099938e2fffff,27.06102153102915,3.509153235242308,0.5773992334666608,0.27553393937439374,27.595427797161562,0.18776696968719686,220.61021717293664,30.0,0.0,0.5773992334666608,220.61021717293664,10.829190078365691,59.95435634726394,9,synthetic,0.44500760869815764,0,0.44500760869815764,0,synthetic
89099938e33ffff,50.60370237222114,7.190555361421106,1.630838817789088,0.49028239673482366,79.1851452751339,0.2951411983674118,466.03702558485656,30.0,1.0,1.630838817789088,466.03702558485656,10.817855658433066,59.95347853186016,9,synthetic,0.43775627449714244,0,0.43775627449714244,0,synthetic
89099938e37ffff,55.120287904925775,7.856043191326801,1.8986797753136855,0.5291025201459892,91.32347600235826,0.3145512600729946,510.4028809119029,30.0,1.0,1.8986797753136855,510.4028809119029,10.820371595706877,59.955821129706024,9,synthetic,0.44741774241264515,0,0.44741774241264515,0,synthetic
89099938e3bffff,63.673582381500665,9.010037362813037,2.4700312418184063,0.5964188468160195,114.413387012275,0.34820942340800976,587.3358256776519,30.0,1.0,2.4700312418184063,587.3358256776519,10.821006738571741,59.951574920963104,9,synthetic,0.43128070433598037,0,0.43128070433598037,0,synthetic
89099938e43ffff,11.732848755397297,1.35692731889753,0.1481772593328154,0.14998742758761507,9.641510157803298,0.12499371379380754,77.12848941661812,30.0,0.0,0.1481772593328154,77.12848941661812,10.81661085384832,59.942642257737596,9,synthetic,0.6125666740837369,1,0.6125666740837369,1,synthetic
89099938e47ffff,16.24943428810194,2.0224151488032263,0.2713369022338178,0.18880755099878066,14.231102200174277,0.14440377549939032,121.49434474366454,30.0,0.0,0.2713369022338178,121.49434474366454,10.819126187897675,59.94498535798389,9,synthetic,0.5749799837845474,1,0.5749799837845474,1,synthetic
89099938e4bffff,24.80272876467683,3.1764093202894594,0.5047176596447688,0.25612387766881095,24.23106617735878,0.17806193883440546,198.4272895094134,30.0,0.0,0.5047176596447688,198.4272895094134,10.819761296483922,59.940738178310816,9,synthetic,0.5636833237770768,1,0.5636833237770768,1,synthetic
89099938e4fffff,29.319314297381467,3.8418971501951553,0.6528220446396581,0.29494400107997654,31.175075414344068,0.19747200053998826,242.79314483645982,30.0,0.0,0.6528220446396581,242.79314483645982,10.822276712051716,59.94308131801911,9,synthetic,0.48151153011149656,0,0.48151153011149656,0,synthetic
89099938e53ffff,52.861995138573455,7.523299276373955,1.760278969447684,0.5096924584404064,85.14666764005622,0.3048462292202032,488.21995324837974,30.0,1.0,1.760278969447684,488.21995324837974,10.810945217691406,59.942202960152635,9,synthetic,0.4913405808268024,0,0.4913405808268024,0,synthetic
89099938e57ffff,57.378580671278094,8.188787106279651,2.047374745403413,0.548512581851572,97.71557036204005,0.324256290925786,532.5858085754262,30.0,1.0,2.047374745403413,532.5858085754262,10.813460214811576,59.94454616208271,9,synthetic,0.5223268982479168,0,0.5223268982479168,0,synthetic
89099938e5bffff,65.93187514785299,9.342781277765884,2.6704303254225827,0.6158289085216023,121.55211797450447,0.35791445426080115,609.518753341175,30.0,1.0,2.6704303254225827,609.518753341175,10.814095775167582,59.94029901634095,9,synthetic,0.38581309769034045,0,0.38581309769034045,0,synthetic
89099938e63ffff,13.991141521749618,1.6896712338503783,0.20880921193286936,0.16939748929319787,11.828663180298921,0.13469874464659892,99.31141708014134,30.0,0.0,0.20880921193286936,99.31141708014134,10.82730830937459,59.947767173928035,9,synthetic,0.520959205250785,0,0.520959205250785,0,synthetic
89099938e67ffff,18.507727054454257,2.355159063756074,0.3358827124272642,0.20821761270436345,16.848827217429363,0.15410880635218172,143.67727240718773,30.0,0.0,0.3358827124272642,143.67727240718773,10.82982449118805,59.95010989010848,9,synthetic,0.6170267881239404,1,0.6170267881239404,1,synthetic
89099938e6bffff,27.06102153102915,3.509153235242308,0.5773992334666608,0.27553393937439374,27.595427797161562,0.18776696968719686,220.61021717293664,30.0,0.0,0.5773992334666608,220.61021717293664,10.830458800037412,59.94586303779353,9,synthetic,0.5134883270131267,0,0.5134883270131267,0,synthetic
89099938e6fffff,31.577607063733787,4.174641065148004,0.7312010004491759,0.31435406278555933,34.97000902890631,0.20717703139277965,264.97607249998305,30.0,0.0,0.7312010004491759,264.97607249998305,10.832975063303527,59.94820579342055,9,synthetic,0.5790819461004691,1,0.5790819461004691,1,synthetic
89099938e73ffff,55.120287904925775,7.856043191326801,1.8986797753136855,0.5291025201459892,91.32347600235826,0.3145512600729946,510.4028809119029,30.0,1.0,1.8986797753136855,510.4028809119029,10.821641777344869,59.94732831706977,9,synthetic,0.42031708316724903,0,0.42031708316724903,0,synthetic
89099938e77ffff,59.63687343763041,8.521531021232498,2.208019169211325,0.5679226435571548,104.32295071910156,0.3339613217785774,554.7687362389493,30.0,1.0,2.208019169211325,554.7687362389493,10.824157622219161,59.94967113498514,9,synthetic,0.5121546261840638,0,0.5121546261840638,0,synthetic
89099938e7bffff,68.1901679142053,9.675525192718732,2.8931684267563713,0.6352389702271851,128.90613493411365,0.36761948511359255,631.7016810046982,30.0,1.0,2.8931684267563713,631.7016810046982,10.824792383005551,59.94542431656154,9,synthetic,0.43971581565801376,0,0.43971581565801376,0,synthetic
89099938e83ffff,16.24943428810194,2.0224151488032263,0.2713369022338178,0.18880755099878066,14.231102200174277,0.14440377549939032,121.49434474366454,30.0,0.0,0.2713369022338178,121.49434474366454,10.798341024091629,59.94981698453904,9,synthetic,0.5706591636388795,1,0.5706591636388795,1,synthetic
89099938e87ffff,20.76601982080658,2.687902978708922,0.40258127197235993,0.22762767440994627,19.681838232064184,0.16381383720497314,165.86020007071093,30.0,0.0,0.40258127197235993,165.86020007071093,10.800855694666986,59.95216002861124,9,synthetic,0.6210494356255596,1,0.6210494356255596,1,synthetic
89099938e8bffff,29.319314297381467,3.8418971501951553,0.6528220446396581,0.29494400107997654,31.175075414344068,0.19747200053998826,242.79314483645982,30.0,0.0,0.6528220446396581,242.79314483645982,10.801492367044416,59.94791374107502,9,synthetic,0.49784162035082596,0,0.49784162035082596,0,synthetic
89099938e8fffff,33.835899830086106,4.507384980100852,0.8127773153197821,0.3337641244911421,38.98022864084829,0.21688206224557105,287.1590001635062,30.0,0.0,0.8127773153197821,287.1590001635062,10.804007119301335,59.95025682461042,9,synthetic,0.4548816183739519,0,0.4548816183739519,0,synthetic
89099938e93ffff,57.378580671278094,8.188787106279651,2.047374745403413,0.548512581851572,97.71557036204005,0.324256290925786,532.5858085754262,30.0,1.0,2.047374745403413,532.5858085754262,10.792675151318306,59.94937690719427,9,synthetic,0.4184518404652995,0,0.4184518404652995,0,synthetic
89099938e97ffff,61.89516620398275,8.854274936185346,2.3827027710566764,0.5873327052627376,111.14561707354281,0.3436663526313688,576.9516639024725,30.0,1.0,2.3827027710566764,576.9516639024725,10.79518948477144,59.95172005291175,9,synthetic,0.4606274558054481,0,0.4606274558054481,0,synthetic
89099938e9bffff,70.44846068055763,10.00826910767158,3.1438580911376657,0.6546490319327679,136.4754378911026,0.37732451596638394,653.8846086682214,30.0,1.0,3.1438580911376657,653.8846086682214,10.795826608914805,59.94747379935374,9,synthetic,0.35376063675249736,0,0.35376063675249736,0,synthetic
89099938ea3ffff,22.54443599832451,2.843665405336612,0.4345850313892928,0.23671381596322816,21.08199055493574,0.16835690798161407,176.24436184589024,30.0,0.0,0.4345850313892928,176.24436184589024,10.80903739009226,59.95494256828525,9,synthetic,0.5694381789269819,1,0.5694381789269819,1,synthetic
89099938ea7ffff,27.06102153102915,3.509153235242308,0.5773992334666608,0.27553393937439374,27.595427797161562,0.18776696968719686,220.61021717293664,30.0,0.0,0.5773992334666608,220.61021717293664,10.81155290868463,59.95728522840449,9,synthetic,0.4961169604669926,0,0.4961169604669926,0,synthetic
89099938eabffff,35.61431600760404,4.663147406728541,0.8521387033663794,0.34285026604442403,40.93144999766304,0.221425133022212,297.54316193868556,30.0,0.0,0.8521387033663794,297.54316193868556,10.812188781595548,59.953039268107545,9,synthetic,0.5542998830728169,1,0.5542998830728169,1,synthetic
89099938eafffff,40.13090154030868,5.328635236634238,1.0296213410061066,0.3816703894555896,49.79930443450317,0.2408351947277948,341.90901726573196,30.0,0.0,1.0296213410061066,341.90901726573196,10.814704381803836,59.955381967674555,9,synthetic,0.3636288942224146,0,0.3636288942224146,0,synthetic
89099938eb3ffff,63.673582381500665,9.010037362813037,2.4700312418184063,0.5964188468160195,114.413387012275,0.34820942340800976,587.3358256776519,30.0,1.0,2.4700312418184063,587.3358256776519,10.803370620670046,59.95450293156024,9,synthetic,0.39625744817182434,0,0.39625744817182434,0,synthetic
89099938eb7ffff,68.1901679142053,9.675525192718732,2.8931684267563713,0.6352389702271851,128.90613493411365,0.36761948511359255,631.7016810046982,30.0,1.0,2.8931684267563713,631.7016810046982,10.805885802130044,59.956845693375925,9,synthetic,0.34881811725603606,0,0.34881811725603606,0,synthetic
89099938ebbffff,76.7434623907802,10.829519364204966,3.943590524494632,0.7025552968972154,156.07874076989506,0.4012776484486077,708.6346257704472,30.0,1.0,3.943590524494632,708.6346257704472,10.806522126974253,59.952599767017205,9,synthetic,0.3866049975950641,0,0.3866049975950641,0,synthetic
89099938ec3ffff,24.80272876467683,3.1764093202894594,0.5047176596447688,0.25612387766881095,24.23106617735878,0.17806193883440546,198.4272895094134,30.0,0.0,0.5047176596447688,198.4272895094134,10.802128935095698,59.943667058397985,9,synthetic,0.542650317927124,0,0.542650317927124,0,synthetic
89099938ec7ffff,29.319314297381467,3.8418971501951553,0.6528220446396581,0.29494400107997654,31.175075414344068,0.19747200053998826,242.79314483645982,30.0,0.0,0.6528220446396581,242.79314483645982,10.804643513629077,59.946010322521424,9,synthetic,0.5069688129505467,0,0.5069688129505467,0,synthetic
89099938ecbffff,37.87260877395636,4.995891321681389,0.938911912430471,0.3622603277500068,45.25773421739323,0.2311301638750034,319.72608960220873,30.0,0.0,0.938911912430471,319.72608960220873,10.805279803678713,59.94176342528629,9,synthetic,0.4774136441049117,0,0.4774136441049117,0,synthetic
89099938ecfffff,42.389194306661,5.661379151587086,1.1246411392995528,0.4010804511611724,54.55616064899284,0.2505402255805862,364.0919449292552,30.0,0.0,1.1246411392995528,364.0919449292552,10.807794463844978,59.944106728880044,9,synthetic,0.46872816721251276,0,0.46872816721251276,0,synthetic
89099938ed3ffff,65.93187514785299,9.342781277765884,2.6704303254225827,0.6158289085216023,121.55211797450447,0.35791445426080115,609.518753341175,30.0,1.0,2.6704303254225827,609.518753341175,10.796463628661366,59.943227150658636,9,synthetic,0.44448998570390824,0,0.44448998570390824,0,synthetic
89099938ed7ffff,70.44846068055763,10.00826910767158,3.1438580911376657,0.6546490319327679,136.4754378911026,0.37732451596638394,653.8846086682214,30.0,1.0,3.1438580911376657,653.8846086682214,10.798977870174141,59.94557051642104,9,synthetic,0.3816217882643677,0,0.3816217882643677,0,synthetic
89099938edbffff,79.00175515713252,11.162263279157813,4.387854964584039,0.7219653586027982,164.39468032943168,0.4109826793013991,730.8175534339704,30.0,1.0,4.387854964584039,730.8175534339704,10.799614611907968,59.941323653160694,9,synthetic,0.4624646731430153,0,0.4624646731430153,0,synthetic
89099939103ffff,89.62979768070849,10.206469657694209,3.3096287751233557,0.6662107306840879,141.08644077059796,0.3831053653420439,667.09797866973,30.0,1.0,3.3096287751233557,667.09797866973,10.799679688142449,59.90264439801731,9,synthetic,0.419981366719822,0,0.419981366719822,0,synthetic
89099939107ffff,74.14638321341313,10.871957487599904,3.9950565454260567,0.7050308540952535,157.127377003783,0.4025154270476267,711.4638339967764,30.0,1.0,3.9950565454260567,711.4638339967764,10.802192112732593,59.90498953009984,9,synthetic,0.4542750282985997,0,0.4542750282985997,0,synthetic
8909993910bffff,82.69967768998801,12.025951659086138,6.462705278025063,0.7723471807652837,186.98463041292422,0.43617359038264186,788.3967787625253,30.0,1.0,6.462705278025063,788.3967787625253,10.802828089913037,59.90073892965655,9,synthetic,0.4586986086782224,0,0.4586986086782224,0,synthetic
8909993910fffff,7.216263222692657,0.6914394889918339,0.03216382955801622,0.11116730417644946,5.913062104951247,0.10558365208822473,32.76263408957172,30.0,0.0,0.03216382955801622,32.76263408957172,10.805340596023907,59.903084101275546,9,synthetic,0.6034703711619614,1,0.6034703711619614,1,synthetic
89099939113ffff,50.75894406388465,4.372841615170633,0.7793906203483225,0.3259157615368794,37.332790239904696,0.2129578807684397,278.1894425014916,30.0,0.0,0.7793906203483225,278.1894425014916,10.794019002263214,59.90220445770707,9,synthetic,0.5619020568050188,1,0.5619020568050188,1,synthetic
89099939117ffff,35.27552959658929,5.038329445076329,0.9502546528290937,0.364735884948045,45.824987788236356,0.23236794247402248,322.555297828538,30.0,0.0,0.9502546528290937,322.555297828538,10.796531090360192,59.90454969129453,9,synthetic,0.49207607979173623,0,0.49207607979173623,0,synthetic
8909993911bffff,43.82882407316418,6.192323616562562,1.2862785709027134,0.4320522116180753,62.59229416464535,0.2660261058090376,399.48824259428693,30.0,0.0,1.2862785709027134,399.48824259428693,10.797167518482754,59.900299124888804,9,synthetic,0.4563028647862547,0,0.4563028647862547,0,synthetic
89099939123ffff,91.88809044706079,10.539213572647055,3.623122042849316,0.6856207923896707,148.99926588850062,0.3928103961948353,689.2809063332531,30.0,1.0,3.623122042849316,689.2809063332531,10.810366373118264,59.907774021318914,9,synthetic,0.3482161635908264,0,0.3482161635908264,0,synthetic
89099939127ffff,76.40467597976546,11.204701402552752,4.452330816700005,0.7244409158008362,165.47077411644514,0.4122204579004181,733.6467616602996,30.0,1.0,4.452330816700005,733.6467616602996,10.812879644160063,59.91011876972311,9,synthetic,0.38262670109295405,0,0.38262670109295405,0,synthetic
8909993912bffff,84.95797045634035,12.358695574038986,8.883490711932321,0.7917572424708667,196.07466412813406,0.4458786212354333,810.5797064260486,30.0,1.0,8.883490711932321,810.5797064260486,10.813514823312683,59.90586849647204,9,synthetic,0.3681637050076758,0,0.3681637050076758,0,synthetic
8909993912fffff,9.474555989044978,1.024183403944682,0.08932946761072652,0.13057736588203225,7.669643132687405,0.11528868294101613,54.94556175309492,30.0,0.0,0.08932946761072652,54.94556175309492,10.81602817580964,59.908213284397256,9,synthetic,0.5363549966993588,0,0.5363549966993588,0,synthetic
89099939133ffff,53.01723683023697,4.70558553012348,0.8629985338648754,0.34532582324246214,41.47124601538065,0.22266291162123109,300.3723701650148,30.0,0.0,0.8629985338648754,300.3723701650148,10.804704792282351,59.907334521126295,9,synthetic,0.449712513724334,0,0.449712513724334,0,synthetic
89099939137ffff,37.533822362941606,5.371073360029176,1.0414919377133844,0.3841459466536278,50.394015558471786,0.24207297332681388,344.7382254920612,30.0,0.0,1.0414919377133844,344.7382254920612,10.807217726820912,59.909679371086554,9,synthetic,0.5064159147056233,0,0.5064159147056233,0,synthetic
8909993913bffff,46.0871168395165,6.52506753151541,1.3946677106304064,0.45146227332365807,67.90795853742848,0.275731136661829,421.67117025781016,30.0,1.0,1.3946677106304064,421.67117025781016,10.807853357082594,59.90542913183303,9,synthetic,0.4677831532079866,0,0.4677831532079866,0,synthetic
89099939163ffff,76.40467597976546,11.204701402552752,4.452330816700005,0.7244409158008362,165.47077411644514,0.4122204579004181,733.6467616602996,30.0,1.0,4.452330816700005,733.6467616602996,10.814149898464034,59.90161782800797,9,synthetic,0.39596307075036025,0,0.39596307075036025,0,synthetic
89099939167ffff,80.9212615124701,11.870189232458449,5.894485064716849,0.763261039212002,182.80342633390862,0.43163051960600096,778.0126169873461,30.0,1.0,5.894485064716849,778.0126169873461,10.81666307740346,59.90396279654761,9,synthetic,0.47794081243180236,0,0.47794081243180236,0,synthetic
8909993916fffff,13.991141521749618,1.6896712338503783,0.20880921193286936,0.16939748929319787,11.828663180298921,0.13469874464659892,99.31141708014134,30.0,0.0,0.20880921193286936,99.31141708014134,10.819811135389855,59.90205692154746,9,synthetic,0.6023146216515604,1,0.6023146216515604,1,synthetic
89099939173ffff,37.533822362941606,5.371073360029176,1.0414919377133844,0.3841459466536278,50.394015558471786,0.24207297332681388,344.7382254920612,30.0,0.0,1.0414919377133844,344.7382254920612,10.808488883272602,59.901178497370296,9,synthetic,0.48171874290963673,0,0.48171874290963673,0,synthetic
89099939177ffff,42.05040789564625,6.036561189934873,1.237490301904912,0.42296607006479336,60.177929091081836,0.26148303503239667,389.10408081910765,30.0,0.0,1.237490301904912,389.10408081910765,10.811001725810032,59.90352356745967,9,synthetic,0.4438544341171095,0,0.4438544341171095,0,synthetic
89099939183ffff,78.66296874611777,11.5374453175056,5.046142114092236,0.7438509775064192,174.02945722648704,0.42192548875320957,755.8296893238229,30.0,1.0,5.046142114092236,755.8296893238229,10.785209711938018,59.903669302555905,9,synthetic,0.4609640482683391,0,0.4609640482683391,0,synthetic
89099939187ffff,83.17955427882241,12.202933147411297,7.3974094824323,0.7826711009175847,191.79268143870993,0.44133555045879236,800.1955446508692,30.0,1.0,7.3974094824323,800.1955446508692,10.787721381882509,59.9060145980834,9,synthetic,0.4418053100080164,0,0.4418053100080164,0,synthetic
8909993918bffff,11.732848755397297,1.35692731889753,0.1481772593328154,0.14998742758761507,9.641510157803298,0.12499371379380754,77.12848941661812,30.0,0.0,0.1481772593328154,77.12848941661812,10.78835853848359,59.901764280366905,9,synthetic,0.5006200050284805,0,0.5006200050284805,0,synthetic
8909993918fffff,16.24943428810194,2.0224151488032263,0.2713369022338178,0.18880755099878066,14.231102200174277,0.14440377549939032,121.49434474366454,30.0,0.0,0.2713369022338178,121.49434474366454,10.790870290062868,59.90410961543919,9,synthetic,0.5543487096735245,1,0.5543487096735245,1,synthetic
89099939193ffff,39.792115129293926,5.703817274982025,1.137091120039691,0.40355600835921057,55.178329326086946,0.2517780041796053,366.9211531555844,30.0,0.0,1.137091120039691,366.9211531555844,10.779549356083093,59.903228752666855,9,synthetic,0.49615943321978456,0,0.49615943321978456,0,synthetic
89099939197ffff,44.30870066199857,6.3693051048877205,1.3431970949027967,0.44237613177037616,65.39281485345647,0.27118806588518807,411.2870084826308,30.0,0.0,1.3431970949027967,411.2870084826308,10.78206068944338,59.905574149654456,9,synthetic,0.42504421515918916,0,0.42504421515918916,0,synthetic
8909993919bffff,52.861995138573455,7.523299276373955,1.760278969447684,0.5096924584404064,85.14666764005622,0.3048462292202032,488.21995324837974,30.0,1.0,1.760278969447684,488.21995324837974,10.782698296901,59.90132386601893,9,synthetic,0.4559419800481471,0,0.4559419800481471,0,synthetic
890999391a3ffff,84.95797045634035,12.358695574038986,8.883490711932321,0.7917572424708667,196.07466412813406,0.4458786212354333,810.5797064260486,30.0,1.0,8.883490711932321,810.5797064260486,10.795894558025134,59.90879986249852,9,synthetic,0.3576461701248401,0,0.3576461701248401,0,synthetic
890999391a7ffff,9.474555989044978,1.024183403944682,0.08932946761072652,0.13057736588203225,7.669643132687405,0.11528868294101613,54.94556175309492,30.0,0.0,0.08932946761072652,54.94556175309492,10.798407074466436,59.91114477446533,9,synthetic,0.6476041673615133,1,0.6476041673615133,1,synthetic
890999391abffff,18.027850465619867,2.178177575430915,0.30129262867678214,0.19789369255206252,15.429697302228838,0.14894684627603128,131.8785065188438,30.0,0.0,0.30129262867678214,131.8785065188438,10.799043433399447,59.90689478384144,9,synthetic,0.6148156980897511,1,0.6148156980897511,1,synthetic
890999391afffff,22.54443599832451,2.843665405336612,0.4345850313892928,0.23671381596322816,21.08199055493574,0.16835690798161407,176.24436184589024,30.0,0.0,0.4345850313892928,176.24436184589024,10.801556031410083,59.90923973533765,9,synthetic,0.5249387670792777,0,0.5249387670792777,0,synthetic
890999391b3ffff,46.0871168395165,6.52506753151541,1.3946677106304064,0.45146227332365807,67.90795853742848,0.275731136661829,421.67117025781016,30.0,1.0,1.3946677106304064,421.67117025781016,10.790233306763575,59.90835975259126,9,synthetic,0.48339876717233216,0,0.48339876717233216,0,synthetic
890999391b7ffff,50.60370237222114,7.190555361421106,1.630838817789088,0.49028239673482366,79.1851452751339,0.2951411983674118,466.03702558485656,30.0,1.0,1.630838817789088,466.03702558485656,10.792745486610388,59.910704766069344,9,synthetic,0.3321263443420305,0,0.3321263443420305,0,synthetic
890999391bbffff,59.15699684879603,8.34454953290734,2.1209716260715266,0.557598723404854,100.78178307995525,0.32879936170242696,542.9699703506054,30.0,1.0,2.1209716260715266,542.9699703506054,10.793382296566989,59.90645480948643,9,synthetic,0.3805570236188654,0,0.3805570236188654,0,synthetic
89099939507ffff,78.66296874611777,11.5374453175056,5.046142114092236,0.7438509775064192,174.02945722648704,0.42192548875320957,755.8296893238229,30.0,1.0,5.046142114092236,755.8296893238229,10.762569623111629,59.90190568118597,9,synthetic,0.4188537062192426,0,0.4188537062192426,0,synthetic
8909993950fffff,11.732848755397297,1.35692731889753,0.1481772593328154,0.14998742758761507,9.641510157803298,0.12499371379380754,77.12848941661812,30.0,0.0,0.1481772593328154,77.12848941661812,10.76571890630936,59.900001201149315,9,synthetic,0.5194197169278899,0,0.5194197169278899,0,synthetic
89099939517ffff,39.792115129293926,5.703817274982025,1.137091120039691,0.40355600835921057,55.178329326086946,0.2517780041796053,366.9211531555844,30.0,0.0,1.137091120039691,366.9211531555844,10.75691015731002,59.90146418349493,9,synthetic,0.5187774667475984,0,0.5187774667475984,0,synthetic
89099939523ffff,76.40467597976546,11.204701402552752,4.452330816700005,0.7244409158008362,165.47077411644514,0.4122204579004181,733.6467616602996,30.0,1.0,4.452330816700005,733.6467616602996,10.770739971690851,59.90469254180723,9,synthetic,0.5341046611592456,0,0.5341046611592456,0,synthetic
89099939527ffff,80.9212615124701,11.870189232458449,5.894485064716849,0.763261039212002,182.80342633390862,0.43163051960600096,778.0126169873461,30.0,1.0,5.894485064716849,778.0126169873461,10.773250886693555,59.90703800068169,9,synthetic,0.3741008482593391,0,0.3741008482593391,0,synthetic
8909993952bffff,9.474555989044978,1.024183403944682,0.08932946761072652,0.13057736588203225,7.669643132687405,0.11528868294101613,54.94556175309492,30.0,0.0,0.08932946761072652,54.94556175309492,10.773889222595518,59.90278796579406,9,synthetic,0.5389216921566451,0,0.5389216921566451,0,synthetic
8909993952fffff,13.991141521749618,1.6896712338503783,0.20880921193286936,0.16939748929319787,11.828663180298921,0.13469874464659892,99.31141708014134,30.0,0.0,0.20880921193286936,99.31141708014134,10.776400219347043,59.905133464221684,9,synthetic,0.5771164064520095,1,0.5771164064520095,1,synthetic
89099939533ffff,37.533822362941606,5.371073360029176,1.0414919377133844,0.3841459466536278,50.394015558471786,0.24207297332681388,344.7382254920612,30.0,0.0,1.0414919377133844,344.7382254920612,10.765079946572286,59.904251382433245,9,synthetic,0.5702569657057186,1,0.5702569657057186,1,synthetic
89099939537ffff,42.05040789564625,6.036561189934873,1.237490301904912,0.42296607006479336,60.177929091081836,0.26148303503239667,389.10408081910765,30.0,0.0,1.237490301904912,389.10408081910765,10.767590524899793,59.90659694272296,9,synthetic,0.41538152572334996,0,0.41538152572334996,0,synthetic
8909993953bffff,50.60370237222114,7.190555361421106,1.630838817789088,0.49028239673482366,79.1851452751339,0.2951411983674118,466.03702558485656,30.0,1.0,1.630838817789088,466.03702558485656,10.768229311572535,59.90234694195974,9,synthetic,0.4650742487473713,0,0.4650742487473713,0,synthetic
89099939567ffff,5.4378470451747285,0.5356770623641447,0.005955034809285081,0.10208116262316759,5.16475742643138,0.1010405813115838,22.378472314392436,30.0,0.0,0.005955034809285081,22.378472314392436,10.777038277612881,59.900883214685244,9,synthetic,0.6852240534675631,1,0.6852240534675631,1,synthetic
89099939577ffff,46.566993428350884,6.702049019840569,1.4548041498001756,0.46178619347595895,70.82298661321082,0.28089309673797946,433.469936146154,30.0,1.0,1.4548041498001756,433.469936146154,10.771378480716546,59.900442326387996,9,synthetic,0.38105582460679693,0,0.38105582460679693,0,synthetic
89099939583ffff,83.17955427882241,12.202933147411297,7.3974094824323,0.7826711009175847,191.79268143870993,0.44133555045879236,800.1955446508692,30.0,1.0,7.3974094824323,800.1955446508692,10.745591894073925,59.90058047744962,9,synthetic,0.3683531702914196,0,0.3683531702914196,0,synthetic
89099939587ffff,7.696139811527049,0.8684209773169929,0.06236584288417808,0.12149122432875038,6.820559843759046,0.1107456121643752,44.56139997791564,30.0,0.0,0.06236584288417808,44.56139997791564,10.74810120741495,59.902926482775435,9,synthetic,0.5650838603990787,1,0.5650838603990787,1,synthetic
8909993958fffff,20.76601982080658,2.687902978708922,0.40258127197235993,0.22762767440994627,19.681838232064184,0.16381383720497314,165.86020007071093,30.0,0.0,0.40258127197235993,165.86020007071093,10.751250914264993,59.90102244890874,9,synthetic,0.5167841138992938,0,0.5167841138992938,0,synthetic
89099939593ffff,44.30870066199857,6.3693051048877205,1.3431970949027967,0.44237613177037616,65.39281485345647,0.27118806588518807,411.2870084826308,30.0,0.0,1.3431970949027967,411.2870084826308,10.739933096833935,59.900138269139696,9,synthetic,0.5106590188712591,0,0.5106590188712591,0,synthetic
89099939597ffff,48.82528619470321,7.034792934793417,1.5730092811328389,0.48119625518154174,76.46844437034491,0.29059812759077086,455.6528638096773,30.0,1.0,1.5730092811328389,455.6528638096773,10.742442073419651,59.90248437578472,9,synthetic,0.46942770993793764,0,0.46942770993793764,0,synthetic
890999395a3ffff,9.474555989044978,1.024183403944682,0.08932946761072652,0.13057736588203225,7.669643132687405,0.11528868294101613,54.94556175309492,30.0,0.0,0.08932946761072652,54.94556175309492,10.75627046924091,59.90571411595512,9,synthetic,0.49204675937879827,0,0.49204675937879827,0,synthetic
890999395a7ffff,13.991141521749618,1.6896712338503783,0.20880921193286936,0.16939748929319787,11.828663180298921,0.13469874464659892,99.31141708014134,30.0,0.0,0.20880921193286936,99.31141708014134,10.758780629005926,59.908059738078464,9,synthetic,0.5911145081815535,1,0.5911145081815535,1,synthetic
890999395abffff,22.54443599832451,2.843665405336612,0.4345850313892928,0.23671381596322816,21.08199055493574,0.16835690798161407,176.24436184589024,30.0,0.0,0.4345850313892928,176.24436184589024,10.759420144088551,59.90380998612184,9,synthetic,0.5086876894266433,0,0.5086876894266433,0,synthetic
890999395afffff,27.06102153102915,3.509153235242308,0.5773992334666608,0.27553393937439374,27.595427797161562,0.18776696968719686,220.61021717293664,30.0,0.0,0.5773992334666608,220.61021717293664,10.761930385716447,59.90615564780673,9,synthetic,0.5867778871949417,1,0.5867778871949417,1,synthetic
890999395b3ffff,50.60370237222114,7.190555361421106,1.630838817789088,0.49028239673482366,79.1851452751339,0.2951411983674118,466.03702558485656,30.0,1.0,1.630838817789088,466.03702558485656,10.75061077557043,59.90527234719028,9,synthetic,0.42124306581017823,0,0.42124306581017823,0,synthetic
890999395b7ffff,55.120287904925775,7.856043191326801,1.8986797753136855,0.5291025201459892,91.32347600235826,0.3145512600729946,510.4028809119029,30.0,1.0,1.8986797753136855,510.4028809119029,10.75312059856952,59.90761807068407,9,synthetic,0.41061310460674644,0,0.41061310460674644,0,synthetic
890999395bbffff,63.673582381500665,9.010037362813037,2.4700312418184063,0.5964188468160195,114.413387012275,0.34820942340800976,587.3358256776519,30.0,1.0,2.4700312418184063,587.3358256776519,10.753760564337009,59.90336835289517,9,synthetic,0.46264231746725937,0,0.46264231746725937,0,synthetic
89099939883ffff,46.566993428350884,6.702049019840569,1.4548041498001756,0.46178619347595895,70.82298661321082,0.28089309673797946,433.469936146154,30.0,1.0,1.4548041498001756,433.469936146154,10.842441955682034,59.923155643536674,9,synthetic,0.5017901061326071,0,0.5017901061326071,0,synthetic
89099939887ffff,51.08357896105552,7.367536849746265,1.6986419213581991,0.5006063168871245,82.32918812485875,0.30030315844356226,477.83579147320046,30.0,1.0,1.6986419213581991,477.83579147320046,10.844957767046225,59.92549924016994,9,synthetic,0.4735367484737933,0,0.4735367484737933,0,synthetic
8909993988bffff,59.63687343763041,8.521531021232498,2.208019169211325,0.5679226435571548,104.32295071910156,0.3339613217785774,554.7687362389493,30.0,1.0,2.208019169211325,554.7687362389493,10.845590549419029,59.921249948980005,9,synthetic,0.3551224815012879,0,0.3551224815012879,0,synthetic
8909993988fffff,64.15345897033505,9.187018851138195,2.5741164364477536,0.6067427669683204,118.18356942536379,0.3533713834841602,599.1345915659957,30.0,1.0,2.5741164364477536,599.1345915659957,10.848106442041278,59.92359358508819,9,synthetic,0.4636070055714186,0,0.4636070055714186,0,synthetic
89099939893ffff,7.696139811527049,0.8684209773169929,0.06236584288417808,0.12149122432875038,6.820559843759046,0.1107456121643752,44.56139997791564,30.0,0.0,0.06236584288417808,44.56139997791564,10.836777690737089,59.922717464684105,9,synthetic,0.5345487881384006,0,0.5345487881384006,0,synthetic
89099939897ffff,12.212725344231691,1.533908807222689,0.180197514787876,0.160311347739916,10.778022670553579,0.13015567386995802,88.92725530496206,30.0,0.0,0.180197514787876,88.92725530496206,10.839293165568195,59.92506116302684,9,synthetic,0.5824964990888151,1,0.5824964990888151,1,synthetic
8909993989bffff,20.76601982080658,2.687902978708922,0.40258127197235993,0.22762767440994627,19.681838232064184,0.16381383720497314,165.86020007071093,30.0,0.0,0.40258127197235993,165.86020007071093,10.839926399550773,59.92081190571443,9,synthetic,0.4716268127721114,0,0.4716268127721114,0,synthetic
890999398b3ffff,13.991141521749618,1.6896712338503783,0.20880921193286936,0.16939748929319787,11.828663180298921,0.13469874464659892,99.31141708014134,30.0,0.0,0.20880921193286936,99.31141708014134,10.847473833672518,59.927842695604156,9,synthetic,0.5876600954136662,1,0.5876600954136662,1,synthetic
890999398b7ffff,18.507727054454257,2.355159063756074,0.3358827124272642,0.20821761270436345,16.848827217429363,0.15410880635218172,143.67727240718773,30.0,0.0,0.3358827124272642,143.67727240718773,10.849990155590028,59.93018600982921,9,synthetic,0.5099076260925601,0,0.5099076260925601,0,synthetic
890999398c3ffff,55.120287904925775,7.856043191326801,1.8986797753136855,0.5291025201459892,91.32347600235826,0.3145512600729946,510.4028809119029,30.0,1.0,1.8986797753136855,510.4028809119029,10.846223228137461,59.91700026257492,9,synthetic,0.3783121362488321,0,0.3783121362488321,0,synthetic
890999398c7ffff,59.63687343763041,8.521531021232498,2.208019169211325,0.5679226435571548,104.32295071910156,0.3339613217785774,554.7687362389493,30.0,1.0,2.208019169211325,554.7687362389493,10.848738946778418,59.91934407935866,9,synthetic,0.47509335419464827,0,0.47509335419464827,0,synthetic
890999398cbffff,68.1901679142053,9.675525192718732,2.8931684267563713,0.6352389702271851,128.90613493411365,0.36761948511359255,631.7016810046982,30.0,1.0,2.8931684267563713,631.7016810046982,10.849371347909184,59.91509417840869,9,synthetic,0.44522375090157873,0,0.44522375090157873,0,synthetic
890999398d3ffff,16.24943428810194,2.0224151488032263,0.2713369022338178,0.18880755099878066,14.231102200174277,0.14440377549939032,121.49434474366454,30.0,0.0,0.2713369022338178,121.49434474366454,10.840559529808548,59.916562253190634,9,synthetic,0.5270488824030999,0,0.5270488824030999,0,synthetic
890999398d7ffff,20.76601982080658,2.687902978708922,0.40258127197235993,0.22762767440994627,19.681838232064184,0.16381383720497314,165.86020007071093,30.0,0.0,0.40258127197235993,165.86020007071093,10.843074912017789,59.91890617167745,9,synthetic,0.6153724769931176,1,0.6153724769931176,1,synthetic
890999398dbffff,29.319314297381467,3.8418971501951553,0.6528220446396581,0.29494400107997654,31.175075414344068,0.19747200053998826,242.79314483645982,30.0,0.0,0.6528220446396581,242.79314483645982,10.843707764676644,59.91465630460157,9,synthetic,0.4938975231445474,0,0.4938975231445474,0,synthetic
89099939c03ffff,46.0871168395165,6.52506753151541,1.3946677106304064,0.45146227332365807,67.90795853742848,0.275731136661829,421.67117025781016,30.0,1.0,1.3946677106304064,421.67117025781016,10.817272015445548,59.919057360063164,9,synthetic,0.46683143397892524,0,0.46683143397892524,0,synthetic
89099939c07ffff,50.60370237222114,7.190555361421106,1.630838817789088,0.49028239673482366,79.1851452751339,0.2951411983674118,466.03702558485656,30.0,1.0,1.630838817789088,466.03702558485656,10.819786225365082,59.92140150454063,9,synthetic,0.46606811501595424,0,0.46606811501595424,0,synthetic
89099939c0bffff,59.15699684879603,8.34454953290734,2.1209716260715266,0.557598723404854,100.78178307995525,0.32879936170242696,542.9699703506054,30.0,1.0,2.1209716260715266,542.9699703506054,10.820420987613643,59.91715216834411,9,synthetic,0.4073911099257014,0,0.4073911099257014,0,synthetic
89099939c0fffff,63.673582381500665,9.010037362813037,2.4700312418184063,0.5964188468160195,114.413387012275,0.34820942340800976,587.3358256776519,30.0,1.0,2.4700312418184063,587.3358256776519,10.822935278971363,59.91949635232024,9,synthetic,0.45914255159702927,0,0.45914255159702927,0,synthetic
89099939c13ffff,7.216263222692657,0.6914394889918339,0.03216382955801622,0.11116730417644946,5.913062104951247,0.10558365208822473,32.76263408957172,30.0,0.0,0.03216382955801622,32.76263408957172,10.811608973749482,59.918618130613375,9,synthetic,0.5619768537632922,1,0.5619768537632922,1,synthetic
89099939c17ffff,11.732848755397297,1.35692731889753,0.1481772593328154,0.14998742758761507,9.641510157803298,0.12499371379380754,77.12848941661812,30.0,0.0,0.1481772593328154,77.12848941661812,10.814122847054353,59.92096237670444,9,synthetic,0.5524444518884224,1,0.5524444518884224,1,synthetic
89099939c1bffff,20.286143231972186,2.5109214903837636,0.36682860644217424,0.21730375425764534,18.148200929892422,0.15865187712882267,154.061434182367,30.0,0.0,0.36682860644217424,154.061434182367,10.814758060660504,59.9167130744689,9,synthetic,0.6130804911062939,1,0.6130804911062939,1,synthetic
89099939c23ffff,48.34540960586882,6.857811446468258,1.509269238261351,0.47087233502924086,73.43890890759131,0.2854361675146204,443.8540979213333,30.0,1.0,1.509269238261351,443.8540979213333,10.8279646271715,59.92418429686545,9,synthetic,0.4068518866311038,0,0.4068518866311038,0,synthetic
89099939c27ffff,52.861995138573455,7.523299276373955,1.760278969447684,0.5096924584404064,85.14666764005622,0.3048462292202032,488.21995324837974,30.0,1.0,1.760278969447684,488.21995324837974,10.830479684072248,59.92652805741433,9,synthetic,0.32581079385980044,0,0.32581079385980044,0,synthetic
89099939c2bffff,61.415289615148346,8.677293447860187,2.2878959160231704,0.5770087851104367,107.48994204742525,0.33850439255521836,565.1528980141286,30.0,1.0,2.2878959160231704,565.1528980141286,10.831113647304132,59.92227904855253,9,synthetic,0.5174838643307013,0,0.5174838643307013,0,synthetic
89099939c2fffff,65.93187514785299,9.342781277765884,2.6704303254225827,0.6158289085216023,121.55211797450447,0.35791445426080115,609.518753341175,30.0,1.0,2.6704303254225827,609.518753341175,10.833628785577337,59.924622848584654,9,synthetic,0.5617869713032612,1,0.5617869713032612,1,synthetic
89099939c33ffff,9.474555989044978,1.024183403944682,0.08932946761072652,0.13057736588203225,7.669643132687405,0.11528868294101613,54.94556175309492,30.0,0.0,0.08932946761072652,54.94556175309492,10.822300690448364,59.92374550789125,9,synthetic,0.5605313990884381,1,0.5605313990884381,1,synthetic
89099939c37ffff,13.991141521749618,1.6896712338503783,0.20880921193286936,0.16939748929319787,11.828663180298921,0.13469874464659892,99.31141708014134,30.0,0.0,0.20880921193286936,99.31141708014134,10.824815410724407,59.926089370104854,9,synthetic,0.4685020860055037,0,0.4685020860055037,0,synthetic
89099939c3bffff,22.54443599832451,2.843665405336612,0.4345850313892928,0.23671381596322816,21.08199055493574,0.16835690798161407,176.24436184589024,30.0,0.0,0.4345850313892928,176.24436184589024,10.825449825480934,59.92184039516405,9,synthetic,0.5220404349846287,0,0.5220404349846287,0,synthetic
89099939c43ffff,50.60370237222114,7.190555361421106,1.630838817789088,0.49028239673482366,79.1851452751339,0.2951411983674118,466.03702558485656,30.0,1.0,1.630838817789088,466.03702558485656,10.82105564590312,59.91290243694591,9,synthetic,0.4383112951399908,0,0.4383112951399908,0,synthetic
89099939c47ffff,55.120287904925775,7.856043191326801,1.8986797753136855,0.5291025201459892,91.32347600235826,0.3145512600729946,510.4028809119029,30.0,1.0,1.8986797753136855,510.4028809119029,10.82356976355788,59.91524680154906,9,synthetic,0.43294767671074535,0,0.43294767671074535,0,synthetic
89099939c4bffff,63.673582381500665,9.010037362813037,2.4700312418184063,0.5964188468160195,114.413387012275,0.34820942340800976,587.3358256776519,30.0,1.0,2.4700312418184063,587.3358256776519,10.824204144233356,59.91099685557095,9,synthetic,0.37991633483094034,0,0.37991633483094034,0,synthetic
89099939c4fffff,68.1901679142053,9.675525192718732,2.8931684267563713,0.6352389702271851,128.90613493411365,0.36761948511359255,631.7016810046982,30.0,1.0,2.8931684267563713,631.7016810046982,10.826718343277674,59.913341259679804,9,synthetic,0.462119581941565,0,0.462119581941565,0,synthetic
89099939c53ffff,11.732848755397297,1.35692731889753,0.1481772593328154,0.14998742758761507,9.641510157803298,0.12499371379380754,77.12848941661812,30.0,0.0,0.1481772593328154,77.12848941661812,10.815393170237114,59.91246337703544,9,synthetic,0.5992517367635372,1,0.5992517367635372,1,synthetic
89099939c57ffff,16.24943428810194,2.0224151488032263,0.2713369022338178,0.18880755099878066,14.231102200174277,0.14440377549939032,121.49434474366454,30.0,0.0,0.2713369022338178,121.49434474366454,10.81790695137858,59.91480784324581,9,synthetic,0.4830274414817794,0,0.4830274414817794,0,synthetic
89099939c5bffff,24.80272876467683,3.1764093202894594,0.5047176596447688,0.25612387766881095,24.23106617735878,0.17806193883440546,198.4272895094134,30.0,0.0,0.5047176596447688,198.4272895094134,10.818541783330065,59.91055793122527,9,synthetic,0.5652268594564214,1,0.5652268594564214,1,synthetic
89099939c63ffff,52.861995138573455,7.523299276373955,1.760278969447684,0.5096924584404064,85.14666764005622,0.3048462292202032,488.21995324837974,30.0,1.0,1.760278969447684,488.21995324837974,10.831747506692682,59.9180296444884,9,synthetic,0.5490840595035695,0,0.5490840595035695,0,synthetic
89099939c67ffff,57.378580671278094,8.188787106279651,2.047374745403413,0.548512581851572,97.71557036204005,0.324256290925786,532.5858085754262,30.0,1.0,2.047374745403413,532.5858085754262,10.834262471121603,59.920373625167905,9,synthetic,0.4494780674885702,0,0.4494780674885702,0,synthetic
89099939c6bffff,65.93187514785299,9.342781277765884,2.6704303254225827,0.6158289085216023,121.55211797450447,0.35791445426080115,609.518753341175,30.0,1.0,2.6704303254225827,609.518753341175,10.83489605287053,59.91612400654353,9,synthetic,0.41745431556948576,0,0.41745431556948576,0,synthetic
89099939c6fffff,70.44846068055763,10.00826910767158,3.1438580911376657,0.6546490319327679,136.4754378911026,0.37732451596638394,653.8846086682214,30.0,1.0,3.1438580911376657,653.8846086682214,10.83741109862333,59.918468026713334,9,synthetic,0.42494842964114704,0,0.42494842964114704,0,synthetic
89099939c73ffff,13.991141521749618,1.6896712338503783,0.20880921193286936,0.16939748929319787,11.828663180298921,0.13469874464659892,99.31141708014134,30.0,0.0,0.20880921193286936,99.31141708014134,10.826084136323567,59.91759102502465,9,synthetic,0.5961068263849411,1,0.5961068263849411,1,synthetic
89099939c77ffff,18.507727054454257,2.355159063756074,0.3358827124272642,0.20821761270436345,16.848827217429363,0.15410880635218172,143.67727240718773,30.0,0.0,0.3358827124272642,143.67727240718773,10.828598764229262,59.919935107362484,9,synthetic,0.4637039910325678,0,0.4637039910325678,0,synthetic
89099939c7bffff,27.06102153102915,3.509153235242308,0.5773992334666608,0.27553393937439374,27.595427797161562,0.18776696968719686,220.61021717293664,30.0,0.0,0.5773992334666608,220.61021717293664,10.829232797421081,59.91568552265565,9,synthetic,0.5312750614967449,0,0.5312750614967449,0,synthetic
89099939c83ffff,55.120287904925775,7.856043191326801,1.8986797753136855,0.5291025201459892,91.32347600235826,0.3145512600729946,510.4028809119029,30.0,1.0,1.8986797753136855,510.4028809119029,10.802796756238457,59.92008340948185,9,synthetic,0.4229206712887177,0,0.4229206712887177,0,synthetic
89099939c87ffff,59.63687343763041,8.521531021232498,2.208019169211325,0.5679226435571548,104.32295071910156,0.3339613217785774,554.7687362389493,30.0,1.0,2.208019169211325,554.7687362389493,10.805310211351513,59.92242771765941,9,synthetic,0.5317935980183306,0,0.5317935980183306,0,synthetic
89099939c8bffff,68.1901679142053,9.675525192718732,2.8931684267563713,0.6352389702271851,128.90613493411365,0.36761948511359255,631.7016810046982,30.0,1.0,2.8931684267563713,631.7016810046982,10.805946153980791,59.918178663992926,9,synthetic,0.42443288812749325,0,0.42443288812749325,0,synthetic
89099939c8fffff,72.70675344690994,10.341013022624427,3.430535065294052,0.6740590936383507,144.26002684547126,0.38702954681917534,676.0675363317446,30.0,1.0,3.430535065294052,676.0675363317446,10.808459690646245,59.920523011677474,9,synthetic,0.5144361508602331,0,0.5144361508602331,0,synthetic
89099939c93ffff,16.24943428810194,2.0224151488032263,0.2713369022338178,0.18880755099878066,14.231102200174277,0.14440377549939032,121.49434474366454,30.0,0.0,0.2713369022338178,121.49434474366454,10.797134043928578,59.91964357013962,9,synthetic,0.5025606875836444,0,0.5025606875836444,0,synthetic
89099939c97ffff,20.76601982080658,2.687902978708922,0.40258127197235993,0.22762767440994627,19.681838232064184,0.16381383720497314,165.86020007071093,30.0,0.0,0.40258127197235993,165.86020007071093,10.799647162335573,59.921987979885984,9,synthetic,0.572176492882204,1,0.572176492882204,1,synthetic
89099939c9bffff,29.319314297381467,3.8418971501951553,0.6528220446396581,0.29494400107997654,31.175075414344068,0.19747200053998826,242.79314483645982,30.0,0.0,0.6528220446396581,242.79314483645982,10.800283556236987,59.917738960223915,9,synthetic,0.531900157412596,0,0.531900157412596,0,synthetic
89099939ca3ffff,61.415289615148346,8.677293447860187,2.2878959160231704,0.5770087851104367,107.48994204742525,0.33850439255521836,565.1528980141286,30.0,1.0,2.2878959160231704,565.1528980141286,10.81348752939327,59.925211283748894,9,synthetic,0.3934846521868674,0,0.3934846521868674,0,synthetic
89099939ca7ffff,65.93187514785299,9.342781277765884,2.6704303254225827,0.6158289085216023,121.55211797450447,0.35791445426080115,609.518753341175,30.0,1.0,2.6704303254225827,609.518753341175,10.816001831533127,59.927555208115564,9,synthetic,0.4431903794047581,0,0.4431903794047581,0,synthetic
89099939cabffff,74.48516962442788,10.496775449252116,3.580296989928423,0.6831452351916325,147.97808720773813,0.39157261759581624,686.4516981069239,30.0,1.0,3.580296989928423,686.4516981069239,10.816636975505492,59.92330648168412,9,synthetic,0.48942280696899254,0,0.48942280696899254,0,synthetic
89099939cafffff,79.00175515713252,11.162263279157813,4.387854964584039,0.7219653586027982,164.39468032943168,0.4109826793013991,730.8175534339704,30.0,1.0,4.387854964584039,730.8175534339704,10.819151359132157,59.92565044554234,9,synthetic,0.4109326058837327,0,0.4109326058837327,0,synthetic
89099939cb3ffff,22.54443599832451,2.843665405336612,0.4345850313892928,0.23671381596322816,21.08199055493574,0.16835690798161407,176.24436184589024,30.0,0.0,0.4345850313892928,176.24436184589024,10.80782392160531,59.92477188474656,9,synthetic,0.4529665013359377,0,0.4529665013359377,0,synthetic
89099939cb7ffff,27.06102153102915,3.509153235242308,0.5773992334666608,0.27553393937439374,27.595427797161562,0.18776696968719686,220.61021717293664,30.0,0.0,0.5773992334666608,220.61021717293664,10.810337887029064,59.92711591073315,9,synthetic,0.5221773850240075,0,0.5221773850240075,0,synthetic
89099939cbbffff,35.61431600760404,4.663147406728541,0.8521387033663794,0.34285026604442403,40.93144999766304,0.221425133022212,297.54316193868556,30.0,0.0,0.8521387033663794,297.54316193868556,10.81097348244072,59.92286721826618,9,synthetic,0.45178809529651304,0,0.45178809529651304,0,synthetic
89099939cc3ffff,63.673582381500665,9.010037362813037,2.4700312418184063,0.5964188468160195,114.413387012275,0.34820942340800976,587.3358256776519,30.0,1.0,2.4700312418184063,587.3358256776519,10.806581992462087,59.91392921513758,9,synthetic,0.4184686899938387,0,0.4184686899938387,0,synthetic
89099939cc7ffff,68.1901679142053,9.675525192718732,2.8931684267563713,0.6352389702271851,128.90613493411365,0.36761948511359255,631.7016810046982,30.0,1.0,2.8931684267563713,631.7016810046982,10.809095355561809,59.916273743421044,9,synthetic,0.4290621363334851,0,0.4290621363334851,0,synthetic
89099939ccbffff,76.7434623907802,10.829519364204966,3.943590524494632,0.7025552968972154,156.07874076989506,0.4012776484486077,708.6346257704472,30.0,1.0,3.943590524494632,708.6346257704472,10.809730916377317,59.91202407997046,9,synthetic,0.34263386011248587,0,0.34263386011248587,0,synthetic
89099939ccfffff,81.26004792348483,11.495007194110663,4.959852544363646,0.741375420308381,172.92590588634803,0.4206877101541905,753.0004810974935,30.0,1.0,4.959852544363646,753.0004810974935,10.812244360980792,59.91436864776797,9,synthetic,0.34563110871578184,0,0.34563110871578184,0,synthetic
89099939cd3ffff,24.80272876467683,3.1764093202894594,0.5047176596447688,0.25612387766881095,24.23106617735878,0.17806193883440546,198.4272895094134,30.0,0.0,0.5047176596447688,198.4272895094134,10.800919845920038,59.913489545376756,9,synthetic,0.5543703646479532,1,0.5543703646479532,1,synthetic
89099939cd7ffff,29.319314297381467,3.8418971501951553,0.6528220446396581,0.29494400107997654,31.175075414344068,0.19747200053998826,242.79314483645982,30.0,0.0,0.6528220446396581,242.79314483645982,10.803432872415081,59.91583417522266,9,synthetic,0.4897942094145505,0,0.4897942094145505,0,synthetic
89099939cdbffff,37.87260877395636,4.995891321681389,0.938911912430471,0.3622603277500068,45.25773421739323,0.2311301638750034,319.72608960220873,30.0,0.0,0.938911912430471,319.72608960220873,10.804068884421255,59.911584545773074,9,synthetic,0.3618453054612841,0,0.3618453054612841,0,synthetic
89099939d03ffff,7.216263222692657,0.6914394889918339,0.03216382955801622,0.11116730417644946,5.913062104951247,0.10558365208822473,32.76263408957172,30.0,0.0,0.03216382955801622,32.76263408957172,10.834876844340235,59.93546340738715,9,synthetic,0.6278916729519352,1,0.6278916729519352,1,synthetic
89099939d07ffff,11.732848755397297,1.35692731889753,0.1481772593328154,0.14998742758761507,9.641510157803298,0.12499371379380754,77.12848941661812,30.0,0.0,0.1481772593328154,77.12848941661812,10.83739284101789,59.937806563764184,9,synthetic,0.5866448557629449,1,0.5866448557629449,1,synthetic
89099939d0bffff,20.286143231972186,2.5109214903837636,0.36682860644217424,0.21730375425764534,18.148200929892422,0.15865187712882267,154.061434182367,30.0,0.0,0.36682860644217424,154.061434182367,10.8380263863271,59.933558492044874,9,synthetic,0.5092546179143026,0,0.5092546179143026,0,synthetic
89099939d0fffff,24.80272876467683,3.1764093202894594,0.5047176596447688,0.25612387766881095,24.23106617735878,0.17806193883440546,198.4272895094134,30.0,0.0,0.5047176596447688,198.4272895094134,10.840542464360082,59.935901687882655,9,synthetic,0.46442551231876483,0,0.46442551231876483,0,synthetic
89099939d13ffff,48.34540960586882,6.857811446468258,1.509269238261351,0.47087233502924086,73.43890890759131,0.2854361675146204,443.8540979213333,30.0,1.0,1.509269238261351,443.8540979213333,10.829211445977014,59.935024889558264,9,synthetic,0.5006715840724423,0,0.5006715840724423,0,synthetic
89099939d17ffff,52.861995138573455,7.523299276373955,1.760278969447684,0.5096924584404064,85.14666764005622,0.3048462292202032,488.21995324837974,30.0,1.0,1.760278969447684,488.21995324837974,10.831727105918588,59.937368147657516,9,synthetic,0.4639173415342964,0,0.4639173415342964,0,synthetic
89099939d1bffff,61.415289615148346,8.677293447860187,2.2878959160231704,0.5770087851104367,107.48994204742525,0.33850439255521836,565.1528980141286,30.0,1.0,2.2878959160231704,565.1528980141286,10.832361103001208,59.9331201098226,9,synthetic,0.5560671287143102,1,0.5560671287143102,1,synthetic
89099939d23ffff,9.474555989044978,1.024183403944682,0.08932946761072652,0.13057736588203225,7.669643132687405,0.11528868294101613,54.94556175309492,30.0,0.0,0.08932946761072652,54.94556175309492,10.845575386523208,59.94058765593901,9,synthetic,0.6018042922971516,1,0.6018042922971516,1,synthetic
89099939d27ffff,13.991141521749618,1.6896712338503783,0.20880921193286936,0.16939748929319787,11.828663180298921,0.13469874464659892,99.31141708014134,30.0,0.0,0.20880921193286936,99.31141708014134,10.848092230711611,59.94293042813737,9,synthetic,0.5847291450996137,1,0.5847291450996137,1,synthetic
89099939d2bffff,22.54443599832451,2.843665405336612,0.4345850313892928,0.23671381596322816,21.08199055493574,0.16835690798161407,176.24436184589024,30.0,0.0,0.4345850313892928,176.24436184589024,10.848724976014285,59.93868268389506,9,synthetic,0.5292182372889976,0,0.5292182372889976,0,synthetic
89099939d33ffff,50.60370237222114,7.190555361421106,1.630838817789088,0.49028239673482366,79.1851452751339,0.2951411983674118,466.03702558485656,30.0,1.0,1.630838817789088,466.03702558485656,10.839909093063408,59.94014957894361,9,synthetic,0.49346123599206376,0,0.49346123599206376,0,synthetic
89099939d37ffff,55.120287904925775,7.856043191326801,1.8986797753136855,0.5291025201459892,91.32347600235826,0.3145512600729946,510.4028809119029,30.0,1.0,1.8986797753136855,510.4028809119029,10.842425600505956,59.9424924529153,9,synthetic,0.4736981288242659,0,0.4736981288242659,0,synthetic
89099939d3bffff,63.673582381500665,9.010037362813037,2.4700312418184063,0.5964188468160195,114.413387012275,0.34820942340800976,587.3358256776519,30.0,1.0,2.4700312418184063,587.3358256776519,10.843058797749082,59.93824474251739,9,synthetic,0.49817198735529256,0,0.49817198735529256,0,synthetic
89099939d43ffff,11.732848755397297,1.35692731889753,0.1481772593328154,0.14998742758761507,9.641510157803298,0.12499371379380754,77.12848941661812,30.0,0.0,0.1481772593328154,77.12848941661812,10.8386598278354,59.92931002513471,9,synthetic,0.5469602220673686,0,0.5469602220673686,0,synthetic
89099939d47ffff,16.24943428810194,2.0224151488032263,0.2713369022338178,0.18880755099878066,14.231102200174277,0.14440377549939032,121.49434474366454,30.0,0.0,0.2713369022338178,121.49434474366454,10.84117573187855,59.93165340163242,9,synthetic,0.5359773488255466,0,0.5359773488255466,0,synthetic
89099939d4bffff,24.80272876467683,3.1764093202894594,0.5047176596447688,0.25612387766881095,24.23106617735878,0.17806193883440546,198.4272895094134,30.0,0.0,0.5047176596447688,198.4272895094134,10.84180889564408,59.927404720186054,9,synthetic,0.5063118643260779,0,0.5063118643260779,0,synthetic
89099939d4fffff,29.319314297381467,3.8418971501951553,0.6528220446396581,0.29494400107997654,31.175075414344068,0.19747200053998826,242.79314483645982,30.0,0.0,0.6528220446396581,242.79314483645982,10.84432488099392,59.92974813615158,9,synthetic,0.555470230281984,1,0.555470230281984,1,synthetic
89099939d53ffff,52.861995138573455,7.523299276373955,1.760278969447684,0.5096924584404064,85.14666764005622,0.3048462292202032,488.21995324837974,30.0,1.0,1.760278969447684,488.21995324837974,10.832994996212312,59.928871676800604,9,synthetic,0.5213685324211116,0,0.5213685324211116,0,synthetic
89099939d57ffff,57.378580671278094,8.188787106279651,2.047374745403413,0.548512581851572,97.71557036204005,0.324256290925786,532.5858085754262,30.0,1.0,2.047374745403413,532.5858085754262,10.835510563620913,59.931215155014165,9,synthetic,0.4179380262092522,0,0.4179380262092522,0,synthetic
89099939d5bffff,65.93187514785299,9.342781277765884,2.6704303254225827,0.6158289085216023,121.55211797450447,0.35791445426080115,609.518753341175,30.0,1.0,2.6704303254225827,609.518753341175,10.836144179078053,59.926966507448746,9,synthetic,0.41308188728325645,0,0.41308188728325645,0,synthetic
89099939d63ffff,13.991141521749618,1.6896712338503783,0.20880921193286936,0.16939748929319787,11.828663180298921,0.13469874464659892,99.31141708014134,30.0,0.0,0.20880921193286936,99.31141708014134,10.84935761763198,59.9344345444613,9,synthetic,0.581047849230003,1,0.581047849230003,1,synthetic
89099939d73ffff,55.120287904925775,7.856043191326801,1.8986797753136855,0.5291025201459892,91.32347600235826,0.3145512600729946,510.4028809119029,30.0,1.0,1.8986797753136855,510.4028809119029,10.843691891236638,59.93399663693179,9,synthetic,0.43015579376121316,0,0.43015579376121316,0,synthetic
89099939d77ffff,59.63687343763041,8.521531021232498,2.208019169211325,0.5679226435571548,104.32295071910156,0.3339613217785774,554.7687362389493,30.0,1.0,2.208019169211325,554.7687362389493,10.8462083059388,59.9363397310227,9,synthetic,0.4870050300275228,0,0.4870050300275228,0,synthetic
89099939d7bffff,68.1901679142053,9.675525192718732,2.8931684267563713,0.6352389702271851,128.90613493411365,0.36761948511359255,631.7016810046982,30.0,1.0,2.8931684267563713,631.7016810046982,10.846841121646841,59.93209141091338,9,synthetic,0.3205526602867888,0,0.3205526602867888,0,synthetic
89099939d83ffff,16.24943428810194,2.0224151488032263,0.2713369022338178,0.18880755099878066,14.231102200174277,0.14440377549939032,121.49434474366454,30.0,0.0,0.2713369022338178,121.49434474366454,10.820396301006667,59.93649060347188,9,synthetic,0.5164124701269,0,0.5164124701269,0,synthetic
89099939d87ffff,20.76601982080658,2.687902978708922,0.40258127197235993,0.22762767440994627,19.681838232064184,0.16381383720497314,165.86020007071093,30.0,0.0,0.40258127197235993,165.86020007071093,10.822911542717666,59.93883392380416,9,synthetic,0.503692717843992,0,0.503692717843992,0,synthetic
89099939d8bffff,29.319314297381467,3.8418971501951553,0.6528220446396581,0.29494400107997654,31.175075414344068,0.19747200053998826,242.79314483645982,30.0,0.0,0.6528220446396581,242.79314483645982,10.823546269368165,59.934586134418055,9,synthetic,0.3999123436037273,0,0.3999123436037273,0,synthetic
89099939d8fffff,33.835899830086106,4.507384980100852,0.8127773153197821,0.3337641244911421,38.98022864084829,0.21688206224557105,287.1590001635062,30.0,0.0,0.8127773153197821,287.1590001635062,10.826061592548934,59.93692949421938,9,synthetic,0.4537558009517596,0,0.4537558009517596,0,synthetic
89099939d93ffff,57.378580671278094,8.188787106279651,2.047374745403413,0.548512581851572,97.71557036204005,0.324256290925786,532.5858085754262,30.0,1.0,2.047374745403413,532.5858085754262,10.814731231389569,59.93605147543711,9,synthetic,0.3951222450744209,0,0.3951222450744209,0,synthetic
89099939d97ffff,61.89516620398275,8.854274936185346,2.3827027710566764,0.5873327052627376,111.14561707354281,0.3436663526313688,576.9516639024725,30.0,1.0,2.3827027710566764,576.9516639024725,10.817246136272908,59.938394897446784,9,synthetic,0.42795552554734967,0,0.42795552554734967,0,synthetic
89099939d9bffff,70.44846068055763,10.00826910767158,3.1438580911376657,0.6546490319327679,136.4754378911026,0.37732451596638394,653.8846086682214,30.0,1.0,3.1438580911376657,653.8846086682214,10.817881314611508,59.93414714198856,9,synthetic,0.4876968849445363,0,0.4876968849445363,0,synthetic
89099939da3ffff,22.54443599832451,2.843665405336612,0.4345850313892928,0.23671381596322816,21.08199055493574,0.16835690798161407,176.24436184589024,30.0,0.0,0.4345850313892928,176.24436184589024,10.831093004939119,59.94161579031218,9,synthetic,0.5253116012348907,0,0.5253116012348907,0,synthetic
89099939da7ffff,27.06102153102915,3.509153235242308,0.5773992334666608,0.27553393937439374,27.595427797161562,0.18776696968719686,220.61021717293664,30.0,0.0,0.5773992334666608,220.61021717293664,10.833609094206947,59.94395872658345,9,synthetic,0.47151484033432206,0,0.47151484033432206,0,synthetic
89099939dabffff,35.61431600760404,4.663147406728541,0.8521387033663794,0.34285026604442403,40.93144999766304,0.221425133022212,297.54316193868556,30.0,0.0,0.8521387033663794,297.54316193868556,10.834243021210693,59.93971126457463,9,synthetic,0.49406152297546224,0,0.49406152297546224,0,synthetic
89099939dafffff,40.13090154030868,5.328635236634238,1.0296213410061066,0.3816703894555896,49.79930443450317,0.2408351947277948,341.90901726573196,30.0,0.0,1.0296213410061066,341.90901726573196,10.836759191882475,59.94205424029956,9,synthetic,0.5358005905395057,0,0.5358005905395057,0,synthetic
89099939db3ffff,63.673582381500665,9.010037362813037,2.4700312418184063,0.5964188468160195,114.413387012275,0.34820942340800976,587.3358256776519,30.0,1.0,2.4700312418184063,587.3358256776519,10.825427039773693,59.94117710297525,9,synthetic,0.38678779612128755,0,0.38678779612128755,0,synthetic
89099939db7ffff,68.1901679142053,9.675525192718732,2.8931684267563713,0.6352389702271851,128.90613493411365,0.36761948511359255,631.7016810046982,30.0,1.0,2.8931684267563713,631.7016810046982,10.827942792203853,59.94352014097508,9,synthetic,0.3876127806216687,0,0.3876127806216687,0,synthetic
89099939dbbffff,76.7434623907802,10.829519364204966,3.943590524494632,0.7025552968972154,156.07874076989506,0.4012776484486077,708.6346257704472,30.0,1.0,3.943590524494632,708.6346257704472,10.828577171062857,59.93927271285413,9,synthetic,0.4558439188769729,0,0.4558439188769729,0,synthetic
89099939dc3ffff,24.80272876467683,3.1764093202894594,0.5047176596447688,0.25612387766881095,24.23106617735878,0.17806193883440546,198.4272895094134,30.0,0.0,0.5047176596447688,198.4272895094134,10.824180892028624,59.930337949853886,9,synthetic,0.5191902170851369,0,0.5191902170851369,0,synthetic
89099939dc7ffff,29.319314297381467,3.8418971501951553,0.6528220446396581,0.29494400107997654,31.175075414344068,0.19747200053998826,242.79314483645982,30.0,0.0,0.6528220446396581,242.79314483645982,10.826696041356723,59.93268149028705,9,synthetic,0.5483043787585082,0,0.5483043787585082,0,synthetic
89099939dcbffff,37.87260877395636,4.995891321681389,0.938911912430471,0.3622603277500068,45.25773421739323,0.2311301638750034,319.72608960220873,30.0,0.0,0.938911912430471,319.72608960220873,10.827330386222451,59.92843309117135,9,synthetic,0.4894001829625476,0,0.4894001829625476,0,synthetic
89099939dcfffff,42.389194306661,5.661379151587086,1.1246411392995528,0.4010804511611724,54.55616064899284,0.2505402255805862,364.0919449292552,30.0,0.0,1.1246411392995528,364.0919449292552,10.829845616971653,59.93077667108063,9,synthetic,0.5117705931859942,0,0.5117705931859942,0,synthetic
89099939dd3ffff,65.93187514785299,9.342781277765884,2.6704303254225827,0.6158289085216023,121.55211797450447,0.35791445426080115,609.518753341175,30.0,1.0,2.6704303254225827,609.518753341175,10.818516388889456,59.92989899135603,9,synthetic,0.382566667970879,0,0.382566667970879,0,synthetic
89099939dd7ffff,70.44846068055763,10.00826910767158,3.1438580911376657,0.6546490319327679,136.4754378911026,0.37732451596638394,653.8846086682214,30.0,1.0,3.1438580911376657,653.8846086682214,10.821031201491401,59.93224263346022,9,synthetic,0.4314443578221097,0,0.4314443578221097,0,synthetic
89099939ddbffff,79.00175515713252,11.162263279157813,4.387854964584039,0.7219653586027982,164.39468032943168,0.4109826793013991,730.8175534339704,30.0,1.0,4.387854964584039,730.8175534339704,10.821665997963473,59.92799426826898,9,synthetic,0.41658769037990495,0,0.41658769037990495,0,synthetic
89099939e03ffff,48.34540960586882,6.857811446468258,1.509269238261351,0.47087233502924086,73.43890890759131,0.2854361675146204,443.8540979213333,30.0,1.0,1.509269238261351,443.8540979213333,10.839310699898588,59.905717341496384,9,synthetic,0.3980866430515189,0,0.3980866430515189,0,synthetic
89099939e07ffff,52.861995138573455,7.523299276373955,1.760278969447684,0.5096924584404064,85.14666764005622,0.3048462292202032,488.21995324837974,30.0,1.0,1.760278969447684,488.21995324837974,10.84182547925084,59.908061762481644,9,synthetic,0.3682759130128405,0,0.3682759130128405,0,synthetic
89099939e0bffff,61.415289615148346,8.677293447860187,2.2878959160231704,0.5770087851104367,107.48994204742525,0.33850439255521836,565.1528980141286,30.0,1.0,2.2878959160231704,565.1528980141286,10.842458298486008,59.903810924282894,9,synthetic,0.47122446634383963,0,0.47122446634383963,0,synthetic
89099939e0fffff,65.93187514785299,9.342781277765884,2.6704303254225827,0.6158289085216023,121.55211797450447,0.35791445426080115,609.518753341175,30.0,1.0,2.6704303254225827,609.518753341175,10.844973159064917,59.906155384772575,9,synthetic,0.41677295456201213,0,0.41677295456201213,0,synthetic
89099939e13ffff,9.474555989044978,1.024183403944682,0.08932946761072652,0.13057736588203225,7.669643132687405,0.11528868294101613,54.94556175309492,30.0,0.0,0.08932946761072652,54.94556175309492,10.833648462051718,59.90527906101374,9,synthetic,0.5296808482785382,0,0.5296808482785382,0,synthetic
89099939e17ffff,13.991141521749618,1.6896712338503783,0.20880921193286936,0.16939748929319787,11.828663180298921,0.13469874464659892,99.31141708014134,30.0,0.0,0.20880921193286936,99.31141708014134,10.836162905083437,59.907623583644614,9,synthetic,0.5605350411903464,1,0.5605350411903464,1,synthetic
89099939e1bffff,22.54443599832451,2.843665405336612,0.4345850313892928,0.23671381596322816,21.08199055493574,0.16835690798161407,176.24436184589024,30.0,0.0,0.4345850313892928,176.24436184589024,10.836796175598135,59.903372779356516,9,synthetic,0.593965576661891,1,0.593965576661891,1,synthetic
89099939e33ffff,11.732848755397297,1.35692731889753,0.1481772593328154,0.14998742758761507,9.641510157803298,0.12499371379380754,77.12848941661812,30.0,0.0,0.1481772593328154,77.12848941661812,10.844340513683932,59.910406042302206,9,synthetic,0.45898947573063675,0,0.45898947573063675,0,synthetic
89099939e37ffff,16.24943428810194,2.0224151488032263,0.2713369022338178,0.18880755099878066,14.231102200174277,0.14440377549939032,121.49434474366454,30.0,0.0,0.2713369022338178,121.49434474366454,10.846855803226992,59.912750180947924,9,synthetic,0.4829157879775784,0,0.4829157879775784,0,synthetic
89099939e3bffff,24.80272876467683,3.1764093202894594,0.5047176596447688,0.25612387766881095,24.23106617735878,0.17806193883440546,198.4272895094134,30.0,0.0,0.5047176596447688,198.4272895094134,10.847488274712838,59.90849970409217,9,synthetic,0.48412270077691355,0,0.48412270077691355,0,synthetic
89099939e47ffff,57.378580671278094,8.188787106279651,2.047374745403413,0.548512581851572,97.71557036204005,0.324256290925786,532.5858085754262,30.0,1.0,2.047374745403413,532.5858085754262,10.845605700844924,59.9019043320059,9,synthetic,0.5139389942027337,0,0.5139389942027337,0,synthetic
89099939e57ffff,18.507727054454257,2.355159063756074,0.3358827124272642,0.20821761270436345,16.848827217429363,0.15410880635218172,143.67727240718773,30.0,0.0,0.3358827124272642,143.67727240718773,10.839943692946987,59.90146632263318,9,synthetic,0.5643669204538936,1,0.5643669204538936,1,synthetic
89099939e73ffff,16.24943428810194,2.0224151488032263,0.2713369022338178,0.18880755099878066,14.231102200174277,0.14440377549939032,121.49434474366454,30.0,0.0,0.2713369022338178,121.49434474366454,10.848120642620339,59.904248832000874,9,synthetic,0.5961135844958061,1,0.5961135844958061,1,synthetic
89099939e83ffff,57.378580671278094,8.188787106279651,2.047374745403413,0.548512581851572,97.71557036204005,0.324256290925786,532.5858085754262,30.0,1.0,2.047374745403413,532.5858085754262,10.824838421023113,59.90674651437912,9,synthetic,0.3838720049104057,0,0.3838720049104057,0,synthetic
89099939e87ffff,61.89516620398275,8.854274936185346,2.3827027710566764,0.5873327052627376,111.14561707354281,0.3436663526313688,576.9516639024725,30.0,1.0,2.3827027710566764,576.9516639024725,10.827352446368643,59.909091099122755,9,synthetic,0.38203396450976485,0,0.38203396450976485,0,synthetic
89099939e8bffff,70.44846068055763,10.00826910767158,3.1438580911376657,0.6546490319327679,136.4754378911026,0.37732451596638394,653.8846086682214,30.0,1.0,3.1438580911376657,653.8846086682214,10.827986445621848,59.90484054334671,9,synthetic,0.4544392761976586,0,0.4544392761976586,0,synthetic
89099939e8fffff,74.96504621326227,10.673756937577277,3.7652915351650464,0.6934691553439335,152.25990179721967,0.39673457767196674,698.2504639952679,30.0,1.0,3.7652915351650464,698.2504639952679,10.83050055230833,59.907185167603096,9,synthetic,0.43303478119271505,0,0.43303478119271505,0,synthetic
89099939e93ffff,18.507727054454257,2.355159063756074,0.3358827124272642,0.20821761270436345,16.848827217429363,0.15410880635218172,143.67727240718773,30.0,0.0,0.3358827124272642,143.67727240718773,10.819176511325358,59.90630762399472,9,synthetic,0.5776745122511351,1,0.5776745122511351,1,synthetic
89099939e97ffff,23.0243125871589,3.0206468936617705,0.4715811483337786,0.24703773611552907,22.730135244078745,0.17351886805776454,188.04312773423416,30.0,0.0,0.4715811483337786,188.04312773423416,10.821690200258987,59.90865231033924,9,synthetic,0.5260920626287293,0,0.5260920626287293,0,synthetic
89099939e9bffff,31.577607063733787,4.174641065148004,0.7312010004491759,0.31435406278555933,34.97000902890631,0.20717703139277965,264.97607249998305,30.0,0.0,0.7312010004491759,264.97607249998305,10.82232465070656,59.904401788517326,9,synthetic,0.5227980628198726,0,0.5227980628198726,0,synthetic
89099939ea3ffff,63.673582381500665,9.010037362813037,2.4700312418184063,0.5964188468160195,114.413387012275,0.34820942340800976,587.3358256776519,30.0,1.0,2.4700312418184063,587.3358256776519,10.835529530849332,59.91187399270469,9,synthetic,0.44349169117228826,0,0.44349169117228826,0,synthetic
89099939ea7ffff,68.1901679142053,9.675525192718732,2.8931684267563713,0.6352389702271851,128.90613493411365,0.36761948511359255,631.7016810046982,30.0,1.0,2.8931684267563713,631.7016810046982,10.838044402762073,59.914218193529656,9,synthetic,0.47202989427198744,0,0.47202989427198744,0,synthetic
89099939eabffff,76.7434623907802,10.829519364204966,3.943590524494632,0.7025552968972154,156.07874076989506,0.4012776484486077,708.6346257704472,30.0,1.0,3.943590524494632,708.6346257704472,10.838677603178729,59.90996796512629,9,synthetic,0.4682668850104853,0,0.4682668850104853,0,synthetic
89099939eafffff,81.26004792348483,11.495007194110663,4.959852544363646,0.741375420308381,172.92590588634803,0.4206877101541905,753.0004810974935,30.0,1.0,4.959852544363646,753.0004810974935,10.841192556366767,59.91231220544862,9,synthetic,0.3454204259622272,0,0.3454204259622272,0,synthetic
89099939eb3ffff,24.80272876467683,3.1764093202894594,0.5047176596447688,0.25612387766881095,24.23106617735878,0.17806193883440546,198.4272895094134,30.0,0.0,0.5047176596447688,198.4272895094134,10.829866726772284,59.91143554273811,9,synthetic,0.41790359510463415,0,0.41790359510463415,0,synthetic
89099939eb7ffff,29.319314297381467,3.8418971501951553,0.6528220446396581,0.29494400107997654,31.175075414344068,0.19747200053998826,242.79314483645982,30.0,0.0,0.6528220446396581,242.79314483645982,10.83238126226323,59.91377984521509,9,synthetic,0.5660174141056099,1,0.5660174141056099,1,synthetic
89099939ebbffff,37.87260877395636,4.995891321681389,0.938911912430471,0.3622603277500068,45.25773421739323,0.2311301638750034,319.72608960220873,30.0,0.0,0.938911912430471,319.72608960220873,10.833014914041108,59.90952965072579,9,synthetic,0.5494687772154092,0,0.5494687772154092,0,synthetic
89099939ec3ffff,65.93187514785299,9.342781277765884,2.6704303254225827,0.6158289085216023,121.55211797450447,0.35791445426080115,609.518753341175,30.0,1.0,2.6704303254225827,609.518753341175,10.828620341062573,59.90058959234489,9,synthetic,0.3832894226972442,0,0.3832894226972442,0,synthetic
89099939ec7ffff,70.44846068055763,10.00826910767158,3.1438580911376657,0.6546490319327679,136.4754378911026,0.37732451596638394,653.8846086682214,30.0,1.0,3.1438580911376657,653.8846086682214,10.831134274054467,59.9029343972438,9,synthetic,0.33905682003424165,0,0.33905682003424165,0,synthetic
89099939ecfffff,83.51834068983716,11.82775110906351,5.764066583426392,0.7607854820139638,181.6724174406441,0.4303927410069819,775.1834087610167,30.0,1.0,5.764066583426392,775.1834087610167,10.834281906320367,59.90102807607219,9,synthetic,0.4307437157148807,0,0.4307437157148807,0,synthetic
89099939ed3ffff,27.06102153102915,3.509153235242308,0.5773992334666608,0.27553393937439374,27.595427797161562,0.18776696968719686,220.61021717293664,30.0,0.0,0.5773992334666608,220.61021717293664,10.822958997271268,59.90015087147338,9,synthetic,0.5695974376654063,1,0.5695974376654063,1,synthetic
89099939ed7ffff,31.577607063733787,4.174641065148004,0.7312010004491759,0.31435406278555933,34.97000902890631,0.20717703139277965,264.97607249998305,30.0,0.0,0.7312010004491759,264.97607249998305,10.825472593952492,59.90249577796678,9,synthetic,0.5987706026188571,1,0.5987706026188571,1,synthetic
8909993a323ffff,39.31223854045953,5.526835786656866,1.0856751054869647,0.3932320882069096,52.6068234112183,0.24661604410345478,355.1223872672405,30.0,0.0,1.0856751054869647,355.1223872672405,10.70456045411717,59.9446481878765,9,synthetic,0.5105921983501216,0,0.5105921983501216,0,synthetic
8909993a327ffff,43.82882407316418,6.192323616562562,1.2862785709027134,0.4320522116180753,62.59229416464535,0.2660261058090376,399.48824259428693,30.0,0.0,1.2862785709027134,399.48824259428693,10.707069645410568,59.94699281632174,9,synthetic,0.45307119087369874,0,0.45307119087369874,0,synthetic
8909993a32bffff,52.38211854973907,7.346317788048796,1.6903903981403534,0.49936853828810557,81.94902216182363,0.2996842691440528,476.42118736003584,30.0,1.0,1.6903903981403534,476.42118736003584,10.707713818472557,59.942747289277,9,synthetic,0.4032625006306698,0,0.4032625006306698,0,synthetic
8909993a32fffff,56.89870408244371,8.01180561795449,1.9669123444861696,0.538188661699271,94.28891010986496,0.3190943308496355,520.7870426870822,30.0,1.0,1.9669123444861696,520.7870426870822,10.710223092149864,59.94509195725835,9,synthetic,0.4404704776666423,0,0.4404704776666423,0,synthetic
8909993a337ffff,84.95797045634035,12.358695574038986,8.883490711932321,0.7917572424708667,196.07466412813406,0.4458786212354333,810.5797064260486,30.0,1.0,8.883490711932321,810.5797064260486,10.701406893892205,59.946548911342006,9,synthetic,0.4154240591934668,0,0.4154240591934668,0,synthetic
8909993a33bffff,13.511264932915227,1.5126897455252193,0.17633131330342552,0.15907356914089693,10.638548039040877,0.12953678457044848,87.51265119179742,30.0,0.0,0.17633131330342552,87.51265119179742,10.702051517953347,59.942303418572074,9,synthetic,0.5168628261885,0,0.5168628261885,0,synthetic
8909993a347ffff,46.0871168395165,6.52506753151541,1.3946677106304064,0.45146227332365807,67.90795853742848,0.275731136661829,421.67117025781016,30.0,1.0,1.3946677106304064,421.67117025781016,10.70018752803123,59.935712440185334,9,synthetic,0.5676638328235428,1,0.5676638328235428,1,synthetic
8909993a34bffff,54.64041131609139,7.6790617030016435,1.8238761488055768,0.5187785999936884,88.01132313715442,0.30938929999684417,498.604115023559,30.0,1.0,1.8238761488055768,498.604115023559,10.700832113604076,59.93146597687198,9,synthetic,0.5310451310319336,0,0.5310451310319336,0,synthetic
8909993a34fffff,59.15699684879603,8.34454953290734,2.1209716260715266,0.557598723404854,100.78178307995525,0.32879936170242696,542.9699703506054,30.0,1.0,2.1209716260715266,542.9699703506054,10.70334044938544,59.93381124781006,9,synthetic,0.4951768408099035,0,0.4951768408099035,0,synthetic
8909993a363ffff,43.82882407316418,6.192323616562562,1.2862785709027134,0.4320522116180753,62.59229416464535,0.2660261058090376,399.48824259428693,30.0,0.0,1.2862785709027134,399.48824259428693,10.708357886032907,59.93850136715678,9,synthetic,0.42561450581252713,0,0.42561450581252713,0,synthetic
8909993a367ffff,48.34540960586882,6.857811446468258,1.509269238261351,0.47087233502924086,73.43890890759131,0.2854361675146204,443.8540979213333,30.0,1.0,1.509269238261351,443.8540979213333,10.710866986957567,59.940846215545186,9,synthetic,0.5016321554715893,0,0.5016321554715893,0,synthetic
8909993a36bffff,56.89870408244371,8.01180561795449,1.9669123444861696,0.538188661699271,94.28891010986496,0.3190943308496355,520.7870426870822,30.0,1.0,1.9669123444861696,520.7870426870822,10.711510776311577,59.93660007875115,9,synthetic,0.4718792335580047,0,0.4718792335580047,0,synthetic
8909993a36fffff,61.415289615148346,8.677293447860187,2.2878959160231704,0.5770087851104367,107.48994204742525,0.33850439255521836,565.1528980141286,30.0,1.0,2.2878959160231704,565.1528980141286,10.714019959571264,59.938944966682776,9,synthetic,0.45906429579030916,0,0.45906429579030916,0,synthetic
8909993a373ffff,84.95797045634035,12.358695574038986,8.883490711932321,0.7917572424708667,196.07466412813406,0.4458786212354333,810.5797064260486,30.0,1.0,8.883490711932321,810.5797064260486,10.70269603644255,59.9380575307304,9,synthetic,0.49287055773991845,0,0.49287055773991845,0,synthetic
8909993a377ffff,9.474555989044978,1.024183403944682,0.08932946761072652,0.13057736588203225,7.669643132687405,0.11528868294101613,54.94556175309492,30.0,0.0,0.08932946761072652,54.94556175309492,10.705204799913188,59.940402480430976,9,synthetic,0.6125634195039686,1,0.6125634195039686,1,synthetic
8909993a37bffff,18.027850465619867,2.178177575430915,0.30129262867678214,0.19789369255206252,15.429697302228838,0.14894684627603128,131.8785065188438,30.0,0.0,0.30129262867678214,131.8785065188438,10.705849040185278,59.93615637790835,9,synthetic,0.5894189106519964,1,0.5894189106519964,1,synthetic
8909993a803ffff,82.69967768998801,12.025951659086138,6.462705278025063,0.7723471807652837,186.98463041292422,0.43617359038264186,788.3967787625253,30.0,1.0,6.462705278025063,788.3967787625253,10.729021130777658,59.972331640171106,9,synthetic,0.4627172507092697,0,0.4627172507092697,0,synthetic
8909993a807ffff,7.216263222692657,0.6914394889918339,0.03216382955801622,0.11116730417644946,5.913062104951247,0.10558365208822473,32.76263408957172,30.0,0.0,0.03216382955801622,32.76263408957172,10.731533048144506,59.9746746790231,9,synthetic,0.6056890415216337,1,0.6056890415216337,1,synthetic
8909993a80bffff,15.769557699267548,1.8454336604780675,0.2378361715516113,0.17848363084647972,12.92647967194499,0.13924181542323988,109.69557885532062,30.0,0.0,0.2378361715516113,109.69557885532062,10.732175596917545,59.97043135129515,9,synthetic,0.47079359647067504,0,0.47079359647067504,0,synthetic
8909993a80fffff,20.286143231972186,2.5109214903837636,0.36682860644217424,0.21730375425764534,18.148200929892422,0.15865187712882267,154.061434182367,30.0,0.0,0.36682860644217424,154.061434182367,10.734687596570204,59.97277442962261,9,synthetic,0.5491294129866546,0,0.5491294129866546,0,synthetic
8909993a813ffff,43.82882407316418,6.192323616562562,1.2862785709027134,0.4320522116180753,62.59229416464535,0.2660261058090376,399.48824259428693,30.0,0.0,1.2862785709027134,399.48824259428693,10.723354888860321,59.97188861358362,9,synthetic,0.44384742776052727,0,0.44384742776052727,0,synthetic
8909993a817ffff,48.34540960586882,6.857811446468258,1.509269238261351,0.47087233502924086,73.43890890759131,0.2854361675146204,443.8540979213333,30.0,1.0,1.509269238261351,443.8540979213333,10.72586646843572,59.97423175392029,9,synthetic,0.3948891413747244,0,0.3948891413747244,0,synthetic
8909993a81bffff,56.89870408244371,8.01180561795449,1.9669123444861696,0.538188661699271,94.28891010986496,0.3190943308496355,520.7870426870822,30.0,1.0,1.9669123444861696,520.7870426870822,10.72650946887442,59.96998846035432,9,synthetic,0.5239887440481508,0,0.5239887440481508,0,synthetic
8909993a823ffff,84.95797045634035,12.358695574038986,8.883490711932321,0.7917572424708667,196.07466412813406,0.4458786212354333,810.5797064260486,30.0,1.0,8.883490711932321,810.5797064260486,10.739712362348508,59.97746016332646,9,synthetic,0.5168370614320148,0,0.5168370614320148,0,synthetic
8909993a827ffff,9.474555989044978,1.024183403944682,0.08932946761072652,0.13057736588203225,7.669643132687405,0.11528868294101613,54.94556175309492,30.0,0.0,0.08932946761072652,54.94556175309492,10.742225128532805,59.97980281868269,9,synthetic,0.6487558923756853,1,0.6487558923756853,1,synthetic
8909993a82bffff,18.027850465619867,2.178177575430915,0.30129262867678214,0.19789369255206252,15.429697302228838,0.14894684627603128,131.8785065188438,30.0,0.0,0.30129262867678214,131.8785065188438,10.742866879016821,59.97555981773797,9,synthetic,0.5651788696795733,1,0.5651788696795733,1,synthetic
8909993a82fffff,22.54443599832451,2.843665405336612,0.4345850313892928,0.23671381596322816,21.08199055493574,0.16835690798161407,176.24436184589024,30.0,0.0,0.4345850313892928,176.24436184589024,10.745379727421485,59.97790251255416,9,synthetic,0.6050958898420588,1,0.6050958898420588,1,synthetic
8909993a833ffff,46.0871168395165,6.52506753151541,1.3946677106304064,0.45146227332365807,67.90795853742848,0.275731136661829,421.67117025781016,30.0,1.0,1.3946677106304064,421.67117025781016,10.7340452210043,59.9770175769002,9,synthetic,0.46582870931046977,0,0.46582870931046977,0,synthetic
8909993a837ffff,50.60370237222114,7.190555361421106,1.630838817789088,0.49028239673482366,79.1851452751339,0.2951411983674118,466.03702558485656,30.0,1.0,1.630838817789088,466.03702558485656,10.736557649386308,59.97936033379236,9,synthetic,0.4627623064769132,0,0.4627623064769132,0,synthetic
8909993a83bffff,59.15699684879603,8.34454953290734,2.1209716260715266,0.557598723404854,100.78178307995525,0.32879936170242696,542.9699703506054,30.0,1.0,2.1209716260715266,542.9699703506054,10.737199851704094,59.97511736696972,9,synthetic,0.3837008381090329,0,0.3837008381090329,0,synthetic
8909993a843ffff,7.216263222692657,0.6914394889918339,0.03216382955801622,0.11116730417644946,5.913062104951247,0.10558365208822473,32.76263408957172,30.0,0.0,0.03216382955801622,32.76263408957172,10.732818040386583,59.966187628514646,9,synthetic,0.6084990363464704,1,0.6084990363464704,1,synthetic
8909993a847ffff,11.732848755397297,1.35692731889753,0.1481772593328154,0.14998742758761507,9.641510157803298,0.12499371379380754,77.12848941661812,30.0,0.0,0.1481772593328154,77.12848941661812,10.73532986685451,59.968530887294094,9,synthetic,0.5760456644204538,1,0.5760456644204538,1,synthetic
8909993a84bffff,20.286143231972186,2.5109214903837636,0.36682860644217424,0.21730375425764534,18.148200929892422,0.15865187712882267,154.061434182367,30.0,0.0,0.36682860644217424,154.061434182367,10.735972031883048,59.964286949907745,9,synthetic,0.4798157532744036,0,0.4798157532744036,0,synthetic
8909993a84fffff,24.80272876467683,3.1764093202894594,0.5047176596447688,0.25612387766881095,24.23106617735878,0.17806193883440546,198.4272895094134,30.0,0.0,0.5047176596447688,198.4272895094134,10.738483940587862,59.96663024816974,9,synthetic,0.5277071672808471,0,0.5277071672808471,0,synthetic
8909993a853ffff,48.34540960586882,6.857811446468258,1.509269238261351,0.47087233502924086,73.43890890759131,0.2854361675146204,443.8540979213333,30.0,1.0,1.509269238261351,443.8540979213333,10.727152363938623,59.96574477173959,9,synthetic,0.454894711063885,0,0.454894711063885,0,synthetic
8909993a857ffff,52.861995138573455,7.523299276373955,1.760278969447684,0.5096924584404064,85.14666764005622,0.3048462292202032,488.21995324837974,30.0,1.0,1.760278969447684,488.21995324837974,10.729663852716767,59.96808813199744,9,synthetic,0.5363278687385069,0,0.5363278687385069,0,synthetic
8909993a85bffff,61.415289615148346,8.677293447860187,2.2878959160231704,0.5770087851104367,107.48994204742525,0.33850439255521836,565.1528980141286,30.0,1.0,2.2878959160231704,565.1528980141286,10.730306469329594,59.963844228769624,9,synthetic,0.48164768100577704,0,0.48164768100577704,0,synthetic
8909993a863ffff,9.474555989044978,1.024183403944682,0.08932946761072652,0.13057736588203225,7.669643132687405,0.11528868294101613,54.94556175309492,30.0,0.0,0.08932946761072652,54.94556175309492,10.743508524312308,59.971316421740305,9,synthetic,0.581367134315478,1,0.581367134315478,1,synthetic
8909993a867ffff,13.991141521749618,1.6896712338503783,0.20880921193286936,0.16939748929319787,11.828663180298921,0.13469874464659892,99.31141708014134,30.0,0.0,0.20880921193286936,99.31141708014134,10.746021199390533,59.97365929702862,9,synthetic,0.5777833535265672,1,0.5777833535265672,1,synthetic
8909993a86bffff,22.54443599832451,2.843665405336612,0.4345850313892928,0.23671381596322816,21.08199055493574,0.16835690798161407,176.24436184589024,30.0,0.0,0.4345850313892928,176.24436184589024,10.746662566219157,59.969415686444776,9,synthetic,0.5397752526996358,0,0.5397752526996358,0,synthetic
8909993a86fffff,27.06102153102915,3.509153235242308,0.5773992334666608,0.27553393937439374,27.595427797161562,0.18776696968719686,220.61021717293664,30.0,0.0,0.5773992334666608,220.61021717293664,10.749175323468782,59.97175860120019,9,synthetic,0.5129098271081024,0,0.5129098271081024,0,synthetic
8909993a873ffff,50.60370237222114,7.190555361421106,1.630838817789088,0.49028239673482366,79.1851452751339,0.2951411983674118,466.03702558485656,30.0,1.0,1.630838817789088,466.03702558485656,10.737841948762663,59.97087400509785,9,synthetic,0.39850108276260987,0,0.39850108276260987,0,synthetic
8909993a877ffff,55.120287904925775,7.856043191326801,1.8986797753136855,0.5291025201459892,91.32347600235826,0.3145512600729946,510.4028809119029,30.0,1.0,1.8986797753136855,510.4028809119029,10.740354286140342,59.97321698191585,9,synthetic,0.43489127488151175,0,0.43489127488151175,0,synthetic
8909993a87bffff,63.673582381500665,9.010037362813037,2.4700312418184063,0.5964188468160195,114.413387012275,0.34820942340800976,587.3358256776519,30.0,1.0,2.4700312418184063,587.3358256776519,10.740996104721184,59.96897340545063,9,synthetic,0.3982808240944071,0,0.3982808240944071,0,synthetic
8909993a883ffff,11.732848755397297,1.35692731889753,0.1481772593328154,0.14998742758761507,9.641510157803298,0.12499371379380754,77.12848941661812,30.0,0.0,0.1481772593328154,77.12848941661812,10.714533980960871,59.97334519233523,9,synthetic,0.5105105910530756,0,0.5105105910530756,0,synthetic
8909993a887ffff,16.24943428810194,2.0224151488032263,0.2713369022338178,0.18880755099878066,14.231102200174277,0.14440377549939032,121.49434474366454,30.0,0.0,0.2713369022338178,121.49434474366454,10.717045140320284,59.97568839465256,9,synthetic,0.5833088132001215,1,0.5833088132001215,1,synthetic
8909993a88bffff,24.80272876467683,3.1764093202894594,0.5047176596447688,0.25612387766881095,24.23106617735878,0.17806193883440546,198.4272895094134,30.0,0.0,0.5047176596447688,198.4272895094134,10.71768887091577,59.97144534988239,9,synthetic,0.5498302558683387,0,0.5498302558683387,0,synthetic
8909993a88fffff,29.319314297381467,3.8418971501951553,0.6528220446396581,0.29494400107997654,31.175075414344068,0.19747200053998826,242.79314483645982,30.0,0.0,0.6528220446396581,242.79314483645982,10.72020011267532,59.973788591683615,9,synthetic,0.42659476865463064,0,0.42659476865463064,0,synthetic
8909993a893ffff,52.861995138573455,7.523299276373955,1.760278969447684,0.5096924584404064,85.14666764005622,0.3048462292202032,488.21995324837974,30.0,1.0,1.760278969447684,488.21995324837974,10.70886807338991,59.97290155589743,9,synthetic,0.4403155785315186,0,0.4403155785315186,0,synthetic
8909993a897ffff,57.378580671278094,8.188787106279651,2.047374745403413,0.548512581851572,97.71557036204005,0.324256290925786,532.5858085754262,30.0,1.0,2.047374745403413,532.5858085754262,10.711378894867092,59.97524485965451,9,synthetic,0.4906651201617134,0,0.4906651201617134,0,synthetic
8909993a89bffff,65.93187514785299,9.342781277765884,2.6704303254225827,0.6158289085216023,121.55211797450447,0.35791445426080115,609.518753341175,30.0,1.0,2.6704303254225827,609.518753341175,10.712023077041525,59.97100184908963,9,synthetic,0.4872817606177271,0,0.4872817606177271,0,synthetic
8909993a8a3ffff,18.027850465619867,2.178177575430915,0.30129262867678214,0.19789369255206252,15.429697302228838,0.14894684627603128,131.8785065188438,30.0,0.0,0.30129262867678214,131.8785065188438,10.725223362596777,59.97847465244454,9,synthetic,0.6037100409810415,1,0.6037100409810415,1,synthetic
8909993a8abffff,31.097730474899397,3.997659576822845,0.6891303618918673,0.30403014263325845,32.924739550341826,0.2020150713166292,253.17730661163912,30.0,0.0,0.6891303618918673,253.17730661163912,10.728378303486428,59.97657475329766,9,synthetic,0.5127667085457196,0,0.5127667085457196,0,synthetic
8909993a8afffff,35.61431600760404,4.663147406728541,0.8521387033663794,0.34285026604442403,40.93144999766304,0.221425133022212,297.54316193868556,30.0,0.0,0.8521387033663794,297.54316193868556,10.730890394041763,59.978917611705576,9,synthetic,0.45465698363768114,0,0.45465698363768114,0,synthetic
8909993a8b3ffff,59.15699684879603,8.34454953290734,2.1209716260715266,0.557598723404854,100.78178307995525,0.32879936170242696,542.9699703506054,30.0,1.0,2.1209716260715266,542.9699703506054,10.719556555149014,59.978031456031516,9,synthetic,0.38418946526422904,0,0.38418946526422904,0,synthetic
8909993a8bbffff,72.22687685807556,10.16403153429927,3.2729601731544222,0.6637351734860498,140.092719642961,0.3818675867430249,664.2687704434007,30.0,1.0,3.2729601731544222,664.2687704434007,10.722711609892535,59.976131692541,9,synthetic,0.4469936189780332,0,0.4469936189780332,0,synthetic
8909993a8c3ffff,20.286143231972186,2.5109214903837636,0.36682860644217424,0.21730375425764534,18.148200929892422,0.15865187712882267,154.061434182367,30.0,0.0,0.36682860644217424,154.061434182367,10.718332496018181,59.96720191007258,9,synthetic,0.563912360834385,1,0.563912360834385,1,synthetic
8909993a8c7ffff,24.80272876467683,3.1764093202894594,0.5047176596447688,0.25612387766881095,24.23106617735878,0.17806193883440546,198.4272895094134,30.0,0.0,0.5047176596447688,198.4272895094134,10.720843564730943,59.96954533229768,9,synthetic,0.5946335784519302,1,0.5946335784519302,1,synthetic
8909993a8cbffff,33.35602324125172,4.330403491775693,0.7689742596358144,0.32344020433884124,36.82045177531256,0.2117201021694206,275.3602342751623,30.0,0.0,0.7689742596358144,275.3602342751623,10.721486911341518,59.96530167786673,9,synthetic,0.5588210744360209,1,0.5588210744360209,1,synthetic
8909993a8cfffff,37.87260877395636,4.995891321681389,0.938911912430471,0.3622603277500068,45.25773421739323,0.2311301638750034,319.72608960220873,30.0,0.0,0.938911912430471,319.72608960220873,10.723998062405476,59.96764513958285,9,synthetic,0.4834710897257538,0,0.4834710897257538,0,synthetic
8909993a8d3ffff,61.415289615148346,8.677293447860187,2.2878959160231704,0.5770087851104367,107.48994204742525,0.33850439255521836,565.1528980141286,30.0,1.0,2.2878959160231704,565.1528980141286,10.71266715365239,59.96675844348883,9,synthetic,0.374726720637063,0,0.374726720637063,0,synthetic
8909993a8d7ffff,65.93187514785299,9.342781277765884,2.6704303254225827,0.6158289085216023,121.55211797450447,0.35791445426080115,609.518753341175,30.0,1.0,2.6704303254225827,609.518753341175,10.715177884584543,59.96910196714744,9,synthetic,0.4183652438223662,0,0.4183652438223662,0,synthetic
8909993a8dbffff,74.48516962442788,10.496775449252116,3.580296989928423,0.6831452351916325,147.97808720773813,0.39157261759581624,686.4516981069239,30.0,1.0,3.580296989928423,686.4516981069239,10.715821682692813,59.96485834691835,9,synthetic,0.4396584248679387,0,0.4396584248679387,0,synthetic
8909993aa03ffff,8.994679400210586,0.8472019156195232,0.05872064035477221,0.12025344572973133,6.708542765371843,0.11012672286486566,43.146795864751,30.0,0.0,0.05872064035477221,43.146795864751,10.75109827346827,59.95902594047355,9,synthetic,0.5730545394394395,1,0.5730545394394395,1,synthetic
8909993aa07ffff,13.511264932915227,1.5126897455252193,0.17633131330342552,0.15907356914089693,10.638548039040877,0.12953678457044848,87.51265119179742,30.0,0.0,0.17633131330342552,87.51265119179742,10.753610766199149,59.96136925567118,9,synthetic,0.538721516071058,0,0.538721516071058,0,synthetic
8909993aa0bffff,22.06455940949012,2.666683917011453,0.3982608599049827,0.22638989581092722,19.49475062425621,0.16319494790546363,164.44559595754632,30.0,0.0,0.3982608599049827,164.44559595754632,10.754251366171184,59.9571244257585,9,synthetic,0.5523222580655801,1,0.5523222580655801,1,synthetic
8909993aa0fffff,26.581144942194754,3.332171746917149,0.5384124478061683,0.2652100192220928,25.779173092539555,0.18260500961104642,208.81145128459272,30.0,0.0,0.5384124478061683,208.81145128459272,10.756763940975665,59.95946778043735,9,synthetic,0.4998794168904316,0,0.4998794168904316,0,synthetic
8909993aa13ffff,50.12382578338675,7.013573873095947,1.5652591719394056,0.47995847658252266,76.10200718387253,0.2899792382912613,454.2382596965126,30.0,1.0,1.5652591719394056,454.2382596965126,10.745432829324114,59.95858386335931,9,synthetic,0.4227341627041821,0,0.4227341627041821,0,synthetic
8909993aa17ffff,54.64041131609139,7.6790617030016435,1.8238761488055768,0.5187785999936884,88.01132313715442,0.30938929999684417,498.604115023559,30.0,1.0,1.8238761488055768,498.604115023559,10.747944984557694,59.96092728007396,9,synthetic,0.4573593526434991,0,0.4573593526434991,0,synthetic
8909993aa1bffff,63.19370579266628,8.833055874487876,2.371095998900532,0.5860949266637185,110.70410935764964,0.34304746333185926,575.5370597893079,30.0,1.0,2.371095998900532,575.5370597893079,10.748586036119066,59.95668248427306,9,synthetic,0.4143909231759848,0,0.4143909231759848,0,synthetic
8909993aa23ffff,11.252972166562905,1.1799458305723713,0.11666158446583635,0.13966350743531414,8.565902403516494,0.11983175371765707,65.3297235282742,30.0,0.0,0.11666158446583635,65.3297235282742,10.7617898568115,59.964154066729726,9,synthetic,0.5875496238413669,1,0.5875496238413669,1,synthetic
8909993aa27ffff,15.769557699267548,1.8454336604780675,0.2378361715516113,0.17848363084647972,12.92647967194499,0.13924181542323988,109.69557885532062,30.0,0.0,0.2378361715516113,109.69557885532062,10.764303197901366,59.96649699832306,9,synthetic,0.5736343540989903,1,0.5736343540989903,1,synthetic
8909993aa2bffff,24.322852175842435,2.999427831964301,0.4671092507380708,0.24579995751651001,22.52931885970801,0.17289997875825502,186.6285236210695,30.0,0.0,0.4671092507380708,186.6285236210695,10.76494299940072,59.962252495331605,9,synthetic,0.47536315338496904,0,0.47536315338496904,0,synthetic
8909993aa2fffff,28.839437708547074,3.6649156618699967,0.6123519975653169,0.2846200809276756,29.24431332275082,0.19231004046383782,230.9943789481159,30.0,0.0,0.6123519975653169,230.9943789481159,10.767456422498677,59.9645954663907,9,synthetic,0.4938440626880577,0,0.4938440626880577,0,synthetic
8909993aa33ffff,52.38211854973907,7.346317788048796,1.6903903981403534,0.49936853828810557,81.94902216182363,0.2996842691440528,476.42118736003584,30.0,1.0,1.6903903981403534,476.42118736003584,10.756123514340963,59.96371242985581,9,synthetic,0.5198078787057361,0,0.5198078787057361,0,synthetic
8909993aa37ffff,56.89870408244371,8.01180561795449,1.9669123444861696,0.538188661699271,94.28891010986496,0.3190943308496355,520.7870426870822,30.0,1.0,1.9669123444861696,520.7870426870822,10.75863651792295,59.966055463017376,9,synthetic,0.3817939374463952,0,0.3817939374463952,0,synthetic
8909993aa3bffff,65.4519985590186,9.165799789440726,2.561347635561581,0.6055049883693014,117.72833293290789,0.3527524941846507,597.7199874528311,30.0,1.0,2.561347635561581,597.7199874528311,10.759276771179389,59.96181099409782,9,synthetic,0.32734686352500814,0,0.32734686352500814,0,synthetic
8909993aa43ffff,13.511264932915227,1.5126897455252193,0.17633131330342552,0.15907356914089693,10.638548039040877,0.12953678457044848,87.51265119179742,30.0,0.0,0.17633131330342552,87.51265119179742,10.754891861175976,59.95287920075577,9,synthetic,0.47452396381281525,0,0.47452396381281525,0,synthetic
8909993aa47ffff,18.027850465619867,2.178177575430915,0.30129262867678214,0.19789369255206252,15.429697302228838,0.14894684627603128,131.8785065188438,30.0,0.0,0.30129262867678214,131.8785065188438,10.757404262665638,59.95522273593047,9,synthetic,0.553873696165613,1,0.553873696165613,1,synthetic
8909993aa4bffff,26.581144942194754,3.332171746917149,0.5384124478061683,0.2652100192220928,25.779173092539555,0.18260500961104642,208.81145128459272,30.0,0.0,0.5384124478061683,208.81145128459272,10.758044479436387,59.95097729632819,9,synthetic,0.526623167862597,0,0.526623167862597,0,synthetic
8909993aa4fffff,31.097730474899397,3.997659576822845,0.6891303618918673,0.30403014263325845,32.924739550341826,0.2020150713166292,253.17730661163912,30.0,0.0,0.6891303618918673,253.17730661163912,10.760556962950853,59.953320870991234,9,synthetic,0.5049405054293905,0,0.5049405054293905,0,synthetic
8909993aa53ffff,54.64041131609139,7.6790617030016435,1.8238761488055768,0.5187785999936884,88.01132313715442,0.30938929999684417,498.604115023559,30.0,1.0,1.8238761488055768,498.604115023559,10.749226982642634,59.95243729338584,9,synthetic,0.5024962023747522,0,0.5024962023747522,0,synthetic
8909993aa57ffff,59.15699684879603,8.34454953290734,2.1209716260715266,0.557598723404854,100.78178307995525,0.32879936170242696,542.9699703506054,30.0,1.0,2.1209716260715266,542.9699703506054,10.751739046736606,59.954780930071294,9,synthetic,0.30473268497698514,0,0.30473268497698514,0,synthetic
8909993aa5bffff,67.71029132537092,9.498543704393573,2.7716180977935134,0.6249150500748841,124.96784250554583,0.36245752503744205,619.9029151163543,30.0,1.0,2.7716180977935134,619.9029151163543,10.752379715015191,59.95053552457737,9,synthetic,0.4517514278851175,0,0.4517514278851175,0,synthetic
8909993aa63ffff,15.769557699267548,1.8454336604780675,0.2378361715516113,0.17848363084647972,12.92647967194499,0.13924181542323988,109.69557885532062,30.0,0.0,0.2378361715516113,109.69557885532062,10.765582696048293,59.95800759724961,9,synthetic,0.6380460630465629,1,0.6380460630465629,1,synthetic
8909993aa67ffff,20.286143231972186,2.5109214903837636,0.36682860644217424,0.21730375425764534,18.148200929892422,0.15865187712882267,154.061434182367,30.0,0.0,0.36682860644217424,154.061434182367,10.768095945689799,59.96035074882478,9,synthetic,0.48855932087154114,0,0.48855932087154114,0,synthetic
8909993aa6bffff,28.839437708547074,3.6649156618699967,0.6123519975653169,0.2846200809276756,29.24431332275082,0.19231004046383782,230.9943789481159,30.0,0.0,0.6123519975653169,230.9943789481159,10.768735364077234,59.956105636162945,9,synthetic,0.49891579329183355,0,0.49891579329183355,0,synthetic
8909993aa6fffff,33.35602324125172,4.330403491775693,0.7689742596358144,0.32344020433884124,36.82045177531256,0.2117201021694206,275.3602342751623,30.0,0.0,0.7689742596358144,275.3602342751623,10.771248695678006,59.95844882721097,9,synthetic,0.46617749605748565,0,0.46617749605748565,0,synthetic
8909993aa73ffff,56.89870408244371,8.01180561795449,1.9669123444861696,0.538188661699271,94.28891010986496,0.3190943308496355,520.7870426870822,30.0,1.0,1.9669123444861696,520.7870426870822,10.759916919513449,59.95756613009141,9,synthetic,0.39518061077923317,0,0.39518061077923317,0,synthetic
8909993aa77ffff,61.415289615148346,8.677293447860187,2.2878959160231704,0.5770087851104367,107.48994204742525,0.33850439255521836,565.1528980141286,30.0,1.0,2.2878959160231704,565.1528980141286,10.76242983174872,59.959909383228485,9,synthetic,0.4206239143289545,0,0.4206239143289545,0,synthetic
8909993aa7bffff,69.96858409172323,9.831287619346421,3.0066211004572874,0.6443251117804669,132.42263807556353,0.37216255589023345,642.0858427798775,30.0,1.0,3.0066211004572874,642.0858427798775,10.76306970181172,59.95566430463509,9,synthetic,0.5021902609367951,0,0.5021902609367951,0,synthetic
8909993aa83ffff,18.027850465619867,2.178177575430915,0.30129262867678214,0.19789369255206252,15.429697302228838,0.14894684627603128,131.8785065188438,30.0,0.0,0.30129262867678214,131.8785065188438,10.736614091681417,59.96004261745649,9,synthetic,0.6442875326111556,1,0.6442875326111556,1,synthetic
8909993aa87ffff,22.54443599832451,2.843665405336612,0.4345850313892928,0.23671381596322816,21.08199055493574,0.16835690798161407,176.24436184589024,30.0,0.0,0.4345850313892928,176.24436184589024,10.739125827205317,59.96238609617838,9,synthetic,0.5207676725424185,0,0.5207676725424185,0,synthetic
8909993aa8bffff,31.097730474899397,3.997659576822845,0.6891303618918673,0.30403014263325845,32.924739550341826,0.2020150713166292,253.17730661163912,30.0,0.0,0.6891303618918673,253.17730661163912,10.739767608640763,59.9581415491168,9,synthetic,0.60607405890387,1,0.60607405890387,1,synthetic
8909993aa8fffff,35.61431600760404,4.663147406728541,0.8521387033663794,0.34285026604442403,40.93144999766304,0.221425133022212,297.54316193868556,30.0,0.0,0.8521387033663794,297.54316193868556,10.742279426352637,59.96048506732834,9,synthetic,0.4986880738853699,0,0.4986880738853699,0,synthetic
8909993aa93ffff,59.15699684879603,8.34454953290734,2.1209716260715266,0.557598723404854,100.78178307995525,0.32879936170242696,542.9699703506054,30.0,1.0,2.1209716260715266,542.9699703506054,10.730948980641728,59.959599930480664,9,synthetic,0.5260589579671862,0,0.5260589579671862,0,synthetic
8909993aa97ffff,63.673582381500665,9.010037362813037,2.4700312418184063,0.5964188468160195,114.413387012275,0.34820942340800976,587.3358256776519,30.0,1.0,2.4700312418184063,587.3358256776519,10.733460378577465,59.96194351067469,9,synthetic,0.4309208044443582,0,0.4309208044443582,0,synthetic
8909993aa9bffff,72.22687685807556,10.16403153429927,3.2729601731544222,0.6637351734860498,140.092719642961,0.3818675867430249,664.2687704434007,30.0,1.0,3.2729601731544222,664.2687704434007,10.73410261151574,59.95769899776821,9,synthetic,0.43631626504282256,0,0.43631626504282256,0,synthetic
8909993aaa3ffff,24.322852175842435,2.999427831964301,0.4671092507380708,0.24579995751651001,22.52931885970801,0.17289997875825502,186.6285236210695,30.0,0.0,0.4671092507380708,186.6285236210695,10.747303827932958,59.96517168079554,9,synthetic,0.5506083270716895,1,0.5506083270716895,1,synthetic
8909993aaa7ffff,28.839437708547074,3.6649156618699967,0.6123519975653169,0.2846200809276756,29.24431332275082,0.19231004046383782,230.9943789481159,30.0,0.0,0.6123519975653169,230.9943789481159,10.749816411860056,59.967514776031045,9,synthetic,0.6768488028497051,1,0.6768488028497051,1,synthetic
8909993aaabffff,37.392732185121965,4.818909833356231,0.8922903292958925,0.35193640759770595,42.92984733637851,0.22596820379885296,307.92732371386484,30.0,0.0,0.8922903292958925,307.92732371386484,10.750457395184686,59.963270555791155,9,synthetic,0.5344639260370772,0,0.5344639260370772,0,synthetic
8909993aaafffff,41.90931771782661,5.484397663261927,1.0735401532105466,0.39075653100887153,51.99925899403562,0.24537826550443576,352.29317904091124,30.0,0.0,1.0735401532105466,352.29317904091124,10.75297006123423,59.9656136905008,9,synthetic,0.4430497031168909,0,0.4430497031168909,0,synthetic
8909993aab3ffff,65.4519985590186,9.165799789440726,2.561347635561581,0.6055049883693014,117.72833293290789,0.3527524941846507,597.7199874528311,30.0,1.0,2.561347635561581,597.7199874528311,10.741637818116688,59.96472943392377,9,synthetic,0.4816294794873276,0,0.4816294794873276,0,synthetic
8909993aab7ffff,69.96858409172323,9.831287619346421,3.0066211004572874,0.6443251117804669,132.42263807556353,0.37216255589023345,642.0858427798775,30.0,1.0,3.0066211004572874,642.0858427798775,10.744150064444876,59.9670726306826,9,synthetic,0.4127243698983528,0,0.4127243698983528,0,synthetic
8909993aabbffff,78.52187856829813,10.985281790832655,4.13935446473123,0.7116414384504973,159.94475572447112,0.40582071922524865,719.0187875456264,30.0,1.0,4.13935446473123,719.0187875456264,10.74479149944025,59.96282844455794,9,synthetic,0.4012432384282804,0,0.4012432384282804,0,synthetic
8909993aac3ffff,26.581144942194754,3.332171746917149,0.5384124478061683,0.2652100192220928,25.779173092539555,0.18260500961104642,208.81145128459272,30.0,0.0,0.5384124478061683,208.81145128459272,10.740409284919876,59.953896606978006,9,synthetic,0.5705073719555677,1,0.5705073719555677,1,synthetic
8909993aac7ffff,31.097730474899397,3.997659576822845,0.6891303618918673,0.30403014263325845,32.924739550341826,0.2020150713166292,253.17730661163912,30.0,0.0,0.6891303618918673,253.17730661163912,10.742920929454584,59.9562403056573,9,synthetic,0.5123753275892042,0,0.5123753275892042,0,synthetic
8909993aacbffff,39.65102495147429,5.151653748309078,0.9808627248197557,0.37134646930328874,47.356910166517196,0.23567323465164436,330.110251377388,30.0,0.0,0.9808627248197557,330.110251377388,10.743562327448345,59.95199514890371,9,synthetic,0.4990420269807652,0,0.4990420269807652,0,synthetic
8909993aacfffff,44.16761048417892,5.817141578214774,1.170721694298025,0.4101665927144543,56.85689381893378,0.25508329635722715,374.4761067044344,30.0,0.0,1.170721694298025,374.4761067044344,10.746074054122168,59.954338887079714,9,synthetic,0.47249800346596976,0,0.47249800346596976,0,synthetic
8909993aad3ffff,67.71029132537092,9.498543704393573,2.7716180977935134,0.6249150500748841,124.96784250554583,0.36245752503744205,619.9029151163543,30.0,1.0,2.7716180977935134,619.9029151163543,10.734744739227281,59.95345408978829,9,synthetic,0.44878389049384804,0,0.44878389049384804,0,synthetic
8909993aad7ffff,72.22687685807556,10.16403153429927,3.2729601731544222,0.6637351734860498,140.092719642961,0.3818675867430249,664.2687704434007,30.0,1.0,3.2729601731544222,664.2687704434007,10.737256046275402,59.95579788993341,9,synthetic,0.4510116686123228,0,0.4510116686123228,0,synthetic
8909993aadbffff,80.78017133465045,11.318025705785502,4.635440966943356,0.73105150015608,168.36147389441624,0.41552575007804,741.2017152091496,30.0,1.0,4.635440966943356,741.2017152091496,10.737897895690658,59.951552767331506,9,synthetic,0.32812843256703467,0,0.32812843256703467,0,synthetic
8909993ab03ffff,50.12382578338675,7.013573873095947,1.5652591719394056,0.47995847658252266,76.10200718387253,0.2899792382912613,454.2382596965126,30.0,1.0,1.5652591719394056,454.2382596965126,10.768691087238423,59.97542618523118,9,synthetic,0.4874661003209275,0,0.4874661003209275,0,synthetic
8909993ab07ffff,54.64041131609139,7.6790617030016435,1.8238761488055768,0.5187785999936884,88.01132313715442,0.30938929999684417,498.604115023559,30.0,1.0,1.8238761488055768,498.604115023559,10.77120536846062,59.97776851312613,9,synthetic,0.3926857399368121,0,0.3926857399368121,0,synthetic
8909993ab0bffff,63.19370579266628,8.833055874487876,2.371095998900532,0.5860949266637185,110.70410935764964,0.34304746333185926,575.5370597893079,30.0,1.0,2.371095998900532,575.5370597893079,10.771844754210102,59.973524946770596,9,synthetic,0.36237559540447445,0,0.36237559540447445,0,synthetic
8909993ab0fffff,67.71029132537092,9.498543704393573,2.7716180977935134,0.6249150500748841,124.96784250554583,0.36245752503744205,619.9029151163543,30.0,1.0,2.7716180977935134,619.9029151163543,10.774359117423657,59.9758673141087,9,synthetic,0.4290341719706422,0,0.4290341719706422,0,synthetic
8909993ab13ffff,11.252972166562905,1.1799458305723713,0.11666158446583635,0.13966350743531414,8.565902403516494,0.11983175371765707,65.3297235282742,30.0,0.0,0.11666158446583635,65.3297235282742,10.763023280244754,59.97498481906224,9,synthetic,0.579543454558172,1,0.579543454558172,1,synthetic
8909993ab17ffff,15.769557699267548,1.8454336604780675,0.2378361715516113,0.17848363084647972,12.92647967194499,0.13924181542323988,109.69557885532062,30.0,0.0,0.2378361715516113,109.69557885532062,10.765537223846865,59.977327248582895,9,synthetic,0.5252988447277701,0,0.5252988447277701,0,synthetic
8909993ab1bffff,24.322852175842435,2.999427831964301,0.4671092507380708,0.24579995751651001,22.52931885970801,0.17289997875825502,186.6285236210695,30.0,0.0,0.4671092507380708,186.6285236210695,10.76617706160286,59.97308371626276,9,synthetic,0.5738861963229465,1,0.5738861963229465,1,synthetic
8909993ab2bffff,65.4519985590186,9.165799789440726,2.561347635561581,0.6055049883693014,117.72833293290789,0.3527524941846507,597.7199874528311,30.0,1.0,2.561347635561581,597.7199874528311,10.782542327091393,59.97865033025571,9,synthetic,0.36607082765498933,0,0.36607082765498933,0,synthetic
8909993ab3bffff,26.581144942194754,3.332171746917149,0.5384124478061683,0.2652100192220928,25.779173092539555,0.18260500961104642,208.81145128459272,30.0,0.0,0.5384124478061683,208.81145128459272,10.7768737362414,59.97820954035777,9,synthetic,0.5047301165223341,0,0.5047301165223341,0,synthetic
8909993ab43ffff,54.64041131609139,7.6790617030016435,1.8238761488055768,0.5187785999936884,88.01132313715442,0.30938929999684417,498.604115023559,30.0,1.0,1.8238761488055768,498.604115023559,10.772484035149628,59.969280985336425,9,synthetic,0.41254300418167705,0,0.41254300418167705,0,synthetic
8909993ab47ffff,59.15699684879603,8.34454953290734,2.1209716260715266,0.557598723404854,100.78178307995525,0.32879936170242696,542.9699703506054,30.0,1.0,2.1209716260715266,542.9699703506054,10.774998224761177,59.97162353320291,9,synthetic,0.4360450431151651,0,0.4360450431151651,0,synthetic
8909993ab4bffff,67.71029132537092,9.498543704393573,2.7716180977935134,0.6249150500748841,124.96784250554583,0.36245752503744205,619.9029151163543,30.0,1.0,2.7716180977935134,619.9029151163543,10.77563722733681,59.967379357213034,9,synthetic,0.44589794839593827,0,0.44589794839593827,0,synthetic
8909993ab4fffff,72.22687685807556,10.16403153429927,3.2729601731544222,0.6637351734860498,140.092719642961,0.3818675867430249,664.2687704434007,30.0,1.0,3.2729601731544222,664.2687704434007,10.77815149889085,59.96972194452978,9,synthetic,0.3793687262593381,0,0.3793687262593381,0,synthetic
8909993ab53ffff,15.769557699267548,1.8454336604780675,0.2378361715516113,0.17848363084647972,12.92647967194499,0.13924181542323988,109.69557885532062,30.0,0.0,0.2378361715516113,109.69557885532062,10.766816794478219,59.96883978886771,9,synthetic,0.5961882868291956,1,0.5961882868291956,1,synthetic
8909993ab57ffff,20.286143231972186,2.5109214903837636,0.36682860644217424,0.21730375425764534,18.148200929892422,0.15865187712882267,154.061434182367,30.0,0.0,0.36682860644217424,154.061434182367,10.769330646571394,59.97118243835359,9,synthetic,0.5480984775328618,0,0.5480984775328618,0,synthetic
8909993ab5bffff,28.839437708547074,3.6649156618699967,0.6123519975653169,0.2846200809276756,29.24431332275082,0.19231004046383782,230.9943789481159,30.0,0.0,0.6123519975653169,230.9943789481159,10.769970101071866,59.966938296395675,9,synthetic,0.4233088062157328,0,0.4233088062157328,0,synthetic
8909993ab63ffff,56.89870408244371,8.01180561795449,1.9669123444861696,0.538188661699271,94.28891010986496,0.3190943308496355,520.7870426870822,30.0,1.0,1.9669123444861696,520.7870426870822,10.783180808682134,59.97440669588374,9,synthetic,0.341968341063258,0,0.341968341063258,0,synthetic
8909993ab67ffff,61.415289615148346,8.677293447860187,2.2878959160231704,0.5770087851104367,107.48994204742525,0.33850439255521836,565.1528980141286,30.0,1.0,2.2878959160231704,565.1528980141286,10.785695846977909,59.976748859900795,9,synthetic,0.43632104993364096,0,0.43632104993364096,0,synthetic
8909993ab6bffff,69.96858409172323,9.831287619346421,3.0066211004572874,0.6443251117804669,132.42263807556353,0.37216255589023345,642.0858427798775,30.0,1.0,3.0066211004572874,642.0858427798775,10.78633405017873,59.972505010992876,9,synthetic,0.4197676308632522,0,0.4197676308632522,0,synthetic
8909993ab6fffff,74.48516962442788,10.496775449252116,3.580296989928423,0.6831452351916325,147.97808720773813,0.39157261759581624,686.4516981069239,30.0,1.0,3.580296989928423,686.4516981069239,10.78884917035133,59.9748472144447,9,synthetic,0.4236258594486808,0,0.4236258594486808,0,synthetic
8909993ab73ffff,18.027850465619867,2.178177575430915,0.30129262867678214,0.19789369255206252,15.429697302228838,0.14894684627603128,131.8785065188438,30.0,0.0,0.30129262867678214,131.8785065188438,10.777512669935788,59.973965939984986,9,synthetic,0.5510190760102687,1,0.5510190760102687,1,synthetic
8909993ab77ffff,22.54443599832451,2.843665405336612,0.4345850313892928,0.23671381596322816,21.08199055493574,0.16835690798161407,176.24436184589024,30.0,0.0,0.4345850313892928,176.24436184589024,10.780027370702792,59.97630820567262,9,synthetic,0.5488426257699349,0,0.5488426257699349,0,synthetic
8909993ab7bffff,31.097730474899397,3.997659576822845,0.6891303618918673,0.30403014263325845,32.924739550341826,0.2020150713166292,253.17730661163912,30.0,0.0,0.6891303618918673,253.17730661163912,10.780666025996196,59.97206439075672,9,synthetic,0.5582035286930616,1,0.5582035286930616,1,synthetic
8909993ab83ffff,59.15699684879603,8.34454953290734,2.1209716260715266,0.557598723404854,100.78178307995525,0.32879936170242696,542.9699703506054,30.0,1.0,2.1209716260715266,542.9699703506054,10.754201604511428,59.976444007650436,9,synthetic,0.3828191615862542,0,0.3828191615862542,0,synthetic
8909993ab87ffff,63.673582381500665,9.010037362813037,2.4700312418184063,0.5964188468160195,114.413387012275,0.34820942340800976,587.3358256776519,30.0,1.0,2.4700312418184063,587.3358256776519,10.75671512836302,59.978786499325146,9,synthetic,0.37698715728199306,0,0.37698715728199306,0,synthetic
8909993ab8bffff,72.22687685807556,10.16403153429927,3.2729601731544222,0.6637351734860498,140.092719642961,0.3818675867430249,664.2687704434007,30.0,1.0,3.2729601731544222,664.2687704434007,10.757355696540403,59.974543215624045,9,synthetic,0.3750971808461462,0,0.3750971808461462,0,synthetic
8909993ab8fffff,76.7434623907802,10.829519364204966,3.943590524494632,0.7025552968972154,156.07874076989506,0.4012776484486077,708.6346257704472,30.0,1.0,3.943590524494632,708.6346257704472,10.759869302497902,59.97688574675028,9,synthetic,0.4423623042716971,0,0.4423623042716971,0,synthetic
8909993ab93ffff,20.286143231972186,2.5109214903837636,0.36682860644217424,0.21730375425764534,18.148200929892422,0.15865187712882267,154.061434182367,30.0,0.0,0.36682860644217424,154.061434182367,10.748534129985188,59.97600203130562,9,synthetic,0.6071957280484491,1,0.6071957280484491,1,synthetic
8909993ab97ffff,24.80272876467683,3.1764093202894594,0.5047176596447688,0.25612387766881095,24.23106617735878,0.17806193883440546,198.4272895094134,30.0,0.0,0.5047176596447688,198.4272895094134,10.751047316125529,59.978344624561124,9,synthetic,0.5087000509597014,0,0.5087000509597014,0,synthetic
8909993ab9bffff,33.35602324125172,4.330403491775693,0.7689742596358144,0.32344020433884124,36.82045177531256,0.2117201021694206,275.3602342751623,30.0,0.0,0.7689742596358144,275.3602342751623,10.751688336223138,59.97410137493876,9,synthetic,0.37873709971093394,0,0.37873709971093394,0,synthetic
8909993ababffff,78.52187856829813,10.985281790832655,4.13935446473123,0.7116414384504973,159.94475572447112,0.40582071922524865,719.0187875456264,30.0,1.0,4.13935446473123,719.0187875456264,10.768051423047385,59.97966953703551,9,synthetic,0.3405311044428221,0,0.3405311044428221,0,synthetic
8909993abbbffff,39.65102495147429,5.151653748309078,0.9808627248197557,0.37134646930328874,47.356910166517196,0.23567323465164436,330.110251377388,30.0,0.0,0.9808627248197557,330.110251377388,10.76238316403621,59.979228136823984,9,synthetic,0.4434613951153743,0,0.4434613951153743,0,synthetic
8909993abc3ffff,67.71029132537092,9.498543704393573,2.7716180977935134,0.6249150500748841,124.96784250554583,0.36245752503744205,619.9029151163543,30.0,1.0,2.7716180977935134,619.9029151163543,10.757996159718514,59.97029953685712,9,synthetic,0.4040682897888156,0,0.4040682897888156,0,synthetic
8909993abc7ffff,72.22687685807556,10.16403153429927,3.2729601731544222,0.6637351734860498,140.092719642961,0.3818675867430249,664.2687704434007,30.0,1.0,3.2729601731544222,664.2687704434007,10.760509592211733,59.97264224848361,9,synthetic,0.409343942377779,0,0.409343942377779,0,synthetic
8909993abcbffff,80.78017133465045,11.318025705785502,4.635440966943356,0.73105150015608,168.36147389441624,0.41552575007804,741.2017152091496,30.0,1.0,4.635440966943356,741.2017152091496,10.761149776974376,59.96839835514579,9,synthetic,0.4269058353513513,0,0.4269058353513513,0,synthetic
8909993abcfffff,85.29675686735509,11.983513535691198,6.291225715877406,0.7698716235672457,185.8407682264457,0.43493581178362284,785.5675705361961,30.0,1.0,6.291225715877406,785.5675705361961,10.763663291524606,59.97074110623093,9,synthetic,0.40813986911596767,0,0.40813986911596767,0,synthetic
8909993abd3ffff,28.839437708547074,3.6649156618699967,0.6123519975653169,0.2846200809276756,29.24431332275082,0.19231004046383782,230.9943789481159,30.0,0.0,0.6123519975653169,230.9943789481159,10.752329251250773,59.969857730254354,9,synthetic,0.5703730994084987,1,0.5703730994084987,1,synthetic
8909993abd7ffff,33.35602324125172,4.330403491775693,0.7689742596358144,0.32344020433884124,36.82045177531256,0.2117201021694206,275.3602342751623,30.0,0.0,0.7689742596358144,275.3602342751623,10.754842346134462,59.972200543455365,9,synthetic,0.47002122663484824,0,0.47002122663484824,0,synthetic
8909993abdbffff,41.90931771782661,5.484397663261927,1.0735401532105466,0.39075653100887153,51.99925899403562,0.24537826550443576,352.29317904091124,30.0,0.0,1.0735401532105466,352.29317904091124,10.755482982735783,59.96795668419283,9,synthetic,0.4352970316406869,0,0.4352970316406869,0,synthetic
8909993ac23ffff,13.511264932915227,1.5126897455252193,0.17633131330342552,0.15907356914089693,10.638548039040877,0.12953678457044848,87.51265119179742,30.0,0.0,0.17633131330342552,87.51265119179742,10.700047076708218,59.97435707841875,9,synthetic,0.591559998400964,1,0.591559998400964,1,synthetic
8909993ac27ffff,18.027850465619867,2.178177575430915,0.30129262867678214,0.19789369255206252,15.429697302228838,0.14894684627603128,131.8785065188438,30.0,0.0,0.30129262867678214,131.8785065188438,10.70255747776436,59.97670044410304,9,synthetic,0.4756360953404736,0,0.4756360953404736,0,synthetic
8909993ac2bffff,26.581144942194754,3.332171746917149,0.5384124478061683,0.2652100192220928,25.779173092539555,0.18260500961104642,208.81145128459272,30.0,0.0,0.5384124478061683,208.81145128459272,10.703202390059964,59.97245768239249,9,synthetic,0.5445618892269621,0,0.5445618892269621,0,synthetic
8909993ac2fffff,31.097730474899397,3.997659576822845,0.6891303618918673,0.30403014263325845,32.924739550341826,0.2020150713166292,253.17730661163912,30.0,0.0,0.6891303618918673,253.17730661163912,10.705712873630565,59.974801087569155,9,synthetic,0.5159487073869599,0,0.5159487073869599,0,synthetic
8909993ac63ffff,18.027850465619867,2.178177575430915,0.30129262867678214,0.19789369255206252,15.429697302228838,0.14894684627603128,131.8785065188438,30.0,0.0,0.30129262867678214,131.8785065188438,10.703847196673347,59.96821452565514,9,synthetic,0.5450460743408712,0,0.5450460743408712,0,synthetic
8909993ac67ffff,22.54443599832451,2.843665405336612,0.4345850313892928,0.23671381596322816,21.08199055493574,0.16835690798161407,176.24436184589024,30.0,0.0,0.4345850313892928,176.24436184589024,10.706357507335106,59.97055811122761,9,synthetic,0.616978439151889,1,0.616978439151889,1,synthetic
8909993ac6bffff,31.097730474899397,3.997659576822845,0.6891303618918673,0.30403014263325845,32.924739550341826,0.2020150713166292,253.17730661163912,30.0,0.0,0.6891303618918673,253.17730661163912,10.707002035405575,59.966314739853914,9,synthetic,0.47971067593591066,0,0.47971067593591066,0,synthetic
8909993ac6fffff,35.61431600760404,4.663147406728541,0.8521387033663794,0.34285026604442403,40.93144999766304,0.221425133022212,297.54316193868556,30.0,0.0,0.8521387033663794,297.54316193868556,10.709512428532886,59.96865836492582,9,synthetic,0.5999241585623426,1,0.5999241585623426,1,synthetic
8909993ac77ffff,63.673582381500665,9.010037362813037,2.4700312418184063,0.5964188468160195,114.413387012275,0.34820942340800976,587.3358256776519,30.0,1.0,2.4700312418184063,587.3358256776519,10.700692161894004,59.97011413631863,9,synthetic,0.4243141644656278,0,0.4243141644656278,0,synthetic
8909993ac7bffff,72.22687685807556,10.16403153429927,3.2729601731544222,0.6637351734860498,140.092719642961,0.3818675867430249,664.2687704434007,30.0,1.0,3.2729601731544222,664.2687704434007,10.701337141375234,59.96587079919009,9,synthetic,0.3659125514920039,0,0.3659125514920039,0,synthetic
8909993ad43ffff,56.89870408244371,8.01180561795449,1.9669123444861696,0.538188661699271,94.28891010986496,0.3190943308496355,520.7870426870822,30.0,1.0,1.9669123444861696,520.7870426870822,10.710734607103308,59.979487475190496,9,synthetic,0.44339389213285085,0,0.44339389213285085,0,synthetic
8909993ad4bffff,69.96858409172323,9.831287619346421,3.0066211004572874,0.6443251117804669,132.42263807556353,0.37216255589023345,642.0858427798775,30.0,1.0,3.0066211004572874,642.0858427798775,10.713889971795973,59.977588022488746,9,synthetic,0.37700373673663146,0,0.37700373673663146,0,synthetic
8909993ad4fffff,74.48516962442788,10.496775449252116,3.580296989928423,0.6831452351916325,147.97808720773813,0.39157261759581624,686.4516981069239,30.0,1.0,3.580296989928423,686.4516981069239,10.716401304205897,59.97993104439009,9,synthetic,0.3912090727367375,0,0.3912090727367375,0,synthetic
8909993ad53ffff,18.027850465619867,2.178177575430915,0.30129262867678214,0.19789369255206252,15.429697302228838,0.14894684627603128,131.8785065188438,30.0,0.0,0.30129262867678214,131.8785065188438,10.705068134266202,59.97904366888551,9,synthetic,0.5722698638375541,1,0.5722698638375541,1,synthetic
8909993ad5bffff,31.097730474899397,3.997659576822845,0.6891303618918673,0.30403014263325845,32.924739550341826,0.2020150713166292,253.17730661163912,30.0,0.0,0.6891303618918673,253.17730661163912,10.708223612635225,59.97714435183852,9,synthetic,0.5386001526331528,0,0.5386001526331528,0,synthetic
8909993ae03ffff,13.511264932915227,1.5126897455252193,0.17633131330342552,0.15907356914089693,10.638548039040877,0.12953678457044848,87.51265119179742,30.0,0.0,0.17633131330342552,87.51265119179742,10.711444860549348,59.955926421757766,9,synthetic,0.5365078364622279,0,0.5365078364622279,0,synthetic
8909993ae07ffff,18.027850465619867,2.178177575430915,0.30129262867678214,0.19789369255206252,15.429697302228838,0.14894684627603128,131.8785065188438,30.0,0.0,0.30129262867678214,131.8785065188438,10.713954990286503,59.9582704471515,9,synthetic,0.6017884560890996,1,0.6017884560890996,1,synthetic
8909993ae0bffff,26.581144942194754,3.332171746917149,0.5384124478061683,0.2652100192220928,25.779173092539555,0.18260500961104642,208.81145128459272,30.0,0.0,0.5384124478061683,208.81145128459272,10.714598750361278,59.954025856401024,9,synthetic,0.5829526918620188,1,0.5829526918620188,1,synthetic
8909993ae0fffff,31.097730474899397,3.997659576822845,0.6891303618918673,0.30403014263325845,32.924739550341826,0.2020150713166292,253.17730661163912,30.0,0.0,0.6891303618918673,253.17730661163912,10.717108962465964,59.95636992130834,9,synthetic,0.5826361360288111,1,0.5826361360288111,1,synthetic
8909993ae13ffff,54.64041131609139,7.6790617030016435,1.8238761488055768,0.5187785999936884,88.01132313715442,0.30938929999684417,498.604115023559,30.0,1.0,1.8238761488055768,498.604115023559,10.705780982678437,59.95548268521231,9,synthetic,0.4682573812846132,0,0.4682573812846132,0,synthetic
8909993ae17ffff,59.15699684879603,8.34454953290734,2.1209716260715266,0.557598723404854,100.78178307995525,0.32879936170242696,542.9699703506054,30.0,1.0,2.1209716260715266,542.9699703506054,10.708290774747564,59.95782681198201,9,synthetic,0.506545842236417,0,0.506545842236417,0,synthetic
8909993ae1bffff,67.71029132537092,9.498543704393573,2.7716180977935134,0.6249150500748841,124.96784250554583,0.36245752503744205,619.9029151163543,30.0,1.0,2.7716180977935134,619.9029151163543,10.708934986070682,59.95358225546986,9,synthetic,0.33791481276487345,0,0.33791481276487345,0,synthetic
8909993ae23ffff,15.769557699267548,1.8454336604780675,0.2378361715516113,0.17848363084647972,12.92647967194499,0.13924181542323988,109.69557885532062,30.0,0.0,0.2378361715516113,109.69557885532062,10.722130152532925,59.961057628383756,9,synthetic,0.5440788255249611,0,0.5440788255249611,0,synthetic
8909993ae27ffff,20.286143231972186,2.5109214903837636,0.36682860644217424,0.21730375425764534,18.148200929892422,0.15865187712882267,154.061434182367,30.0,0.0,0.36682860644217424,154.061434182367,10.724641130553792,59.963401270531655,9,synthetic,0.5015980962999556,0,0.5015980962999556,0,synthetic
8909993ae2bffff,28.839437708547074,3.6649156618699967,0.6123519975653169,0.2846200809276756,29.24431332275082,0.19231004046383782,230.9943789481159,30.0,0.0,0.6123519975653169,230.9943789481159,10.725284093330995,59.95915700642308,9,synthetic,0.5238674119376979,0,0.5238674119376979,0,synthetic
8909993ae2fffff,33.35602324125172,4.330403491775693,0.7689742596358144,0.32344020433884124,36.82045177531256,0.2117201021694206,275.3602342751623,30.0,0.0,0.7689742596358144,275.3602342751623,10.72779515365415,59.96150068806907,9,synthetic,0.47524963095907985,0,0.47524963095907985,0,synthetic
8909993ae33ffff,56.89870408244371,8.01180561795449,1.9669123444861696,0.538188661699271,94.28891010986496,0.3190943308496355,520.7870426870822,30.0,1.0,1.9669123444861696,520.7870426870822,10.716465375311362,59.960614331640976,9,synthetic,0.431590020985623,0,0.431590020985623,0,synthetic
8909993ae37ffff,61.415289615148346,8.677293447860187,2.2878959160231704,0.5770087851104367,107.48994204742525,0.33850439255521836,565.1528980141286,30.0,1.0,2.2878959160231704,565.1528980141286,10.718976015653285,59.962958075216086,9,synthetic,0.531045758590309,0,0.531045758590309,0,synthetic
8909993ae3bffff,69.96858409172323,9.831287619346421,3.0066211004572874,0.6443251117804669,132.42263807556353,0.37216255589023345,642.0858427798775,30.0,1.0,3.0066211004572874,642.0858427798775,10.719619429846766,59.95871384530593,9,synthetic,0.422330006931551,0,0.422330006931551,0,synthetic
8909993ae43ffff,18.027850465619867,2.178177575430915,0.30129262867678214,0.19789369255206252,15.429697302228838,0.14894684627603128,131.8785065188438,30.0,0.0,0.30129262867678214,131.8785065188438,10.715242404975541,59.94978087058673,9,synthetic,0.5731078146962902,1,0.5731078146962902,1,synthetic
8909993ae47ffff,22.54443599832451,2.843665405336612,0.4345850313892928,0.23671381596322816,21.08199055493574,0.16835690798161407,176.24436184589024,30.0,0.0,0.4345850313892928,176.24436184589024,10.717752444182421,59.952125115913475,9,synthetic,0.5259511672982141,0,0.5259511672982141,0,synthetic
8909993ae4bffff,31.097730474899397,3.997659576822845,0.6891303618918673,0.30403014263325845,32.924739550341826,0.2020150713166292,253.17730661163912,30.0,0.0,0.6891303618918673,253.17730661163912,10.718395820486506,59.947879915449434,9,synthetic,0.5146067125984882,0,0.5146067125984882,0,synthetic
8909993ae4fffff,35.61431600760404,4.663147406728541,0.8521387033663794,0.34285026604442403,40.93144999766304,0.221425133022212,297.54316193868556,30.0,0.0,0.8521387033663794,297.54316193868556,10.720905942012052,59.95022420029687,9,synthetic,0.49721008405794226,0,0.49721008405794226,0,synthetic
8909993ae53ffff,59.15699684879603,8.34454953290734,2.1209716260715266,0.557598723404854,100.78178307995525,0.32879936170242696,542.9699703506054,30.0,1.0,2.1209716260715266,542.9699703506054,10.709579091862857,59.949337303897636,9,synthetic,0.46079060993079,0,0.46079060993079,0,synthetic
8909993ae57ffff,63.673582381500665,9.010037362813037,2.4700312418184063,0.5964188468160195,114.413387012275,0.34820942340800976,587.3358256776519,30.0,1.0,2.4700312418184063,587.3358256776519,10.712088793503327,59.95168165059408,9,synthetic,0.4938511137043916,0,0.4938511137043916,0,synthetic
8909993ae5bffff,72.22687685807556,10.16403153429927,3.2729601731544222,0.6637351734860498,140.092719642961,0.3818675867430249,664.2687704434007,30.0,1.0,3.2729601731544222,664.2687704434007,10.712732620974467,59.94743648436497,9,synthetic,0.5121330736206818,0,0.5121330736206818,0,synthetic
8909993ae63ffff,20.286143231972186,2.5109214903837636,0.36682860644217424,0.21730375425764534,18.148200929892422,0.15865187712882267,154.061434182367,30.0,0.0,0.36682860644217424,154.061434182367,10.725926950762856,59.95491234725016,9,synthetic,0.5604293632115852,1,0.5604293632115852,1,synthetic
8909993ae67ffff,24.80272876467683,3.1764093202894594,0.5047176596447688,0.25612387766881095,24.23106617735878,0.17806193883440546,198.4272895094134,30.0,0.0,0.5047176596447688,198.4272895094134,10.728437838046615,59.95725620933579,9,synthetic,0.559744367173457,1,0.559744367173457,1,synthetic
8909993ae6bffff,33.35602324125172,4.330403491775693,0.7689742596358144,0.32344020433884124,36.82045177531256,0.2117201021694206,275.3602342751623,30.0,0.0,0.7689742596358144,275.3602342751623,10.729080417141882,59.953011335532814,9,synthetic,0.4462788664596383,0,0.4462788664596383,0,synthetic
8909993ae6fffff,37.87260877395636,4.995891321681389,0.938911912430471,0.3622603277500068,45.25773421739323,0.2311301638750034,319.72608960220873,30.0,0.0,0.938911912430471,319.72608960220873,10.731591386679,59.95535523712363,9,synthetic,0.48568868543153143,0,0.48568868543153143,0,synthetic
8909993ae73ffff,61.415289615148346,8.677293447860187,2.2878959160231704,0.5770087851104367,107.48994204742525,0.33850439255521836,565.1528980141286,30.0,1.0,2.2878959160231704,565.1528980141286,10.720262738624477,59.95446922033519,9,synthetic,0.483951487824286,0,0.483951487824286,0,synthetic
8909993ae77ffff,65.93187514785299,9.342781277765884,2.6704303254225827,0.6158289085216023,121.55211797450447,0.35791445426080115,609.518753341175,30.0,1.0,2.6704303254225827,609.518753341175,10.722773288330881,59.95681318384177,9,synthetic,0.4776190055937687,0,0.4776190055937687,0,synthetic
8909993ae7bffff,74.48516962442788,10.496775449252116,3.580296989928423,0.6831452351916325,147.97808720773813,0.39157261759581624,686.4516981069239,30.0,1.0,3.580296989928423,686.4516981069239,10.72341631876109,59.952568344233796,9,synthetic,0.439377351767165,0,0.439377351767165,0,synthetic
8909993ae8bffff,35.61431600760404,4.663147406728541,0.8521387033663794,0.34285026604442403,40.93144999766304,0.221425133022212,297.54316193868556,30.0,0.0,0.8521387033663794,297.54316193868556,10.70011732895062,59.95503871169422,9,synthetic,0.5412289480145362,0,0.5412289480145362,0,synthetic
8909993ae8fffff,40.13090154030868,5.328635236634238,1.0296213410061066,0.3816703894555896,49.79930443450317,0.2408351947277948,341.90901726573196,30.0,0.0,1.0296213410061066,341.90901726573196,10.702626783327508,59.95738293981974,9,synthetic,0.5078802449171291,0,0.5078802449171291,0,synthetic
8909993aea3ffff,28.839437708547074,3.6649156618699967,0.6123519975653169,0.2846200809276756,29.24431332275082,0.19231004046383782,230.9943789481159,30.0,0.0,0.6123519975653169,230.9943789481159,10.707646457867815,59.962070973441065,9,synthetic,0.5779214317942944,1,0.5779214317942944,1,synthetic
8909993aea7ffff,33.35602324125172,4.330403491775693,0.7689742596358144,0.32344020433884124,36.82045177531256,0.2117201021694206,275.3602342751623,30.0,0.0,0.7689742596358144,275.3602342751623,10.710156678089929,59.96441477891669,9,synthetic,0.5182900497667723,0,0.5182900497667723,0,synthetic
8909993aeabffff,41.90931771782661,5.484397663261927,1.0735401532105466,0.39075653100887153,51.99925899403562,0.24537826550443576,352.29317904091124,30.0,0.0,1.0735401532105466,352.29317904091124,10.710800822086776,59.96017079786298,9,synthetic,0.46062801383591234,0,0.46062801383591234,0,synthetic
8909993aeafffff,46.42590325053124,6.149885493167623,1.2728676107078618,0.4295766544200371,61.92981464121168,0.26478832721001855,396.65903436795764,30.0,0.0,1.2728676107078618,396.65903436795764,10.71331112472544,59.962514642845115,9,synthetic,0.4820627323765493,0,0.4820627323765493,0,synthetic
8909993aeb3ffff,69.96858409172323,9.831287619346421,3.0066211004572874,0.6443251117804669,132.42263807556353,0.37216255589023345,642.0858427798775,30.0,1.0,3.0066211004572874,642.0858427798775,10.701982015177796,59.96162706702613,9,synthetic,0.2842862779599311,0,0.2842862779599311,0,synthetic
8909993aeb7ffff,74.48516962442788,10.496775449252116,3.580296989928423,0.6831452351916325,147.97808720773813,0.39157261759581624,686.4516981069239,30.0,1.0,3.580296989928423,686.4516981069239,10.704491897630328,59.963970973883995,9,synthetic,0.44794115194666495,0,0.44794115194666495,0,synthetic
8909993aebbffff,83.03846410100276,11.65076962073835,5.29666286436692,0.7504615618616628,176.99347806174106,0.4252307809308314,763.3846428726728,30.0,1.0,5.29666286436692,763.3846428726728,10.70513649295679,59.95972702707204,9,synthetic,0.24188828396948248,0,0.24188828396948248,0,synthetic
8909993aec3ffff,31.097730474899397,3.997659576822845,0.6891303618918673,0.30403014263325845,32.924739550341826,0.2020150713166292,253.17730661163912,30.0,0.0,0.6891303618918673,253.17730661163912,10.700762164233213,59.95079400904709,9,synthetic,0.42464787783037566,0,0.42464787783037566,0,synthetic
8909993aec7ffff,35.61431600760404,4.663147406728541,0.8521387033663794,0.34285026604442403,40.93144999766304,0.221425133022212,297.54316193868556,30.0,0.0,0.8521387033663794,297.54316193868556,10.703271445850053,59.95313841756397,9,synthetic,0.5194976800831879,0,0.5194976800831879,0,synthetic
8909993aecbffff,44.16761048417892,5.817141578214774,1.170721694298025,0.4101665927144543,56.85689381893378,0.25508329635722715,374.4761067044344,30.0,0.0,1.170721694298025,374.4761067044344,10.703916002771358,59.94889350025188,9,synthetic,0.4956752092360449,0,0.4956752092360449,0,synthetic
8909993aecfffff,48.68419601688357,6.482629408120471,1.3805125311381685,0.4489867161256199,67.21802146086928,0.27449335806280994,418.8419620314808,30.0,0.0,1.3805125311381685,418.8419620314808,10.706425366821096,59.95123794829785,9,synthetic,0.40070727207904644,0,0.40070727207904644,0,synthetic
8909993b107ffff,80.4413849236357,11.69320774413329,5.399191456481911,0.752937119059701,178.10988269509414,0.42646855952985047,766.2138510990021,30.0,1.0,5.399191456481911,766.2138510990021,10.700902010066725,59.91213003934257,9,synthetic,0.39583759099859384,0,0.39583759099859384,0,synthetic
8909993b10bffff,8.994679400210586,0.8472019156195232,0.05872064035477221,0.12025344572973133,6.708542765371843,0.11012672286486566,43.146795864751,30.0,0.0,0.05872064035477221,43.146795864751,10.701546240661008,59.90788142012937,9,synthetic,0.6516857511396164,1,0.6516857511396164,1,synthetic
8909993b10fffff,13.511264932915227,1.5126897455252193,0.17633131330342552,0.15907356914089693,10.638548039040877,0.12953678457044848,87.51265119179742,30.0,0.0,0.17633131330342552,87.51265119179742,10.704053458841852,59.91022773386201,9,synthetic,0.543414714896307,0,0.543414714896307,0,synthetic
8909993b123ffff,78.18309215728337,11.360463829180441,4.708570685561105,0.7335270573541182,169.45042097464378,0.41676352867705907,744.0309234354788,30.0,1.0,4.708570685561105,744.0309234354788,10.709068659587345,59.91491993889847,9,synthetic,0.5442455796635235,0,0.5442455796635235,0,synthetic
8909993b127ffff,82.69967768998801,12.025951659086138,6.462705278025063,0.7723471807652837,186.98463041292422,0.43617359038264186,788.3967787625253,30.0,1.0,6.462705278025063,788.3967787625253,10.711576642210423,59.91726583018209,9,synthetic,0.43077594388184187,0,0.43077594388184187,0,synthetic
8909993b12bffff,11.252972166562905,1.1799458305723713,0.11666158446583635,0.13966350743531414,8.565902403516494,0.11983175371765707,65.3297235282742,30.0,0.0,0.11666158446583635,65.3297235282742,10.712220077301232,59.913017537464526,9,synthetic,0.5957462132365126,1,0.5957462132365126,1,synthetic
8909993b12fffff,15.769557699267548,1.8454336604780675,0.2378361715516113,0.17848363084647972,12.92647967194499,0.13924181542323988,109.69557885532062,30.0,0.0,0.2378361715516113,109.69557885532062,10.714728142177965,59.91536346832791,9,synthetic,0.6408178728813145,1,0.6408178728813145,1,synthetic
8909993b133ffff,39.31223854045953,5.526835786656866,1.0856751054869647,0.3932320882069096,52.6068234112183,0.24661604410345478,355.1223872672405,30.0,0.0,1.0856751054869647,355.1223872672405,10.703409400725322,59.91447617267916,9,synthetic,0.49132867555472004,0,0.49132867555472004,0,synthetic
8909993b137ffff,43.82882407316418,6.192323616562562,1.2862785709027134,0.4320522116180753,62.59229416464535,0.2660261058090376,399.48824259428693,30.0,0.0,1.2862785709027134,399.48824259428693,10.705917046209652,59.916822165204856,9,synthetic,0.4215398266684435,0,0.4215398266684435,0,synthetic
8909993b13bffff,52.38211854973907,7.346317788048796,1.6903903981403534,0.49936853828810557,81.94902216182363,0.2996842691440528,476.42118736003584,30.0,1.0,1.6903903981403534,476.42118736003584,10.706560931807537,59.91257390678839,9,synthetic,0.44243265912519847,0,0.44243265912519847,0,synthetic
8909993b143ffff,80.4413849236357,11.69320774413329,5.399191456481911,0.752937119059701,178.10988269509414,0.42646855952985047,766.2138510990021,30.0,1.0,5.399191456481911,766.2138510990021,10.702190365818977,59.903632405793495,9,synthetic,0.4296621562830362,0,0.4296621562830362,0,synthetic
8909993b147ffff,84.95797045634035,12.358695574038986,8.883490711932321,0.7917572424708667,196.07466412813406,0.4458786212354333,810.5797064260486,30.0,1.0,8.883490711932321,810.5797064260486,10.7046974115443,59.905978899923625,9,synthetic,0.36215021177765133,0,0.36215021177765133,0,synthetic
8909993b14bffff,13.511264932915227,1.5126897455252193,0.17633131330342552,0.15907356914089693,10.638548039040877,0.12953678457044848,87.51265119179742,30.0,0.0,0.17633131330342552,87.51265119179742,10.705341258858397,59.90172967085728,9,synthetic,0.5548246179078997,1,0.5548246179078997,1,synthetic
8909993b14fffff,18.027850465619867,2.178177575430915,0.30129262867678214,0.19789369255206252,15.429697302228838,0.14894684627603128,131.8785065188438,30.0,0.0,0.30129262867678214,131.8785065188438,10.707848386853613,59.904076204589664,9,synthetic,0.5153085941369078,0,0.5153085941369078,0,synthetic
8909993b163ffff,82.69967768998801,12.025951659086138,6.462705278025063,0.7723471807652837,186.98463041292422,0.43617359038264186,788.3967787625253,30.0,1.0,6.462705278025063,788.3967787625253,10.712863407070444,59.908768849623506,9,synthetic,0.4770898244000309,0,0.4770898244000309,0,synthetic
8909993b167ffff,7.216263222692657,0.6914394889918339,0.03216382955801622,0.11116730417644946,5.913062104951247,0.10558365208822473,32.76263408957172,30.0,0.0,0.03216382955801622,32.76263408957172,10.715371299350519,59.91111496090473,9,synthetic,0.5903800648307912,1,0.5903800648307912,1,synthetic
8909993b16bffff,15.769557699267548,1.8454336604780675,0.2378361715516113,0.17848363084647972,12.92647967194499,0.13924181542323988,109.69557885532062,30.0,0.0,0.2378361715516113,109.69557885532062,10.71601435124942,59.90686605835285,9,synthetic,0.5458343654990057,0,0.5458343654990057,0,synthetic
8909993b16fffff,20.286143231972186,2.5109214903837636,0.36682860644217424,0.21730375425764534,18.148200929892422,0.15865187712882267,154.061434182367,30.0,0.0,0.36682860644217424,154.061434182367,10.71852232573431,59.90921220922087,9,synthetic,0.5396392625849981,0,0.5396392625849981,0,synthetic
8909993b173ffff,43.82882407316418,6.192323616562562,1.2862785709027134,0.4320522116180753,62.59229416464535,0.2660261058090376,399.48824259428693,30.0,0.0,1.2862785709027134,399.48824259428693,10.707204712013597,59.90832525325226,9,synthetic,0.48281312662329184,0,0.48281312662329184,0,synthetic
8909993b177ffff,48.34540960586882,6.857811446468258,1.509269238261351,0.47087233502924086,73.43890890759131,0.2854361675146204,443.8540979213333,30.0,1.0,1.509269238261351,443.8540979213333,10.709712267256206,59.91067146576926,9,synthetic,0.48972189924121445,0,0.48972189924121445,0,synthetic
8909993b17bffff,56.89870408244371,8.01180561795449,1.9669123444861696,0.538188661699271,94.28891010986496,0.3190943308496355,520.7870426870822,30.0,1.0,1.9669123444861696,520.7870426870822,10.710355769581207,59.906422597515096,9,synthetic,0.3899123016496405,0,0.3899123016496405,0,synthetic
8909993b1afffff,28.839437708547074,3.6649156618699967,0.6123519975653169,0.2846200809276756,29.24431332275082,0.19231004046383782,230.9943789481159,30.0,0.0,0.6123519975653169,230.9943789481159,10.700257674010425,59.91637826343985,9,synthetic,0.4658267372502647,0,0.4658267372502647,0,synthetic
8909993b323ffff,80.4413849236357,11.69320774413329,5.399191456481911,0.752937119059701,178.10988269509414,0.42646855952985047,766.2138510990021,30.0,1.0,5.399191456481911,766.2138510990021,10.731124474598259,59.901599451279324,9,synthetic,0.4866766538626673,0,0.4866766538626673,0,synthetic
8909993b327ffff,84.95797045634035,12.358695574038986,8.883490711932321,0.7917572424708667,196.07466412813406,0.4458786212354333,810.5797064260486,30.0,1.0,8.883490711932321,810.5797064260486,10.733633032362176,59.90394561963812,9,synthetic,0.4097704507774931,0,0.4097704507774931,0,synthetic
8909993b32fffff,18.027850465619867,2.178177575430915,0.30129262867678214,0.19789369255206252,15.429697302228838,0.14894684627603128,131.8785065188438,30.0,0.0,0.30129262867678214,131.8785065188438,10.736783162448363,59.902042031945314,9,synthetic,0.48157609420693587,0,0.48157609420693587,0,synthetic
8909993b333ffff,41.57053130681186,5.859579701609714,1.183462782388095,0.4126421499124925,57.49191578924196,0.25632107495624623,377.3053149307637,30.0,0.0,1.183462782388095,377.3053149307637,10.725466009966519,59.901156633808974,9,synthetic,0.5003647509936956,0,0.5003647509936956,0,synthetic
8909993b337ffff,46.0871168395165,6.52506753151541,1.3946677106304064,0.45146227332365807,67.90795853742848,0.275731136661829,421.67117025781016,30.0,1.0,1.3946677106304064,421.67117025781016,10.727974230884598,59.90350290344215,9,synthetic,0.48839454058201287,0,0.48839454058201287,0,synthetic
8909993b3a3ffff,13.511264932915227,1.5126897455252193,0.17633131330342552,0.15907356914089693,10.638548039040877,0.12953678457044848,87.51265119179742,30.0,0.0,0.17633131330342552,87.51265119179742,10.716657297900408,59.90261676066547,9,synthetic,0.49108045861210553,0,0.49108045861210553,0,synthetic
8909993b3a7ffff,18.027850465619867,2.178177575430915,0.30129262867678214,0.19789369255206252,15.429697302228838,0.14894684627603128,131.8785065188438,30.0,0.0,0.30129262867678214,131.8785065188438,10.71916509979232,59.904963091959054,9,synthetic,0.5638922846099599,1,0.5638922846099599,1,synthetic
8909993b3abffff,26.581144942194754,3.332171746917149,0.5384124478061683,0.2652100192220928,25.779173092539555,0.18260500961104642,208.81145128459272,30.0,0.0,0.5384124478061683,208.81145128459272,10.719807768650366,59.900713579556474,9,synthetic,0.5618564585823808,1,0.5618564585823808,1,synthetic
8909993b3afffff,31.097730474899397,3.997659576822845,0.6891303618918673,0.30403014263325845,32.924739550341826,0.2020150713166292,253.17730661163912,30.0,0.0,0.6891303618918673,253.17730661163912,10.722315652698299,59.90305995044383,9,synthetic,0.5295403707859597,0,0.5295403707859597,0,synthetic
8909993b3b3ffff,54.64041131609139,7.6790617030016435,1.8238761488055768,0.5187785999936884,88.01132313715442,0.30938929999684417,498.604115023559,30.0,1.0,1.8238761488055768,498.604115023559,10.710999166588046,59.902173334129195,9,synthetic,0.4733857851163969,0,0.4733857851163969,0,synthetic
8909993b3b7ffff,59.15699684879603,8.34454953290734,2.1209716260715266,0.557598723404854,100.78178307995525,0.32879936170242696,542.9699703506054,30.0,1.0,2.1209716260715266,542.9699703506054,10.713506631543757,59.90451976665224,9,synthetic,0.3681609517275946,0,0.3681609517275946,0,synthetic
8909993b3bbffff,67.71029132537092,9.498543704393573,2.7716180977935134,0.6249150500748841,124.96784250554583,0.36245752503744205,619.9029151163543,30.0,1.0,2.7716180977935134,619.9029151163543,10.714149750746879,59.90027028854401,9,synthetic,0.44850674191338613,0,0.44850674191338613,0,synthetic
