h3_index,elevation_m,impervious_frac,slope_deg,flow_accum_proxy,land_cover_urban,building_density,dist_stream_m,rainfall_mm_h,lon,lat,h3_resolution,feature_source,assembly_mode,observed_feature_cols,rainfall_source,data_mode,synthetic_value_count,null_value_count,scenario,predicted_risk,flood_probability,PFI_h,predicted_class
892a100d04bffff,3.344531323424001,0.7558853682436333,1.0350922583482545,78.36113575865129,1.0,273.8980490778987,163.09401281228267,25.0,-73.97269448397236,40.74498799569922,9,observed,opendata,"building_density,dist_stream_m,elevation_m,flow_accum_proxy,impervious_frac,slope_deg",event_raster,production,0,0,moderate,0.8655811967395205,0.9861045572024858,0.9861045572024858,1
892a100d04fffff,0.08845332935802193,0.2004225670025031,0.18623061873043353,39.90820584144645,0.0,18.890486593962265,123.51208336371393,25.0,-73.97045411641287,40.742404696985496,9,observed,opendata,"building_density,dist_stream_m,elevation_m,flow_accum_proxy,impervious_frac,slope_deg",event_raster,production,0,0,moderate,-0.015805543263245205,0.007449381072091695,0.007449381072091695,0
892a100d05bffff,11.09610818531149,0.8317826107163484,4.214213328964444,9.682926829268293,1.0,151.10887057613218,198.48620097001685,25.0,-73.97065939959245,40.747686448906286,9,observed,opendata,"building_density,dist_stream_m,elevation_m,flow_accum_proxy,impervious_frac,slope_deg",event_raster,production,0,0,moderate,0.9821016527644137,0.9566335258726025,0.9566335258726025,1
892a100d06bffff,0.0,0.006027634415324851,0.0,1.0,0.0,0.0,194.0519136502598,25.0,-73.9702488794359,40.737123294760856,9,observed,opendata,"building_density,dist_stream_m,elevation_m,flow_accum_proxy,impervious_frac,slope_deg",event_raster,production,0,0,moderate,0.005463299459454715,0.00996135907793228,0.00996135907793228,0
892a100d203ffff,11.634066904948437,0.6190496429419581,0.2990700771824793,8.258605472197706,1.0,358.9151644292976,1266.5737016311396,25.0,-73.98755496140967,40.74194333566657,9,observed,opendata,"building_density,dist_stream_m,elevation_m,flow_accum_proxy,impervious_frac,slope_deg",event_raster,production,0,0,moderate,0.8691734680287833,0.9779803221164167,0.9779803221164167,1
892a100d207ffff,9.353697723953436,0.747485668299363,0.5566738994481663,71.84131205673759,1.0,859.5513113158171,975.5526610249375,25.0,-73.98531389573235,40.73936041044821,9,observed,opendata,"building_density,dist_stream_m,elevation_m,flow_accum_proxy,impervious_frac,slope_deg",event_raster,production,0,0,moderate,0.9128832317492618,0.9358025654746882,0.9358025654746882,1
892a100d20bffff,11.088975920706698,0.7844965711407278,0.35287129473777784,36.79133510167993,1.0,1086.187567788973,1463.6387175173063,25.0,-73.99183015572552,40.74182760043736,9,observed,opendata,"building_density,dist_stream_m,elevation_m,flow_accum_proxy,impervious_frac,slope_deg",event_raster,production,0,0,moderate,1.0176290800123637,0.9868627331874598,0.9868627331874598,1
892a100d20fffff,11.934826424314027,0.7935258094138863,0.2738077293655487,7.3294951284322405,1.0,1161.807833088293,1499.3428101295665,25.0,-73.98958885298438,40.73924475745148,9,observed,opendata,"building_density,dist_stream_m,elevation_m,flow_accum_proxy,impervious_frac,slope_deg",event_raster,production,0,0,moderate,0.912263319783089,0.9806499347808213,0.9806499347808213,1
892a100d213ffff,11.98053725743526,0.7184812308308084,0.4373890037274696,28.16120460584588,1.0,906.6892580307322,1173.0858177057337,25.0,-73.98552083929478,40.744641965067935,9,observed,opendata,"building_density,dist_stream_m,elevation_m,flow_accum_proxy,impervious_frac,slope_deg",event_raster,production,0,0,moderate,1.038430308117212,0.9868627331874598,0.9868627331874598,1
892a100d217ffff,10.582220157761823,0.8032682606664984,0.4630951389168827,20.195748449955712,1.0,1293.9872786212459,975.4258746330636,25.0,-73.98327976027291,40.74205891293701,9,observed,opendata,"building_density,dist_stream_m,elevation_m,flow_accum_proxy,impervious_frac,slope_deg",event_raster,production,0,0,moderate,0.9512405591788536,0.9735439682988941,0.9735439682988941,1
892a100d21bffff,12.252244896922551,0.7485761337035092,0.28367676767419464,10.429078014184396,1.0,1388.3640064907381,1578.9310430266792,25.0,-73.98979627753427,40.744526305564385,9,observed,opendata,"building_density,dist_stream_m,elevation_m,flow_accum_proxy,impervious_frac,slope_deg",event_raster,production,0,0,moderate,0.9957986224513449,0.9815547993614552,0.9815547993614552,1
892a100d223ffff,9.008245406735218,0.720816329240693,0.5343374889046218,41.94582593250444,1.0,954.1023724858659,819.1962321332368,25.0,-73.98510699874309,40.73407920554712,9,observed,opendata,"building_density,dist_stream_m,elevation_m,flow_accum_proxy,impervious_frac,slope_deg",event_raster,production,0,0,moderate,0.9371791934511686,0.9536638783200131,0.9536638783200131,1
892a100d227ffff,6.7347384026153865,0.8084701029575577,0.6241051619238394,41.89389920424403,1.0,1313.1387398848888,486.8341392134863,25.0,-73.9828664471727,40.73149649667317,9,observed,opendata,"building_density,dist_stream_m,elevation_m,flow_accum_proxy,impervious_frac,slope_deg",event_raster,production,0,0,moderate,0.998856788182169,0.9686695848708018,0.9686695848708018,1
892a100d22bffff,11.85943661175721,0.811485444426748,0.2974898859753392,10.518617021276595,1.0,765.1690495389598,1001.4044155849699,25.0,-73.98938147511579,40.733963559055724,9,observed,opendata,"building_density,dist_stream_m,elevation_m,flow_accum_proxy,impervious_frac,slope_deg",event_raster,production,0,0,moderate,0.9429005069681388,0.9692573508001279,0.9692573508001279,1
892a100d22fffff,10.270036309009727,0.7336736165592611,0.5691594506215713,22.56713780918728,1.0,1728.8036682633165,667.4249199987013,25.0,-73.98714068654695,40.731380932373526,9,observed,opendata,"building_density,dist_stream_m,elevation_m,flow_accum_proxy,impervious_frac,slope_deg",event_raster,production,0,0,moderate,0.969731467408907,0.9747818623404443,0.9747818623404443,1
892a100d233ffff,7.547986360014383,0.7718770690889248,0.48086475218960517,66.38795394154118,1.0,982.3945876476226,730.0682419982309,25.0,-73.98307308046714,40.736777529931615,9,observed,opendata,"building_density,dist_stream_m,elevation_m,flow_accum_proxy,impervious_frac,slope_deg",event_raster,production,0,0,moderate,0.9385617317697877,0.9779659443926062,0.9779659443926062,1
892a100d237ffff,5.612585460475648,0.7343574503583259,0.5764978990340844,64.6763925729443,1.0,1275.288961743088,556.1184228035374,25.0,-73.980832515579,40.73419469413901,9,observed,opendata,"building_density,dist_stream_m,elevation_m,flow_accum_proxy,impervious_frac,slope_deg",event_raster,production,0,0,moderate,1.0197468789408892,0.9819053995599221,0.9819053995599221,1
892a100d23bffff,10.783638140685122,0.7322715441106071,0.5472927407999392,20.9181338028169,1.0,1369.6808883055724,1158.1946618869013,25.0,-73.98734780066862,40.7366619591473,9,observed,opendata,"building_density,dist_stream_m,elevation_m,flow_accum_proxy,impervious_frac,slope_deg",event_raster,production,0,0,moderate,1.0143781200630273,0.9838477252772232,0.9838477252772232,1
892a100d243ffff,6.8762026253621205,0.7748389768116899,0.3972702182277485,126.21781305114638,1.0,2276.1486110477867,877.1161512732444,25.0,-73.99834713342568,40.744294512623796,9,observed,opendata,"building_density,dist_stream_m,elevation_m,flow_accum_proxy,impervious_frac,slope_deg",event_raster,production,0,0,moderate,0.9390045693672093,0.9836265438186546,0.9836265438186546,1
892a100d247ffff,8.821203896929546,0.7937727434611892,0.412153148040268,34.3469387755102,1.0,1171.1902616116129,1108.261406711697,25.0,-73.99610534317284,40.741711707250445,9,observed,opendata,"building_density,dist_stream_m,elevation_m,flow_accum_proxy,impervious_frac,slope_deg",event_raster,production,0,0,moderate,0.9264062221026228,0.9322304415618191,0.9322304415618191,1
892a100d24bffff,4.700379842133678,0.7691621584445899,2.3811987119978055,6.778172138420586,1.0,1964.4713196446455,520.3990931172921,25.0,-74.00262255098242,40.744178379188874,9,observed,opendata,"building_density,dist_stream_m,elevation_m,flow_accum_proxy,impervious_frac,slope_deg",event_raster,production,0,0,moderate,0.988958564200529,0.9749783100576832,0.9749783100576832,1
892a100d24fffff,6.728941166474821,0.7909526805417321,1.0751003553452378,16.488042515500442,1.0,1794.5606999383997,747.5180237434405,25.0,-74.00038052370402,40.74159565610689,9,observed,opendata,"building_density,dist_stream_m,elevation_m,flow_accum_proxy,impervious_frac,slope_deg",event_raster,production,0,0,moderate,0.49910512200954826,0.9407791964293652,0.9407791964293652,1
892a100d253ffff,8.19125848040712,0.7926414025337588,0.4620399600144446,37.9600709849157,1.0,698.8666466924884,1072.0699811748227,25.0,-73.99631351262427,40.74699342036505,9,observed,opendata,"building_density,dist_stream_m,elevation_m,flow_accum_proxy,impervious_frac,slope_deg",event_raster,production,0,0,moderate,0.3253287018607516,0.23789035141443046,0.23789035141443046,0
892a100d257ffff,9.688490660000692,0.8034272127446875,0.547570635655285,71.08761061946903,1.0,1246.6907019885907,1235.9786083611982,25.0,-73.99407170892711,40.74441048808265,9,observed,opendata,"building_density,dist_stream_m,elevation_m,flow_accum_proxy,impervious_frac,slope_deg",event_raster,production,0,0,moderate,1.0095355161519166,0.9888625008293517,0.9888625008293517,1
892a100d25bffff,5.423203768983352,0.7607371874878892,1.322553680504186,58.7070796460177,1.0,1029.408800485988,720.8706663806116,25.0,-74.00058917418733,40.746877362614214,9,observed,opendata,"building_density,dist_stream_m,elevation_m,flow_accum_proxy,impervious_frac,slope_deg",event_raster,production,0,0,moderate,0.92158545252551,0.9859431824185907,0.9859431824185907,1
892a100d263ffff,9.154166255436891,0.7820788840399989,0.47000771231374683,38.9281914893617,1.0,1246.8748959355855,1238.877200707424,25.0,-73.9958972205727,40.736430343823116,9,observed,opendata,"building_density,dist_stream_m,elevation_m,flow_accum_proxy,impervious_frac,slope_deg",event_raster,production,0,0,moderate,0.9129247937163337,0.935247567952768,0.935247567952768,1
892a100d267ffff,10.506262568149197,0.7763419446701305,0.5278553454372933,31.214285714285715,1.0,1501.99427893077,1343.721961589156,25.0,-73.99365594464955,40.7338477546659,9,observed,opendata,"building_density,dist_stream_m,elevation_m,flow_accum_proxy,impervious_frac,slope_deg",event_raster,production,0,0,moderate,1.027532657959421,0.9868627331874598,0.9868627331874598,1
892a100d26bffff,7.4298304092366685,0.7336941748672718,1.4907869235938291,18.392382639503985,1.0,2087.565005173888,923.0303055869796,25.0,-74.00017192018016,40.7363142992853,9,observed,opendata,"building_density,dist_stream_m,elevation_m,flow_accum_proxy,impervious_frac,slope_deg",event_raster,production,0,0,moderate,0.2684209750634462,0.3888952036035003,0.3888952036035003,0
892a100d26fffff,7.045459998170429,0.6573402445522902,0.5498938282986092,108.12201591511936,1.0,2456.084387329168,1078.8333389308132,25.0,-73.9979304072968,40.73373179237872,9,observed,opendata,"building_density,dist_stream_m,elevation_m,flow_accum_proxy,impervious_frac,slope_deg",event_raster,production,0,0,moderate,0.9241324716884686,0.9495816166867634,0.9495816166867634,1
892a100d273ffff,10.541157568301413,0.8212952520895762,0.41649875312372253,16.70053003533569,1.0,1284.5969165645495,1333.3171330822556,25.0,-73.99386380339365,40.73912894651647,9,observed,opendata,"building_density,dist_stream_m,elevation_m,flow_accum_proxy,impervious_frac,slope_deg",event_raster,production,0,0,moderate,0.9885289510529272,0.9821314453652064,0.9821314453652064,1
892a100d277ffff,11.808286775837333,0.7810070273013533,0.2974859175316148,11.861824623560674,1.0,859.5904107653606,1342.2989351817935,25.0,-73.99162251405302,40.73654623044413,9,observed,opendata,"building_density,dist_stream_m,elevation_m,flow_accum_proxy,impervious_frac,slope_deg",event_raster,production,0,0,moderate,0.9848233698951558,0.9811983624763371,0.9811983624763371,1
892a100d27bffff,8.604641501979357,0.7988172016063765,0.3405201793886892,8.759717314487633,1.0,1426.2764007331282,974.1444170252582,25.0,-73.9981387469125,40.739012977644194,9,observed,opendata,"building_density,dist_stream_m,elevation_m,flow_accum_proxy,impervious_frac,slope_deg",event_raster,production,0,0,moderate,0.8536510820621118,0.8589953688943016,0.8589953688943016,1
892a100d283ffff,16.917748117320418,0.7059835343894233,2.3604242408254525,13.622458001768347,1.0,1728.2978480574743,776.0269698133535,25.0,-73.97921079764829,40.7474560713926,9,observed,opendata,"building_density,dist_stream_m,elevation_m,flow_accum_proxy,impervious_frac,slope_deg",event_raster,production,0,0,moderate,0.9618905657108658,0.9639859423842116,0.9639859423842116,1
892a100d287ffff,7.147121550129579,0.8039008917534246,0.9129411541255175,73.5070796460177,1.0,1501.7126066268452,490.555567141732,25.0,-73.97696994246623,40.744872810136386,9,observed,opendata,"building_density,dist_stream_m,elevation_m,flow_accum_proxy,impervious_frac,slope_deg",event_raster,production,0,0,moderate,0.9521890145123416,0.9799374816821248,0.9799374816821248,1
892a100d28bffff,15.509574750760047,0.7257254189152544,1.2605201045795285,25.720106288751108,1.0,840.535912359148,1104.0295871678043,25.0,-73.98348648660567,40.74734064563417,9,observed,opendata,"building_density,dist_stream_m,elevation_m,flow_accum_proxy,impervious_frac,slope_deg",event_raster,production,0,0,moderate,1.0004577007258688,0.9821770421954974,0.9821770421954974,1
892a100d28fffff,11.092858950016463,0.7379329336604921,1.111017796915396,21.730803177405118,1.0,1548.9318705468659,820.5675118317002,25.0,-73.98124539425626,40.74475746659229,9,observed,opendata,"building_density,dist_stream_m,elevation_m,flow_accum_proxy,impervious_frac,slope_deg",event_raster,production,0,0,moderate,0.9174622153429669,0.97061571285472,0.97061571285472,1
892a100d293ffff,17.053246227562006,0.7343941558654427,2.0636505864243557,29.944148936170212,1.0,1095.4801784648826,823.0814838420272,25.0,-73.97717597041498,40.75015472731649,9,observed,opendata,"building_density,dist_stream_m,elevation_m,flow_accum_proxy,impervious_frac,slope_deg",event_raster,production,0,0,moderate,0.9898866130013239,0.9768433178098561,0.9768433178098561,1
892a100d297ffff,9.607814983428577,0.8091243255370076,1.2843576428075667,30.645759717314487,1.0,821.6521362411067,482.87354117127546,25.0,-73.97493510196136,40.747571339150305,9,observed,opendata,"building_density,dist_stream_m,elevation_m,flow_accum_proxy,impervious_frac,slope_deg",event_raster,production,0,0,moderate,0.9546421294322566,0.965146819921252,0.965146819921252,1
892a100d29bffff,22.765609919342175,0.7373028706086364,0.8657436078340471,5.829955947136564,1.0,934.9330117579996,1089.9753969507506,25.0,-73.9814519033082,40.75003937734384,9,observed,opendata,"building_density,dist_stream_m,elevation_m,flow_accum_proxy,impervious_frac,slope_deg",event_raster,production,0,0,moderate,0.10315804044919984,0.11880310976762476,0.11880310976762476,0
892a100d2a3ffff,5.74795115731209,0.7661340586024965,1.2679799992011946,29.223498233215548,1.0,245.58748269415776,404.0183071883975,25.0,-73.97676396089017,40.73959124262263,9,observed,opendata,"building_density,dist_stream_m,elevation_m,flow_accum_proxy,impervious_frac,slope_deg",event_raster,production,0,0,moderate,0.986122033570738,0.9465308580706355,0.9465308580706355,1
892a100d2a7ffff,0.9807134715443706,0.7893562591271409,0.5174281532803537,102.49024822695036,1.0,113.35386601824062,65.13085222057768,25.0,-73.97452361980322,40.737008197739414,9,observed,opendata,"building_density,dist_stream_m,elevation_m,flow_accum_proxy,impervious_frac,slope_deg",event_raster,production,0,0,moderate,0.08643773925174388,0.972527545440071,0.972527545440071,1
892a100d2abffff,8.566205889091895,0.780882514091768,0.5765698538606084,21.454946996466433,1.0,1209.0426320833733,653.8960684238609,25.0,-73.98103893168508,40.73947590550561,9,observed,opendata,"building_density,dist_stream_m,elevation_m,flow_accum_proxy,impervious_frac,slope_deg",event_raster,production,0,0,moderate,0.860860692372991,0.9368912596586437,0.9368912596586437,1
892a100d2afffff,4.456356149193243,0.7479806258904595,0.7418303156126265,85.96719858156028,1.0,661.2290025268504,375.79832370162484,25.0,-73.97879835349616,40.73689294279598,9,observed,opendata,"building_density,dist_stream_m,elevation_m,flow_accum_proxy,impervious_frac,slope_deg",event_raster,production,0,0,moderate,1.0050449746849455,0.9840178846183744,0.9840178846183744,1
892a100d2b3ffff,4.7459736974102205,0.7524935029381145,1.3542759952819452,50.00265486725664,1.0,415.58951777937176,230.44783218415913,25.0,-73.97472933772691,40.74228959359751,9,observed,opendata,"building_density,dist_stream_m,elevation_m,flow_accum_proxy,impervious_frac,slope_deg",event_raster,production,0,0,moderate,0.8599178948551414,0.9794118808333055,0.9794118808333055,1
892a100d2b7ffff,0.4733200674942577,0.408769081810286,0.39625872512754573,17.273291925465838,0.0,66.11989545174349,3.926838669706643,25.0,-73.97248898339517,40.739706421798246,9,observed,opendata,"building_density,dist_stream_m,elevation_m,flow_accum_proxy,impervious_frac,slope_deg",event_raster,production,0,0,moderate,-0.024778890637551034,0.1281461164043443,0.1281461164043443,0
892a100d2bbffff,9.50822014888902,0.7417094053632923,0.3525986636405608,9.99734278122232,1.0,1681.2437167749674,586.8958393699756,25.0,-73.97900455236277,40.74217433224768,9,observed,opendata,"building_density,dist_stream_m,elevation_m,flow_accum_proxy,impervious_frac,slope_deg",event_raster,production,0,0,moderate,0.9886497931114875,0.9657463514909908,0.9657463514909908,1
892a100d2c3ffff,12.497188469196887,0.8180809853770209,0.47100020741634335,60.326241134751776,1.0,443.85457562007167,1531.3393159951747,25.0,-73.99000374878119,40.74980820333916,9,observed,opendata,"building_density,dist_stream_m,elevation_m,flow_accum_proxy,impervious_frac,slope_deg",event_raster,production,0,0,moderate,0.9904953201700345,0.9812845680478114,0.9812845680478114,1
892a100d2c7ffff,13.313176553930253,0.7772917157775211,0.3511992797212697,37.63572060123784,1.0,1048.305869617177,1428.2859869671115,25.0,-73.98776216878585,40.74722506187607,9,observed,opendata,"building_density,dist_stream_m,elevation_m,flow_accum_proxy,impervious_frac,slope_deg",event_raster,production,0,0,moderate,1.0176290800123637,0.9868627331874598,0.9868627331874598,1
892a100d2cbffff,9.850798211899479,0.8231508452280433,0.5050499744433086,110.2424778761062,1.0,953.8124678665314,1256.508365667982,25.0,-73.99427966126574,40.749692379309224,9,observed,opendata,"building_density,dist_stream_m,elevation_m,flow_accum_proxy,impervious_frac,slope_deg",event_raster,production,0,0,moderate,1.0095355161519166,0.9888625008293517,0.9888625008293517,1
892a100d2cfffff,11.001076699144948,0.7814383401033211,0.4878055801662795,72.09620476610768,1.0,1378.848878919033,1583.1508415342098,25.0,-73.99203784414127,40.74710932011937,9,observed,opendata,"building_density,dist_stream_m,elevation_m,flow_accum_proxy,impervious_frac,slope_deg",event_raster,production,0,0,moderate,1.0379682460737476,0.9912683215122181,0.9912683215122181,1
892a100d2d3ffff,15.342403719638114,0.7389229855950589,0.8534401915275766,22.339522546419097,1.0,670.4713495470615,1584.1083071809362,25.0,-73.98796942281288,40.75250713772061,9,observed,opendata,"building_density,dist_stream_m,elevation_m,flow_accum_proxy,impervious_frac,slope_deg",event_raster,production,0,0,moderate,0.9789522148501155,0.9801733869778266,0.9801733869778266,1
892a100d2d7ffff,16.714672955369526,0.7223252578382998,1.2815157337130698,19.675221238938054,1.0,1142.6926658239488,1414.4818386663335,25.0,-73.98572782944613,40.74992386935104,9,observed,opendata,"building_density,dist_stream_m,elevation_m,flow_accum_proxy,impervious_frac,slope_deg",event_raster,production,0,0,moderate,0.9713533089053836,0.9811503351150753,0.9811503351150753,1
892a100d2dbffff,11.560635549876928,0.7550748357547665,0.3972029725550707,19.67431597528685,1.0,642.1397641095709,1264.0846322824943,25.0,-73.99224557931602,40.75239138943488,9,observed,opendata,"building_density,dist_stream_m,elevation_m,flow_accum_proxy,impervious_frac,slope_deg",event_raster,production,0,0,moderate,0.9704439150037153,0.9678010072256593,0.9678010072256593,1
892a100d303ffff,0.33006215737380973,0.21603966704284186,0.3201423058466008,12.504638218923933,0.0,28.345554843976227,31.682309172678675,25.0,-73.97187275909451,40.72386379865436,9,observed,opendata,"building_density,dist_stream_m,elevation_m,flow_accum_proxy,impervious_frac,slope_deg",event_raster,production,0,0,moderate,0.005463299459454715,0.017388674002585165,0.017388674002585165,0
892a100d30bffff,3.070555277812628,0.7373875516747671,0.36311733965126297,12.447971781305114,1.0,963.7461166542417,323.0559720806563,25.0,-73.9761462942413,40.723748638631584,9,observed,opendata,"building_density,dist_stream_m,elevation_m,flow_accum_proxy,impervious_frac,slope_deg",event_raster,production,0,0,moderate,0.9608465761158732,0.9616717336228554,0.9616717336228554,1
892a100d30fffff,1.018254448630795,0.34075038655669415,0.49561539350429545,34.141082519964506,0.0,66.14282420338893,83.30375447073753,25.0,-73.97390674374046,40.72116610888531,9,observed,opendata,"building_density,dist_stream_m,elevation_m,flow_accum_proxy,impervious_frac,slope_deg",event_raster,production,0,0,moderate,0.009819272957591845,0.04864827144996785,0.04864827144996785,0
892a100d31bffff,1.9389970005977408,0.8121149652399142,0.49387122405949896,14.87688219663419,1.0,245.64890448835345,205.5519253146131,25.0,-73.97411232282563,40.72644645532815,9,observed,opendata,"building_density,dist_stream_m,elevation_m,flow_accum_proxy,impervious_frac,slope_deg",event_raster,production,0,0,moderate,0.23594775973052365,0.35138581484038245,0.35138581484038245,0
892a100d32bffff,0.10926882264773695,0.13018721912098352,0.13627310751167976,63.3114463176575,0.0,0.0,72.3900309775283,25.0,-73.9737012109036,40.715886112357865,9,observed,opendata,"building_density,dist_stream_m,elevation_m,flow_accum_proxy,impervious_frac,slope_deg",event_raster,production,0,0,moderate,-0.044463079348287374,0.006481892288797525,0.006481892288797525,0
892a100d32fffff,0.0,0.05989910423352652,0.0,1.0,0.0,0.0,119.73072320516047,25.0,-73.97146217393056,40.713303799242574,9,observed,opendata,"building_density,dist_stream_m,elevation_m,flow_accum_proxy,impervious_frac,slope_deg",event_raster,production,0,0,moderate,0.005463299459454715,0.00996135907793228,0.00996135907793228,0
892a100d33bffff,0.004580221421793894,0.002873535865689686,0.019600106969984515,2.241080038572806,0.0,0.0,82.87500725416488,25.0,-73.97166744341928,40.71858362397663,9,observed,opendata,"building_density,dist_stream_m,elevation_m,flow_accum_proxy,impervious_frac,slope_deg",event_raster,production,0,0,moderate,0.005463299459454715,0.00996135907793228,0.00996135907793228,0
892a100d343ffff,5.5866502148523765,0.577020722082668,0.4508326297277065,160.69169611307422,1.0,1398.301200903703,126.79580135580306,25.0,-73.98265986037387,40.72621581321689,9,observed,opendata,"building_density,dist_stream_m,elevation_m,flow_accum_proxy,impervious_frac,slope_deg",event_raster,production,0,0,moderate,0.13943446581619032,0.9725886671119797,0.9725886671119797,1
892a100d347ffff,4.644717354000196,0.8011106262718986,0.39232210838752396,68.01330967169477,1.0,1483.408924758386,378.6853043033939,25.0,-73.98041982269943,40.723633320786945,9,observed,opendata,"building_density,dist_stream_m,elevation_m,flow_accum_proxy,impervious_frac,slope_deg",event_raster,production,0,0,moderate,1.021814182745241,0.987280659801836,0.987280659801836,1
892a100d34bffff,9.015767370252668,0.724463825411337,0.6106587097799746,91.2316534040672,1.0,2059.654053282634,459.79442047179947,25.0,-73.98693361902893,40.72610025540042,9,observed,opendata,"building_density,dist_stream_m,elevation_m,flow_accum_proxy,impervious_frac,slope_deg",event_raster,production,0,0,moderate,1.034228953569934,0.9743641080025798,0.9743641080025798,1
892a100d34fffff,7.623786851803391,0.7876910353087702,0.6167541903103995,42.08074534161491,1.0,1549.5437875207735,469.5322296464453,25.0,-73.98469334442134,40.72351784512154,9,observed,opendata,"building_density,dist_stream_m,elevation_m,flow_accum_proxy,impervious_frac,slope_deg",event_raster,production,0,0,moderate,1.0064218152918836,0.9667563376632714,0.9667563376632714,1
892a100d353ffff,4.521780591095443,0.7922351027484489,0.3845147181005604,163.48849557522124,1.0,2248.5108413934995,200.38229868338775,25.0,-73.98062614592236,40.728913832547754,9,observed,opendata,"building_density,dist_stream_m,elevation_m,flow_accum_proxy,impervious_frac,slope_deg",event_raster,production,0,0,moderate,0.9504606669959352,0.9889519690767752,0.9889519690767752,1
892a100d357ffff,3.1141942793432333,0.7748897211839376,0.36680282423164756,204.97249334516414,1.0,1625.0573574649106,257.9424139814967,25.0,-73.9783860949569,40.726331213193134,9,observed,opendata,"building_density,dist_stream_m,elevation_m,flow_accum_proxy,impervious_frac,slope_deg",event_raster,production,0,0,moderate,0.9777067897390612,0.9889519690767752,0.9889519690767752,1
892a100d35bffff,7.43764604587098,0.7497775448087897,0.5960472149587672,67.59272404614019,1.0,2626.4043840731415,338.56530135478437,25.0,-73.98490014831133,40.72879835041982,9,observed,opendata,"building_density,dist_stream_m,elevation_m,flow_accum_proxy,impervious_frac,slope_deg",event_raster,production,0,0,moderate,1.031213246824686,0.9800096608543373,0.9800096608543373,1
892a100d363ffff,4.558396402247309,0.6824059780445793,0.47961942054258583,96.99378881987577,1.0,151.19047579843632,124.81542844448423,25.0,-73.98021354589461,40.718353158911775,9,observed,opendata,"building_density,dist_stream_m,elevation_m,flow_accum_proxy,impervious_frac,slope_deg",event_raster,production,0,0,moderate,0.1206073627709021,0.9695641887062979,0.9695641887062979,1
892a100d367ffff,2.7580655020776312,0.7045963334762702,0.7061705600249228,44.11957484499557,1.0,103.94877229180514,271.0012512079337,25.0,-73.9779740219053,40.71577088302538,9,observed,opendata,"building_density,dist_stream_m,elevation_m,flow_accum_proxy,impervious_frac,slope_deg",event_raster,production,0,0,moderate,0.8519197183702589,0.9723235454748012,0.9723235454748012,1
892a100d36bffff,7.702208926068976,0.8444553578259252,0.5499126501777705,51.695035460992905,1.0,1152.824113120977,321.97051753564216,25.0,-73.98448658705743,40.718237689707394,9,observed,opendata,"building_density,dist_stream_m,elevation_m,flow_accum_proxy,impervious_frac,slope_deg",event_raster,production,0,0,moderate,0.936260529649419,0.9519861307918035,0.9519861307918035,1
892a100d36fffff,7.427478178349197,0.768602399019046,0.9244821037088553,29.728155339805824,1.0,321.29529383217175,452.59705991548077,25.0,-73.98224682620025,40.71565549593136,9,observed,opendata,"building_density,dist_stream_m,elevation_m,flow_accum_proxy,impervious_frac,slope_deg",event_raster,production,0,0,moderate,0.9766128870151619,0.942231931622361,0.942231931622361,1
892a100d373ffff,3.7008108685141226,0.7542084921134902,0.34596466896700795,113.31532329495128,1.0,774.8137351400688,236.93944341847532,25.0,-73.97818003525298,40.72105087315231,9,observed,opendata,"building_density,dist_stream_m,elevation_m,flow_accum_proxy,impervious_frac,slope_deg",event_raster,production,0,0,moderate,0.1348600784296634,0.9878375638455944,0.9878375638455944,1
892a100d377ffff,1.6780312110335243,0.6493918068358154,0.5231083692133742,225.40106007067138,1.0,113.39317906931772,191.99453178886296,25.0,-73.97594049799939,40.718468470335196,9,observed,opendata,"building_density,dist_stream_m,elevation_m,flow_accum_proxy,impervious_frac,slope_deg",event_raster,production,0,0,moderate,0.056455920272645475,0.9611159370313255,0.9611159370313255,1
892a100d37bffff,6.074471894135438,0.8143881015933307,0.4704754439240941,124.49955869373345,1.0,1511.8273893730152,160.89249243065294,25.0,-73.98245332005494,40.7209354796179,9,observed,opendata,"building_density,dist_stream_m,elevation_m,flow_accum_proxy,impervious_frac,slope_deg",event_raster,production,0,0,moderate,0.856156773304888,0.9771961358539322,0.9771961358539322,1
892a100d3c3ffff,0.6128655131696951,0.5629919689043797,0.3475679819685786,57.40832595217006,1.0,56.682569958746576,67.15467832874194,25.0,-73.97431794817466,40.73172715163123,9,observed,opendata,"building_density,dist_stream_m,elevation_m,flow_accum_proxy,impervious_frac,slope_deg",event_raster,production,0,0,moderate,-0.007599614790919755,0.8944746966093515,0.8944746966093515,1
892a100d3c7ffff,0.75195627715678,0.5162018981679098,0.5022142332503705,4.554659498207886,1.0,75.58062667460685,54.20087971626806,25.0,-73.97207812097184,40.72914432322064,9,observed,opendata,"building_density,dist_stream_m,elevation_m,flow_accum_proxy,impervious_frac,slope_deg",event_raster,production,0,0,moderate,0.010985646846722576,0.08958246301361543,0.08958246301361543,0
892a100d3cbffff,3.4916955958886424,0.5565334221291923,0.5258604157352109,77.14653641207815,1.0,113.36481717867224,426.1363964337621,25.0,-73.97859220103275,40.73161190309274,9,observed,opendata,"building_density,dist_stream_m,elevation_m,flow_accum_proxy,impervious_frac,slope_deg",event_raster,production,0,0,moderate,0.040743596310380374,0.10089974792720688,0.10089974792720688,0
892a100d3cfffff,2.3551216452420283,0.7707773270430388,0.4281572353019259,53.17724867724868,1.0,368.4545043532385,352.6820235979495,25.0,-73.97635213679334,40.72902915681503,9,observed,opendata,"building_density,dist_stream_m,elevation_m,flow_accum_proxy,impervious_frac,slope_deg",event_raster,production,0,0,moderate,0.9469322572928992,0.9665730663000265,0.9665730663000265,1
892a100d3d3ffff,0.015260853109045734,0.10776475645644683,0.05527591807185672,22.217198581560282,0.0,18.89327738137942,101.55067860390115,25.0,-73.97228352906686,40.73442519762032,9,observed,opendata,"building_density,dist_stream_m,elevation_m,flow_accum_proxy,impervious_frac,slope_deg",event_raster,production,0,0,moderate,-0.02717626151027667,0.00985366665034998,0.00985366665034998,0
892a100d3d7ffff,0.0,0.0,0.0,1.0,0.0,0.0,256.8315589246832,25.0,-73.970043688646,40.7318422422876,9,observed,opendata,"building_density,dist_stream_m,elevation_m,flow_accum_proxy,impervious_frac,slope_deg",event_raster,production,0,0,moderate,-0.010773116523379577,0.01203570028551516,0.01203570028551516,0
892a100d3dbffff,1.9969931639230714,0.6234106497292805,0.5685779020953726,159.25706713780917,1.0,188.9322350168775,198.297405774136,25.0,-73.97655802567105,40.73431002483043,9,observed,opendata,"building_density,dist_stream_m,elevation_m,flow_accum_proxy,impervious_frac,slope_deg",event_raster,production,0,0,moderate,0.1814550868072405,0.9644706454421073,0.9644706454421073,1
892a100d607ffff,14.020338530513827,0.7112487444664513,1.0015001963969716,39.16536312849162,1.0,302.15768155156775,1181.8050972687192,25.0,-73.97107010462192,40.75825100161534,9,observed,opendata,"building_density,dist_stream_m,elevation_m,flow_accum_proxy,impervious_frac,slope_deg",event_raster,production,0,0,moderate,1.0544611127684302,0.9857666115002458,0.9857666115002458,1
892a100d60fffff,19.72242390804879,0.6652081506892973,1.0943608169557757,7.185022026431718,1.0,500.44723006896095,1297.4573450630585,25.0,-73.97534676942504,40.75813587911897,9,observed,opendata,"building_density,dist_stream_m,elevation_m,flow_accum_proxy,impervious_frac,slope_deg",event_raster,production,0,0,moderate,0.9438126962510405,0.9845278818220571,0.9845278818220571,1
892a100d623ffff,13.148497154090345,0.7602584077149666,1.6915548537659133,59.038140643623365,1.0,831.016192876088,615.09545667201,25.0,-73.97086472899026,40.752968550468005,9,observed,opendata,"building_density,dist_stream_m,elevation_m,flow_accum_proxy,impervious_frac,slope_deg",event_raster,production,0,0,moderate,1.0037432945725022,0.9836768199546209,0.9836768199546209,1
892a100d62bffff,14.418228563653216,0.7967663634716151,1.2384826880358653,23.111013215859032,1.0,481.6102811513987,828.7974963164916,25.0,-73.97514091252218,40.752853434342555,9,observed,opendata,"building_density,dist_stream_m,elevation_m,flow_accum_proxy,impervious_frac,slope_deg",event_raster,production,0,0,moderate,0.9089102748825509,0.9717712814387046,0.9717712814387046,1
892a100d62fffff,13.633146318983524,0.8289348363400774,1.4104762458876567,13.285460992907801,1.0,424.97197105742754,494.5046670478846,25.0,-73.97290003081406,40.750269919268,9,observed,opendata,"building_density,dist_stream_m,elevation_m,flow_accum_proxy,impervious_frac,slope_deg",event_raster,production,0,0,moderate,0.9310623678154678,0.9750089229656129,0.9750089229656129,1
892a100d63bffff,14.483056847085344,0.7337768375345156,1.0713072652195363,33.341312056737586,1.0,377.71532593222224,955.3486590692062,25.0,-73.97310562393588,40.75555219244933,9,observed,opendata,"building_density,dist_stream_m,elevation_m,flow_accum_proxy,impervious_frac,slope_deg",event_raster,production,0,0,moderate,0.9897704016029868,0.9791473980750125,0.9791473980750125,1
892a100d663ffff,19.63950660685365,0.7479781486876539,0.5656640960901502,11.427184466019417,1.0,708.2122024914353,1508.333708766853,25.0,-73.98165845885663,40.75532163770499,9,observed,opendata,"building_density,dist_stream_m,elevation_m,flow_accum_proxy,impervious_frac,slope_deg",event_raster,production,0,0,moderate,1.0002874193820481,0.9695585087059491,0.9695585087059491,1
892a100d667ffff,19.985027186526356,0.7309804871823536,1.0679178349056098,22.732506643046943,1.0,481.60890969299186,1165.371035657946,25.0,-73.97941708936834,40.7527381601755,9,observed,opendata,"building_density,dist_stream_m,elevation_m,flow_accum_proxy,impervious_frac,slope_deg",event_raster,production,0,0,moderate,0.9882422415642457,0.9827393285247595,0.9827393285247595,1
892a100d66bffff,17.500070471557024,0.6932226776760516,0.6726049114180075,28.52608311229001,1.0,443.8117227518402,1549.1988918332822,25.0,-73.98593486620214,40.75520612324228,9,observed,opendata,"building_density,dist_stream_m,elevation_m,flow_accum_proxy,impervious_frac,slope_deg",event_raster,production,0,0,moderate,0.9955788731541451,0.9785844737248225,0.9785844737248225,1
892a100d66fffff,20.715400095527055,0.6178529678071116,0.7742615862227712,14.50709219858156,1.0,802.6792381051476,1419.70567322729,25.0,-73.98369325948109,40.752622727967825,9,observed,opendata,"building_density,dist_stream_m,elevation_m,flow_accum_proxy,impervious_frac,slope_deg",event_raster,production,0,0,moderate,0.04420528644651921,0.03352224833488431,0.03352224833488431,0
892a100d673ffff,19.184934780107323,0.7011803364288722,0.7275533722837436,21.55496453900709,1.0,745.9475204764619,1493.3051554951953,25.0,-73.97962342753863,40.75802059854109,9,observed,opendata,"building_density,dist_stream_m,elevation_m,flow_accum_proxy,impervious_frac,slope_deg",event_raster,production,0,0,moderate,0.9849849825756348,0.980184523849095,0.980184523849095,1
892a100d677ffff,18.53936629797061,0.7161777546509086,0.582510963887082,11.568523430592396,1.0,500.47137923878313,1158.6451562707825,25.0,-73.97738204475199,40.75543699410768,9,observed,opendata,"building_density,dist_stream_m,elevation_m,flow_accum_proxy,impervious_frac,slope_deg",event_raster,production,0,0,moderate,1.0127407048055517,0.9734821654457987,0.9734821654457987,1
892a100d67bffff,16.20414668031755,0.7075797802942396,0.6977731895301191,93.25817860300619,1.0,613.7525470184872,1590.4461105287528,25.0,-73.98390007891497,40.757905159882704,9,observed,opendata,"building_density,dist_stream_m,elevation_m,flow_accum_proxy,impervious_frac,slope_deg",event_raster,production,0,0,moderate,0.9216170567760765,0.9863524820585813,0.9863524820585813,1
892a100de4bffff,0.024937975428425272,0.15310505929116933,0.0563516867531057,1.3495762711864407,0.0,9.451339942259848,0.0,25.0,-73.97125695061276,40.70802432450722,9,observed,opendata,"building_density,dist_stream_m,elevation_m,flow_accum_proxy,impervious_frac,slope_deg",event_raster,production,0,0,moderate,0.005463299459454715,0.00996135907793228,0.00996135907793228,0
892a10720b7ffff,-1.1900991245511503,0.00018630719034623262,0.0006145217988354039,1.026827012025902,0.0,0.0,149.35651737919665,25.0,-74.0181130416704,40.75697595984327,9,observed,opendata,"building_density,dist_stream_m,elevation_m,flow_accum_proxy,impervious_frac,slope_deg",event_raster,production,0,0,moderate,0.005463299459454715,0.00996135907793228,0.00996135907793228,0
892a1072103ffff,-1.2399753847266048,0.0,0.00023242917916710228,1.0275066548358474,0.0,0.0,43.666089717683846,25.0,-74.01748117571599,40.741129871987226,9,observed,opendata,"building_density,dist_stream_m,elevation_m,flow_accum_proxy,impervious_frac,slope_deg",event_raster,production,0,0,moderate,0.005463299459454715,0.00996135907793228,0.00996135907793228,0
892a1072107ffff,-1.244210231430539,0.0,0.001968905035169407,1.1139575971731448,0.0,0.0,276.3955847946114,25.0,-74.0152384511325,40.73854752280379,9,observed,opendata,"building_density,dist_stream_m,elevation_m,flow_accum_proxy,impervious_frac,slope_deg",event_raster,production,0,0,moderate,0.028043661908568673,0.01203570028551516,0.01203570028551516,0
892a107210fffff,-1.245603721388455,0.0,0.0024840236519431246,1.1420689655172414,0.0,0.0,70.55081157722066,25.0,-74.01951335948576,40.73843076426119,9,observed,opendata,"building_density,dist_stream_m,elevation_m,flow_accum_proxy,impervious_frac,slope_deg",event_raster,production,0,0,moderate,0.005463299459454715,0.00996135907793228,0.00996135907793228,0
892a1072113ffff,-1.2310538851249386,0.0,0.0020333318153320824,1.102112676056338,0.0,0.0,157.89230281875084,25.0,-74.01544876152556,40.74382903103832,9,observed,opendata,"building_density,dist_stream_m,elevation_m,flow_accum_proxy,impervious_frac,slope_deg",event_raster,production,0,0,moderate,0.005463299459454715,0.00996135907793228,0.00996135907793228,0
892a1072117ffff,-1.1877672159961894,0.04511516691964383,0.18150142565476748,1.120353982300885,0.0,9.44497754143648,69.75746297148929,25.0,-74.01320602332508,40.741246554946805,9,observed,opendata,"building_density,dist_stream_m,elevation_m,flow_accum_proxy,impervious_frac,slope_deg",event_raster,production,0,0,moderate,0.005463299459454715,0.00996135907793228,0.00996135907793228,0
892a107211bffff,-1.2316763050842865,0.0,0.00202297376694875,1.1385083713850837,0.0,0.0,196.78179905057013,25.0,-74.01972415083898,40.74371226570976,9,observed,opendata,"building_density,dist_stream_m,elevation_m,flow_accum_proxy,impervious_frac,slope_deg",event_raster,production,0,0,moderate,0.005463299459454715,0.00996135907793228,0.00996135907793228,0
892a1072123ffff,-1.1687535791666106,0.000900871208065346,0.3894691946386747,1.1725663716814159,0.0,0.0,85.56397640721428,25.0,-74.01502818806925,40.73326636427724,9,observed,opendata,"building_density,dist_stream_m,elevation_m,flow_accum_proxy,impervious_frac,slope_deg",event_raster,production,0,0,moderate,0.005463299459454715,0.017388674002585165,0.017388674002585165,0
892a1072127ffff,0.317415078061613,0.41555844345398874,1.1515371945328723,2.019503546099291,0.0,28.340568616711487,10.769277976547698,25.0,-74.01278597804964,40.73068423115304,9,observed,opendata,"building_density,dist_stream_m,elevation_m,flow_accum_proxy,impervious_frac,slope_deg",event_raster,production,0,0,moderate,0.04412449926585035,0.11570023322437792,0.11570023322437792,0
892a107212bffff,-1.2623415277333616,0.0,0.0019051260698506435,1.1153358681875791,0.0,0.0,55.68654828373531,25.0,-74.01930261557044,40.733149612519036,9,observed,opendata,"building_density,dist_stream_m,elevation_m,flow_accum_proxy,impervious_frac,slope_deg",event_raster,production,0,0,moderate,0.005463299459454715,0.00996135907793228,0.00996135907793228,0
892a107212fffff,-1.2719176585760563,0.0,0.0020710156741099955,1.1103265666372462,0.0,0.0,281.9912208068408,25.0,-74.01706016873243,40.73056756172238,9,observed,opendata,"building_density,dist_stream_m,elevation_m,flow_accum_proxy,impervious_frac,slope_deg",event_raster,production,0,0,moderate,0.028043661908568673,0.01203570028551516,0.01203570028551516,0
892a1072133ffff,-1.2547325967474188,0.011688449909020519,0.014539379470053638,1.2198581560283688,0.0,0.0,201.69411041138994,25.0,-74.01299597705345,40.73596521818175,9,observed,opendata,"building_density,dist_stream_m,elevation_m,flow_accum_proxy,impervious_frac,slope_deg",event_raster,production,0,0,moderate,0.005463299459454715,0.00996135907793228,0.00996135907793228,0
892a1072137ffff,1.174219126347863,0.5746522394854691,2.5183943415297168,2.621693121693122,1.0,425.0879774447582,5.37697386660939,25.0,-74.01075375344374,40.73338295814338,9,observed,opendata,"building_density,dist_stream_m,elevation_m,flow_accum_proxy,impervious_frac,slope_deg",event_raster,production,0,0,moderate,0.8775914114972152,0.9735386079596884,0.9735386079596884,1
892a107213bffff,-1.2532459888838035,0.0,0.0019723898133642112,1.1141592920353982,0.0,0.0,169.89203746611597,25.0,-74.01727064853625,40.735848541987394,9,observed,opendata,"building_density,dist_stream_m,elevation_m,flow_accum_proxy,impervious_frac,slope_deg",event_raster,production,0,0,moderate,0.005463299459454715,0.00996135907793228,0.00996135907793228,0
892a1072183ffff,1.092882147249922,0.7522775878816721,2.5900390582813637,3.022968197879859,1.0,122.77284279812328,20.558985472725286,25.0,-74.00914047636303,40.74664477312714,9,observed,opendata,"building_density,dist_stream_m,elevation_m,flow_accum_proxy,impervious_frac,slope_deg",event_raster,production,0,0,moderate,0.17372466459510272,0.9644132301968285,0.9644132301968285,1
892a1072187ffff,2.865856484433288,0.8612008066278733,1.6096148432023738,5.015057573073516,1.0,453.3382727626233,166.45323368612412,25.0,-74.0068979615497,40.74406208777896,9,observed,opendata,"building_density,dist_stream_m,elevation_m,flow_accum_proxy,impervious_frac,slope_deg",event_raster,production,0,0,moderate,0.9814275132420307,0.9679312307148529,0.9679312307148529,1
892a107218bffff,-1.145717832484408,0.025607253999365923,0.2881564678893018,1.1799645390070923,0.0,0.0,157.60838712812293,25.0,-74.0134161168805,40.74652824139304,9,observed,opendata,"building_density,dist_stream_m,elevation_m,flow_accum_proxy,impervious_frac,slope_deg",event_raster,production,0,0,moderate,0.005463299459454715,0.00996135907793228,0.00996135907793228,0
892a107218fffff,-0.7697109869887343,0.21370887603029706,1.2654111865971782,1.5761061946902655,0.0,9.444521136991822,11.135642759976284,25.0,-74.01117336507996,40.74394563839507,9,observed,opendata,"building_density,dist_stream_m,elevation_m,flow_accum_proxy,impervious_frac,slope_deg",event_raster,production,0,0,moderate,0.04049110875914033,0.02308779251622819,0.02308779251622819,0
892a1072193ffff,2.4733190099759055,0.8853500230424272,1.8663179345042886,5.219663418954827,1.0,254.97743280222926,192.81507905427813,25.0,-74.00710735714024,40.7493439591216,9,observed,opendata,"building_density,dist_stream_m,elevation_m,flow_accum_proxy,impervious_frac,slope_deg",event_raster,production,0,0,moderate,0.9402573579826778,0.9511422957269944,0.9511422957269944,1
892a1072197ffff,2.7614139460066744,0.7942082141744258,2.312438773104936,3.7453580901856762,1.0,1539.386847311681,387.0105599950392,25.0,-74.00486482878279,40.74676114686789,9,observed,opendata,"building_density,dist_stream_m,elevation_m,flow_accum_proxy,impervious_frac,slope_deg",event_raster,production,0,0,moderate,0.8917369202026272,0.9735174127710405,0.9735174127710405,1
892a107219bffff,-0.6537524258770736,0.15740812760982117,1.3625826412477078,1.398936170212766,0.0,0.0,32.52877152924296,25.0,-74.01138324174666,40.74922750302998,9,observed,opendata,"building_density,dist_stream_m,elevation_m,flow_accum_proxy,impervious_frac,slope_deg",event_raster,production,0,0,moderate,0.042414915711005585,0.02308779251622819,0.02308779251622819,0
892a10721a3ffff,4.316668988278149,0.810046624022384,1.8137974072890093,3.891843971631206,1.0,1926.8792213874592,316.72234136691196,25.0,-74.00668861308876,40.73878056609214,9,observed,opendata,"building_density,dist_stream_m,elevation_m,flow_accum_proxy,impervious_frac,slope_deg",event_raster,production,0,0,moderate,0.9905921350553369,0.9817320185099925,0.9817320185099925,1
892a10721a7ffff,7.052639007568359,0.6748227885903766,2.454879452465389,3.2634361233480176,1.0,3202.1835414914995,521.7561786592265,25.0,-74.00444661282785,40.736198096831764,9,observed,opendata,"building_density,dist_stream_m,elevation_m,flow_accum_proxy,impervious_frac,slope_deg",event_raster,production,0,0,moderate,1.0036958597618177,0.9683949227708054,0.9683949227708054,1
892a10721abffff,0.3745056632132155,0.4531976388452958,1.5648322338357759,2.828470380194518,1.0,85.00914149665785,30.192978640630226,25.0,-74.01096353565099,40.73866412341445,9,observed,opendata,"building_density,dist_stream_m,elevation_m,flow_accum_proxy,impervious_frac,slope_deg",event_raster,production,0,0,moderate,0.8250855832340062,0.8895907831314538,0.8895907831314538,1
892a10721afffff,3.490323402506515,0.7717079916091334,2.565414321656771,3.836734693877551,1.0,1492.458976622331,162.56907783617552,25.0,-74.00872129846812,40.73608173646356,9,observed,opendata,"building_density,dist_stream_m,elevation_m,flow_accum_proxy,impervious_frac,slope_deg",event_raster,production,0,0,moderate,0.190301145906968,0.9809779136655565,0.9809779136655565,1
892a10721b3ffff,4.6818460955493775,0.8373537887298063,1.7626045273354334,4.843171806167401,1.0,906.7228768061028,392.89882762041617,25.0,-74.00465569727152,40.74147944700771,9,observed,opendata,"building_density,dist_stream_m,elevation_m,flow_accum_proxy,impervious_frac,slope_deg",event_raster,production,0,0,moderate,0.9662122736521261,0.9674406827264018,0.9674406827264018,1
892a10721b7ffff,6.6616377350283384,0.7675786899219282,2.2682631296537874,4.209405501330967,1.0,2144.1313790759446,628.2887068966103,25.0,-74.0024136834934,40.73889685083574,9,observed,opendata,"building_density,dist_stream_m,elevation_m,flow_accum_proxy,impervious_frac,slope_deg",event_raster,production,0,0,moderate,0.977320194846302,0.9496011615626663,0.9496011615626663,1
892a10721bbffff,1.6251960534597876,0.737339020209349,1.6491843103812782,3.8576480990274096,1.0,198.34507788339744,46.99043715979457,25.0,-74.00893086382774,40.74136307995401,9,observed,opendata,"building_density,dist_stream_m,elevation_m,flow_accum_proxy,impervious_frac,slope_deg",event_raster,production,0,0,moderate,0.9319779370015844,0.9534516929920824,0.9534516929920824,1
892a10721c3ffff,-1.213900610373008,0.0,0.0019426175712066777,1.1192504258943783,0.0,0.0,171.19462277188163,25.0,-74.01993498964616,40.74899411680954,9,observed,opendata,"building_density,dist_stream_m,elevation_m,flow_accum_proxy,impervious_frac,slope_deg",event_raster,production,0,0,moderate,0.005463299459454715,0.00996135907793228,0.00996135907793228,0
892a10721c7ffff,-1.2224848367729966,0.0,0.0019776401595074516,1.1144631765749777,0.0,0.0,82.55348248343721,25.0,-74.01769175028757,40.746411551666675,9,observed,opendata,"building_density,dist_stream_m,elevation_m,flow_accum_proxy,impervious_frac,slope_deg",event_raster,production,0,0,moderate,0.005463299459454715,0.00996135907793228,0.00996135907793228,0
892a10721d3ffff,-1.2042193791408131,0.0,0.002366620247679832,1.1352313167259787,0.0,0.0,210.92578207751475,25.0,-74.01790237226705,40.75169358097044,9,observed,opendata,"building_density,dist_stream_m,elevation_m,flow_accum_proxy,impervious_frac,slope_deg",event_raster,production,0,0,moderate,0.005463299459454715,0.01203570028551516,0.01203570028551516,0
892a10721d7ffff,-1.211878742114394,0.0,0.0020796632177818423,1.1130742049469964,0.0,0.0,31.68414717354232,25.0,-74.0156591192645,40.74911088892559,9,observed,opendata,"building_density,dist_stream_m,elevation_m,flow_accum_proxy,impervious_frac,slope_deg",event_raster,production,0,0,moderate,0.005463299459454715,0.00996135907793228,0.00996135907793228,0
892a1072507ffff,6.045594998179598,0.8499440136266515,2.9966599605614253,7.914007092198582,1.0,151.0758493684931,327.30121004922245,25.0,-74.00100661609572,40.757441824465054,9,observed,opendata,"building_density,dist_stream_m,elevation_m,flow_accum_proxy,impervious_frac,slope_deg",event_raster,production,0,0,moderate,0.9139100866734253,0.8965184967539969,0.8965184967539969,1
892a107250bffff,-0.5307645952319742,0.16158879308081148,1.08944669455451,1.6339434276206324,0.0,0.0,76.08523843317637,25.0,-74.0075262897737,40.759908750553265,9,observed,opendata,"building_density,dist_stream_m,elevation_m,flow_accum_proxy,impervious_frac,slope_deg",event_raster,production,0,0,moderate,0.04049110875914033,0.02308779251622819,0.02308779251622819,0
892a107250fffff,1.0902016293216192,0.5698518082603741,1.3910092545596053,5.543439716312057,1.0,18.884428478775728,4.22137800358911,25.0,-74.00528323307157,40.757325595419836,9,observed,opendata,"building_density,dist_stream_m,elevation_m,flow_accum_proxy,impervious_frac,slope_deg",event_raster,production,0,0,moderate,-0.0016546762714412236,0.0776034956094226,0.0776034956094226,0
892a1072523ffff,5.199998814186596,0.8566568510752197,2.6714907944242055,12.481382978723405,1.0,217.19311375770351,679.0165030648308,25.0,-74.00079787164594,40.75215941875203,9,observed,opendata,"building_density,dist_stream_m,elevation_m,flow_accum_proxy,impervious_frac,slope_deg",event_raster,production,0,0,moderate,0.1306976325419559,0.9320751726621043,0.9320751726621043,1
892a1072527ffff,8.02425549040807,0.7638562701609691,0.6979674466733825,21.63964757709251,1.0,557.17601771214,952.3438837705331,25.0,-73.99855556685219,40.74957639726228,9,observed,opendata,"building_density,dist_stream_m,elevation_m,flow_accum_proxy,impervious_frac,slope_deg",event_raster,production,0,0,moderate,0.36446867448603637,0.29910775535754863,0.29910775535754863,0
892a107252bffff,2.9207114511300656,0.8889311911048248,1.0453565587628668,5.62621789193977,1.0,273.8514228478726,278.96931947887134,25.0,-74.00507400737747,40.75204319635703,9,observed,opendata,"building_density,dist_stream_m,elevation_m,flow_accum_proxy,impervious_frac,slope_deg",event_raster,production,0,0,moderate,0.9236088770178097,0.9711458641963557,0.9711458641963557,1
892a107252fffff,3.8310768727292124,0.8015977727650754,1.5455372068379403,8.916961130742049,1.0,916.0325876624108,545.1570060063358,25.0,-74.00283146549287,40.749460257199395,9,observed,opendata,"building_density,dist_stream_m,elevation_m,flow_accum_proxy,impervious_frac,slope_deg",event_raster,production,0,0,moderate,0.9397862551858273,0.9619037304124891,0.9619037304124891,1
892a1072533ffff,10.129730641472982,0.8491542145122373,2.8983374806787987,7.006189213085765,1.0,406.03708434312045,605.1242342959185,25.0,-73.99876404720786,40.75485863150437,9,observed,opendata,"building_density,dist_stream_m,elevation_m,flow_accum_proxy,impervious_frac,slope_deg",event_raster,production,0,0,moderate,0.05579691581716227,0.04974028395585214,0.04974028395585214,0
892a1072537ffff,11.283054737334556,0.8598460360621729,1.0457082915470777,4.88563829787234,1.0,254.96654301127882,930.0209004306128,25.0,-73.9965217289429,40.75227548311166,9,observed,opendata,"building_density,dist_stream_m,elevation_m,flow_accum_proxy,impervious_frac,slope_deg",event_raster,production,0,0,moderate,0.8981205272287623,0.959254811811519,0.959254811811519,1
892a107253bffff,4.1104191180630405,0.8329470946400176,3.8011720850187793,3.756828193832599,1.0,84.9842684980743,335.25454090656655,25.0,-74.0030404270407,40.754742484811985,9,observed,opendata,"building_density,dist_stream_m,elevation_m,flow_accum_proxy,impervious_frac,slope_deg",event_raster,production,0,0,moderate,0.05269204800396518,0.9665417245992705,0.9665417245992705,1
892a1072547ffff,-1.178356056747261,0.0,0.005834826107068699,1.2239263803680982,0.0,0.0,41.20677778398168,25.0,-74.01180313685693,40.759792281041555,9,observed,opendata,"building_density,dist_stream_m,elevation_m,flow_accum_proxy,impervious_frac,slope_deg",event_raster,production,0,0,moderate,0.005463299459454715,0.00996135907793228,0.00996135907793228,0
892a107254fffff,-1.1820311440099585,0.0,0.00828597985025343,1.2461103253182462,0.0,0.0,187.35326562693288,25.0,-74.01607997684373,40.75967565343729,9,observed,opendata,"building_density,dist_stream_m,elevation_m,flow_accum_proxy,impervious_frac,slope_deg",event_raster,production,0,0,moderate,0.005463299459454715,0.00996135907793228,0.00996135907793228,0
892a1072563ffff,-1.1932794187508575,0.0,0.002330564154317794,1.0904255319148937,0.0,0.0,210.35436320837707,25.0,-74.01159316566697,40.75450971726391,9,observed,opendata,"building_density,dist_stream_m,elevation_m,flow_accum_proxy,impervious_frac,slope_deg",event_raster,production,0,0,moderate,0.005463299459454715,0.01203570028551516,0.01203570028551516,0
892a1072567ffff,-0.1242853432969997,0.30214329224147896,1.713032453055758,2.137323943661972,0.0,28.32937876710304,25.86806382199868,25.0,-74.00935013608994,40.7519268159277,9,observed,opendata,"building_density,dist_stream_m,elevation_m,flow_accum_proxy,impervious_frac,slope_deg",event_raster,production,0,0,moderate,0.07930136834297075,0.9013167717188835,0.9013167717188835,1
892a107256bffff,-1.197653658516639,0.0,0.0022105233863292805,1.1300884955752213,0.0,0.0,101.09264310461722,25.0,-74.01586952436521,40.75439309641035,9,observed,opendata,"building_density,dist_stream_m,elevation_m,flow_accum_proxy,impervious_frac,slope_deg",event_raster,production,0,0,moderate,0.005463299459454715,0.00996135907793228,0.00996135907793228,0
892a107256fffff,-1.202068374009259,0.0,0.002294001286845259,1.165486725663717,0.0,0.0,143.05380611955823,25.0,-74.01362625773565,40.751810277465154,9,observed,opendata,"building_density,dist_stream_m,elevation_m,flow_accum_proxy,impervious_frac,slope_deg",event_raster,production,0,0,moderate,0.005463299459454715,0.00996135907793228,0.00996135907793228,0
892a1072573ffff,-1.1855190468381593,0.0008654120737408918,0.006012507600381819,1.1888790820829656,0.0,0.0,220.25367725192532,25.0,-74.00955984302436,40.75720920830043,9,observed,opendata,"building_density,dist_stream_m,elevation_m,flow_accum_proxy,impervious_frac,slope_deg",event_raster,production,0,0,moderate,0.005463299459454715,0.01203570028551516,0.01203570028551516,0
892a1072577ffff,0.41871985534486256,0.47677183611410157,1.0049308597834974,2.652212389380531,1.0,84.98403178741441,2.8995916915417252,25.0,-74.00731679987626,40.754626180064804,9,observed,opendata,"building_density,dist_stream_m,elevation_m,flow_accum_proxy,impervious_frac,slope_deg",event_raster,production,0,0,moderate,0.8979857400291867,0.8895907831314538,0.8895907831314538,1
892a107257bffff,-1.189888697209712,0.0,0.000943831426861561,1.0353356890459364,0.0,0.0,8.750160908497161,25.0,-74.01383644590652,40.757092663107876,9,observed,opendata,"building_density,dist_stream_m,elevation_m,flow_accum_proxy,impervious_frac,slope_deg",event_raster,production,0,0,moderate,0.005463299459454715,0.00996135907793228,0.00996135907793228,0
892a10725a3ffff,10.626325219948386,0.844935259419916,0.5170646494820649,33.6784140969163,1.0,915.9024743471946,936.4764291618751,25.0,-73.99245336126558,40.75767380832861,9,observed,opendata,"building_density,dist_stream_m,elevation_m,flow_accum_proxy,impervious_frac,slope_deg",event_raster,production,0,0,moderate,0.9193129219092933,0.9729114060785792,0.9729114060785792,1
892a10725a7ffff,12.918522387479259,0.696655504260443,0.7987916742772919,21.715929203539822,1.0,878.1781631297371,1255.002407483092,25.0,-73.99021126674094,40.75509045072057,9,observed,opendata,"building_density,dist_stream_m,elevation_m,flow_accum_proxy,impervious_frac,slope_deg",event_raster,production,0,0,moderate,0.9800959310712865,0.9811503351150753,0.9811503351150753,1
892a10725abffff,8.673706055529225,0.8608100384815751,1.3114629014434633,8.457193292144748,1.0,377.69068089618656,646.937488000279,25.0,-73.99672999214451,40.75755789543499,9,observed,opendata,"building_density,dist_stream_m,elevation_m,flow_accum_proxy,impervious_frac,slope_deg",event_raster,production,0,0,moderate,0.2286266808321258,0.9534536901164177,0.9534536901164177,1
892a10725afffff,11.274232937869401,0.7877245025892401,1.2989620250874203,8.009743135518157,1.0,1048.1451805492734,964.903622431071,25.0,-73.99448766042539,40.75497462014091,9,observed,opendata,"building_density,dist_stream_m,elevation_m,flow_accum_proxy,impervious_frac,slope_deg",event_raster,production,0,0,moderate,0.34319478690953387,0.965871268758704,0.965871268758704,1
892a10725b7ffff,13.950070532501167,0.7507218808886853,0.6422752661775823,69.50709219858156,1.0,538.2122495894911,1254.3272853787505,25.0,-73.98817672350651,40.75778956314487,9,observed,opendata,"building_density,dist_stream_m,elevation_m,flow_accum_proxy,impervious_frac,slope_deg",event_raster,production,0,0,moderate,0.9932321996311463,0.9847489204253046,0.9847489204253046,1
892a1072803ffff,2.65648701923633,0.5302437733657009,2.270665179584076,5.706927175843695,1.0,85.06378881931099,132.49470306552908,25.0,-74.01600847979246,40.70416790835038,9,observed,opendata,"building_density,dist_stream_m,elevation_m,flow_accum_proxy,impervious_frac,slope_deg",event_raster,production,0,0,moderate,0.18292855371841893,0.19047281790825,0.19047281790825,0
892a1072807ffff,1.6114078660584474,0.5819010166048398,2.046023086208541,5.128456735057984,1.0,151.2322517556073,82.9711950327538,25.0,-74.01376760272268,40.70158676007536,9,observed,opendata,"building_density,dist_stream_m,elevation_m,flow_accum_proxy,impervious_frac,slope_deg",event_raster,production,0,0,moderate,0.12361333580083428,0.26098841731502337,0.26098841731502337,0
892a107280fffff,-1.3370467938745398,0.028975524272422386,0.5123472929279798,1.525974025974026,0.0,0.0,0.0,25.0,-74.01803914737917,40.70147004899095,9,observed,opendata,"building_density,dist_stream_m,elevation_m,flow_accum_proxy,impervious_frac,slope_deg",event_raster,production,0,0,moderate,0.005463299459454715,0.017388674002585165,0.017388674002585165,0
892a1072813ffff,4.757909091482039,0.6756658137056186,2.907952293813123,6.783496007098492,1.0,368.59190874237,371.57158043151173,25.0,-74.01397758214198,40.706865819195635,9,observed,opendata,"building_density,dist_stream_m,elevation_m,flow_accum_proxy,impervious_frac,slope_deg",event_raster,production,0,0,moderate,0.12275650040500632,0.1698672648249219,0.1698672648249219,0
892a1072817ffff,3.2313881373032927,0.6825446705638835,1.721366807106322,10.882300884955752,1.0,708.8668630260737,319.636147017686,25.0,-74.01173669148999,40.70428454398579,9,observed,opendata,"building_density,dist_stream_m,elevation_m,flow_accum_proxy,impervious_frac,slope_deg",event_raster,production,0,0,moderate,0.9524392009043895,0.9646309656178877,0.9646309656178877,1
892a107281bffff,2.023151150882589,0.42096411184423616,2.024363885360469,4.380907372400756,0.0,103.96153400976152,31.79459052098667,25.0,-74.0182496070028,40.70674910133614,9,observed,opendata,"building_density,dist_stream_m,elevation_m,flow_accum_proxy,impervious_frac,slope_deg",event_raster,production,0,0,moderate,0.8625091625654357,0.8506134820873337,0.8506134820873337,1
892a1072883ffff,8.922210955027992,0.7588398242567448,2.3353083899825915,7.2322695035460995,1.0,1030.1201246945654,596.7256724895851,25.0,-74.0076741787482,40.70968026618339,9,observed,opendata,"building_density,dist_stream_m,elevation_m,flow_accum_proxy,impervious_frac,slope_deg",event_raster,production,0,0,moderate,0.8760803753840412,0.903858898010526,0.903858898010526,1
892a1072887ffff,2.9274467377666884,0.8042919578754976,1.461862499947743,9.070859167404784,1.0,774.9924081772632,245.3926512359821,25.0,-74.00543351115385,40.70709878183493,9,observed,opendata,"building_density,dist_stream_m,elevation_m,flow_accum_proxy,impervious_frac,slope_deg",event_raster,production,0,0,moderate,0.2008585329368619,0.9682882302385254,0.9682882302385254,1
892a107288bffff,6.8140680247396626,0.6931798278706746,2.661106989432097,5.9602824360105915,1.0,453.62962432025563,495.7444451679159,25.0,-74.01194645439377,40.70956378150536,9,observed,opendata,"building_density,dist_stream_m,elevation_m,flow_accum_proxy,impervious_frac,slope_deg",event_raster,production,0,0,moderate,0.8563611506181011,0.9280800084860332,0.9280800084860332,1
892a107288fffff,7.188058330153064,0.7173866428712756,2.4025649552963024,9.579928952042629,1.0,359.1418270052105,462.2629199953974,25.0,-74.00970555017649,40.70698237936226,9,observed,opendata,"building_density,dist_stream_m,elevation_m,flow_accum_proxy,impervious_frac,slope_deg",event_raster,production,0,0,moderate,0.9208822328013665,0.9317846059951024,0.9317846059951024,1
892a1072893ffff,11.262848785343053,0.7263321208279286,1.9915120704881815,6.039787798408488,1.0,151.20297726530683,775.6966395657986,25.0,-74.0056425771711,40.71237820442782,9,observed,opendata,"building_density,dist_stream_m,elevation_m,flow_accum_proxy,impervious_frac,slope_deg",event_raster,production,0,0,moderate,0.9389981894585635,0.9644907076984708,0.9644907076984708,1
892a1072897ffff,5.569709723511486,0.8555565739565707,2.273207934655857,8.308510638297872,1.0,207.91473139928178,385.0671092458108,25.0,-74.00340189606727,40.70979659314705,9,observed,opendata,"building_density,dist_stream_m,elevation_m,flow_accum_proxy,impervious_frac,slope_deg",event_raster,production,0,0,moderate,0.2465414431739651,0.3904200655326168,0.3904200655326168,0
892a107289bffff,7.712624753620608,0.7764448562359556,2.7475653704031244,9.71808510638298,1.0,292.95495570921935,558.5752571064745,25.0,-74.0099150965138,40.712261795258144,9,observed,opendata,"building_density,dist_stream_m,elevation_m,flow_accum_proxy,impervious_frac,slope_deg",event_raster,production,0,0,moderate,0.907283317859349,0.932640734823385,0.932640734823385,1
892a10728a3ffff,-1.5726857119047322,0.0784251398554947,0.2898379599521831,1.0292812777284828,0.0,0.0,73.32015581890238,25.0,-74.00522449215495,40.701819709283896,9,observed,opendata,"building_density,dist_stream_m,elevation_m,flow_accum_proxy,impervious_frac,slope_deg",event_raster,production,0,0,moderate,0.005463299459454715,0.00996135907793228,0.00996135907793228,0
892a10728abffff,0.22196179265842278,0.3718145575104554,2.5820669820276025,2.298136645962733,0.0,56.71225117899963,0.8446074586065945,25.0,-74.00949605096544,40.701703313506684,9,observed,opendata,"building_density,dist_stream_m,elevation_m,flow_accum_proxy,impervious_frac,slope_deg",event_raster,production,0,0,moderate,0.05880854186549694,0.9496317051763479,0.9496317051763479,1
892a10728b3ffff,-0.4870497256223221,0.49567284006766543,2.1712579597957524,1.9165927240461402,1.0,94.51610611127171,10.516055068376316,25.0,-74.00319309369571,40.704517342235015,9,observed,opendata,"building_density,dist_stream_m,elevation_m,flow_accum_proxy,impervious_frac,slope_deg",event_raster,production,0,0,moderate,0.8497754833493187,0.9144959586341579,0.9144959586341579,1
892a10728b7ffff,-0.9806179591639616,0.0,0.3161091028360746,1.127208480565371,0.0,0.0,59.22258075877662,25.0,-74.00095292633873,40.701935947405886,9,observed,opendata,"building_density,dist_stream_m,elevation_m,flow_accum_proxy,impervious_frac,slope_deg",event_raster,production,0,0,moderate,0.005463299459454715,0.017388674002585165,0.017388674002585165,0
892a10728bbffff,2.0601404048502445,0.7904088938592282,1.743971494628133,5.03716814159292,1.0,274.095946063168,110.18259960725099,25.0,-74.00746489610857,40.70440102194768,9,observed,opendata,"building_density,dist_stream_m,elevation_m,flow_accum_proxy,impervious_frac,slope_deg",event_raster,production,0,0,moderate,0.9015094995918531,0.9536596900452216,0.9536596900452216,1
892a10728c3ffff,0.05904686971246076,0.13796571541451375,1.5677625111651512,1.9663699307616223,0.0,37.800430795959656,44.073493873982315,25.0,-74.01846011396843,40.71202850371857,9,observed,opendata,"building_density,dist_stream_m,elevation_m,flow_accum_proxy,impervious_frac,slope_deg",event_raster,production,0,0,moderate,0.06922296596347649,0.02308779251622819,0.02308779251622819,0
892a10728c7ffff,3.484364738167258,0.7194522560013007,1.499252905388228,4.744454303460515,1.0,170.11063964782056,190.96972244844167,25.0,-74.01621872295645,40.70944713911398,9,observed,opendata,"building_density,dist_stream_m,elevation_m,flow_accum_proxy,impervious_frac,slope_deg",event_raster,production,0,0,moderate,0.9434745901876409,0.9464158308938097,0.9464158308938097,1
892a10728d3ffff,2.481532600551573,0.49582678128805785,1.8735272491190325,4.082373782108061,1.0,47.24825197747762,84.5729345003708,25.0,-74.01642901341648,40.71472671988807,9,observed,opendata,"building_density,dist_stream_m,elevation_m,flow_accum_proxy,impervious_frac,slope_deg",event_raster,production,0,0,moderate,0.060828225912894954,0.055080569130717696,0.055080569130717696,0
892a10728d7ffff,2.931888463690626,0.677911390200363,4.601608386528282,4.339539007092198,1.0,85.05120361476024,210.19531560553798,25.0,-74.01418760879541,40.712145228354714,9,observed,opendata,"building_density,dist_stream_m,elevation_m,flow_accum_proxy,impervious_frac,slope_deg",event_raster,production,0,0,moderate,0.9171552048239484,0.9553413724863609,0.9553413724863609,1
892a1072c03ffff,4.2932088043778505,0.8583850078548946,2.5051607393613415,6.816489361702128,1.0,1861.321324349496,865.4100382560167,25.0,-74.00178736299634,40.72305436427269,9,observed,opendata,"building_density,dist_stream_m,elevation_m,flow_accum_proxy,impervious_frac,slope_deg",event_raster,production,0,0,moderate,0.8868907930915355,0.9754583213487932,0.9754583213487932,1
892a1072c07ffff,6.605340302726368,0.8410216737571427,1.4467327309742806,28.275132275132275,1.0,1285.0388219512045,564.5032169882154,25.0,-73.99954639120696,40.72047232748709,9,observed,opendata,"building_density,dist_stream_m,elevation_m,flow_accum_proxy,impervious_frac,slope_deg",event_raster,production,0,0,moderate,0.8993669347118998,0.9518611605368106,0.9518611605368106,1
892a1072c0bffff,3.1183968083867177,0.8373021402333735,1.585640136642026,6.713780918727915,1.0,500.76018033234686,519.9946338886438,25.0,-74.00606085032426,40.72293809951893,9,observed,opendata,"building_density,dist_stream_m,elevation_m,flow_accum_proxy,impervious_frac,slope_deg",event_raster,production,0,0,moderate,0.972352550961854,0.9565296975676291,0.9565296975676291,1
892a1072c0fffff,3.224952309280006,0.8600292421593112,2.251709377186533,5.191659272404614,1.0,1691.3331441810053,751.8577441382932,25.0,-74.00381964174338,40.72035614496131,9,observed,opendata,"building_density,dist_stream_m,elevation_m,flow_accum_proxy,impervious_frac,slope_deg",event_raster,production,0,0,moderate,0.9658217770685189,0.9725912169444755,0.9725912169444755,1
892a1072c13ffff,7.151620798161465,0.8145879277168705,1.6993922348950463,41.68314210061783,1.0,1549.4514630051679,802.1002782832692,25.0,-73.99975485394748,40.725752634920234,9,observed,opendata,"building_density,dist_stream_m,elevation_m,flow_accum_proxy,impervious_frac,slope_deg",event_raster,production,0,0,moderate,0.2636110631381228,0.30305818414013136,0.30305818414013136,0
892a1072c17ffff,10.198771477168709,0.8244139280272672,0.7360372628220014,28.259094942324754,1.0,1473.943846881449,508.0108038763589,25.0,-73.99751386869457,40.723170471210885,9,observed,opendata,"building_density,dist_stream_m,elevation_m,flow_accum_proxy,impervious_frac,slope_deg",event_raster,production,0,0,moderate,0.9865590916061754,0.979791983274214,0.979791983274214,1
892a1072c1bffff,5.673303576802786,0.7975637626595202,2.378304749199774,4.083185840707965,1.0,1464.4165055665303,641.0700373127984,25.0,-74.00402858507962,40.72563644575339,9,observed,opendata,"building_density,dist_stream_m,elevation_m,flow_accum_proxy,impervious_frac,slope_deg",event_raster,production,0,0,moderate,0.3727012104070357,0.35924883087902587,0.35924883087902587,0
892a1072c23ffff,7.023031471539239,0.7878730083913744,2.118787463696774,12.99027409372237,1.0,2003.3481158573127,592.0702373556267,25.0,-73.99933797536255,40.7151923699604,9,observed,opendata,"building_density,dist_stream_m,elevation_m,flow_accum_proxy,impervious_frac,slope_deg",event_raster,production,0,0,moderate,0.9254615188154208,0.930971864346599,0.930971864346599,1
892a1072c27ffff,7.723999054774933,0.8048641631647706,1.4267959467682914,23.867673179396093,1.0,1738.8439366532136,424.4953379874368,25.0,-73.99709751749248,40.7126105495616,9,observed,opendata,"building_density,dist_stream_m,elevation_m,flow_accum_proxy,impervious_frac,slope_deg",event_raster,production,0,0,moderate,0.8962531659631457,0.9098337202593555,0.9098337202593555,1
892a1072c2bffff,7.50795755621968,0.7906457943231952,3.341884759629101,8.311446317657499,1.0,226.79349384865264,882.0539515260314,25.0,-74.0036107454112,40.71507619407416,9,observed,opendata,"building_density,dist_stream_m,elevation_m,flow_accum_proxy,impervious_frac,slope_deg",event_raster,production,0,0,moderate,0.9078364358160759,0.8853477645902162,0.8853477645902162,1
892a1072c2fffff,6.750803836903214,0.7820344690464239,2.8033311240968453,10.878761061946904,1.0,160.65361058257477,521.231579974247,25.0,-74.00137005081483,40.71249445586266,9,observed,opendata,"building_density,dist_stream_m,elevation_m,flow_accum_proxy,impervious_frac,slope_deg",event_raster,production,0,0,moderate,0.11735657451559904,0.18909110218496447,0.18909110218496447,0
892a1072c33ffff,9.364033672803254,0.8423395209219356,1.273028352695328,58.2058562555457,1.0,2182.7878929295894,318.50934319660433,25.0,-73.99730566967641,40.71789033541887,9,observed,opendata,"building_density,dist_stream_m,elevation_m,flow_accum_proxy,impervious_frac,slope_deg",event_raster,production,0,0,moderate,0.23628594313306445,0.13286825908554337,0.13286825908554337,0
892a1072c37ffff,12.519163254088005,0.84124259394882,0.4026752741117261,5.199115044247788,1.0,1115.074241468572,346.9968464519467,25.0,-73.99506519836963,40.715308388090286,9,observed,opendata,"building_density,dist_stream_m,elevation_m,flow_accum_proxy,impervious_frac,slope_deg",event_raster,production,0,0,moderate,0.9402518208421861,0.9576377154523281,0.9576377154523281,1
892a1072c3bffff,4.9859451791073415,0.8182168997401464,1.7353437766936404,23.279255319148938,1.0,963.8257276606362,678.3734528741107,25.0,-74.00157868343452,40.71777423510105,9,observed,opendata,"building_density,dist_stream_m,elevation_m,flow_accum_proxy,impervious_frac,slope_deg",event_raster,production,0,0,moderate,0.875255906932694,0.9388415919162321,0.9388415919162321,1
892a1072c43ffff,-0.34831464372636434,0.3682826093679828,0.9866996590748839,1.8385093167701863,0.0,56.686775955138536,73.91770815925591,25.0,-74.01257602629768,40.7254035939159,9,observed,opendata,"building_density,dist_stream_m,elevation_m,flow_accum_proxy,impervious_frac,slope_deg",event_raster,production,0,0,moderate,0.8744211600697384,0.8741116962462289,0.8741116962462289,1
892a1072c47ffff,2.547894026896777,0.8201735348302367,2.3564876728912667,5.242263483642794,1.0,699.1726514420853,163.92701914383704,25.0,-74.01033433063081,40.722821676950645,9,observed,opendata,"building_density,dist_stream_m,elevation_m,flow_accum_proxy,impervious_frac,slope_deg",event_raster,production,0,0,moderate,0.8548678565811278,0.9315303301156616,0.9315303301156616,1
892a1072c4bffff,-1.2900021594457947,0.0014763974890152297,5.702596368034891e-05,1.0008818342151675,0.0,0.0,187.8605396129888,25.0,-74.0168497362885,40.72528693124739,9,observed,opendata,"building_density,dist_stream_m,elevation_m,flow_accum_proxy,impervious_frac,slope_deg",event_raster,production,0,0,moderate,0.005463299459454715,0.00996135907793228,0.00996135907793228,0
892a1072c4fffff,-1.161287446890585,0.0447266003459497,0.4596328005417165,1.2608695652173914,0.0,0.0,140.3234588264029,25.0,-74.01460780386842,40.722705096568944,9,observed,opendata,"building_density,dist_stream_m,elevation_m,flow_accum_proxy,impervious_frac,slope_deg",event_raster,production,0,0,moderate,0.005463299459454715,0.017388674002585165,0.017388674002585165,0
892a1072c53ffff,1.9555521175107349,0.7633290490458058,1.1873713692365537,7.075971731448763,1.0,66.13137394165457,71.43709374848122,25.0,-74.01054401844232,40.728102142637056,9,observed,opendata,"building_density,dist_stream_m,elevation_m,flow_accum_proxy,impervious_frac,slope_deg",event_raster,production,0,0,moderate,0.097904548146462,0.9369430712608879,0.9369430712608879,1
892a1072c57ffff,3.514800943548076,0.8302934958778513,1.819967707911089,5.66607617360496,1.0,840.8561724537547,286.44378255906025,25.0,-74.00830230921224,40.725520098751595,9,observed,opendata,"building_density,dist_stream_m,elevation_m,flow_accum_proxy,impervious_frac,slope_deg",event_raster,production,0,0,moderate,0.9528421517955352,0.9629137474232814,0.9629137474232814,1
892a1072c5bffff,-0.8428097461656303,0.10984742635468382,0.5836362477393608,1.5066430469441985,0.0,9.447313010430442,57.501836315687896,25.0,-74.01481797231988,40.72798555551391,9,observed,opendata,"building_density,dist_stream_m,elevation_m,flow_accum_proxy,impervious_frac,slope_deg",event_raster,production,0,0,moderate,0.005463299459454715,0.017388674002585165,0.017388674002585165,0
892a1072c63ffff,4.2673741474430615,0.8219122340942316,2.0084490032737796,5.486702127659575,1.0,1266.1953883358035,274.052390492772,25.0,-74.01012468999328,40.717541561139306,9,observed,opendata,"building_density,dist_stream_m,elevation_m,flow_accum_proxy,impervious_frac,slope_deg",event_raster,production,0,0,moderate,0.9698205150805835,0.9629137474232814,0.9629137474232814,1
892a1072c67ffff,7.788459052950699,0.8413992756324843,3.907488061053994,5.588287488908607,1.0,1341.857776018282,584.0583609605297,25.0,-74.0078835084681,40.71495986043266,9,observed,opendata,"building_density,dist_stream_m,elevation_m,flow_accum_proxy,impervious_frac,slope_deg",event_raster,production,0,0,moderate,0.1433806739867686,0.17885566103526176,0.17885566103526176,0
892a1072c6bffff,3.2672228431684474,0.5787093077102237,2.1669509367091364,3.8172138420585626,1.0,170.08547742175398,112.32795731011394,25.0,-74.01439768269891,40.7174249874975,9,observed,opendata,"building_density,dist_stream_m,elevation_m,flow_accum_proxy,impervious_frac,slope_deg",event_raster,production,0,0,moderate,0.8953526360934406,0.9211757292198203,0.9211757292198203,1
892a1072c6fffff,3.136374092007357,0.831038793182331,1.5473093555192976,6.80847308031774,1.0,340.18835314908034,396.6534117043157,25.0,-74.01215626448567,40.714843369036934,9,observed,opendata,"building_density,dist_stream_m,elevation_m,flow_accum_proxy,impervious_frac,slope_deg",event_raster,production,0,0,moderate,0.9656717159333015,0.9565296975676291,0.9565296975676291,1
892a1072c73ffff,4.1967949382300285,0.8333007256824074,2.2879528788909984,4.73758865248227,1.0,982.6712743667451,401.6963379925279,25.0,-74.00809288528414,40.720239804640435,9,observed,opendata,"building_density,dist_stream_m,elevation_m,flow_accum_proxy,impervious_frac,slope_deg",event_raster,production,0,0,moderate,0.939991757294619,0.9656359348934298,0.9656359348934298,1
892a1072c77ffff,5.6662136831269905,0.8130936428668007,4.059397831749716,4.3236331569664905,1.0,1096.1124817738614,627.7431121446654,25.0,-74.00585169022261,40.71765797700752,9,observed,opendata,"building_density,dist_stream_m,elevation_m,flow_accum_proxy,impervious_frac,slope_deg",event_raster,production,0,0,moderate,0.9203006190828281,0.9393169662945984,0.9393169662945984,1
892a1072c7bffff,1.902728762075437,0.7126534563234278,2.3460006812533294,3.465486725663717,1.0,132.28230515907939,58.60282131263422,25.0,-74.0123661217817,40.72012330652548,9,observed,opendata,"building_density,dist_stream_m,elevation_m,flow_accum_proxy,impervious_frac,slope_deg",event_raster,production,0,0,moderate,0.8126673378684218,0.9492385463538325,0.9492385463538325,1
892a1072c83ffff,12.20279057820638,0.8469762852582982,0.36826044459105756,7.988536155202822,1.0,888.0597865889866,760.4716194680121,25.0,-73.9934481326791,40.72856691258618,9,observed,opendata,"building_density,dist_stream_m,elevation_m,flow_accum_proxy,impervious_frac,slope_deg",event_raster,production,0,0,moderate,0.16991272307721245,0.20065244054084727,0.20065244054084727,0
892a1072c87ffff,12.264326432371098,0.8152074481971304,0.3394230585807675,17.648624667258208,1.0,1842.3459111202997,462.0083717889443,25.0,-73.9912073708746,40.7259845397448,9,observed,opendata,"building_density,dist_stream_m,elevation_m,flow_accum_proxy,impervious_frac,slope_deg",event_raster,production,0,0,moderate,0.9793547209137472,0.972129566442607,0.972129566442607,1
892a1072c8bffff,9.429328278024146,0.7233460338138942,0.6734564154943887,23.265070921985817,1.0,651.8718455317455,889.9547766264144,25.0,-73.99772211456276,40.72845095688255,9,observed,opendata,"building_density,dist_stream_m,elevation_m,flow_accum_proxy,impervious_frac,slope_deg",event_raster,production,0,0,moderate,0.1130730199969547,0.1559378634696904,0.1559378634696904,0
892a1072c8fffff,12.246182042656216,0.8136129879148294,0.5038595598269768,6.734929078014185,1.0,935.3422204325949,546.3894731802176,25.0,-73.99548111586327,40.72586866625105,9,observed,opendata,"building_density,dist_stream_m,elevation_m,flow_accum_proxy,impervious_frac,slope_deg",event_raster,production,0,0,moderate,0.9177479267024342,0.9692573508001279,0.9692573508001279,1
892a1072c93ffff,11.8914575407541,0.8001684291022164,0.28935888200521487,12.048802129547472,1.0,557.372289524358,1047.304314254802,25.0,-73.99141491910795,40.73126521019487,9,observed,opendata,"building_density,dist_stream_m,elevation_m,flow_accum_proxy,impervious_frac,slope_deg",event_raster,production,0,0,moderate,0.9342710489212547,0.9498600550221367,0.9498600550221367,1
892a1072c97ffff,11.265525324998704,0.7905486662830926,0.5516243082743171,13.380530973451327,1.0,1738.334685341918,792.4269691745822,25.0,-73.98917414391278,40.72868271043228,9,observed,opendata,"building_density,dist_stream_m,elevation_m,flow_accum_proxy,impervious_frac,slope_deg",event_raster,production,0,0,moderate,0.9695259437900763,0.9731282256337562,0.9731282256337562,1
892a1072c9bffff,9.212313166746856,0.6809637688417384,0.6738186129335816,47.548758865248224,1.0,708.5221069563473,1086.0109406179224,25.0,-73.99568914480813,40.731149330138244,9,observed,opendata,"building_density,dist_stream_m,elevation_m,flow_accum_proxy,impervious_frac,slope_deg",event_raster,production,0,0,moderate,0.10111535189376177,0.153490835164347,0.153490835164347,0
892a1072ca3ffff,12.025030336659253,0.7556153704555244,0.2940276810476274,12.147293700088731,1.0,1247.2505554042689,84.38759287091854,25.0,-73.99099986933716,40.720704219149056,9,observed,opendata,"building_density,dist_stream_m,elevation_m,flow_accum_proxy,impervious_frac,slope_deg",event_raster,production,0,0,moderate,0.19402051145740415,0.19772318326609362,0.19772318326609362,0
892a1072ca7ffff,10.782664090079049,0.8328670469695182,0.45036635661576696,22.157243816254418,1.0,1115.0234541214368,424.7487831052609,25.0,-73.98875962144035,40.71812206272308,9,observed,opendata,"building_density,dist_stream_m,elevation_m,flow_accum_proxy,impervious_frac,slope_deg",event_raster,production,0,0,moderate,0.9899246548765711,0.9735439682988941,0.9735439682988941,1
892a1072cabffff,11.095445124420896,0.8427272178727615,0.6464392311204525,31.192205491585472,1.0,1974.8078338372445,271.5749827951448,25.0,-73.99527313372238,40.72058835221668,9,observed,opendata,"building_density,dist_stream_m,elevation_m,flow_accum_proxy,impervious_frac,slope_deg",event_raster,production,0,0,moderate,0.9491884491874039,0.9718437287393461,0.9718437287393461,1
892a1072cafffff,11.994016297095644,0.7322864742933122,0.3086950644923362,8.98141592920354,1.0,1719.7771002431211,28.509563069393256,25.0,-73.99303264899582,40.71800627795989,9,observed,opendata,"building_density,dist_stream_m,elevation_m,flow_accum_proxy,impervious_frac,slope_deg",event_raster,production,0,0,moderate,0.8993540128884849,0.9555661093679293,0.9555661093679293,1
892a1072cb3ffff,11.074704928946707,0.7586122503059101,0.48524120679471344,20.41061946902655,1.0,1294.4323151373221,277.6380400981097,25.0,-73.98896685935952,40.72340221163636,9,observed,opendata,"building_density,dist_stream_m,elevation_m,flow_accum_proxy,impervious_frac,slope_deg",event_raster,production,0,0,moderate,0.993963921842427,0.9773443352297968,0.9773443352297968,1
892a1072cb7ffff,9.339145336455218,0.8552463919953819,0.5276632916621131,68.20637732506643,1.0,1984.2678383655734,412.65343141128494,25.0,-73.98672659809884,40.72081992828314,9,observed,opendata,"building_density,dist_stream_m,elevation_m,flow_accum_proxy,impervious_frac,slope_deg",event_raster,production,0,0,moderate,0.9188817618123735,0.9583290383078035,0.9583290383078035,1
892a1072cbbffff,12.762222649455596,0.8024708801208086,0.2504956266935874,5.0767872903795235,1.0,1558.9834393275216,203.18904967793998,25.0,-73.99324036746646,40.72328642033247,9,observed,opendata,"building_density,dist_stream_m,elevation_m,flow_accum_proxy,impervious_frac,slope_deg",event_raster,production,0,0,moderate,0.07659327066615974,0.1097820403907298,0.1097820403907298,0
892a1072cc3ffff,5.021779360649129,0.7604603626406098,2.5240160441790547,3.646072374227714,1.0,3108.032940700978,579.8930242748081,25.0,-74.00423757543585,40.73091709639526,9,observed,opendata,"building_density,dist_stream_m,elevation_m,flow_accum_proxy,impervious_frac,slope_deg",event_raster,production,0,0,moderate,0.9741849113580748,0.9767470589025506,0.9767470589025506,1
892a1072cc7ffff,6.335099465458105,0.7716762523384805,2.2285172477734427,6.5186170212765955,1.0,2154.0052973235956,790.8201105957855,25.0,-74.00199608951623,40.72833484332245,9,observed,opendata,"building_density,dist_stream_m,elevation_m,flow_accum_proxy,impervious_frac,slope_deg",event_raster,production,0,0,moderate,0.927454562087569,0.930971864346599,0.930971864346599,1
892a1072ccbffff,3.949927084623499,0.8564808873842794,1.44184564673573,6.4361702127659575,1.0,793.5381194635655,221.09262357104407,25.0,-74.00851178026825,40.730800742711025,9,observed,opendata,"building_density,dist_stream_m,elevation_m,flow_accum_proxy,impervious_frac,slope_deg",event_raster,production,0,0,moderate,0.19194124689612405,0.9747606461411529,0.9747606461411529,1
892a1072ccfffff,4.811616908458611,0.8262339234880054,1.5041684174202417,5.20903454384411,1.0,632.973478406772,430.5909900985706,25.0,-74.00627005749193,40.728218571906936,9,observed,opendata,"building_density,dist_stream_m,elevation_m,flow_accum_proxy,impervious_frac,slope_deg",event_raster,production,0,0,moderate,0.9526607755335693,0.9227006462101831,0.9227006462101831,1
892a1072cd3ffff,6.292136560113138,0.7342474236952051,2.4087331836363286,4.962699822380107,1.0,2833.9356052100884,718.4712811740419,25.0,-74.00220486300994,40.73361567219517,9,observed,opendata,"building_density,dist_stream_m,elevation_m,flow_accum_proxy,impervious_frac,slope_deg",event_raster,production,0,0,moderate,0.9186419013967395,0.958260179676571,0.958260179676571,1
892a1072cd7ffff,6.3454502793588405,0.6991286779566283,0.9856376070306059,25.62367491166078,1.0,1681.554427289882,947.1117436838457,25.0,-73.99996336359993,40.731033292204685,9,observed,opendata,"building_density,dist_stream_m,elevation_m,flow_accum_proxy,impervious_frac,slope_deg",event_raster,production,0,0,moderate,0.8900281481979746,0.9295465593992008,0.9295465593992008,1
892a1072cdbffff,6.107823018486618,0.7611381993596013,2.269893973649658,3.374113475177305,1.0,2115.9993596437303,358.16223754499634,25.0,-74.00647931174146,40.733499394116386,9,observed,opendata,"building_density,dist_stream_m,elevation_m,flow_accum_proxy,impervious_frac,slope_deg",event_raster,production,0,0,moderate,0.9910748756237157,0.9627351785067019,0.9627351785067019,1
892a1072d03ffff,1.590340914608345,0.5288758778914862,1.0591224808821564,16.853463587921848,1.0,283.5514972507295,28.185187013682967,25.0,-73.98610581467901,40.70498104661735,9,observed,opendata,"building_density,dist_stream_m,elevation_m,flow_accum_proxy,impervious_frac,slope_deg",event_raster,production,0,0,moderate,0.1615647062973597,0.9478027228266246,0.9478027228266246,1
892a1072d07ffff,10.762117116586536,0.8415288269414124,1.5970599489907424,10.291666666666666,1.0,756.1760431552476,344.00014565133773,25.0,-73.98386659396525,40.702399323320684,9,observed,opendata,"building_density,dist_stream_m,elevation_m,flow_accum_proxy,impervious_frac,slope_deg",event_raster,production,0,0,moderate,0.8923636697807839,0.952343500916884,0.952343500916884,1
892a1072d0bffff,0.7995113048904113,0.35536513017165533,0.7994096866960058,18.744454303460515,0.0,75.61351958333834,6.467186353529706,25.0,-73.99037764474299,40.70486535703891,9,observed,opendata,"building_density,dist_stream_m,elevation_m,flow_accum_proxy,impervious_frac,slope_deg",event_raster,production,0,0,moderate,0.8873949598959487,0.9394433515236147,0.9394433515236147,1
892a1072d0fffff,7.928156178783886,0.8402945085450888,2.3063534880822787,24.872679045092838,1.0,472.6086933262805,262.5052892034647,25.0,-73.98813818732994,40.70228371583007,9,observed,opendata,"building_density,dist_stream_m,elevation_m,flow_accum_proxy,impervious_frac,slope_deg",event_raster,production,0,0,moderate,0.17350226349249182,0.2083366962953793,0.2083366962953793,0
892a1072d13ffff,0.0,6.206303259953394e-05,0.0,1.0,0.0,0.0,22.319315130246963,25.0,-73.98407321184507,40.7076784287519,9,observed,opendata,"building_density,dist_stream_m,elevation_m,flow_accum_proxy,impervious_frac,slope_deg",event_raster,production,0,0,moderate,0.005463299459454715,0.00996135907793228,0.00996135907793228,0
892a1072d17ffff,2.8913749688511006,0.6059435164123214,1.7026199507535296,16.142477876106195,1.0,160.6796359791323,83.96133395857375,25.0,-73.98183397782091,40.705096578515935,9,observed,opendata,"building_density,dist_stream_m,elevation_m,flow_accum_proxy,impervious_frac,slope_deg",event_raster,production,0,0,moderate,0.043254922241937034,0.148359870056755,0.148359870056755,0
892a1072d1bffff,0.0026818050874574868,0.02727092446126052,0.012100506389831183,1.245583038869258,0.0,0.0,14.319801715645696,25.0,-73.98834528544128,40.707562814764856,9,observed,opendata,"building_density,dist_stream_m,elevation_m,flow_accum_proxy,impervious_frac,slope_deg",event_raster,production,0,0,moderate,0.005463299459454715,0.00996135907793228,0.00996135907793228,0
892a1072d43ffff,0.015154459671701303,0.12421828627330582,0.05606836178538136,7.1154529307282415,0.0,0.0,156.69860851364638,25.0,-73.996889412127,40.70733111369416,9,observed,opendata,"building_density,dist_stream_m,elevation_m,flow_accum_proxy,impervious_frac,slope_deg",event_raster,production,0,0,moderate,0.005463299459454715,0.00996135907793228,0.00996135907793228,0
892a1072d47ffff,0.2163803129431478,0.24624487726967223,0.31083533356238874,6.186948853615521,0.0,47.25831705796459,50.62651721548443,25.0,-73.99464946796543,40.70474950978168,9,observed,opendata,"building_density,dist_stream_m,elevation_m,flow_accum_proxy,impervious_frac,slope_deg",event_raster,production,0,0,moderate,0.005463299459454715,0.017388674002585165,0.017388674002585165,0
892a1072d4bffff,1.1078865746912683,0.6908184865397582,1.4778256314607159,6.647214854111406,1.0,746.6411058066457,40.62466400841475,25.0,-74.00116146512151,40.70721502661259,9,observed,opendata,"building_density,dist_stream_m,elevation_m,flow_accum_proxy,impervious_frac,slope_deg",event_raster,production,0,0,moderate,0.8214689750297077,0.9578302599289513,0.9578302599289513,1
892a1072d4fffff,-0.08578551888530687,0.011900022013993816,0.3114103926546263,1.0887311446317658,0.0,0.0,64.25735544530582,25.0,-73.99892128429882,40.704633504846704,9,observed,opendata,"building_density,dist_stream_m,elevation_m,flow_accum_proxy,impervious_frac,slope_deg",event_raster,production,0,0,moderate,0.005463299459454715,0.017388674002585165,0.017388674002585165,0
892a1072d53ffff,2.026568944043881,0.6616443984805617,1.112668475074511,34.433362753751105,1.0,189.01444815554976,105.05332840609599,25.0,-73.99485730978921,40.710028773926915,9,observed,opendata,"building_density,dist_stream_m,elevation_m,flow_accum_proxy,impervious_frac,slope_deg",event_raster,production,0,0,moderate,0.8558366609831423,0.955014637666878,0.955014637666878,1
892a1072d57ffff,0.0,0.06334868669555467,0.0,1.0,0.0,0.0,50.94144212509955,25.0,-73.99261735221776,40.707447043078595,9,observed,opendata,"building_density,dist_stream_m,elevation_m,flow_accum_proxy,impervious_frac,slope_deg",event_raster,production,0,0,moderate,0.005463299459454715,0.00996135907793228,0.00996135907793228,0
892a1072d5bffff,3.007810039511809,0.7162455200145008,1.1601749286055565,36.18173758865248,1.0,122.85904751982092,183.70001333626666,25.0,-73.99912960639843,40.70991276239524,9,observed,opendata,"building_density,dist_stream_m,elevation_m,flow_accum_proxy,impervious_frac,slope_deg",event_raster,production,0,0,moderate,0.21798005847957325,0.9666970882085338,0.9666970882085338,1
892a1072d73ffff,7.979015965762401,0.8276944767624193,2.748658584579693,20.119005328596803,1.0,510.41595335410136,220.51159674141527,25.0,-73.99240977387873,40.702167950680035,9,observed,opendata,"building_density,dist_stream_m,elevation_m,flow_accum_proxy,impervious_frac,slope_deg",event_raster,production,0,0,moderate,0.8722146168421541,0.928992448077969,0.928992448077969,1
892a1072d7bffff,1.6326398657788805,0.6059491303951844,1.8325589559671047,9.464951197870452,1.0,132.32969110110287,62.765209040522976,25.0,-73.99668135356416,40.70205202787161,9,observed,opendata,"building_density,dist_stream_m,elevation_m,flow_accum_proxy,impervious_frac,slope_deg",event_raster,production,0,0,moderate,0.23060818364383923,0.1872611963513648,0.1872611963513648,0
892a1072d83ffff,0.47218252622192036,0.1810392372847796,0.4486168528633956,11.403011514614704,0.0,0.0,15.828964964168959,25.0,-73.97776805489825,40.710491242867484,9,observed,opendata,"building_density,dist_stream_m,elevation_m,flow_accum_proxy,impervious_frac,slope_deg",event_raster,production,0,0,moderate,0.005463299459454715,0.017388674002585165,0.017388674002585165,0
892a1072d87ffff,0.0076270794464078084,0.014895152899480372,0.021092172924914224,1.1107174490699734,0.0,0.0,80.57095141993915,25.0,-73.97552904438331,40.70790918362411,9,observed,opendata,"building_density,dist_stream_m,elevation_m,flow_accum_proxy,impervious_frac,slope_deg",event_raster,production,0,0,moderate,0.005463299459454715,0.00996135907793228,0.00996135907793228,0
892a1072d8bffff,1.5947693510775254,0.5778949076529456,1.086461727734273,22.517241379310345,1.0,94.50802286404497,68.84494370755897,25.0,-73.98204037879412,40.71037586221235,9,observed,opendata,"building_density,dist_stream_m,elevation_m,flow_accum_proxy,impervious_frac,slope_deg",event_raster,production,0,0,moderate,0.15713677082263278,0.8947613784280138,0.8947613784280138,1
892a1072d8fffff,0.0,0.0,0.0,1.0,0.0,0.0,58.97590798237414,25.0,-73.97980113147659,40.70779388503865,9,observed,opendata,"building_density,dist_stream_m,elevation_m,flow_accum_proxy,impervious_frac,slope_deg",event_raster,production,0,0,moderate,0.005463299459454715,0.00996135907793228,0.00996135907793228,0
892a1072d93ffff,0.5813135728721128,0.316011393353378,0.45281462617861357,6.780530973451327,0.0,18.900744283751173,7.805407211748667,25.0,-73.9757347480519,40.713188651981014,9,observed,opendata,"building_density,dist_stream_m,elevation_m,flow_accum_proxy,impervious_frac,slope_deg",event_raster,production,0,0,moderate,0.011099631293396032,0.872408597959498,0.872408597959498,1
892a1072d97ffff,0.0,0.0,0.0,1.0,0.0,0.0,83.49253222709808,25.0,-73.97349572429943,40.71060646580088,9,observed,opendata,"building_density,dist_stream_m,elevation_m,flow_accum_proxy,impervious_frac,slope_deg",event_raster,production,0,0,moderate,0.005463299459454715,0.00996135907793228,0.00996135907793228,0
892a1072d9bffff,5.986115967159051,0.6407863063788986,1.2271884979271952,11.244010647737356,1.0,170.10621520656386,297.5396043603013,25.0,-73.9800073154922,40.7130733469773,9,observed,opendata,"building_density,dist_stream_m,elevation_m,flow_accum_proxy,impervious_frac,slope_deg",event_raster,production,0,0,moderate,0.8913844954128461,0.9200220717324633,0.9200220717324633,1
892a1072da3ffff,0.09091189657600104,0.24779033823463106,0.17492295432743346,2.394503546099291,0.0,56.71352494499896,17.13881422299616,25.0,-73.97532338697795,40.70263006531952,9,observed,opendata,"building_density,dist_stream_m,elevation_m,flow_accum_proxy,impervious_frac,slope_deg",event_raster,production,0,0,moderate,0.008264135390753574,0.00996135907793228,0.00996135907793228,0
892a1072da7ffff,0.29518797313352935,0.7732952638590049,0.6618527609645309,2.754295532646048,1.0,75.62190649980953,30.732196012412654,25.0,-73.97308488972679,40.70004822281854,9,observed,opendata,"building_density,dist_stream_m,elevation_m,flow_accum_proxy,impervious_frac,slope_deg",event_raster,production,0,0,moderate,0.09505356063272119,0.07365271785049034,0.07365271785049034,0
892a1072dabffff,6.37292127657953,0.7760534133252623,2.816085623628518,7.372113676731794,1.0,557.6814108819977,193.55317608179303,25.0,-73.9795949938321,40.702514773150845,9,observed,opendata,"building_density,dist_stream_m,elevation_m,flow_accum_proxy,impervious_frac,slope_deg",event_raster,production,0,0,moderate,0.20234493794242692,0.16500291281143734,0.16500291281143734,0
892a1072db3ffff,0.0692583368741494,0.301072149001704,0.08996647463005863,1.7959183673469388,0.0,103.96976700907229,7.4547184563148035,25.0,-73.97329028391235,40.705327169269424,9,observed,opendata,"building_density,dist_stream_m,elevation_m,flow_accum_proxy,impervious_frac,slope_deg",event_raster,production,0,0,moderate,0.08587291408567722,0.028105222724456393,0.028105222724456393,0
892a1072db7ffff,0.11327052593353888,0.6535327224892916,0.19287322274363897,2.419753086419753,1.0,56.71368661609822,69.91808829665075,25.0,-73.97105177345034,40.70274519982567,9,observed,opendata,"building_density,dist_stream_m,elevation_m,flow_accum_proxy,impervious_frac,slope_deg",event_raster,production,0,0,moderate,0.048548135261861566,0.04010874525012901,0.04010874525012901,0
892a1072dbbffff,0.4020954799531357,0.20221401913621076,0.6068480014450749,3.932743362831858,0.0,47.25885050726129,80.91270562515471,25.0,-73.9775621342162,40.70521195273364,9,observed,opendata,"building_density,dist_stream_m,elevation_m,flow_accum_proxy,impervious_frac,slope_deg",event_raster,production,0,0,moderate,0.005463299459454715,0.017388674002585165,0.017388674002585165,0
892a1072dc3ffff,6.726418188640049,0.6917151962349444,1.161625913040453,65.79276895943562,1.0,850.5262670592863,320.500832248279,25.0,-73.98855243013952,40.712842263747554,9,observed,opendata,"building_density,dist_stream_m,elevation_m,flow_accum_proxy,impervious_frac,slope_deg",event_raster,production,0,0,moderate,1.0004519459037406,0.9808096502434156,0.9808096502434156,1
892a1072dc7ffff,1.8936366838901681,0.7480680548886485,1.0461909262882876,32.276595744680854,1.0,189.01551138902076,102.35585843144328,25.0,-73.98631269593956,40.71026032383652,9,observed,opendata,"building_density,dist_stream_m,elevation_m,flow_accum_proxy,impervious_frac,slope_deg",event_raster,production,0,0,moderate,0.8700494022082803,0.9613817708272131,0.9613817708272131,1
892a1072dcbffff,9.383027314083886,0.7987320002884438,1.2021544392495371,14.300265721877768,1.0,1058.429710891053,366.80694026443285,25.0,-73.99282497725156,40.712726485523575,9,observed,opendata,"building_density,dist_stream_m,elevation_m,flow_accum_proxy,impervious_frac,slope_deg",event_raster,production,0,0,moderate,0.22159891203996188,0.2199885985463022,0.2199885985463022,0
892a1072dcfffff,1.3792245528085765,0.5879472370843917,1.0244370443035147,45.90860692102928,1.0,122.85973626240448,47.359850335553226,25.0,-73.99058500628709,40.71014462774103,9,observed,opendata,"building_density,dist_stream_m,elevation_m,flow_accum_proxy,impervious_frac,slope_deg",event_raster,production,0,0,moderate,0.8689372030574168,0.9488656016739959,0.9488656016739959,1
892a1072dd3ffff,9.48738886554789,0.7506617962414962,0.3977573222860639,10.411712511091393,1.0,340.19405522319425,649.9627886033053,25.0,-73.98651962374095,40.715539951076806,9,observed,opendata,"building_density,dist_stream_m,elevation_m,flow_accum_proxy,impervious_frac,slope_deg",event_raster,production,0,0,moderate,0.9471232037023345,0.9541748625258066,0.9541748625258066,1
892a1072dd7ffff,8.263710407419552,0.7102450544102169,0.7821939603442917,10.377994676131323,1.0,378.01274109465237,378.2571282403297,25.0,-73.9842798762039,40.71295788423248,9,observed,opendata,"building_density,dist_stream_m,elevation_m,flow_accum_proxy,impervious_frac,slope_deg",event_raster,production,0,0,moderate,0.892960061970067,0.9419835270054814,0.9419835270054814,1
892a1072ddbffff,11.257507700267947,0.757191937965991,0.581295365757155,16.19449378330373,1.0,2012.8091555261021,368.6451973464875,25.0,-73.99079241447993,40.71542424846276,9,observed,opendata,"building_density,dist_stream_m,elevation_m,flow_accum_proxy,impervious_frac,slope_deg",event_raster,production,0,0,moderate,0.9833939878796031,0.9723840878938277,0.9723840878938277,1
892a1072e97ffff,-1.2826936821376576,0.0,0.0018903643090058776,1.1141176470588234,0.0,0.0,181.9302741511974,25.0,-74.01909191907703,40.72786881053854,9,observed,opendata,"building_density,dist_stream_m,elevation_m,flow_accum_proxy,impervious_frac,slope_deg",event_raster,production,0,0,moderate,0.005463299459454715,0.00996135907793228,0.00996135907793228,0
892a1072ea7ffff,-0.9463155338010149,0.04626287022468067,0.7117445538311593,1.5696465696465696,0.0,9.449167155030462,143.86161887124806,25.0,-74.01867066829203,40.717308256083186,9,observed,opendata,"building_density,dist_stream_m,elevation_m,flow_accum_proxy,impervious_frac,slope_deg",event_raster,production,0,0,moderate,0.0025692825141325967,0.01400995400036384,0.01400995400036384,0
892a1072eb3ffff,-1.2975889788325137,0.0,0.0022994858362903768,1.1365638766519823,0.0,0.0,299.4233973549057,25.0,-74.01888126998956,40.722588358374864,9,observed,opendata,"building_density,dist_stream_m,elevation_m,flow_accum_proxy,impervious_frac,slope_deg",event_raster,production,0,0,moderate,0.028043661908568673,0.01203570028551516,0.01203570028551516,0
892a1072eb7ffff,-0.9869655673346828,0.04456879443157004,1.1383467128588451,1.3174182139699382,0.0,0.0,46.91674103088599,25.0,-74.01663935118853,40.72000665061756,9,observed,opendata,"building_density,dist_stream_m,elevation_m,flow_accum_proxy,impervious_frac,slope_deg",event_raster,production,0,0,moderate,0.04049110875914033,0.02308779251622819,0.02308779251622819,0
892a100d04bffff,3.344531323424001,0.7558853682436333,1.0350922583482545,78.36113575865129,1.0,273.8980490778987,163.09401281228267,40.0,-73.97269448397236,40.74498799569922,9,observed,opendata,"building_density,dist_stream_m,elevation_m,flow_accum_proxy,impervious_frac,slope_deg",event_raster,production,0,0,heavy,0.8655811967395205,0.9861045572024858,0.9861045572024858,1
892a100d04fffff,0.08845332935802193,0.2004225670025031,0.18623061873043353,39.90820584144645,0.0,18.890486593962265,123.51208336371393,40.0,-73.97045411641287,40.742404696985496,9,observed,opendata,"building_density,dist_stream_m,elevation_m,flow_accum_proxy,impervious_frac,slope_deg",event_raster,production,0,0,heavy,-0.015805543263245205,0.007449381072091695,0.007449381072091695,0
892a100d05bffff,11.09610818531149,0.8317826107163484,4.214213328964444,9.682926829268293,1.0,151.10887057613218,198.48620097001685,40.0,-73.97065939959245,40.747686448906286,9,observed,opendata,"building_density,dist_stream_m,elevation_m,flow_accum_proxy,impervious_frac,slope_deg",event_raster,production,0,0,heavy,0.9821016527644137,0.9566335258726025,0.9566335258726025,1
892a100d06bffff,0.0,0.006027634415324851,0.0,1.0,0.0,0.0,194.0519136502598,40.0,-73.9702488794359,40.737123294760856,9,observed,opendata,"building_density,dist_stream_m,elevation_m,flow_accum_proxy,impervious_frac,slope_deg",event_raster,production,0,0,heavy,0.005463299459454715,0.00996135907793228,0.00996135907793228,0
892a100d203ffff,11.634066904948437,0.6190496429419581,0.2990700771824793,8.258605472197706,1.0,358.9151644292976,1266.5737016311396,40.0,-73.98755496140967,40.74194333566657,9,observed,opendata,"building_density,dist_stream_m,elevation_m,flow_accum_proxy,impervious_frac,slope_deg",event_raster,production,0,0,heavy,0.8691734680287833,0.9779803221164167,0.9779803221164167,1
892a100d207ffff,9.353697723953436,0.747485668299363,0.5566738994481663,71.84131205673759,1.0,859.5513113158171,975.5526610249375,40.0,-73.98531389573235,40.73936041044821,9,observed,opendata,"building_density,dist_stream_m,elevation_m,flow_accum_proxy,impervious_frac,slope_deg",event_raster,production,0,0,heavy,0.9128832317492618,0.9358025654746882,0.9358025654746882,1
892a100d20bffff,11.088975920706698,0.7844965711407278,0.35287129473777784,36.79133510167993,1.0,1086.187567788973,1463.6387175173063,40.0,-73.99183015572552,40.74182760043736,9,observed,opendata,"building_density,dist_stream_m,elevation_m,flow_accum_proxy,impervious_frac,slope_deg",event_raster,production,0,0,heavy,1.0176290800123637,0.9868627331874598,0.9868627331874598,1
892a100d20fffff,11.934826424314027,0.7935258094138863,0.2738077293655487,7.3294951284322405,1.0,1161.807833088293,1499.3428101295665,40.0,-73.98958885298438,40.73924475745148,9,observed,opendata,"building_density,dist_stream_m,elevation_m,flow_accum_proxy,impervious_frac,slope_deg",event_raster,production,0,0,heavy,0.912263319783089,0.9806499347808213,0.9806499347808213,1
892a100d213ffff,11.98053725743526,0.7184812308308084,0.4373890037274696,28.16120460584588,1.0,906.6892580307322,1173.0858177057337,40.0,-73.98552083929478,40.744641965067935,9,observed,opendata,"building_density,dist_stream_m,elevation_m,flow_accum_proxy,impervious_frac,slope_deg",event_raster,production,0,0,heavy,1.038430308117212,0.9868627331874598,0.9868627331874598,1
892a100d217ffff,10.582220157761823,0.8032682606664984,0.4630951389168827,20.195748449955712,1.0,1293.9872786212459,975.4258746330636,40.0,-73.98327976027291,40.74205891293701,9,observed,opendata,"building_density,dist_stream_m,elevation_m,flow_accum_proxy,impervious_frac,slope_deg",event_raster,production,0,0,heavy,0.9512405591788536,0.9735439682988941,0.9735439682988941,1
892a100d21bffff,12.252244896922551,0.7485761337035092,0.28367676767419464,10.429078014184396,1.0,1388.3640064907381,1578.9310430266792,40.0,-73.98979627753427,40.744526305564385,9,observed,opendata,"building_density,dist_stream_m,elevation_m,flow_accum_proxy,impervious_frac,slope_deg",event_raster,production,0,0,heavy,0.9957986224513449,0.9815547993614552,0.9815547993614552,1
892a100d223ffff,9.008245406735218,0.720816329240693,0.5343374889046218,41.94582593250444,1.0,954.1023724858659,819.1962321332368,40.0,-73.98510699874309,40.73407920554712,9,observed,opendata,"building_density,dist_stream_m,elevation_m,flow_accum_proxy,impervious_frac,slope_deg",event_raster,production,0,0,heavy,0.9371791934511686,0.9536638783200131,0.9536638783200131,1
892a100d227ffff,6.7347384026153865,0.8084701029575577,0.6241051619238394,41.89389920424403,1.0,1313.1387398848888,486.8341392134863,40.0,-73.9828664471727,40.73149649667317,9,observed,opendata,"building_density,dist_stream_m,elevation_m,flow_accum_proxy,impervious_frac,slope_deg",event_raster,production,0,0,heavy,0.998856788182169,0.9686695848708018,0.9686695848708018,1
892a100d22bffff,11.85943661175721,0.811485444426748,0.2974898859753392,10.518617021276595,1.0,765.1690495389598,1001.4044155849699,40.0,-73.98938147511579,40.733963559055724,9,observed,opendata,"building_density,dist_stream_m,elevation_m,flow_accum_proxy,impervious_frac,slope_deg",event_raster,production,0,0,heavy,0.9429005069681388,0.9692573508001279,0.9692573508001279,1
892a100d22fffff,10.270036309009727,0.7336736165592611,0.5691594506215713,22.56713780918728,1.0,1728.8036682633165,667.4249199987013,40.0,-73.98714068654695,40.731380932373526,9,observed,opendata,"building_density,dist_stream_m,elevation_m,flow_accum_proxy,impervious_frac,slope_deg",event_raster,production,0,0,heavy,0.969731467408907,0.9747818623404443,0.9747818623404443,1
892a100d233ffff,7.547986360014383,0.7718770690889248,0.48086475218960517,66.38795394154118,1.0,982.3945876476226,730.0682419982309,40.0,-73.98307308046714,40.736777529931615,9,observed,opendata,"building_density,dist_stream_m,elevation_m,flow_accum_proxy,impervious_frac,slope_deg",event_raster,production,0,0,heavy,0.9385617317697877,0.9779659443926062,0.9779659443926062,1
892a100d237ffff,5.612585460475648,0.7343574503583259,0.5764978990340844,64.6763925729443,1.0,1275.288961743088,556.1184228035374,40.0,-73.980832515579,40.73419469413901,9,observed,opendata,"building_density,dist_stream_m,elevation_m,flow_accum_proxy,impervious_frac,slope_deg",event_raster,production,0,0,heavy,1.0197468789408892,0.9819053995599221,0.9819053995599221,1
892a100d23bffff,10.783638140685122,0.7322715441106071,0.5472927407999392,20.9181338028169,1.0,1369.6808883055724,1158.1946618869013,40.0,-73.98734780066862,40.7366619591473,9,observed,opendata,"building_density,dist_stream_m,elevation_m,flow_accum_proxy,impervious_frac,slope_deg",event_raster,production,0,0,heavy,1.0143781200630273,0.9838477252772232,0.9838477252772232,1
892a100d243ffff,6.8762026253621205,0.7748389768116899,0.3972702182277485,126.21781305114638,1.0,2276.1486110477867,877.1161512732444,40.0,-73.99834713342568,40.744294512623796,9,observed,opendata,"building_density,dist_stream_m,elevation_m,flow_accum_proxy,impervious_frac,slope_deg",event_raster,production,0,0,heavy,0.9390045693672093,0.9836265438186546,0.9836265438186546,1
892a100d247ffff,8.821203896929546,0.7937727434611892,0.412153148040268,34.3469387755102,1.0,1171.1902616116129,1108.261406711697,40.0,-73.99610534317284,40.741711707250445,9,observed,opendata,"building_density,dist_stream_m,elevation_m,flow_accum_proxy,impervious_frac,slope_deg",event_raster,production,0,0,heavy,0.9264062221026228,0.9322304415618191,0.9322304415618191,1
892a100d24bffff,4.700379842133678,0.7691621584445899,2.3811987119978055,6.778172138420586,1.0,1964.4713196446455,520.3990931172921,40.0,-74.00262255098242,40.744178379188874,9,observed,opendata,"building_density,dist_stream_m,elevation_m,flow_accum_proxy,impervious_frac,slope_deg",event_raster,production,0,0,heavy,0.988958564200529,0.9749783100576832,0.9749783100576832,1
892a100d24fffff,6.728941166474821,0.7909526805417321,1.0751003553452378,16.488042515500442,1.0,1794.5606999383997,747.5180237434405,40.0,-74.00038052370402,40.74159565610689,9,observed,opendata,"building_density,dist_stream_m,elevation_m,flow_accum_proxy,impervious_frac,slope_deg",event_raster,production,0,0,heavy,0.49910512200954826,0.9407791964293652,0.9407791964293652,1
892a100d253ffff,8.19125848040712,0.7926414025337588,0.4620399600144446,37.9600709849157,1.0,698.8666466924884,1072.0699811748227,40.0,-73.99631351262427,40.74699342036505,9,observed,opendata,"building_density,dist_stream_m,elevation_m,flow_accum_proxy,impervious_frac,slope_deg",event_raster,production,0,0,heavy,0.3253287018607516,0.23789035141443046,0.23789035141443046,0
892a100d257ffff,9.688490660000692,0.8034272127446875,0.547570635655285,71.08761061946903,1.0,1246.6907019885907,1235.9786083611982,40.0,-73.99407170892711,40.74441048808265,9,observed,opendata,"building_density,dist_stream_m,elevation_m,flow_accum_proxy,impervious_frac,slope_deg",event_raster,production,0,0,heavy,1.0095355161519166,0.9888625008293517,0.9888625008293517,1
892a100d25bffff,5.423203768983352,0.7607371874878892,1.322553680504186,58.7070796460177,1.0,1029.408800485988,720.8706663806116,40.0,-74.00058917418733,40.746877362614214,9,observed,opendata,"building_density,dist_stream_m,elevation_m,flow_accum_proxy,impervious_frac,slope_deg",event_raster,production,0,0,heavy,0.92158545252551,0.9859431824185907,0.9859431824185907,1
892a100d263ffff,9.154166255436891,0.7820788840399989,0.47000771231374683,38.9281914893617,1.0,1246.8748959355855,1238.877200707424,40.0,-73.9958972205727,40.736430343823116,9,observed,opendata,"building_density,dist_stream_m,elevation_m,flow_accum_proxy,impervious_frac,slope_deg",event_raster,production,0,0,heavy,0.9129247937163337,0.935247567952768,0.935247567952768,1
892a100d267ffff,10.506262568149197,0.7763419446701305,0.5278553454372933,31.214285714285715,1.0,1501.99427893077,1343.721961589156,40.0,-73.99365594464955,40.7338477546659,9,observed,opendata,"building_density,dist_stream_m,elevation_m,flow_accum_proxy,impervious_frac,slope_deg",event_raster,production,0,0,heavy,1.027532657959421,0.9868627331874598,0.9868627331874598,1
892a100d26bffff,7.4298304092366685,0.7336941748672718,1.4907869235938291,18.392382639503985,1.0,2087.565005173888,923.0303055869796,40.0,-74.00017192018016,40.7363142992853,9,observed,opendata,"building_density,dist_stream_m,elevation_m,flow_accum_proxy,impervious_frac,slope_deg",event_raster,production,0,0,heavy,0.2684209750634462,0.3888952036035003,0.3888952036035003,0
892a100d26fffff,7.045459998170429,0.6573402445522902,0.5498938282986092,108.12201591511936,1.0,2456.084387329168,1078.8333389308132,40.0,-73.9979304072968,40.73373179237872,9,observed,opendata,"building_density,dist_stream_m,elevation_m,flow_accum_proxy,impervious_frac,slope_deg",event_raster,production,0,0,heavy,0.9241324716884686,0.9495816166867634,0.9495816166867634,1
892a100d273ffff,10.541157568301413,0.8212952520895762,0.41649875312372253,16.70053003533569,1.0,1284.5969165645495,1333.3171330822556,40.0,-73.99386380339365,40.73912894651647,9,observed,opendata,"building_density,dist_stream_m,elevation_m,flow_accum_proxy,impervious_frac,slope_deg",event_raster,production,0,0,heavy,0.9885289510529272,0.9821314453652064,0.9821314453652064,1
892a100d277ffff,11.808286775837333,0.7810070273013533,0.2974859175316148,11.861824623560674,1.0,859.5904107653606,1342.2989351817935,40.0,-73.99162251405302,40.73654623044413,9,observed,opendata,"building_density,dist_stream_m,elevation_m,flow_accum_proxy,impervious_frac,slope_deg",event_raster,production,0,0,heavy,0.9848233698951558,0.9811983624763371,0.9811983624763371,1
892a100d27bffff,8.604641501979357,0.7988172016063765,0.3405201793886892,8.759717314487633,1.0,1426.2764007331282,974.1444170252582,40.0,-73.9981387469125,40.739012977644194,9,observed,opendata,"building_density,dist_stream_m,elevation_m,flow_accum_proxy,impervious_frac,slope_deg",event_raster,production,0,0,heavy,0.8536510820621118,0.8589953688943016,0.8589953688943016,1
892a100d283ffff,16.917748117320418,0.7059835343894233,2.3604242408254525,13.622458001768347,1.0,1728.2978480574743,776.0269698133535,40.0,-73.97921079764829,40.7474560713926,9,observed,opendata,"building_density,dist_stream_m,elevation_m,flow_accum_proxy,impervious_frac,slope_deg",event_raster,production,0,0,heavy,0.9618905657108658,0.9639859423842116,0.9639859423842116,1
892a100d287ffff,7.147121550129579,0.8039008917534246,0.9129411541255175,73.5070796460177,1.0,1501.7126066268452,490.555567141732,40.0,-73.97696994246623,40.744872810136386,9,observed,opendata,"building_density,dist_stream_m,elevation_m,flow_accum_proxy,impervious_frac,slope_deg",event_raster,production,0,0,heavy,0.9521890145123416,0.9799374816821248,0.9799374816821248,1
892a100d28bffff,15.509574750760047,0.7257254189152544,1.2605201045795285,25.720106288751108,1.0,840.535912359148,1104.0295871678043,40.0,-73.98348648660567,40.74734064563417,9,observed,opendata,"building_density,dist_stream_m,elevation_m,flow_accum_proxy,impervious_frac,slope_deg",event_raster,production,0,0,heavy,1.0004577007258688,0.9821770421954974,0.9821770421954974,1
892a100d28fffff,11.092858950016463,0.7379329336604921,1.111017796915396,21.730803177405118,1.0,1548.9318705468659,820.5675118317002,40.0,-73.98124539425626,40.74475746659229,9,observed,opendata,"building_density,dist_stream_m,elevation_m,flow_accum_proxy,impervious_frac,slope_deg",event_raster,production,0,0,heavy,0.9174622153429669,0.97061571285472,0.97061571285472,1
892a100d293ffff,17.053246227562006,0.7343941558654427,2.0636505864243557,29.944148936170212,1.0,1095.4801784648826,823.0814838420272,40.0,-73.97717597041498,40.75015472731649,9,observed,opendata,"building_density,dist_stream_m,elevation_m,flow_accum_proxy,impervious_frac,slope_deg",event_raster,production,0,0,heavy,0.9898866130013239,0.9768433178098561,0.9768433178098561,1
892a100d297ffff,9.607814983428577,0.8091243255370076,1.2843576428075667,30.645759717314487,1.0,821.6521362411067,482.87354117127546,40.0,-73.97493510196136,40.747571339150305,9,observed,opendata,"building_density,dist_stream_m,elevation_m,flow_accum_proxy,impervious_frac,slope_deg",event_raster,production,0,0,heavy,0.9546421294322566,0.965146819921252,0.965146819921252,1
892a100d29bffff,22.765609919342175,0.7373028706086364,0.8657436078340471,5.829955947136564,1.0,934.9330117579996,1089.9753969507506,40.0,-73.9814519033082,40.75003937734384,9,observed,opendata,"building_density,dist_stream_m,elevation_m,flow_accum_proxy,impervious_frac,slope_deg",event_raster,production,0,0,heavy,0.10315804044919984,0.11880310976762476,0.11880310976762476,0
892a100d2a3ffff,5.74795115731209,0.7661340586024965,1.2679799992011946,29.223498233215548,1.0,245.58748269415776,404.0183071883975,40.0,-73.97676396089017,40.73959124262263,9,observed,opendata,"building_density,dist_stream_m,elevation_m,flow_accum_proxy,impervious_frac,slope_deg",event_raster,production,0,0,heavy,0.986122033570738,0.9465308580706355,0.9465308580706355,1
892a100d2a7ffff,0.9807134715443706,0.7893562591271409,0.5174281532803537,102.49024822695036,1.0,113.35386601824062,65.13085222057768,40.0,-73.97452361980322,40.737008197739414,9,observed,opendata,"building_density,dist_stream_m,elevation_m,flow_accum_proxy,impervious_frac,slope_deg",event_raster,production,0,0,heavy,0.08643773925174388,0.972527545440071,0.972527545440071,1
892a100d2abffff,8.566205889091895,0.780882514091768,0.5765698538606084,21.454946996466433,1.0,1209.0426320833733,653.8960684238609,40.0,-73.98103893168508,40.73947590550561,9,observed,opendata,"building_density,dist_stream_m,elevation_m,flow_accum_proxy,impervious_frac,slope_deg",event_raster,production,0,0,heavy,0.860860692372991,0.9368912596586437,0.9368912596586437,1
892a100d2afffff,4.456356149193243,0.7479806258904595,0.7418303156126265,85.96719858156028,1.0,661.2290025268504,375.79832370162484,40.0,-73.97879835349616,40.73689294279598,9,observed,opendata,"building_density,dist_stream_m,elevation_m,flow_accum_proxy,impervious_frac,slope_deg",event_raster,production,0,0,heavy,1.0050449746849455,0.9840178846183744,0.9840178846183744,1
892a100d2b3ffff,4.7459736974102205,0.7524935029381145,1.3542759952819452,50.00265486725664,1.0,415.58951777937176,230.44783218415913,40.0,-73.97472933772691,40.74228959359751,9,observed,opendata,"building_density,dist_stream_m,elevation_m,flow_accum_proxy,impervious_frac,slope_deg",event_raster,production,0,0,heavy,0.8599178948551414,0.9794118808333055,0.9794118808333055,1
892a100d2b7ffff,0.4733200674942577,0.408769081810286,0.39625872512754573,17.273291925465838,0.0,66.11989545174349,3.926838669706643,40.0,-73.97248898339517,40.739706421798246,9,observed,opendata,"building_density,dist_stream_m,elevation_m,flow_accum_proxy,impervious_frac,slope_deg",event_raster,production,0,0,heavy,-0.024778890637551034,0.1281461164043443,0.1281461164043443,0
892a100d2bbffff,9.50822014888902,0.7417094053632923,0.3525986636405608,9.99734278122232,1.0,1681.2437167749674,586.8958393699756,40.0,-73.97900455236277,40.74217433224768,9,observed,opendata,"building_density,dist_stream_m,elevation_m,flow_accum_proxy,impervious_frac,slope_deg",event_raster,production,0,0,heavy,0.9886497931114875,0.9657463514909908,0.9657463514909908,1
892a100d2c3ffff,12.497188469196887,0.8180809853770209,0.47100020741634335,60.326241134751776,1.0,443.85457562007167,1531.3393159951747,40.0,-73.99000374878119,40.74980820333916,9,observed,opendata,"building_density,dist_stream_m,elevation_m,flow_accum_proxy,impervious_frac,slope_deg",event_raster,production,0,0,heavy,0.9904953201700345,0.9812845680478114,0.9812845680478114,1
892a100d2c7ffff,13.313176553930253,0.7772917157775211,0.3511992797212697,37.63572060123784,1.0,1048.305869617177,1428.2859869671115,40.0,-73.98776216878585,40.74722506187607,9,observed,opendata,"building_density,dist_stream_m,elevation_m,flow_accum_proxy,impervious_frac,slope_deg",event_raster,production,0,0,heavy,1.0176290800123637,0.9868627331874598,0.9868627331874598,1
892a100d2cbffff,9.850798211899479,0.8231508452280433,0.5050499744433086,110.2424778761062,1.0,953.8124678665314,1256.508365667982,40.0,-73.99427966126574,40.749692379309224,9,observed,opendata,"building_density,dist_stream_m,elevation_m,flow_accum_proxy,impervious_frac,slope_deg",event_raster,production,0,0,heavy,1.0095355161519166,0.9888625008293517,0.9888625008293517,1
892a100d2cfffff,11.001076699144948,0.7814383401033211,0.4878055801662795,72.09620476610768,1.0,1378.848878919033,1583.1508415342098,40.0,-73.99203784414127,40.74710932011937,9,observed,opendata,"building_density,dist_stream_m,elevation_m,flow_accum_proxy,impervious_frac,slope_deg",event_raster,production,0,0,heavy,1.0379682460737476,0.9912683215122181,0.9912683215122181,1
892a100d2d3ffff,15.342403719638114,0.7389229855950589,0.8534401915275766,22.339522546419097,1.0,670.4713495470615,1584.1083071809362,40.0,-73.98796942281288,40.75250713772061,9,observed,opendata,"building_density,dist_stream_m,elevation_m,flow_accum_proxy,impervious_frac,slope_deg",event_raster,production,0,0,heavy,0.9789522148501155,0.9801733869778266,0.9801733869778266,1
892a100d2d7ffff,16.714672955369526,0.7223252578382998,1.2815157337130698,19.675221238938054,1.0,1142.6926658239488,1414.4818386663335,40.0,-73.98572782944613,40.74992386935104,9,observed,opendata,"building_density,dist_stream_m,elevation_m,flow_accum_proxy,impervious_frac,slope_deg",event_raster,production,0,0,heavy,0.9713533089053836,0.9811503351150753,0.9811503351150753,1
892a100d2dbffff,11.560635549876928,0.7550748357547665,0.3972029725550707,19.67431597528685,1.0,642.1397641095709,1264.0846322824943,40.0,-73.99224557931602,40.75239138943488,9,observed,opendata,"building_density,dist_stream_m,elevation_m,flow_accum_proxy,impervious_frac,slope_deg",event_raster,production,0,0,heavy,0.9704439150037153,0.9678010072256593,0.9678010072256593,1
892a100d303ffff,0.33006215737380973,0.21603966704284186,0.3201423058466008,12.504638218923933,0.0,28.345554843976227,31.682309172678675,40.0,-73.97187275909451,40.72386379865436,9,observed,opendata,"building_density,dist_stream_m,elevation_m,flow_accum_proxy,impervious_frac,slope_deg",event_raster,production,0,0,heavy,0.005463299459454715,0.017388674002585165,0.017388674002585165,0
892a100d30bffff,3.070555277812628,0.7373875516747671,0.36311733965126297,12.447971781305114,1.0,963.7461166542417,323.0559720806563,40.0,-73.9761462942413,40.723748638631584,9,observed,opendata,"building_density,dist_stream_m,elevation_m,flow_accum_proxy,impervious_frac,slope_deg",event_raster,production,0,0,heavy,0.9608465761158732,0.9616717336228554,0.9616717336228554,1
892a100d30fffff,1.018254448630795,0.34075038655669415,0.49561539350429545,34.141082519964506,0.0,66.14282420338893,83.30375447073753,40.0,-73.97390674374046,40.72116610888531,9,observed,opendata,"building_density,dist_stream_m,elevation_m,flow_accum_proxy,impervious_frac,slope_deg",event_raster,production,0,0,heavy,0.009819272957591845,0.04864827144996785,0.04864827144996785,0
892a100d31bffff,1.9389970005977408,0.8121149652399142,0.49387122405949896,14.87688219663419,1.0,245.64890448835345,205.5519253146131,40.0,-73.97411232282563,40.72644645532815,9,observed,opendata,"building_density,dist_stream_m,elevation_m,flow_accum_proxy,impervious_frac,slope_deg",event_raster,production,0,0,heavy,0.23594775973052365,0.35138581484038245,0.35138581484038245,0
892a100d32bffff,0.10926882264773695,0.13018721912098352,0.13627310751167976,63.3114463176575,0.0,0.0,72.3900309775283,40.0,-73.9737012109036,40.715886112357865,9,observed,opendata,"building_density,dist_stream_m,elevation_m,flow_accum_proxy,impervious_frac,slope_deg",event_raster,production,0,0,heavy,-0.044463079348287374,0.006481892288797525,0.006481892288797525,0
892a100d32fffff,0.0,0.05989910423352652,0.0,1.0,0.0,0.0,119.73072320516047,40.0,-73.97146217393056,40.713303799242574,9,observed,opendata,"building_density,dist_stream_m,elevation_m,flow_accum_proxy,impervious_frac,slope_deg",event_raster,production,0,0,heavy,0.005463299459454715,0.00996135907793228,0.00996135907793228,0
892a100d33bffff,0.004580221421793894,0.002873535865689686,0.019600106969984515,2.241080038572806,0.0,0.0,82.87500725416488,40.0,-73.97166744341928,40.71858362397663,9,observed,opendata,"building_density,dist_stream_m,elevation_m,flow_accum_proxy,impervious_frac,slope_deg",event_raster,production,0,0,heavy,0.005463299459454715,0.00996135907793228,0.00996135907793228,0
892a100d343ffff,5.5866502148523765,0.577020722082668,0.4508326297277065,160.69169611307422,1.0,1398.301200903703,126.79580135580306,40.0,-73.98265986037387,40.72621581321689,9,observed,opendata,"building_density,dist_stream_m,elevation_m,flow_accum_proxy,impervious_frac,slope_deg",event_raster,production,0,0,heavy,0.13943446581619032,0.9725886671119797,0.9725886671119797,1
892a100d347ffff,4.644717354000196,0.8011106262718986,0.39232210838752396,68.01330967169477,1.0,1483.408924758386,378.6853043033939,40.0,-73.98041982269943,40.723633320786945,9,observed,opendata,"building_density,dist_stream_m,elevation_m,flow_accum_proxy,impervious_frac,slope_deg",event_raster,production,0,0,heavy,1.021814182745241,0.987280659801836,0.987280659801836,1
892a100d34bffff,9.015767370252668,0.724463825411337,0.6106587097799746,91.2316534040672,1.0,2059.654053282634,459.79442047179947,40.0,-73.98693361902893,40.72610025540042,9,observed,opendata,"building_density,dist_stream_m,elevation_m,flow_accum_proxy,impervious_frac,slope_deg",event_raster,production,0,0,heavy,1.034228953569934,0.9743641080025798,0.9743641080025798,1
892a100d34fffff,7.623786851803391,0.7876910353087702,0.6167541903103995,42.08074534161491,1.0,1549.5437875207735,469.5322296464453,40.0,-73.98469334442134,40.72351784512154,9,observed,opendata,"building_density,dist_stream_m,elevation_m,flow_accum_proxy,impervious_frac,slope_deg",event_raster,production,0,0,heavy,1.0064218152918836,0.9667563376632714,0.9667563376632714,1
892a100d353ffff,4.521780591095443,0.7922351027484489,0.3845147181005604,163.48849557522124,1.0,2248.5108413934995,200.38229868338775,40.0,-73.98062614592236,40.728913832547754,9,observed,opendata,"building_density,dist_stream_m,elevation_m,flow_accum_proxy,impervious_frac,slope_deg",event_raster,production,0,0,heavy,0.9504606669959352,0.9889519690767752,0.9889519690767752,1
892a100d357ffff,3.1141942793432333,0.7748897211839376,0.36680282423164756,204.97249334516414,1.0,1625.0573574649106,257.9424139814967,40.0,-73.9783860949569,40.726331213193134,9,observed,opendata,"building_density,dist_stream_m,elevation_m,flow_accum_proxy,impervious_frac,slope_deg",event_raster,production,0,0,heavy,0.9777067897390612,0.9889519690767752,0.9889519690767752,1
892a100d35bffff,7.43764604587098,0.7497775448087897,0.5960472149587672,67.59272404614019,1.0,2626.4043840731415,338.56530135478437,40.0,-73.98490014831133,40.72879835041982,9,observed,opendata,"building_density,dist_stream_m,elevation_m,flow_accum_proxy,impervious_frac,slope_deg",event_raster,production,0,0,heavy,1.031213246824686,0.9800096608543373,0.9800096608543373,1
892a100d363ffff,4.558396402247309,0.6824059780445793,0.47961942054258583,96.99378881987577,1.0,151.19047579843632,124.81542844448423,40.0,-73.98021354589461,40.718353158911775,9,observed,opendata,"building_density,dist_stream_m,elevation_m,flow_accum_proxy,impervious_frac,slope_deg",event_raster,production,0,0,heavy,0.1206073627709021,0.9695641887062979,0.9695641887062979,1
892a100d367ffff,2.7580655020776312,0.7045963334762702,0.7061705600249228,44.11957484499557,1.0,103.94877229180514,271.0012512079337,40.0,-73.9779740219053,40.71577088302538,9,observed,opendata,"building_density,dist_stream_m,elevation_m,flow_accum_proxy,impervious_frac,slope_deg",event_raster,production,0,0,heavy,0.8519197183702589,0.9723235454748012,0.9723235454748012,1
892a100d36bffff,7.702208926068976,0.8444553578259252,0.5499126501777705,51.695035460992905,1.0,1152.824113120977,321.97051753564216,40.0,-73.98448658705743,40.718237689707394,9,observed,opendata,"building_density,dist_stream_m,elevation_m,flow_accum_proxy,impervious_frac,slope_deg",event_raster,production,0,0,heavy,0.936260529649419,0.9519861307918035,0.9519861307918035,1
892a100d36fffff,7.427478178349197,0.768602399019046,0.9244821037088553,29.728155339805824,1.0,321.29529383217175,452.59705991548077,40.0,-73.98224682620025,40.71565549593136,9,observed,opendata,"building_density,dist_stream_m,elevation_m,flow_accum_proxy,impervious_frac,slope_deg",event_raster,production,0,0,heavy,0.9766128870151619,0.942231931622361,0.942231931622361,1
892a100d373ffff,3.7008108685141226,0.7542084921134902,0.34596466896700795,113.31532329495128,1.0,774.8137351400688,236.93944341847532,40.0,-73.97818003525298,40.72105087315231,9,observed,opendata,"building_density,dist_stream_m,elevation_m,flow_accum_proxy,impervious_frac,slope_deg",event_raster,production,0,0,heavy,0.1348600784296634,0.9878375638455944,0.9878375638455944,1
892a100d377ffff,1.6780312110335243,0.6493918068358154,0.5231083692133742,225.40106007067138,1.0,113.39317906931772,191.99453178886296,40.0,-73.97594049799939,40.718468470335196,9,observed,opendata,"building_density,dist_stream_m,elevation_m,flow_accum_proxy,impervious_frac,slope_deg",event_raster,production,0,0,heavy,0.056455920272645475,0.9611159370313255,0.9611159370313255,1
892a100d37bffff,6.074471894135438,0.8143881015933307,0.4704754439240941,124.49955869373345,1.0,1511.8273893730152,160.89249243065294,40.0,-73.98245332005494,40.7209354796179,9,observed,opendata,"building_density,dist_stream_m,elevation_m,flow_accum_proxy,impervious_frac,slope_deg",event_raster,production,0,0,heavy,0.856156773304888,0.9771961358539322,0.9771961358539322,1
892a100d3c3ffff,0.6128655131696951,0.5629919689043797,0.3475679819685786,57.40832595217006,1.0,56.682569958746576,67.15467832874194,40.0,-73.97431794817466,40.73172715163123,9,observed,opendata,"building_density,dist_stream_m,elevation_m,flow_accum_proxy,impervious_frac,slope_deg",event_raster,production,0,0,heavy,-0.007599614790919755,0.8944746966093515,0.8944746966093515,1
892a100d3c7ffff,0.75195627715678,0.5162018981679098,0.5022142332503705,4.554659498207886,1.0,75.58062667460685,54.20087971626806,40.0,-73.97207812097184,40.72914432322064,9,observed,opendata,"building_density,dist_stream_m,elevation_m,flow_accum_proxy,impervious_frac,slope_deg",event_raster,production,0,0,heavy,0.010985646846722576,0.08958246301361543,0.08958246301361543,0
892a100d3cbffff,3.4916955958886424,0.5565334221291923,0.5258604157352109,77.14653641207815,1.0,113.36481717867224,426.1363964337621,40.0,-73.97859220103275,40.73161190309274,9,observed,opendata,"building_density,dist_stream_m,elevation_m,flow_accum_proxy,impervious_frac,slope_deg",event_raster,production,0,0,heavy,0.040743596310380374,0.10089974792720688,0.10089974792720688,0
892a100d3cfffff,2.3551216452420283,0.7707773270430388,0.4281572353019259,53.17724867724868,1.0,368.4545043532385,352.6820235979495,40.0,-73.97635213679334,40.72902915681503,9,observed,opendata,"building_density,dist_stream_m,elevation_m,flow_accum_proxy,impervious_frac,slope_deg",event_raster,production,0,0,heavy,0.9469322572928992,0.9665730663000265,0.9665730663000265,1
892a100d3d3ffff,0.015260853109045734,0.10776475645644683,0.05527591807185672,22.217198581560282,0.0,18.89327738137942,101.55067860390115,40.0,-73.97228352906686,40.73442519762032,9,observed,opendata,"building_density,dist_stream_m,elevation_m,flow_accum_proxy,impervious_frac,slope_deg",event_raster,production,0,0,heavy,-0.02717626151027667,0.00985366665034998,0.00985366665034998,0
892a100d3d7ffff,0.0,0.0,0.0,1.0,0.0,0.0,256.8315589246832,40.0,-73.970043688646,40.7318422422876,9,observed,opendata,"building_density,dist_stream_m,elevation_m,flow_accum_proxy,impervious_frac,slope_deg",event_raster,production,0,0,heavy,-0.010773116523379577,0.01203570028551516,0.01203570028551516,0
892a100d3dbffff,1.9969931639230714,0.6234106497292805,0.5685779020953726,159.25706713780917,1.0,188.9322350168775,198.297405774136,40.0,-73.97655802567105,40.73431002483043,9,observed,opendata,"building_density,dist_stream_m,elevation_m,flow_accum_proxy,impervious_frac,slope_deg",event_raster,production,0,0,heavy,0.1814550868072405,0.9644706454421073,0.9644706454421073,1
892a100d607ffff,14.020338530513827,0.7112487444664513,1.0015001963969716,39.16536312849162,1.0,302.15768155156775,1181.8050972687192,40.0,-73.97107010462192,40.75825100161534,9,observed,opendata,"building_density,dist_stream_m,elevation_m,flow_accum_proxy,impervious_frac,slope_deg",event_raster,production,0,0,heavy,1.0544611127684302,0.9857666115002458,0.9857666115002458,1
892a100d60fffff,19.72242390804879,0.6652081506892973,1.0943608169557757,7.185022026431718,1.0,500.44723006896095,1297.4573450630585,40.0,-73.97534676942504,40.75813587911897,9,observed,opendata,"building_density,dist_stream_m,elevation_m,flow_accum_proxy,impervious_frac,slope_deg",event_raster,production,0,0,heavy,0.9438126962510405,0.9845278818220571,0.9845278818220571,1
892a100d623ffff,13.148497154090345,0.7602584077149666,1.6915548537659133,59.038140643623365,1.0,831.016192876088,615.09545667201,40.0,-73.97086472899026,40.752968550468005,9,observed,opendata,"building_density,dist_stream_m,elevation_m,flow_accum_proxy,impervious_frac,slope_deg",event_raster,production,0,0,heavy,1.0037432945725022,0.9836768199546209,0.9836768199546209,1
892a100d62bffff,14.418228563653216,0.7967663634716151,1.2384826880358653,23.111013215859032,1.0,481.6102811513987,828.7974963164916,40.0,-73.97514091252218,40.752853434342555,9,observed,opendata,"building_density,dist_stream_m,elevation_m,flow_accum_proxy,impervious_frac,slope_deg",event_raster,production,0,0,heavy,0.9089102748825509,0.9717712814387046,0.9717712814387046,1
892a100d62fffff,13.633146318983524,0.8289348363400774,1.4104762458876567,13.285460992907801,1.0,424.97197105742754,494.5046670478846,40.0,-73.97290003081406,40.750269919268,9,observed,opendata,"building_density,dist_stream_m,elevation_m,flow_accum_proxy,impervious_frac,slope_deg",event_raster,production,0,0,heavy,0.9310623678154678,0.9750089229656129,0.9750089229656129,1
892a100d63bffff,14.483056847085344,0.7337768375345156,1.0713072652195363,33.341312056737586,1.0,377.71532593222224,955.3486590692062,40.0,-73.97310562393588,40.75555219244933,9,observed,opendata,"building_density,dist_stream_m,elevation_m,flow_accum_proxy,impervious_frac,slope_deg",event_raster,production,0,0,heavy,0.9897704016029868,0.9791473980750125,0.9791473980750125,1
892a100d663ffff,19.63950660685365,0.7479781486876539,0.5656640960901502,11.427184466019417,1.0,708.2122024914353,1508.333708766853,40.0,-73.98165845885663,40.75532163770499,9,observed,opendata,"building_density,dist_stream_m,elevation_m,flow_accum_proxy,impervious_frac,slope_deg",event_raster,production,0,0,heavy,1.0002874193820481,0.9695585087059491,0.9695585087059491,1
892a100d667ffff,19.985027186526356,0.7309804871823536,1.0679178349056098,22.732506643046943,1.0,481.60890969299186,1165.371035657946,40.0,-73.97941708936834,40.7527381601755,9,observed,opendata,"building_density,dist_stream_m,elevation_m,flow_accum_proxy,impervious_frac,slope_deg",event_raster,production,0,0,heavy,0.9882422415642457,0.9827393285247595,0.9827393285247595,1
892a100d66bffff,17.500070471557024,0.6932226776760516,0.6726049114180075,28.52608311229001,1.0,443.8117227518402,1549.1988918332822,40.0,-73.98593486620214,40.75520612324228,9,observed,opendata,"building_density,dist_stream_m,elevation_m,flow_accum_proxy,impervious_frac,slope_deg",event_raster,production,0,0,heavy,0.9955788731541451,0.9785844737248225,0.9785844737248225,1
892a100d66fffff,20.715400095527055,0.6178529678071116,0.7742615862227712,14.50709219858156,1.0,802.6792381051476,1419.70567322729,40.0,-73.98369325948109,40.752622727967825,9,observed,opendata,"building_density,dist_stream_m,elevation_m,flow_accum_proxy,impervious_frac,slope_deg",event_raster,production,0,0,heavy,0.04420528644651921,0.03352224833488431,0.03352224833488431,0
892a100d673ffff,19.184934780107323,0.7011803364288722,0.7275533722837436,21.55496453900709,1.0,745.9475204764619,1493.3051554951953,40.0,-73.97962342753863,40.75802059854109,9,observed,opendata,"building_density,dist_stream_m,elevation_m,flow_accum_proxy,impervious_frac,slope_deg",event_raster,production,0,0,heavy,0.9849849825756348,0.980184523849095,0.980184523849095,1
892a100d677ffff,18.53936629797061,0.7161777546509086,0.582510963887082,11.568523430592396,1.0,500.47137923878313,1158.6451562707825,40.0,-73.97738204475199,40.75543699410768,9,observed,opendata,"building_density,dist_stream_m,elevation_m,flow_accum_proxy,impervious_frac,slope_deg",event_raster,production,0,0,heavy,1.0127407048055517,0.9734821654457987,0.9734821654457987,1
892a100d67bffff,16.20414668031755,0.7075797802942396,0.6977731895301191,93.25817860300619,1.0,613.7525470184872,1590.4461105287528,40.0,-73.98390007891497,40.757905159882704,9,observed,opendata,"building_density,dist_stream_m,elevation_m,flow_accum_proxy,impervious_frac,slope_deg",event_raster,production,0,0,heavy,0.9216170567760765,0.9863524820585813,0.9863524820585813,1
892a100de4bffff,0.024937975428425272,0.15310505929116933,0.0563516867531057,1.3495762711864407,0.0,9.451339942259848,0.0,40.0,-73.97125695061276,40.70802432450722,9,observed,opendata,"building_density,dist_stream_m,elevation_m,flow_accum_proxy,impervious_frac,slope_deg",event_raster,production,0,0,heavy,0.005463299459454715,0.00996135907793228,0.00996135907793228,0
892a10720b7ffff,-1.1900991245511503,0.00018630719034623262,0.0006145217988354039,1.026827012025902,0.0,0.0,149.35651737919665,40.0,-74.0181130416704,40.75697595984327,9,observed,opendata,"building_density,dist_stream_m,elevation_m,flow_accum_proxy,impervious_frac,slope_deg",event_raster,production,0,0,heavy,0.005463299459454715,0.00996135907793228,0.00996135907793228,0
892a1072103ffff,-1.2399753847266048,0.0,0.00023242917916710228,1.0275066548358474,0.0,0.0,43.666089717683846,40.0,-74.01748117571599,40.741129871987226,9,observed,opendata,"building_density,dist_stream_m,elevation_m,flow_accum_proxy,impervious_frac,slope_deg",event_raster,production,0,0,heavy,0.005463299459454715,0.00996135907793228,0.00996135907793228,0
892a1072107ffff,-1.244210231430539,0.0,0.001968905035169407,1.1139575971731448,0.0,0.0,276.3955847946114,40.0,-74.0152384511325,40.73854752280379,9,observed,opendata,"building_density,dist_stream_m,elevation_m,flow_accum_proxy,impervious_frac,slope_deg",event_raster,production,0,0,heavy,0.028043661908568673,0.01203570028551516,0.01203570028551516,0
892a107210fffff,-1.245603721388455,0.0,0.0024840236519431246,1.1420689655172414,0.0,0.0,70.55081157722066,40.0,-74.01951335948576,40.73843076426119,9,observed,opendata,"building_density,dist_stream_m,elevation_m,flow_accum_proxy,impervious_frac,slope_deg",event_raster,production,0,0,heavy,0.005463299459454715,0.00996135907793228,0.00996135907793228,0
892a1072113ffff,-1.2310538851249386,0.0,0.0020333318153320824,1.102112676056338,0.0,0.0,157.89230281875084,40.0,-74.01544876152556,40.74382903103832,9,observed,opendata,"building_density,dist_stream_m,elevation_m,flow_accum_proxy,impervious_frac,slope_deg",event_raster,production,0,0,heavy,0.005463299459454715,0.00996135907793228,0.00996135907793228,0
892a1072117ffff,-1.1877672159961894,0.04511516691964383,0.18150142565476748,1.120353982300885,0.0,9.44497754143648,69.75746297148929,40.0,-74.01320602332508,40.741246554946805,9,observed,opendata,"building_density,dist_stream_m,elevation_m,flow_accum_proxy,impervious_frac,slope_deg",event_raster,production,0,0,heavy,0.005463299459454715,0.00996135907793228,0.00996135907793228,0
892a107211bffff,-1.2316763050842865,0.0,0.00202297376694875,1.1385083713850837,0.0,0.0,196.78179905057013,40.0,-74.01972415083898,40.74371226570976,9,observed,opendata,"building_density,dist_stream_m,elevation_m,flow_accum_proxy,impervious_frac,slope_deg",event_raster,production,0,0,heavy,0.005463299459454715,0.00996135907793228,0.00996135907793228,0
892a1072123ffff,-1.1687535791666106,0.000900871208065346,0.3894691946386747,1.1725663716814159,0.0,0.0,85.56397640721428,40.0,-74.01502818806925,40.73326636427724,9,observed,opendata,"building_density,dist_stream_m,elevation_m,flow_accum_proxy,impervious_frac,slope_deg",event_raster,production,0,0,heavy,0.005463299459454715,0.017388674002585165,0.017388674002585165,0
892a1072127ffff,0.317415078061613,0.41555844345398874,1.1515371945328723,2.019503546099291,0.0,28.340568616711487,10.769277976547698,40.0,-74.01278597804964,40.73068423115304,9,observed,opendata,"building_density,dist_stream_m,elevation_m,flow_accum_proxy,impervious_frac,slope_deg",event_raster,production,0,0,heavy,0.04412449926585035,0.11570023322437792,0.11570023322437792,0
892a107212bffff,-1.2623415277333616,0.0,0.0019051260698506435,1.1153358681875791,0.0,0.0,55.68654828373531,40.0,-74.01930261557044,40.733149612519036,9,observed,opendata,"building_density,dist_stream_m,elevation_m,flow_accum_proxy,impervious_frac,slope_deg",event_raster,production,0,0,heavy,0.005463299459454715,0.00996135907793228,0.00996135907793228,0
892a107212fffff,-1.2719176585760563,0.0,0.0020710156741099955,1.1103265666372462,0.0,0.0,281.9912208068408,40.0,-74.01706016873243,40.73056756172238,9,observed,opendata,"building_density,dist_stream_m,elevation_m,flow_accum_proxy,impervious_frac,slope_deg",event_raster,production,0,0,heavy,0.028043661908568673,0.01203570028551516,0.01203570028551516,0
892a1072133ffff,-1.2547325967474188,0.011688449909020519,0.014539379470053638,1.2198581560283688,0.0,0.0,201.69411041138994,40.0,-74.01299597705345,40.73596521818175,9,observed,opendata,"building_density,dist_stream_m,elevation_m,flow_accum_proxy,impervious_frac,slope_deg",event_raster,production,0,0,heavy,0.005463299459454715,0.00996135907793228,0.00996135907793228,0
892a1072137ffff,1.174219126347863,0.5746522394854691,2.5183943415297168,2.621693121693122,1.0,425.0879774447582,5.37697386660939,40.0,-74.01075375344374,40.73338295814338,9,observed,opendata,"building_density,dist_stream_m,elevation_m,flow_accum_proxy,impervious_frac,slope_deg",event_raster,production,0,0,heavy,0.8775914114972152,0.9735386079596884,0.9735386079596884,1
892a107213bffff,-1.2532459888838035,0.0,0.0019723898133642112,1.1141592920353982,0.0,0.0,169.89203746611597,40.0,-74.01727064853625,40.735848541987394,9,observed,opendata,"building_density,dist_stream_m,elevation_m,flow_accum_proxy,impervious_frac,slope_deg",event_raster,production,0,0,heavy,0.005463299459454715,0.00996135907793228,0.00996135907793228,0
892a1072183ffff,1.092882147249922,0.7522775878816721,2.5900390582813637,3.022968197879859,1.0,122.77284279812328,20.558985472725286,40.0,-74.00914047636303,40.74664477312714,9,observed,opendata,"building_density,dist_stream_m,elevation_m,flow_accum_proxy,impervious_frac,slope_deg",event_raster,production,0,0,heavy,0.17372466459510272,0.9644132301968285,0.9644132301968285,1
892a1072187ffff,2.865856484433288,0.8612008066278733,1.6096148432023738,5.015057573073516,1.0,453.3382727626233,166.45323368612412,40.0,-74.0068979615497,40.74406208777896,9,observed,opendata,"building_density,dist_stream_m,elevation_m,flow_accum_proxy,impervious_frac,slope_deg",event_raster,production,0,0,heavy,0.9814275132420307,0.9679312307148529,0.9679312307148529,1
892a107218bffff,-1.145717832484408,0.025607253999365923,0.2881564678893018,1.1799645390070923,0.0,0.0,157.60838712812293,40.0,-74.0134161168805,40.74652824139304,9,observed,opendata,"building_density,dist_stream_m,elevation_m,flow_accum_proxy,impervious_frac,slope_deg",event_raster,production,0,0,heavy,0.005463299459454715,0.00996135907793228,0.00996135907793228,0
892a107218fffff,-0.7697109869887343,0.21370887603029706,1.2654111865971782,1.5761061946902655,0.0,9.444521136991822,11.135642759976284,40.0,-74.01117336507996,40.74394563839507,9,observed,opendata,"building_density,dist_stream_m,elevation_m,flow_accum_proxy,impervious_frac,slope_deg",event_raster,production,0,0,heavy,0.04049110875914033,0.02308779251622819,0.02308779251622819,0
892a1072193ffff,2.4733190099759055,0.8853500230424272,1.8663179345042886,5.219663418954827,1.0,254.97743280222926,192.81507905427813,40.0,-74.00710735714024,40.7493439591216,9,observed,opendata,"building_density,dist_stream_m,elevation_m,flow_accum_proxy,impervious_frac,slope_deg",event_raster,production,0,0,heavy,0.9402573579826778,0.9511422957269944,0.9511422957269944,1
892a1072197ffff,2.7614139460066744,0.7942082141744258,2.312438773104936,3.7453580901856762,1.0,1539.386847311681,387.0105599950392,40.0,-74.00486482878279,40.74676114686789,9,observed,opendata,"building_density,dist_stream_m,elevation_m,flow_accum_proxy,impervious_frac,slope_deg",event_raster,production,0,0,heavy,0.8917369202026272,0.9735174127710405,0.9735174127710405,1
892a107219bffff,-0.6537524258770736,0.15740812760982117,1.3625826412477078,1.398936170212766,0.0,0.0,32.52877152924296,40.0,-74.01138324174666,40.74922750302998,9,observed,opendata,"building_density,dist_stream_m,elevation_m,flow_accum_proxy,impervious_frac,slope_deg",event_raster,production,0,0,heavy,0.042414915711005585,0.02308779251622819,0.02308779251622819,0
892a10721a3ffff,4.316668988278149,0.810046624022384,1.8137974072890093,3.891843971631206,1.0,1926.8792213874592,316.72234136691196,40.0,-74.00668861308876,40.73878056609214,9,observed,opendata,"building_density,dist_stream_m,elevation_m,flow_accum_proxy,impervious_frac,slope_deg",event_raster,production,0,0,heavy,0.9905921350553369,0.9817320185099925,0.9817320185099925,1
892a10721a7ffff,7.052639007568359,0.6748227885903766,2.454879452465389,3.2634361233480176,1.0,3202.1835414914995,521.7561786592265,40.0,-74.00444661282785,40.736198096831764,9,observed,opendata,"building_density,dist_stream_m,elevation_m,flow_accum_proxy,impervious_frac,slope_deg",event_raster,production,0,0,heavy,1.0036958597618177,0.9683949227708054,0.9683949227708054,1
892a10721abffff,0.3745056632132155,0.4531976388452958,1.5648322338357759,2.828470380194518,1.0,85.00914149665785,30.192978640630226,40.0,-74.01096353565099,40.73866412341445,9,observed,opendata,"building_density,dist_stream_m,elevation_m,flow_accum_proxy,impervious_frac,slope_deg",event_raster,production,0,0,heavy,0.8250855832340062,0.8895907831314538,0.8895907831314538,1
892a10721afffff,3.490323402506515,0.7717079916091334,2.565414321656771,3.836734693877551,1.0,1492.458976622331,162.56907783617552,40.0,-74.00872129846812,40.73608173646356,9,observed,opendata,"building_density,dist_stream_m,elevation_m,flow_accum_proxy,impervious_frac,slope_deg",event_raster,production,0,0,heavy,0.190301145906968,0.9809779136655565,0.9809779136655565,1
892a10721b3ffff,4.6818460955493775,0.8373537887298063,1.7626045273354334,4.843171806167401,1.0,906.7228768061028,392.89882762041617,40.0,-74.00465569727152,40.74147944700771,9,observed,opendata,"building_density,dist_stream_m,elevation_m,flow_accum_proxy,impervious_frac,slope_deg",event_raster,production,0,0,heavy,0.9662122736521261,0.9674406827264018,0.9674406827264018,1
892a10721b7ffff,6.6616377350283384,0.7675786899219282,2.2682631296537874,4.209405501330967,1.0,2144.1313790759446,628.2887068966103,40.0,-74.0024136834934,40.73889685083574,9,observed,opendata,"building_density,dist_stream_m,elevation_m,flow_accum_proxy,impervious_frac,slope_deg",event_raster,production,0,0,heavy,0.977320194846302,0.9496011615626663,0.9496011615626663,1
892a10721bbffff,1.6251960534597876,0.737339020209349,1.6491843103812782,3.8576480990274096,1.0,198.34507788339744,46.99043715979457,40.0,-74.00893086382774,40.74136307995401,9,observed,opendata,"building_density,dist_stream_m,elevation_m,flow_accum_proxy,impervious_frac,slope_deg",event_raster,production,0,0,heavy,0.9319779370015844,0.9534516929920824,0.9534516929920824,1
892a10721c3ffff,-1.213900610373008,0.0,0.0019426175712066777,1.1192504258943783,0.0,0.0,171.19462277188163,40.0,-74.01993498964616,40.74899411680954,9,observed,opendata,"building_density,dist_stream_m,elevation_m,flow_accum_proxy,impervious_frac,slope_deg",event_raster,production,0,0,heavy,0.005463299459454715,0.00996135907793228,0.00996135907793228,0
892a10721c7ffff,-1.2224848367729966,0.0,0.0019776401595074516,1.1144631765749777,0.0,0.0,82.55348248343721,40.0,-74.01769175028757,40.746411551666675,9,observed,opendata,"building_density,dist_stream_m,elevation_m,flow_accum_proxy,impervious_frac,slope_deg",event_raster,production,0,0,heavy,0.005463299459454715,0.00996135907793228,0.00996135907793228,0
892a10721d3ffff,-1.2042193791408131,0.0,0.002366620247679832,1.1352313167259787,0.0,0.0,210.92578207751475,40.0,-74.01790237226705,40.75169358097044,9,observed,opendata,"building_density,dist_stream_m,elevation_m,flow_accum_proxy,impervious_frac,slope_deg",event_raster,production,0,0,heavy,0.005463299459454715,0.01203570028551516,0.01203570028551516,0
892a10721d7ffff,-1.211878742114394,0.0,0.0020796632177818423,1.1130742049469964,0.0,0.0,31.68414717354232,40.0,-74.0156591192645,40.74911088892559,9,observed,opendata,"building_density,dist_stream_m,elevation_m,flow_accum_proxy,impervious_frac,slope_deg",event_raster,production,0,0,heavy,0.005463299459454715,0.00996135907793228,0.00996135907793228,0
892a1072507ffff,6.045594998179598,0.8499440136266515,2.9966599605614253,7.914007092198582,1.0,151.0758493684931,327.30121004922245,40.0,-74.00100661609572,40.757441824465054,9,observed,opendata,"building_density,dist_stream_m,elevation_m,flow_accum_proxy,impervious_frac,slope_deg",event_raster,production,0,0,heavy,0.9139100866734253,0.8965184967539969,0.8965184967539969,1
892a107250bffff,-0.5307645952319742,0.16158879308081148,1.08944669455451,1.6339434276206324,0.0,0.0,76.08523843317637,40.0,-74.0075262897737,40.759908750553265,9,observed,opendata,"building_density,dist_stream_m,elevation_m,flow_accum_proxy,impervious_frac,slope_deg",event_raster,production,0,0,heavy,0.04049110875914033,0.02308779251622819,0.02308779251622819,0
892a107250fffff,1.0902016293216192,0.5698518082603741,1.3910092545596053,5.543439716312057,1.0,18.884428478775728,4.22137800358911,40.0,-74.00528323307157,40.757325595419836,9,observed,opendata,"building_density,dist_stream_m,elevation_m,flow_accum_proxy,impervious_frac,slope_deg",event_raster,production,0,0,heavy,-0.0016546762714412236,0.0776034956094226,0.0776034956094226,0
892a1072523ffff,5.199998814186596,0.8566568510752197,2.6714907944242055,12.481382978723405,1.0,217.19311375770351,679.0165030648308,40.0,-74.00079787164594,40.75215941875203,9,observed,opendata,"building_density,dist_stream_m,elevation_m,flow_accum_proxy,impervious_frac,slope_deg",event_raster,production,0,0,heavy,0.1306976325419559,0.9320751726621043,0.9320751726621043,1
892a1072527ffff,8.02425549040807,0.7638562701609691,0.6979674466733825,21.63964757709251,1.0,557.17601771214,952.3438837705331,40.0,-73.99855556685219,40.74957639726228,9,observed,opendata,"building_density,dist_stream_m,elevation_m,flow_accum_proxy,impervious_frac,slope_deg",event_raster,production,0,0,heavy,0.36446867448603637,0.29910775535754863,0.29910775535754863,0
892a107252bffff,2.9207114511300656,0.8889311911048248,1.0453565587628668,5.62621789193977,1.0,273.8514228478726,278.96931947887134,40.0,-74.00507400737747,40.75204319635703,9,observed,opendata,"building_density,dist_stream_m,elevation_m,flow_accum_proxy,impervious_frac,slope_deg",event_raster,production,0,0,heavy,0.9236088770178097,0.9711458641963557,0.9711458641963557,1
892a107252fffff,3.8310768727292124,0.8015977727650754,1.5455372068379403,8.916961130742049,1.0,916.0325876624108,545.1570060063358,40.0,-74.00283146549287,40.749460257199395,9,observed,opendata,"building_density,dist_stream_m,elevation_m,flow_accum_proxy,impervious_frac,slope_deg",event_raster,production,0,0,heavy,0.9397862551858273,0.9619037304124891,0.9619037304124891,1
892a1072533ffff,10.129730641472982,0.8491542145122373,2.8983374806787987,7.006189213085765,1.0,406.03708434312045,605.1242342959185,40.0,-73.99876404720786,40.75485863150437,9,observed,opendata,"building_density,dist_stream_m,elevation_m,flow_accum_proxy,impervious_frac,slope_deg",event_raster,production,0,0,heavy,0.05579691581716227,0.04974028395585214,0.04974028395585214,0
892a1072537ffff,11.283054737334556,0.8598460360621729,1.0457082915470777,4.88563829787234,1.0,254.96654301127882,930.0209004306128,40.0,-73.9965217289429,40.75227548311166,9,observed,opendata,"building_density,dist_stream_m,elevation_m,flow_accum_proxy,impervious_frac,slope_deg",event_raster,production,0,0,heavy,0.8981205272287623,0.959254811811519,0.959254811811519,1
892a107253bffff,4.1104191180630405,0.8329470946400176,3.8011720850187793,3.756828193832599,1.0,84.9842684980743,335.25454090656655,40.0,-74.0030404270407,40.754742484811985,9,observed,opendata,"building_density,dist_stream_m,elevation_m,flow_accum_proxy,impervious_frac,slope_deg",event_raster,production,0,0,heavy,0.05269204800396518,0.9665417245992705,0.9665417245992705,1
892a1072547ffff,-1.178356056747261,0.0,0.005834826107068699,1.2239263803680982,0.0,0.0,41.20677778398168,40.0,-74.01180313685693,40.759792281041555,9,observed,opendata,"building_density,dist_stream_m,elevation_m,flow_accum_proxy,impervious_frac,slope_deg",event_raster,production,0,0,heavy,0.005463299459454715,0.00996135907793228,0.00996135907793228,0
892a107254fffff,-1.1820311440099585,0.0,0.00828597985025343,1.2461103253182462,0.0,0.0,187.35326562693288,40.0,-74.01607997684373,40.75967565343729,9,observed,opendata,"building_density,dist_stream_m,elevation_m,flow_accum_proxy,impervious_frac,slope_deg",event_raster,production,0,0,heavy,0.005463299459454715,0.00996135907793228,0.00996135907793228,0
892a1072563ffff,-1.1932794187508575,0.0,0.002330564154317794,1.0904255319148937,0.0,0.0,210.35436320837707,40.0,-74.01159316566697,40.75450971726391,9,observed,opendata,"building_density,dist_stream_m,elevation_m,flow_accum_proxy,impervious_frac,slope_deg",event_raster,production,0,0,heavy,0.005463299459454715,0.01203570028551516,0.01203570028551516,0
892a1072567ffff,-0.1242853432969997,0.30214329224147896,1.713032453055758,2.137323943661972,0.0,28.32937876710304,25.86806382199868,40.0,-74.00935013608994,40.7519268159277,9,observed,opendata,"building_density,dist_stream_m,elevation_m,flow_accum_proxy,impervious_frac,slope_deg",event_raster,production,0,0,heavy,0.07930136834297075,0.9013167717188835,0.9013167717188835,1
892a107256bffff,-1.197653658516639,0.0,0.0022105233863292805,1.1300884955752213,0.0,0.0,101.09264310461722,40.0,-74.01586952436521,40.75439309641035,9,observed,opendata,"building_density,dist_stream_m,elevation_m,flow_accum_proxy,impervious_frac,slope_deg",event_raster,production,0,0,heavy,0.005463299459454715,0.00996135907793228,0.00996135907793228,0
892a107256fffff,-1.202068374009259,0.0,0.002294001286845259,1.165486725663717,0.0,0.0,143.05380611955823,40.0,-74.01362625773565,40.751810277465154,9,observed,opendata,"building_density,dist_stream_m,elevation_m,flow_accum_proxy,impervious_frac,slope_deg",event_raster,production,0,0,heavy,0.005463299459454715,0.00996135907793228,0.00996135907793228,0
892a1072573ffff,-1.1855190468381593,0.0008654120737408918,0.006012507600381819,1.1888790820829656,0.0,0.0,220.25367725192532,40.0,-74.00955984302436,40.75720920830043,9,observed,opendata,"building_density,dist_stream_m,elevation_m,flow_accum_proxy,impervious_frac,slope_deg",event_raster,production,0,0,heavy,0.005463299459454715,0.01203570028551516,0.01203570028551516,0
892a1072577ffff,0.41871985534486256,0.47677183611410157,1.0049308597834974,2.652212389380531,1.0,84.98403178741441,2.8995916915417252,40.0,-74.00731679987626,40.754626180064804,9,observed,opendata,"building_density,dist_stream_m,elevation_m,flow_accum_proxy,impervious_frac,slope_deg",event_raster,production,0,0,heavy,0.8979857400291867,0.8895907831314538,0.8895907831314538,1
892a107257bffff,-1.189888697209712,0.0,0.000943831426861561,1.0353356890459364,0.0,0.0,8.750160908497161,40.0,-74.01383644590652,40.757092663107876,9,observed,opendata,"building_density,dist_stream_m,elevation_m,flow_accum_proxy,impervious_frac,slope_deg",event_raster,production,0,0,heavy,0.005463299459454715,0.00996135907793228,0.00996135907793228,0
892a10725a3ffff,10.626325219948386,0.844935259419916,0.5170646494820649,33.6784140969163,1.0,915.9024743471946,936.4764291618751,40.0,-73.99245336126558,40.75767380832861,9,observed,opendata,"building_density,dist_stream_m,elevation_m,flow_accum_proxy,impervious_frac,slope_deg",event_raster,production,0,0,heavy,0.9193129219092933,0.9729114060785792,0.9729114060785792,1
892a10725a7ffff,12.918522387479259,0.696655504260443,0.7987916742772919,21.715929203539822,1.0,878.1781631297371,1255.002407483092,40.0,-73.99021126674094,40.75509045072057,9,observed,opendata,"building_density,dist_stream_m,elevation_m,flow_accum_proxy,impervious_frac,slope_deg",event_raster,production,0,0,heavy,0.9800959310712865,0.9811503351150753,0.9811503351150753,1
892a10725abffff,8.673706055529225,0.8608100384815751,1.3114629014434633,8.457193292144748,1.0,377.69068089618656,646.937488000279,40.0,-73.99672999214451,40.75755789543499,9,observed,opendata,"building_density,dist_stream_m,elevation_m,flow_accum_proxy,impervious_frac,slope_deg",event_raster,production,0,0,heavy,0.2286266808321258,0.9534536901164177,0.9534536901164177,1
892a10725afffff,11.274232937869401,0.7877245025892401,1.2989620250874203,8.009743135518157,1.0,1048.1451805492734,964.903622431071,40.0,-73.99448766042539,40.75497462014091,9,observed,opendata,"building_density,dist_stream_m,elevation_m,flow_accum_proxy,impervious_frac,slope_deg",event_raster,production,0,0,heavy,0.34319478690953387,0.965871268758704,0.965871268758704,1
892a10725b7ffff,13.950070532501167,0.7507218808886853,0.6422752661775823,69.50709219858156,1.0,538.2122495894911,1254.3272853787505,40.0,-73.98817672350651,40.75778956314487,9,observed,opendata,"building_density,dist_stream_m,elevation_m,flow_accum_proxy,impervious_frac,slope_deg",event_raster,production,0,0,heavy,0.9932321996311463,0.9847489204253046,0.9847489204253046,1
892a1072803ffff,2.65648701923633,0.5302437733657009,2.270665179584076,5.706927175843695,1.0,85.06378881931099,132.49470306552908,40.0,-74.01600847979246,40.70416790835038,9,observed,opendata,"building_density,dist_stream_m,elevation_m,flow_accum_proxy,impervious_frac,slope_deg",event_raster,production,0,0,heavy,0.18292855371841893,0.19047281790825,0.19047281790825,0
892a1072807ffff,1.6114078660584474,0.5819010166048398,2.046023086208541,5.128456735057984,1.0,151.2322517556073,82.9711950327538,40.0,-74.01376760272268,40.70158676007536,9,observed,opendata,"building_density,dist_stream_m,elevation_m,flow_accum_proxy,impervious_frac,slope_deg",event_raster,production,0,0,heavy,0.12361333580083428,0.26098841731502337,0.26098841731502337,0
892a107280fffff,-1.3370467938745398,0.028975524272422386,0.5123472929279798,1.525974025974026,0.0,0.0,0.0,40.0,-74.01803914737917,40.70147004899095,9,observed,opendata,"building_density,dist_stream_m,elevation_m,flow_accum_proxy,impervious_frac,slope_deg",event_raster,production,0,0,heavy,0.005463299459454715,0.017388674002585165,0.017388674002585165,0
892a1072813ffff,4.757909091482039,0.6756658137056186,2.907952293813123,6.783496007098492,1.0,368.59190874237,371.57158043151173,40.0,-74.01397758214198,40.706865819195635,9,observed,opendata,"building_density,dist_stream_m,elevation_m,flow_accum_proxy,impervious_frac,slope_deg",event_raster,production,0,0,heavy,0.12275650040500632,0.1698672648249219,0.1698672648249219,0
892a1072817ffff,3.2313881373032927,0.6825446705638835,1.721366807106322,10.882300884955752,1.0,708.8668630260737,319.636147017686,40.0,-74.01173669148999,40.70428454398579,9,observed,opendata,"building_density,dist_stream_m,elevation_m,flow_accum_proxy,impervious_frac,slope_deg",event_raster,production,0,0,heavy,0.9524392009043895,0.9646309656178877,0.9646309656178877,1
892a107281bffff,2.023151150882589,0.42096411184423616,2.024363885360469,4.380907372400756,0.0,103.96153400976152,31.79459052098667,40.0,-74.0182496070028,40.70674910133614,9,observed,opendata,"building_density,dist_stream_m,elevation_m,flow_accum_proxy,impervious_frac,slope_deg",event_raster,production,0,0,heavy,0.8625091625654357,0.8506134820873337,0.8506134820873337,1
892a1072883ffff,8.922210955027992,0.7588398242567448,2.3353083899825915,7.2322695035460995,1.0,1030.1201246945654,596.7256724895851,40.0,-74.0076741787482,40.70968026618339,9,observed,opendata,"building_density,dist_stream_m,elevation_m,flow_accum_proxy,impervious_frac,slope_deg",event_raster,production,0,0,heavy,0.8760803753840412,0.903858898010526,0.903858898010526,1
892a1072887ffff,2.9274467377666884,0.8042919578754976,1.461862499947743,9.070859167404784,1.0,774.9924081772632,245.3926512359821,40.0,-74.00543351115385,40.70709878183493,9,observed,opendata,"building_density,dist_stream_m,elevation_m,flow_accum_proxy,impervious_frac,slope_deg",event_raster,production,0,0,heavy,0.2008585329368619,0.9682882302385254,0.9682882302385254,1
892a107288bffff,6.8140680247396626,0.6931798278706746,2.661106989432097,5.9602824360105915,1.0,453.62962432025563,495.7444451679159,40.0,-74.01194645439377,40.70956378150536,9,observed,opendata,"building_density,dist_stream_m,elevation_m,flow_accum_proxy,impervious_frac,slope_deg",event_raster,production,0,0,heavy,0.8563611506181011,0.9280800084860332,0.9280800084860332,1
892a107288fffff,7.188058330153064,0.7173866428712756,2.4025649552963024,9.579928952042629,1.0,359.1418270052105,462.2629199953974,40.0,-74.00970555017649,40.70698237936226,9,observed,opendata,"building_density,dist_stream_m,elevation_m,flow_accum_proxy,impervious_frac,slope_deg",event_raster,production,0,0,heavy,0.9208822328013665,0.9317846059951024,0.9317846059951024,1
892a1072893ffff,11.262848785343053,0.7263321208279286,1.9915120704881815,6.039787798408488,1.0,151.20297726530683,775.6966395657986,40.0,-74.0056425771711,40.71237820442782,9,observed,opendata,"building_density,dist_stream_m,elevation_m,flow_accum_proxy,impervious_frac,slope_deg",event_raster,production,0,0,heavy,0.9389981894585635,0.9644907076984708,0.9644907076984708,1
892a1072897ffff,5.569709723511486,0.8555565739565707,2.273207934655857,8.308510638297872,1.0,207.91473139928178,385.0671092458108,40.0,-74.00340189606727,40.70979659314705,9,observed,opendata,"building_density,dist_stream_m,elevation_m,flow_accum_proxy,impervious_frac,slope_deg",event_raster,production,0,0,heavy,0.2465414431739651,0.3904200655326168,0.3904200655326168,0
892a107289bffff,7.712624753620608,0.7764448562359556,2.7475653704031244,9.71808510638298,1.0,292.95495570921935,558.5752571064745,40.0,-74.0099150965138,40.712261795258144,9,observed,opendata,"building_density,dist_stream_m,elevation_m,flow_accum_proxy,impervious_frac,slope_deg",event_raster,production,0,0,heavy,0.907283317859349,0.932640734823385,0.932640734823385,1
892a10728a3ffff,-1.5726857119047322,0.0784251398554947,0.2898379599521831,1.0292812777284828,0.0,0.0,73.32015581890238,40.0,-74.00522449215495,40.701819709283896,9,observed,opendata,"building_density,dist_stream_m,elevation_m,flow_accum_proxy,impervious_frac,slope_deg",event_raster,production,0,0,heavy,0.005463299459454715,0.00996135907793228,0.00996135907793228,0
892a10728abffff,0.22196179265842278,0.3718145575104554,2.5820669820276025,2.298136645962733,0.0,56.71225117899963,0.8446074586065945,40.0,-74.00949605096544,40.701703313506684,9,observed,opendata,"building_density,dist_stream_m,elevation_m,flow_accum_proxy,impervious_frac,slope_deg",event_raster,production,0,0,heavy,0.05880854186549694,0.9496317051763479,0.9496317051763479,1
892a10728b3ffff,-0.4870497256223221,0.49567284006766543,2.1712579597957524,1.9165927240461402,1.0,94.51610611127171,10.516055068376316,40.0,-74.00319309369571,40.704517342235015,9,observed,opendata,"building_density,dist_stream_m,elevation_m,flow_accum_proxy,impervious_frac,slope_deg",event_raster,production,0,0,heavy,0.8497754833493187,0.9144959586341579,0.9144959586341579,1
892a10728b7ffff,-0.9806179591639616,0.0,0.3161091028360746,1.127208480565371,0.0,0.0,59.22258075877662,40.0,-74.00095292633873,40.701935947405886,9,observed,opendata,"building_density,dist_stream_m,elevation_m,flow_accum_proxy,impervious_frac,slope_deg",event_raster,production,0,0,heavy,0.005463299459454715,0.017388674002585165,0.017388674002585165,0
892a10728bbffff,2.0601404048502445,0.7904088938592282,1.743971494628133,5.03716814159292,1.0,274.095946063168,110.18259960725099,40.0,-74.00746489610857,40.70440102194768,9,observed,opendata,"building_density,dist_stream_m,elevation_m,flow_accum_proxy,impervious_frac,slope_deg",event_raster,production,0,0,heavy,0.9015094995918531,0.9536596900452216,0.9536596900452216,1
892a10728c3ffff,0.05904686971246076,0.13796571541451375,1.5677625111651512,1.9663699307616223,0.0,37.800430795959656,44.073493873982315,40.0,-74.01846011396843,40.71202850371857,9,observed,opendata,"building_density,dist_stream_m,elevation_m,flow_accum_proxy,impervious_frac,slope_deg",event_raster,production,0,0,heavy,0.06922296596347649,0.02308779251622819,0.02308779251622819,0
892a10728c7ffff,3.484364738167258,0.7194522560013007,1.499252905388228,4.744454303460515,1.0,170.11063964782056,190.96972244844167,40.0,-74.01621872295645,40.70944713911398,9,observed,opendata,"building_density,dist_stream_m,elevation_m,flow_accum_proxy,impervious_frac,slope_deg",event_raster,production,0,0,heavy,0.9434745901876409,0.9464158308938097,0.9464158308938097,1
892a10728d3ffff,2.481532600551573,0.49582678128805785,1.8735272491190325,4.082373782108061,1.0,47.24825197747762,84.5729345003708,40.0,-74.01642901341648,40.71472671988807,9,observed,opendata,"building_density,dist_stream_m,elevation_m,flow_accum_proxy,impervious_frac,slope_deg",event_raster,production,0,0,heavy,0.060828225912894954,0.055080569130717696,0.055080569130717696,0
892a10728d7ffff,2.931888463690626,0.677911390200363,4.601608386528282,4.339539007092198,1.0,85.05120361476024,210.19531560553798,40.0,-74.01418760879541,40.712145228354714,9,observed,opendata,"building_density,dist_stream_m,elevation_m,flow_accum_proxy,impervious_frac,slope_deg",event_raster,production,0,0,heavy,0.9171552048239484,0.9553413724863609,0.9553413724863609,1
892a1072c03ffff,4.2932088043778505,0.8583850078548946,2.5051607393613415,6.816489361702128,1.0,1861.321324349496,865.4100382560167,40.0,-74.00178736299634,40.72305436427269,9,observed,opendata,"building_density,dist_stream_m,elevation_m,flow_accum_proxy,impervious_frac,slope_deg",event_raster,production,0,0,heavy,0.8868907930915355,0.9754583213487932,0.9754583213487932,1
892a1072c07ffff,6.605340302726368,0.8410216737571427,1.4467327309742806,28.275132275132275,1.0,1285.0388219512045,564.5032169882154,40.0,-73.99954639120696,40.72047232748709,9,observed,opendata,"building_density,dist_stream_m,elevation_m,flow_accum_proxy,impervious_frac,slope_deg",event_raster,production,0,0,heavy,0.8993669347118998,0.9518611605368106,0.9518611605368106,1
892a1072c0bffff,3.1183968083867177,0.8373021402333735,1.585640136642026,6.713780918727915,1.0,500.76018033234686,519.9946338886438,40.0,-74.00606085032426,40.72293809951893,9,observed,opendata,"building_density,dist_stream_m,elevation_m,flow_accum_proxy,impervious_frac,slope_deg",event_raster,production,0,0,heavy,0.972352550961854,0.9565296975676291,0.9565296975676291,1
892a1072c0fffff,3.224952309280006,0.8600292421593112,2.251709377186533,5.191659272404614,1.0,1691.3331441810053,751.8577441382932,40.0,-74.00381964174338,40.72035614496131,9,observed,opendata,"building_density,dist_stream_m,elevation_m,flow_accum_proxy,impervious_frac,slope_deg",event_raster,production,0,0,heavy,0.9658217770685189,0.9725912169444755,0.9725912169444755,1
892a1072c13ffff,7.151620798161465,0.8145879277168705,1.6993922348950463,41.68314210061783,1.0,1549.4514630051679,802.1002782832692,40.0,-73.99975485394748,40.725752634920234,9,observed,opendata,"building_density,dist_stream_m,elevation_m,flow_accum_proxy,impervious_frac,slope_deg",event_raster,production,0,0,heavy,0.2636110631381228,0.30305818414013136,0.30305818414013136,0
892a1072c17ffff,10.198771477168709,0.8244139280272672,0.7360372628220014,28.259094942324754,1.0,1473.943846881449,508.0108038763589,40.0,-73.99751386869457,40.723170471210885,9,observed,opendata,"building_density,dist_stream_m,elevation_m,flow_accum_proxy,impervious_frac,slope_deg",event_raster,production,0,0,heavy,0.9865590916061754,0.979791983274214,0.979791983274214,1
892a1072c1bffff,5.673303576802786,0.7975637626595202,2.378304749199774,4.083185840707965,1.0,1464.4165055665303,641.0700373127984,40.0,-74.00402858507962,40.72563644575339,9,observed,opendata,"building_density,dist_stream_m,elevation_m,flow_accum_proxy,impervious_frac,slope_deg",event_raster,production,0,0,heavy,0.3727012104070357,0.35924883087902587,0.35924883087902587,0
892a1072c23ffff,7.023031471539239,0.7878730083913744,2.118787463696774,12.99027409372237,1.0,2003.3481158573127,592.0702373556267,40.0,-73.99933797536255,40.7151923699604,9,observed,opendata,"building_density,dist_stream_m,elevation_m,flow_accum_proxy,impervious_frac,slope_deg",event_raster,production,0,0,heavy,0.9254615188154208,0.930971864346599,0.930971864346599,1
892a1072c27ffff,7.723999054774933,0.8048641631647706,1.4267959467682914,23.867673179396093,1.0,1738.8439366532136,424.4953379874368,40.0,-73.99709751749248,40.7126105495616,9,observed,opendata,"building_density,dist_stream_m,elevation_m,flow_accum_proxy,impervious_frac,slope_deg",event_raster,production,0,0,heavy,0.8962531659631457,0.9098337202593555,0.9098337202593555,1
892a1072c2bffff,7.50795755621968,0.7906457943231952,3.341884759629101,8.311446317657499,1.0,226.79349384865264,882.0539515260314,40.0,-74.0036107454112,40.71507619407416,9,observed,opendata,"building_density,dist_stream_m,elevation_m,flow_accum_proxy,impervious_frac,slope_deg",event_raster,production,0,0,heavy,0.9078364358160759,0.8853477645902162,0.8853477645902162,1
892a1072c2fffff,6.750803836903214,0.7820344690464239,2.8033311240968453,10.878761061946904,1.0,160.65361058257477,521.231579974247,40.0,-74.00137005081483,40.71249445586266,9,observed,opendata,"building_density,dist_stream_m,elevation_m,flow_accum_proxy,impervious_frac,slope_deg",event_raster,production,0,0,heavy,0.11735657451559904,0.18909110218496447,0.18909110218496447,0
892a1072c33ffff,9.364033672803254,0.8423395209219356,1.273028352695328,58.2058562555457,1.0,2182.7878929295894,318.50934319660433,40.0,-73.99730566967641,40.71789033541887,9,observed,opendata,"building_density,dist_stream_m,elevation_m,flow_accum_proxy,impervious_frac,slope_deg",event_raster,production,0,0,heavy,0.23628594313306445,0.13286825908554337,0.13286825908554337,0
892a1072c37ffff,12.519163254088005,0.84124259394882,0.4026752741117261,5.199115044247788,1.0,1115.074241468572,346.9968464519467,40.0,-73.99506519836963,40.715308388090286,9,observed,opendata,"building_density,dist_stream_m,elevation_m,flow_accum_proxy,impervious_frac,slope_deg",event_raster,production,0,0,heavy,0.9402518208421861,0.9576377154523281,0.9576377154523281,1
892a1072c3bffff,4.9859451791073415,0.8182168997401464,1.7353437766936404,23.279255319148938,1.0,963.8257276606362,678.3734528741107,40.0,-74.00157868343452,40.71777423510105,9,observed,opendata,"building_density,dist_stream_m,elevation_m,flow_accum_proxy,impervious_frac,slope_deg",event_raster,production,0,0,heavy,0.875255906932694,0.9388415919162321,0.9388415919162321,1
892a1072c43ffff,-0.34831464372636434,0.3682826093679828,0.9866996590748839,1.8385093167701863,0.0,56.686775955138536,73.91770815925591,40.0,-74.01257602629768,40.7254035939159,9,observed,opendata,"building_density,dist_stream_m,elevation_m,flow_accum_proxy,impervious_frac,slope_deg",event_raster,production,0,0,heavy,0.8744211600697384,0.8741116962462289,0.8741116962462289,1
892a1072c47ffff,2.547894026896777,0.8201735348302367,2.3564876728912667,5.242263483642794,1.0,699.1726514420853,163.92701914383704,40.0,-74.01033433063081,40.722821676950645,9,observed,opendata,"building_density,dist_stream_m,elevation_m,flow_accum_proxy,impervious_frac,slope_deg",event_raster,production,0,0,heavy,0.8548678565811278,0.9315303301156616,0.9315303301156616,1
892a1072c4bffff,-1.2900021594457947,0.0014763974890152297,5.702596368034891e-05,1.0008818342151675,0.0,0.0,187.8605396129888,40.0,-74.0168497362885,40.72528693124739,9,observed,opendata,"building_density,dist_stream_m,elevation_m,flow_accum_proxy,impervious_frac,slope_deg",event_raster,production,0,0,heavy,0.005463299459454715,0.00996135907793228,0.00996135907793228,0
892a1072c4fffff,-1.161287446890585,0.0447266003459497,0.4596328005417165,1.2608695652173914,0.0,0.0,140.3234588264029,40.0,-74.01460780386842,40.722705096568944,9,observed,opendata,"building_density,dist_stream_m,elevation_m,flow_accum_proxy,impervious_frac,slope_deg",event_raster,production,0,0,heavy,0.005463299459454715,0.017388674002585165,0.017388674002585165,0
892a1072c53ffff,1.9555521175107349,0.7633290490458058,1.1873713692365537,7.075971731448763,1.0,66.13137394165457,71.43709374848122,40.0,-74.01054401844232,40.728102142637056,9,observed,opendata,"building_density,dist_stream_m,elevation_m,flow_accum_proxy,impervious_frac,slope_deg",event_raster,production,0,0,heavy,0.097904548146462,0.9369430712608879,0.9369430712608879,1
892a1072c57ffff,3.514800943548076,0.8302934958778513,1.819967707911089,5.66607617360496,1.0,840.8561724537547,286.44378255906025,40.0,-74.00830230921224,40.725520098751595,9,observed,opendata,"building_density,dist_stream_m,elevation_m,flow_accum_proxy,impervious_frac,slope_deg",event_raster,production,0,0,heavy,0.9528421517955352,0.9629137474232814,0.9629137474232814,1
892a1072c5bffff,-0.8428097461656303,0.10984742635468382,0.5836362477393608,1.5066430469441985,0.0,9.447313010430442,57.501836315687896,40.0,-74.01481797231988,40.72798555551391,9,observed,opendata,"building_density,dist_stream_m,elevation_m,flow_accum_proxy,impervious_frac,slope_deg",event_raster,production,0,0,heavy,0.005463299459454715,0.017388674002585165,0.017388674002585165,0
892a1072c63ffff,4.2673741474430615,0.8219122340942316,2.0084490032737796,5.486702127659575,1.0,1266.1953883358035,274.052390492772,40.0,-74.01012468999328,40.717541561139306,9,observed,opendata,"building_density,dist_stream_m,elevation_m,flow_accum_proxy,impervious_frac,slope_deg",event_raster,production,0,0,heavy,0.9698205150805835,0.9629137474232814,0.9629137474232814,1
892a1072c67ffff,7.788459052950699,0.8413992756324843,3.907488061053994,5.588287488908607,1.0,1341.857776018282,584.0583609605297,40.0,-74.0078835084681,40.71495986043266,9,observed,opendata,"building_density,dist_stream_m,elevation_m,flow_accum_proxy,impervious_frac,slope_deg",event_raster,production,0,0,heavy,0.1433806739867686,0.17885566103526176,0.17885566103526176,0
892a1072c6bffff,3.2672228431684474,0.5787093077102237,2.1669509367091364,3.8172138420585626,1.0,170.08547742175398,112.32795731011394,40.0,-74.01439768269891,40.7174249874975,9,observed,opendata,"building_density,dist_stream_m,elevation_m,flow_accum_proxy,impervious_frac,slope_deg",event_raster,production,0,0,heavy,0.8953526360934406,0.9211757292198203,0.9211757292198203,1
892a1072c6fffff,3.136374092007357,0.831038793182331,1.5473093555192976,6.80847308031774,1.0,340.18835314908034,396.6534117043157,40.0,-74.01215626448567,40.714843369036934,9,observed,opendata,"building_density,dist_stream_m,elevation_m,flow_accum_proxy,impervious_frac,slope_deg",event_raster,production,0,0,heavy,0.9656717159333015,0.9565296975676291,0.9565296975676291,1
892a1072c73ffff,4.1967949382300285,0.8333007256824074,2.2879528788909984,4.73758865248227,1.0,982.6712743667451,401.6963379925279,40.0,-74.00809288528414,40.720239804640435,9,observed,opendata,"building_density,dist_stream_m,elevation_m,flow_accum_proxy,impervious_frac,slope_deg",event_raster,production,0,0,heavy,0.939991757294619,0.9656359348934298,0.9656359348934298,1
892a1072c77ffff,5.6662136831269905,0.8130936428668007,4.059397831749716,4.3236331569664905,1.0,1096.1124817738614,627.7431121446654,40.0,-74.00585169022261,40.71765797700752,9,observed,opendata,"building_density,dist_stream_m,elevation_m,flow_accum_proxy,impervious_frac,slope_deg",event_raster,production,0,0,heavy,0.9203006190828281,0.9393169662945984,0.9393169662945984,1
892a1072c7bffff,1.902728762075437,0.7126534563234278,2.3460006812533294,3.465486725663717,1.0,132.28230515907939,58.60282131263422,40.0,-74.0123661217817,40.72012330652548,9,observed,opendata,"building_density,dist_stream_m,elevation_m,flow_accum_proxy,impervious_frac,slope_deg",event_raster,production,0,0,heavy,0.8126673378684218,0.9492385463538325,0.9492385463538325,1
892a1072c83ffff,12.20279057820638,0.8469762852582982,0.36826044459105756,7.988536155202822,1.0,888.0597865889866,760.4716194680121,40.0,-73.9934481326791,40.72856691258618,9,observed,opendata,"building_density,dist_stream_m,elevation_m,flow_accum_proxy,impervious_frac,slope_deg",event_raster,production,0,0,heavy,0.16991272307721245,0.20065244054084727,0.20065244054084727,0
892a1072c87ffff,12.264326432371098,0.8152074481971304,0.3394230585807675,17.648624667258208,1.0,1842.3459111202997,462.0083717889443,40.0,-73.9912073708746,40.7259845397448,9,observed,opendata,"building_density,dist_stream_m,elevation_m,flow_accum_proxy,impervious_frac,slope_deg",event_raster,production,0,0,heavy,0.9793547209137472,0.972129566442607,0.972129566442607,1
892a1072c8bffff,9.429328278024146,0.7233460338138942,0.6734564154943887,23.265070921985817,1.0,651.8718455317455,889.9547766264144,40.0,-73.99772211456276,40.72845095688255,9,observed,opendata,"building_density,dist_stream_m,elevation_m,flow_accum_proxy,impervious_frac,slope_deg",event_raster,production,0,0,heavy,0.1130730199969547,0.1559378634696904,0.1559378634696904,0
892a1072c8fffff,12.246182042656216,0.8136129879148294,0.5038595598269768,6.734929078014185,1.0,935.3422204325949,546.3894731802176,40.0,-73.99548111586327,40.72586866625105,9,observed,opendata,"building_density,dist_stream_m,elevation_m,flow_accum_proxy,impervious_frac,slope_deg",event_raster,production,0,0,heavy,0.9177479267024342,0.9692573508001279,0.9692573508001279,1
892a1072c93ffff,11.8914575407541,0.8001684291022164,0.28935888200521487,12.048802129547472,1.0,557.372289524358,1047.304314254802,40.0,-73.99141491910795,40.73126521019487,9,observed,opendata,"building_density,dist_stream_m,elevation_m,flow_accum_proxy,impervious_frac,slope_deg",event_raster,production,0,0,heavy,0.9342710489212547,0.9498600550221367,0.9498600550221367,1
892a1072c97ffff,11.265525324998704,0.7905486662830926,0.5516243082743171,13.380530973451327,1.0,1738.334685341918,792.4269691745822,40.0,-73.98917414391278,40.72868271043228,9,observed,opendata,"building_density,dist_stream_m,elevation_m,flow_accum_proxy,impervious_frac,slope_deg",event_raster,production,0,0,heavy,0.9695259437900763,0.9731282256337562,0.9731282256337562,1
892a1072c9bffff,9.212313166746856,0.6809637688417384,0.6738186129335816,47.548758865248224,1.0,708.5221069563473,1086.0109406179224,40.0,-73.99568914480813,40.731149330138244,9,observed,opendata,"building_density,dist_stream_m,elevation_m,flow_accum_proxy,impervious_frac,slope_deg",event_raster,production,0,0,heavy,0.10111535189376177,0.153490835164347,0.153490835164347,0
892a1072ca3ffff,12.025030336659253,0.7556153704555244,0.2940276810476274,12.147293700088731,1.0,1247.2505554042689,84.38759287091854,40.0,-73.99099986933716,40.720704219149056,9,observed,opendata,"building_density,dist_stream_m,elevation_m,flow_accum_proxy,impervious_frac,slope_deg",event_raster,production,0,0,heavy,0.19402051145740415,0.19772318326609362,0.19772318326609362,0
892a1072ca7ffff,10.782664090079049,0.8328670469695182,0.45036635661576696,22.157243816254418,1.0,1115.0234541214368,424.7487831052609,40.0,-73.98875962144035,40.71812206272308,9,observed,opendata,"building_density,dist_stream_m,elevation_m,flow_accum_proxy,impervious_frac,slope_deg",event_raster,production,0,0,heavy,0.9899246548765711,0.9735439682988941,0.9735439682988941,1
892a1072cabffff,11.095445124420896,0.8427272178727615,0.6464392311204525,31.192205491585472,1.0,1974.8078338372445,271.5749827951448,40.0,-73.99527313372238,40.72058835221668,9,observed,opendata,"building_density,dist_stream_m,elevation_m,flow_accum_proxy,impervious_frac,slope_deg",event_raster,production,0,0,heavy,0.9491884491874039,0.9718437287393461,0.9718437287393461,1
892a1072cafffff,11.994016297095644,0.7322864742933122,0.3086950644923362,8.98141592920354,1.0,1719.7771002431211,28.509563069393256,40.0,-73.99303264899582,40.71800627795989,9,observed,opendata,"building_density,dist_stream_m,elevation_m,flow_accum_proxy,impervious_frac,slope_deg",event_raster,production,0,0,heavy,0.8993540128884849,0.9555661093679293,0.9555661093679293,1
892a1072cb3ffff,11.074704928946707,0.7586122503059101,0.48524120679471344,20.41061946902655,1.0,1294.4323151373221,277.6380400981097,40.0,-73.98896685935952,40.72340221163636,9,observed,opendata,"building_density,dist_stream_m,elevation_m,flow_accum_proxy,impervious_frac,slope_deg",event_raster,production,0,0,heavy,0.993963921842427,0.9773443352297968,0.9773443352297968,1
892a1072cb7ffff,9.339145336455218,0.8552463919953819,0.5276632916621131,68.20637732506643,1.0,1984.2678383655734,412.65343141128494,40.0,-73.98672659809884,40.72081992828314,9,observed,opendata,"building_density,dist_stream_m,elevation_m,flow_accum_proxy,impervious_frac,slope_deg",event_raster,production,0,0,heavy,0.9188817618123735,0.9583290383078035,0.9583290383078035,1
892a1072cbbffff,12.762222649455596,0.8024708801208086,0.2504956266935874,5.0767872903795235,1.0,1558.9834393275216,203.18904967793998,40.0,-73.99324036746646,40.72328642033247,9,observed,opendata,"building_density,dist_stream_m,elevation_m,flow_accum_proxy,impervious_frac,slope_deg",event_raster,production,0,0,heavy,0.07659327066615974,0.1097820403907298,0.1097820403907298,0
892a1072cc3ffff,5.021779360649129,0.7604603626406098,2.5240160441790547,3.646072374227714,1.0,3108.032940700978,579.8930242748081,40.0,-74.00423757543585,40.73091709639526,9,observed,opendata,"building_density,dist_stream_m,elevation_m,flow_accum_proxy,impervious_frac,slope_deg",event_raster,production,0,0,heavy,0.9741849113580748,0.9767470589025506,0.9767470589025506,1
892a1072cc7ffff,6.335099465458105,0.7716762523384805,2.2285172477734427,6.5186170212765955,1.0,2154.0052973235956,790.8201105957855,40.0,-74.00199608951623,40.72833484332245,9,observed,opendata,"building_density,dist_stream_m,elevation_m,flow_accum_proxy,impervious_frac,slope_deg",event_raster,production,0,0,heavy,0.927454562087569,0.930971864346599,0.930971864346599,1
892a1072ccbffff,3.949927084623499,0.8564808873842794,1.44184564673573,6.4361702127659575,1.0,793.5381194635655,221.09262357104407,40.0,-74.00851178026825,40.730800742711025,9,observed,opendata,"building_density,dist_stream_m,elevation_m,flow_accum_proxy,impervious_frac,slope_deg",event_raster,production,0,0,heavy,0.19194124689612405,0.9747606461411529,0.9747606461411529,1
892a1072ccfffff,4.811616908458611,0.8262339234880054,1.5041684174202417,5.20903454384411,1.0,632.973478406772,430.5909900985706,40.0,-74.00627005749193,40.728218571906936,9,observed,opendata,"building_density,dist_stream_m,elevation_m,flow_accum_proxy,impervious_frac,slope_deg",event_raster,production,0,0,heavy,0.9526607755335693,0.9227006462101831,0.9227006462101831,1
892a1072cd3ffff,6.292136560113138,0.7342474236952051,2.4087331836363286,4.962699822380107,1.0,2833.9356052100884,718.4712811740419,40.0,-74.00220486300994,40.73361567219517,9,observed,opendata,"building_density,dist_stream_m,elevation_m,flow_accum_proxy,impervious_frac,slope_deg",event_raster,production,0,0,heavy,0.9186419013967395,0.958260179676571,0.958260179676571,1
892a1072cd7ffff,6.3454502793588405,0.6991286779566283,0.9856376070306059,25.62367491166078,1.0,1681.554427289882,947.1117436838457,40.0,-73.99996336359993,40.731033292204685,9,observed,opendata,"building_density,dist_stream_m,elevation_m,flow_accum_proxy,impervious_frac,slope_deg",event_raster,production,0,0,heavy,0.8900281481979746,0.9295465593992008,0.9295465593992008,1
892a1072cdbffff,6.107823018486618,0.7611381993596013,2.269893973649658,3.374113475177305,1.0,2115.9993596437303,358.16223754499634,40.0,-74.00647931174146,40.733499394116386,9,observed,opendata,"building_density,dist_stream_m,elevation_m,flow_accum_proxy,impervious_frac,slope_deg",event_raster,production,0,0,heavy,0.9910748756237157,0.9627351785067019,0.9627351785067019,1
892a1072d03ffff,1.590340914608345,0.5288758778914862,1.0591224808821564,16.853463587921848,1.0,283.5514972507295,28.185187013682967,40.0,-73.98610581467901,40.70498104661735,9,observed,opendata,"building_density,dist_stream_m,elevation_m,flow_accum_proxy,impervious_frac,slope_deg",event_raster,production,0,0,heavy,0.1615647062973597,0.9478027228266246,0.9478027228266246,1
892a1072d07ffff,10.762117116586536,0.8415288269414124,1.5970599489907424,10.291666666666666,1.0,756.1760431552476,344.00014565133773,40.0,-73.98386659396525,40.702399323320684,9,observed,opendata,"building_density,dist_stream_m,elevation_m,flow_accum_proxy,impervious_frac,slope_deg",event_raster,production,0,0,heavy,0.8923636697807839,0.952343500916884,0.952343500916884,1
892a1072d0bffff,0.7995113048904113,0.35536513017165533,0.7994096866960058,18.744454303460515,0.0,75.61351958333834,6.467186353529706,40.0,-73.99037764474299,40.70486535703891,9,observed,opendata,"building_density,dist_stream_m,elevation_m,flow_accum_proxy,impervious_frac,slope_deg",event_raster,production,0,0,heavy,0.8873949598959487,0.9394433515236147,0.9394433515236147,1
892a1072d0fffff,7.928156178783886,0.8402945085450888,2.3063534880822787,24.872679045092838,1.0,472.6086933262805,262.5052892034647,40.0,-73.98813818732994,40.70228371583007,9,observed,opendata,"building_density,dist_stream_m,elevation_m,flow_accum_proxy,impervious_frac,slope_deg",event_raster,production,0,0,heavy,0.17350226349249182,0.2083366962953793,0.2083366962953793,0
892a1072d13ffff,0.0,6.206303259953394e-05,0.0,1.0,0.0,0.0,22.319315130246963,40.0,-73.98407321184507,40.7076784287519,9,observed,opendata,"building_density,dist_stream_m,elevation_m,flow_accum_proxy,impervious_frac,slope_deg",event_raster,production,0,0,heavy,0.005463299459454715,0.00996135907793228,0.00996135907793228,0
892a1072d17ffff,2.8913749688511006,0.6059435164123214,1.7026199507535296,16.142477876106195,1.0,160.6796359791323,83.96133395857375,40.0,-73.98183397782091,40.705096578515935,9,observed,opendata,"building_density,dist_stream_m,elevation_m,flow_accum_proxy,impervious_frac,slope_deg",event_raster,production,0,0,heavy,0.043254922241937034,0.148359870056755,0.148359870056755,0
892a1072d1bffff,0.0026818050874574868,0.02727092446126052,0.012100506389831183,1.245583038869258,0.0,0.0,14.319801715645696,40.0,-73.98834528544128,40.707562814764856,9,observed,opendata,"building_density,dist_stream_m,elevation_m,flow_accum_proxy,impervious_frac,slope_deg",event_raster,production,0,0,heavy,0.005463299459454715,0.00996135907793228,0.00996135907793228,0
892a1072d43ffff,0.015154459671701303,0.12421828627330582,0.05606836178538136,7.1154529307282415,0.0,0.0,156.69860851364638,40.0,-73.996889412127,40.70733111369416,9,observed,opendata,"building_density,dist_stream_m,elevation_m,flow_accum_proxy,impervious_frac,slope_deg",event_raster,production,0,0,heavy,0.005463299459454715,0.00996135907793228,0.00996135907793228,0
892a1072d47ffff,0.2163803129431478,0.24624487726967223,0.31083533356238874,6.186948853615521,0.0,47.25831705796459,50.62651721548443,40.0,-73.99464946796543,40.70474950978168,9,observed,opendata,"building_density,dist_stream_m,elevation_m,flow_accum_proxy,impervious_frac,slope_deg",event_raster,production,0,0,heavy,0.005463299459454715,0.017388674002585165,0.017388674002585165,0
892a1072d4bffff,1.1078865746912683,0.6908184865397582,1.4778256314607159,6.647214854111406,1.0,746.6411058066457,40.62466400841475,40.0,-74.00116146512151,40.70721502661259,9,observed,opendata,"building_density,dist_stream_m,elevation_m,flow_accum_proxy,impervious_frac,slope_deg",event_raster,production,0,0,heavy,0.8214689750297077,0.9578302599289513,0.9578302599289513,1
892a1072d4fffff,-0.08578551888530687,0.011900022013993816,0.3114103926546263,1.0887311446317658,0.0,0.0,64.25735544530582,40.0,-73.99892128429882,40.704633504846704,9,observed,opendata,"building_density,dist_stream_m,elevation_m,flow_accum_proxy,impervious_frac,slope_deg",event_raster,production,0,0,heavy,0.005463299459454715,0.017388674002585165,0.017388674002585165,0
892a1072d53ffff,2.026568944043881,0.6616443984805617,1.112668475074511,34.433362753751105,1.0,189.01444815554976,105.05332840609599,40.0,-73.99485730978921,40.710028773926915,9,observed,opendata,"building_density,dist_stream_m,elevation_m,flow_accum_proxy,impervious_frac,slope_deg",event_raster,production,0,0,heavy,0.8558366609831423,0.955014637666878,0.955014637666878,1
892a1072d57ffff,0.0,0.06334868669555467,0.0,1.0,0.0,0.0,50.94144212509955,40.0,-73.99261735221776,40.707447043078595,9,observed,opendata,"building_density,dist_stream_m,elevation_m,flow_accum_proxy,impervious_frac,slope_deg",event_raster,production,0,0,heavy,0.005463299459454715,0.00996135907793228,0.00996135907793228,0
892a1072d5bffff,3.007810039511809,0.7162455200145008,1.1601749286055565,36.18173758865248,1.0,122.85904751982092,183.70001333626666,40.0,-73.99912960639843,40.70991276239524,9,observed,opendata,"building_density,dist_stream_m,elevation_m,flow_accum_proxy,impervious_frac,slope_deg",event_raster,production,0,0,heavy,0.21798005847957325,0.9666970882085338,0.9666970882085338,1
892a1072d73ffff,7.979015965762401,0.8276944767624193,2.748658584579693,20.119005328596803,1.0,510.41595335410136,220.51159674141527,40.0,-73.99240977387873,40.702167950680035,9,observed,opendata,"building_density,dist_stream_m,elevation_m,flow_accum_proxy,impervious_frac,slope_deg",event_raster,production,0,0,heavy,0.8722146168421541,0.928992448077969,0.928992448077969,1
892a1072d7bffff,1.6326398657788805,0.6059491303951844,1.8325589559671047,9.464951197870452,1.0,132.32969110110287,62.765209040522976,40.0,-73.99668135356416,40.70205202787161,9,observed,opendata,"building_density,dist_stream_m,elevation_m,flow_accum_proxy,impervious_frac,slope_deg",event_raster,production,0,0,heavy,0.23060818364383923,0.1872611963513648,0.1872611963513648,0
892a1072d83ffff,0.47218252622192036,0.1810392372847796,0.4486168528633956,11.403011514614704,0.0,0.0,15.828964964168959,40.0,-73.97776805489825,40.710491242867484,9,observed,opendata,"building_density,dist_stream_m,elevation_m,flow_accum_proxy,impervious_frac,slope_deg",event_raster,production,0,0,heavy,0.005463299459454715,0.017388674002585165,0.017388674002585165,0
892a1072d87ffff,0.0076270794464078084,0.014895152899480372,0.021092172924914224,1.1107174490699734,0.0,0.0,80.57095141993915,40.0,-73.97552904438331,40.70790918362411,9,observed,opendata,"building_density,dist_stream_m,elevation_m,flow_accum_proxy,impervious_frac,slope_deg",event_raster,production,0,0,heavy,0.005463299459454715,0.00996135907793228,0.00996135907793228,0
892a1072d8bffff,1.5947693510775254,0.5778949076529456,1.086461727734273,22.517241379310345,1.0,94.50802286404497,68.84494370755897,40.0,-73.98204037879412,40.71037586221235,9,observed,opendata,"building_density,dist_stream_m,elevation_m,flow_accum_proxy,impervious_frac,slope_deg",event_raster,production,0,0,heavy,0.15713677082263278,0.8947613784280138,0.8947613784280138,1
892a1072d8fffff,0.0,0.0,0.0,1.0,0.0,0.0,58.97590798237414,40.0,-73.97980113147659,40.70779388503865,9,observed,opendata,"building_density,dist_stream_m,elevation_m,flow_accum_proxy,impervious_frac,slope_deg",event_raster,production,0,0,heavy,0.005463299459454715,0.00996135907793228,0.00996135907793228,0
892a1072d93ffff,0.5813135728721128,0.316011393353378,0.45281462617861357,6.780530973451327,0.0,18.900744283751173,7.805407211748667,40.0,-73.9757347480519,40.713188651981014,9,observed,opendata,"building_density,dist_stream_m,elevation_m,flow_accum_proxy,impervious_frac,slope_deg",event_raster,production,0,0,heavy,0.011099631293396032,0.872408597959498,0.872408597959498,1
892a1072d97ffff,0.0,0.0,0.0,1.0,0.0,0.0,83.49253222709808,40.0,-73.97349572429943,40.71060646580088,9,observed,opendata,"building_density,dist_stream_m,elevation_m,flow_accum_proxy,impervious_frac,slope_deg",event_raster,production,0,0,heavy,0.005463299459454715,0.00996135907793228,0.00996135907793228,0
892a1072d9bffff,5.986115967159051,0.6407863063788986,1.2271884979271952,11.244010647737356,1.0,170.10621520656386,297.5396043603013,40.0,-73.9800073154922,40.7130733469773,9,observed,opendata,"building_density,dist_stream_m,elevation_m,flow_accum_proxy,impervious_frac,slope_deg",event_raster,production,0,0,heavy,0.8913844954128461,0.9200220717324633,0.9200220717324633,1
892a1072da3ffff,0.09091189657600104,0.24779033823463106,0.17492295432743346,2.394503546099291,0.0,56.71352494499896,17.13881422299616,40.0,-73.97532338697795,40.70263006531952,9,observed,opendata,"building_density,dist_stream_m,elevation_m,flow_accum_proxy,impervious_frac,slope_deg",event_raster,production,0,0,heavy,0.008264135390753574,0.00996135907793228,0.00996135907793228,0
892a1072da7ffff,0.29518797313352935,0.7732952638590049,0.6618527609645309,2.754295532646048,1.0,75.62190649980953,30.732196012412654,40.0,-73.97308488972679,40.70004822281854,9,observed,opendata,"building_density,dist_stream_m,elevation_m,flow_accum_proxy,impervious_frac,slope_deg",event_raster,production,0,0,heavy,0.09505356063272119,0.07365271785049034,0.07365271785049034,0
892a1072dabffff,6.37292127657953,0.7760534133252623,2.816085623628518,7.372113676731794,1.0,557.6814108819977,193.55317608179303,40.0,-73.9795949938321,40.702514773150845,9,observed,opendata,"building_density,dist_stream_m,elevation_m,flow_accum_proxy,impervious_frac,slope_deg",event_raster,production,0,0,heavy,0.20234493794242692,0.16500291281143734,0.16500291281143734,0
892a1072db3ffff,0.0692583368741494,0.301072149001704,0.08996647463005863,1.7959183673469388,0.0,103.96976700907229,7.4547184563148035,40.0,-73.97329028391235,40.705327169269424,9,observed,opendata,"building_density,dist_stream_m,elevation_m,flow_accum_proxy,impervious_frac,slope_deg",event_raster,production,0,0,heavy,0.08587291408567722,0.028105222724456393,0.028105222724456393,0
892a1072db7ffff,0.11327052593353888,0.6535327224892916,0.19287322274363897,2.419753086419753,1.0,56.71368661609822,69.91808829665075,40.0,-73.97105177345034,40.70274519982567,9,observed,opendata,"building_density,dist_stream_m,elevation_m,flow_accum_proxy,impervious_frac,slope_deg",event_raster,production,0,0,heavy,0.048548135261861566,0.04010874525012901,0.04010874525012901,0
892a1072dbbffff,0.4020954799531357,0.20221401913621076,0.6068480014450749,3.932743362831858,0.0,47.25885050726129,80.91270562515471,40.0,-73.9775621342162,40.70521195273364,9,observed,opendata,"building_density,dist_stream_m,elevation_m,flow_accum_proxy,impervious_frac,slope_deg",event_raster,production,0,0,heavy,0.005463299459454715,0.017388674002585165,0.017388674002585165,0
892a1072dc3ffff,6.726418188640049,0.6917151962349444,1.161625913040453,65.79276895943562,1.0,850.5262670592863,320.500832248279,40.0,-73.98855243013952,40.712842263747554,9,observed,opendata,"building_density,dist_stream_m,elevation_m,flow_accum_proxy,impervious_frac,slope_deg",event_raster,production,0,0,heavy,1.0004519459037406,0.9808096502434156,0.9808096502434156,1
892a1072dc7ffff,1.8936366838901681,0.7480680548886485,1.0461909262882876,32.276595744680854,1.0,189.01551138902076,102.35585843144328,40.0,-73.98631269593956,40.71026032383652,9,observed,opendata,"building_density,dist_stream_m,elevation_m,flow_accum_proxy,impervious_frac,slope_deg",event_raster,production,0,0,heavy,0.8700494022082803,0.9613817708272131,0.9613817708272131,1
892a1072dcbffff,9.383027314083886,0.7987320002884438,1.2021544392495371,14.300265721877768,1.0,1058.429710891053,366.80694026443285,40.0,-73.99282497725156,40.712726485523575,9,observed,opendata,"building_density,dist_stream_m,elevation_m,flow_accum_proxy,impervious_frac,slope_deg",event_raster,production,0,0,heavy,0.22159891203996188,0.2199885985463022,0.2199885985463022,0
892a1072dcfffff,1.3792245528085765,0.5879472370843917,1.0244370443035147,45.90860692102928,1.0,122.85973626240448,47.359850335553226,40.0,-73.99058500628709,40.71014462774103,9,observed,opendata,"building_density,dist_stream_m,elevation_m,flow_accum_proxy,impervious_frac,slope_deg",event_raster,production,0,0,heavy,0.8689372030574168,0.9488656016739959,0.9488656016739959,1
892a1072dd3ffff,9.48738886554789,0.7506617962414962,0.3977573222860639,10.411712511091393,1.0,340.19405522319425,649.9627886033053,40.0,-73.98651962374095,40.715539951076806,9,observed,opendata,"building_density,dist_stream_m,elevation_m,flow_accum_proxy,impervious_frac,slope_deg",event_raster,production,0,0,heavy,0.9471232037023345,0.9541748625258066,0.9541748625258066,1
892a1072dd7ffff,8.263710407419552,0.7102450544102169,0.7821939603442917,10.377994676131323,1.0,378.01274109465237,378.2571282403297,40.0,-73.9842798762039,40.71295788423248,9,observed,opendata,"building_density,dist_stream_m,elevation_m,flow_accum_proxy,impervious_frac,slope_deg",event_raster,production,0,0,heavy,0.892960061970067,0.9419835270054814,0.9419835270054814,1
892a1072ddbffff,11.257507700267947,0.757191937965991,0.581295365757155,16.19449378330373,1.0,2012.8091555261021,368.6451973464875,40.0,-73.99079241447993,40.71542424846276,9,observed,opendata,"building_density,dist_stream_m,elevation_m,flow_accum_proxy,impervious_frac,slope_deg",event_raster,production,0,0,heavy,0.9833939878796031,0.9723840878938277,0.9723840878938277,1
892a1072e97ffff,-1.2826936821376576,0.0,0.0018903643090058776,1.1141176470588234,0.0,0.0,181.9302741511974,40.0,-74.01909191907703,40.72786881053854,9,observed,opendata,"building_density,dist_stream_m,elevation_m,flow_accum_proxy,impervious_frac,slope_deg",event_raster,production,0,0,heavy,0.005463299459454715,0.00996135907793228,0.00996135907793228,0
892a1072ea7ffff,-0.9463155338010149,0.04626287022468067,0.7117445538311593,1.5696465696465696,0.0,9.449167155030462,143.86161887124806,40.0,-74.01867066829203,40.717308256083186,9,observed,opendata,"building_density,dist_stream_m,elevation_m,flow_accum_proxy,impervious_frac,slope_deg",event_raster,production,0,0,heavy,0.0025692825141325967,0.01400995400036384,0.01400995400036384,0
892a1072eb3ffff,-1.2975889788325137,0.0,0.0022994858362903768,1.1365638766519823,0.0,0.0,299.4233973549057,40.0,-74.01888126998956,40.722588358374864,9,observed,opendata,"building_density,dist_stream_m,elevation_m,flow_accum_proxy,impervious_frac,slope_deg",event_raster,production,0,0,heavy,0.028043661908568673,0.01203570028551516,0.01203570028551516,0
892a1072eb7ffff,-0.9869655673346828,0.04456879443157004,1.1383467128588451,1.3174182139699382,0.0,0.0,46.91674103088599,40.0,-74.01663935118853,40.72000665061756,9,observed,opendata,"building_density,dist_stream_m,elevation_m,flow_accum_proxy,impervious_frac,slope_deg",event_raster,production,0,0,heavy,0.04049110875914033,0.02308779251622819,0.02308779251622819,0
892a100d04bffff,3.344531323424001,0.7558853682436333,1.0350922583482545,78.36113575865129,1.0,273.8980490778987,163.09401281228267,75.0,-73.97269448397236,40.74498799569922,9,observed,opendata,"building_density,dist_stream_m,elevation_m,flow_accum_proxy,impervious_frac,slope_deg",event_raster,production,0,0,ida_like,0.8655811967395205,0.9861045572024858,0.9861045572024858,1
892a100d04fffff,0.08845332935802193,0.2004225670025031,0.18623061873043353,39.90820584144645,0.0,18.890486593962265,123.51208336371393,75.0,-73.97045411641287,40.742404696985496,9,observed,opendata,"building_density,dist_stream_m,elevation_m,flow_accum_proxy,impervious_frac,slope_deg",event_raster,production,0,0,ida_like,-0.015805543263245205,0.007449381072091695,0.007449381072091695,0
892a100d05bffff,11.09610818531149,0.8317826107163484,4.214213328964444,9.682926829268293,1.0,151.10887057613218,198.48620097001685,75.0,-73.97065939959245,40.747686448906286,9,observed,opendata,"building_density,dist_stream_m,elevation_m,flow_accum_proxy,impervious_frac,slope_deg",event_raster,production,0,0,ida_like,0.9821016527644137,0.9566335258726025,0.9566335258726025,1
892a100d06bffff,0.0,0.006027634415324851,0.0,1.0,0.0,0.0,194.0519136502598,75.0,-73.9702488794359,40.737123294760856,9,observed,opendata,"building_density,dist_stream_m,elevation_m,flow_accum_proxy,impervious_frac,slope_deg",event_raster,production,0,0,ida_like,0.005463299459454715,0.00996135907793228,0.00996135907793228,0
892a100d203ffff,11.634066904948437,0.6190496429419581,0.2990700771824793,8.258605472197706,1.0,358.9151644292976,1266.5737016311396,75.0,-73.98755496140967,40.74194333566657,9,observed,opendata,"building_density,dist_stream_m,elevation_m,flow_accum_proxy,impervious_frac,slope_deg",event_raster,production,0,0,ida_like,0.8691734680287833,0.9779803221164167,0.9779803221164167,1
892a100d207ffff,9.353697723953436,0.747485668299363,0.5566738994481663,71.84131205673759,1.0,859.5513113158171,975.5526610249375,75.0,-73.98531389573235,40.73936041044821,9,observed,opendata,"building_density,dist_stream_m,elevation_m,flow_accum_proxy,impervious_frac,slope_deg",event_raster,production,0,0,ida_like,0.9128832317492618,0.9358025654746882,0.9358025654746882,1
892a100d20bffff,11.088975920706698,0.7844965711407278,0.35287129473777784,36.79133510167993,1.0,1086.187567788973,1463.6387175173063,75.0,-73.99183015572552,40.74182760043736,9,observed,opendata,"building_density,dist_stream_m,elevation_m,flow_accum_proxy,impervious_frac,slope_deg",event_raster,production,0,0,ida_like,1.0176290800123637,0.9868627331874598,0.9868627331874598,1
892a100d20fffff,11.934826424314027,0.7935258094138863,0.2738077293655487,7.3294951284322405,1.0,1161.807833088293,1499.3428101295665,75.0,-73.98958885298438,40.73924475745148,9,observed,opendata,"building_density,dist_stream_m,elevation_m,flow_accum_proxy,impervious_frac,slope_deg",event_raster,production,0,0,ida_like,0.912263319783089,0.9806499347808213,0.9806499347808213,1
892a100d213ffff,11.98053725743526,0.7184812308308084,0.4373890037274696,28.16120460584588,1.0,906.6892580307322,1173.0858177057337,75.0,-73.98552083929478,40.744641965067935,9,observed,opendata,"building_density,dist_stream_m,elevation_m,flow_accum_proxy,impervious_frac,slope_deg",event_raster,production,0,0,ida_like,1.038430308117212,0.9868627331874598,0.9868627331874598,1
892a100d217ffff,10.582220157761823,0.8032682606664984,0.4630951389168827,20.195748449955712,1.0,1293.9872786212459,975.4258746330636,75.0,-73.98327976027291,40.74205891293701,9,observed,opendata,"building_density,dist_stream_m,elevation_m,flow_accum_proxy,impervious_frac,slope_deg",event_raster,production,0,0,ida_like,0.9512405591788536,0.9735439682988941,0.9735439682988941,1
892a100d21bffff,12.252244896922551,0.7485761337035092,0.28367676767419464,10.429078014184396,1.0,1388.3640064907381,1578.9310430266792,75.0,-73.98979627753427,40.744526305564385,9,observed,opendata,"building_density,dist_stream_m,elevation_m,flow_accum_proxy,impervious_frac,slope_deg",event_raster,production,0,0,ida_like,0.9957986224513449,0.9815547993614552,0.9815547993614552,1
892a100d223ffff,9.008245406735218,0.720816329240693,0.5343374889046218,41.94582593250444,1.0,954.1023724858659,819.1962321332368,75.0,-73.98510699874309,40.73407920554712,9,observed,opendata,"building_density,dist_stream_m,elevation_m,flow_accum_proxy,impervious_frac,slope_deg",event_raster,production,0,0,ida_like,0.9371791934511686,0.9536638783200131,0.9536638783200131,1
892a100d227ffff,6.7347384026153865,0.8084701029575577,0.6241051619238394,41.89389920424403,1.0,1313.1387398848888,486.8341392134863,75.0,-73.9828664471727,40.73149649667317,9,observed,opendata,"building_density,dist_stream_m,elevation_m,flow_accum_proxy,impervious_frac,slope_deg",event_raster,production,0,0,ida_like,0.998856788182169,0.9686695848708018,0.9686695848708018,1
892a100d22bffff,11.85943661175721,0.811485444426748,0.2974898859753392,10.518617021276595,1.0,765.1690495389598,1001.4044155849699,75.0,-73.98938147511579,40.733963559055724,9,observed,opendata,"building_density,dist_stream_m,elevation_m,flow_accum_proxy,impervious_frac,slope_deg",event_raster,production,0,0,ida_like,0.9429005069681388,0.9692573508001279,0.9692573508001279,1
892a100d22fffff,10.270036309009727,0.7336736165592611,0.5691594506215713,22.56713780918728,1.0,1728.8036682633165,667.4249199987013,75.0,-73.98714068654695,40.731380932373526,9,observed,opendata,"building_density,dist_stream_m,elevation_m,flow_accum_proxy,impervious_frac,slope_deg",event_raster,production,0,0,ida_like,0.969731467408907,0.9747818623404443,0.9747818623404443,1
892a100d233ffff,7.547986360014383,0.7718770690889248,0.48086475218960517,66.38795394154118,1.0,982.3945876476226,730.0682419982309,75.0,-73.98307308046714,40.736777529931615,9,observed,opendata,"building_density,dist_stream_m,elevation_m,flow_accum_proxy,impervious_frac,slope_deg",event_raster,production,0,0,ida_like,0.9385617317697877,0.9779659443926062,0.9779659443926062,1
892a100d237ffff,5.612585460475648,0.7343574503583259,0.5764978990340844,64.6763925729443,1.0,1275.288961743088,556.1184228035374,75.0,-73.980832515579,40.73419469413901,9,observed,opendata,"building_density,dist_stream_m,elevation_m,flow_accum_proxy,impervious_frac,slope_deg",event_raster,production,0,0,ida_like,1.0197468789408892,0.9819053995599221,0.9819053995599221,1
892a100d23bffff,10.783638140685122,0.7322715441106071,0.5472927407999392,20.9181338028169,1.0,1369.6808883055724,1158.1946618869013,75.0,-73.98734780066862,40.7366619591473,9,observed,opendata,"building_density,dist_stream_m,elevation_m,flow_accum_proxy,impervious_frac,slope_deg",event_raster,production,0,0,ida_like,1.0143781200630273,0.9838477252772232,0.9838477252772232,1
892a100d243ffff,6.8762026253621205,0.7748389768116899,0.3972702182277485,126.21781305114638,1.0,2276.1486110477867,877.1161512732444,75.0,-73.99834713342568,40.744294512623796,9,observed,opendata,"building_density,dist_stream_m,elevation_m,flow_accum_proxy,impervious_frac,slope_deg",event_raster,production,0,0,ida_like,0.9390045693672093,0.9836265438186546,0.9836265438186546,1
892a100d247ffff,8.821203896929546,0.7937727434611892,0.412153148040268,34.3469387755102,1.0,1171.1902616116129,1108.261406711697,75.0,-73.99610534317284,40.741711707250445,9,observed,opendata,"building_density,dist_stream_m,elevation_m,flow_accum_proxy,impervious_frac,slope_deg",event_raster,production,0,0,ida_like,0.9264062221026228,0.9322304415618191,0.9322304415618191,1
892a100d24bffff,4.700379842133678,0.7691621584445899,2.3811987119978055,6.778172138420586,1.0,1964.4713196446455,520.3990931172921,75.0,-74.00262255098242,40.744178379188874,9,observed,opendata,"building_density,dist_stream_m,elevation_m,flow_accum_proxy,impervious_frac,slope_deg",event_raster,production,0,0,ida_like,0.988958564200529,0.9749783100576832,0.9749783100576832,1
892a100d24fffff,6.728941166474821,0.7909526805417321,1.0751003553452378,16.488042515500442,1.0,1794.5606999383997,747.5180237434405,75.0,-74.00038052370402,40.74159565610689,9,observed,opendata,"building_density,dist_stream_m,elevation_m,flow_accum_proxy,impervious_frac,slope_deg",event_raster,production,0,0,ida_like,0.49910512200954826,0.9407791964293652,0.9407791964293652,1
892a100d253ffff,8.19125848040712,0.7926414025337588,0.4620399600144446,37.9600709849157,1.0,698.8666466924884,1072.0699811748227,75.0,-73.99631351262427,40.74699342036505,9,observed,opendata,"building_density,dist_stream_m,elevation_m,flow_accum_proxy,impervious_frac,slope_deg",event_raster,production,0,0,ida_like,0.3253287018607516,0.23789035141443046,0.23789035141443046,0
892a100d257ffff,9.688490660000692,0.8034272127446875,0.547570635655285,71.08761061946903,1.0,1246.6907019885907,1235.9786083611982,75.0,-73.99407170892711,40.74441048808265,9,observed,opendata,"building_density,dist_stream_m,elevation_m,flow_accum_proxy,impervious_frac,slope_deg",event_raster,production,0,0,ida_like,1.0095355161519166,0.9888625008293517,0.9888625008293517,1
892a100d25bffff,5.423203768983352,0.7607371874878892,1.322553680504186,58.7070796460177,1.0,1029.408800485988,720.8706663806116,75.0,-74.00058917418733,40.746877362614214,9,observed,opendata,"building_density,dist_stream_m,elevation_m,flow_accum_proxy,impervious_frac,slope_deg",event_raster,production,0,0,ida_like,0.92158545252551,0.9859431824185907,0.9859431824185907,1
892a100d263ffff,9.154166255436891,0.7820788840399989,0.47000771231374683,38.9281914893617,1.0,1246.8748959355855,1238.877200707424,75.0,-73.9958972205727,40.736430343823116,9,observed,opendata,"building_density,dist_stream_m,elevation_m,flow_accum_proxy,impervious_frac,slope_deg",event_raster,production,0,0,ida_like,0.9129247937163337,0.935247567952768,0.935247567952768,1
892a100d267ffff,10.506262568149197,0.7763419446701305,0.5278553454372933,31.214285714285715,1.0,1501.99427893077,1343.721961589156,75.0,-73.99365594464955,40.7338477546659,9,observed,opendata,"building_density,dist_stream_m,elevation_m,flow_accum_proxy,impervious_frac,slope_deg",event_raster,production,0,0,ida_like,1.027532657959421,0.9868627331874598,0.9868627331874598,1
892a100d26bffff,7.4298304092366685,0.7336941748672718,1.4907869235938291,18.392382639503985,1.0,2087.565005173888,923.0303055869796,75.0,-74.00017192018016,40.7363142992853,9,observed,opendata,"building_density,dist_stream_m,elevation_m,flow_accum_proxy,impervious_frac,slope_deg",event_raster,production,0,0,ida_like,0.2684209750634462,0.3888952036035003,0.3888952036035003,0
892a100d26fffff,7.045459998170429,0.6573402445522902,0.5498938282986092,108.12201591511936,1.0,2456.084387329168,1078.8333389308132,75.0,-73.9979304072968,40.73373179237872,9,observed,opendata,"building_density,dist_stream_m,elevation_m,flow_accum_proxy,impervious_frac,slope_deg",event_raster,production,0,0,ida_like,0.9241324716884686,0.9495816166867634,0.9495816166867634,1
892a100d273ffff,10.541157568301413,0.8212952520895762,0.41649875312372253,16.70053003533569,1.0,1284.5969165645495,1333.3171330822556,75.0,-73.99386380339365,40.73912894651647,9,observed,opendata,"building_density,dist_stream_m,elevation_m,flow_accum_proxy,impervious_frac,slope_deg",event_raster,production,0,0,ida_like,0.9885289510529272,0.9821314453652064,0.9821314453652064,1
892a100d277ffff,11.808286775837333,0.7810070273013533,0.2974859175316148,11.861824623560674,1.0,859.5904107653606,1342.2989351817935,75.0,-73.99162251405302,40.73654623044413,9,observed,opendata,"building_density,dist_stream_m,elevation_m,flow_accum_proxy,impervious_frac,slope_deg",event_raster,production,0,0,ida_like,0.9848233698951558,0.9811983624763371,0.9811983624763371,1
892a100d27bffff,8.604641501979357,0.7988172016063765,0.3405201793886892,8.759717314487633,1.0,1426.2764007331282,974.1444170252582,75.0,-73.9981387469125,40.739012977644194,9,observed,opendata,"building_density,dist_stream_m,elevation_m,flow_accum_proxy,impervious_frac,slope_deg",event_raster,production,0,0,ida_like,0.8536510820621118,0.8589953688943016,0.8589953688943016,1
892a100d283ffff,16.917748117320418,0.7059835343894233,2.3604242408254525,13.622458001768347,1.0,1728.2978480574743,776.0269698133535,75.0,-73.97921079764829,40.7474560713926,9,observed,opendata,"building_density,dist_stream_m,elevation_m,flow_accum_proxy,impervious_frac,slope_deg",event_raster,production,0,0,ida_like,0.9618905657108658,0.9639859423842116,0.9639859423842116,1
892a100d287ffff,7.147121550129579,0.8039008917534246,0.9129411541255175,73.5070796460177,1.0,1501.7126066268452,490.555567141732,75.0,-73.97696994246623,40.744872810136386,9,observed,opendata,"building_density,dist_stream_m,elevation_m,flow_accum_proxy,impervious_frac,slope_deg",event_raster,production,0,0,ida_like,0.9521890145123416,0.9799374816821248,0.9799374816821248,1
892a100d28bffff,15.509574750760047,0.7257254189152544,1.2605201045795285,25.720106288751108,1.0,840.535912359148,1104.0295871678043,75.0,-73.98348648660567,40.74734064563417,9,observed,opendata,"building_density,dist_stream_m,elevation_m,flow_accum_proxy,impervious_frac,slope_deg",event_raster,production,0,0,ida_like,1.0004577007258688,0.9821770421954974,0.9821770421954974,1
892a100d28fffff,11.092858950016463,0.7379329336604921,1.111017796915396,21.730803177405118,1.0,1548.9318705468659,820.5675118317002,75.0,-73.98124539425626,40.74475746659229,9,observed,opendata,"building_density,dist_stream_m,elevation_m,flow_accum_proxy,impervious_frac,slope_deg",event_raster,production,0,0,ida_like,0.9174622153429669,0.97061571285472,0.97061571285472,1
892a100d293ffff,17.053246227562006,0.7343941558654427,2.0636505864243557,29.944148936170212,1.0,1095.4801784648826,823.0814838420272,75.0,-73.97717597041498,40.75015472731649,9,observed,opendata,"building_density,dist_stream_m,elevation_m,flow_accum_proxy,impervious_frac,slope_deg",event_raster,production,0,0,ida_like,0.9898866130013239,0.9768433178098561,0.9768433178098561,1
892a100d297ffff,9.607814983428577,0.8091243255370076,1.2843576428075667,30.645759717314487,1.0,821.6521362411067,482.87354117127546,75.0,-73.97493510196136,40.747571339150305,9,observed,opendata,"building_density,dist_stream_m,elevation_m,flow_accum_proxy,impervious_frac,slope_deg",event_raster,production,0,0,ida_like,0.9546421294322566,0.965146819921252,0.965146819921252,1
892a100d29bffff,22.765609919342175,0.7373028706086364,0.8657436078340471,5.829955947136564,1.0,934.9330117579996,1089.9753969507506,75.0,-73.9814519033082,40.75003937734384,9,observed,opendata,"building_density,dist_stream_m,elevation_m,flow_accum_proxy,impervious_frac,slope_deg",event_raster,production,0,0,ida_like,0.10315804044919984,0.11880310976762476,0.11880310976762476,0
892a100d2a3ffff,5.74795115731209,0.7661340586024965,1.2679799992011946,29.223498233215548,1.0,245.58748269415776,404.0183071883975,75.0,-73.97676396089017,40.73959124262263,9,observed,opendata,"building_density,dist_stream_m,elevation_m,flow_accum_proxy,impervious_frac,slope_deg",event_raster,production,0,0,ida_like,0.986122033570738,0.9465308580706355,0.9465308580706355,1
892a100d2a7ffff,0.9807134715443706,0.7893562591271409,0.5174281532803537,102.49024822695036,1.0,113.35386601824062,65.13085222057768,75.0,-73.97452361980322,40.737008197739414,9,observed,opendata,"building_density,dist_stream_m,elevation_m,flow_accum_proxy,impervious_frac,slope_deg",event_raster,production,0,0,ida_like,0.08643773925174388,0.972527545440071,0.972527545440071,1
892a100d2abffff,8.566205889091895,0.780882514091768,0.5765698538606084,21.454946996466433,1.0,1209.0426320833733,653.8960684238609,75.0,-73.98103893168508,40.73947590550561,9,observed,opendata,"building_density,dist_stream_m,elevation_m,flow_accum_proxy,impervious_frac,slope_deg",event_raster,production,0,0,ida_like,0.860860692372991,0.9368912596586437,0.9368912596586437,1
892a100d2afffff,4.456356149193243,0.7479806258904595,0.7418303156126265,85.96719858156028,1.0,661.2290025268504,375.79832370162484,75.0,-73.97879835349616,40.73689294279598,9,observed,opendata,"building_density,dist_stream_m,elevation_m,flow_accum_proxy,impervious_frac,slope_deg",event_raster,production,0,0,ida_like,1.0050449746849455,0.9840178846183744,0.9840178846183744,1
892a100d2b3ffff,4.7459736974102205,0.7524935029381145,1.3542759952819452,50.00265486725664,1.0,415.58951777937176,230.44783218415913,75.0,-73.97472933772691,40.74228959359751,9,observed,opendata,"building_density,dist_stream_m,elevation_m,flow_accum_proxy,impervious_frac,slope_deg",event_raster,production,0,0,ida_like,0.8599178948551414,0.9794118808333055,0.9794118808333055,1
892a100d2b7ffff,0.4733200674942577,0.408769081810286,0.39625872512754573,17.273291925465838,0.0,66.11989545174349,3.926838669706643,75.0,-73.97248898339517,40.739706421798246,9,observed,opendata,"building_density,dist_stream_m,elevation_m,flow_accum_proxy,impervious_frac,slope_deg",event_raster,production,0,0,ida_like,-0.024778890637551034,0.1281461164043443,0.1281461164043443,0
892a100d2bbffff,9.50822014888902,0.7417094053632923,0.3525986636405608,9.99734278122232,1.0,1681.2437167749674,586.8958393699756,75.0,-73.97900455236277,40.74217433224768,9,observed,opendata,"building_density,dist_stream_m,elevation_m,flow_accum_proxy,impervious_frac,slope_deg",event_raster,production,0,0,ida_like,0.9886497931114875,0.9657463514909908,0.9657463514909908,1
892a100d2c3ffff,12.497188469196887,0.8180809853770209,0.47100020741634335,60.326241134751776,1.0,443.85457562007167,1531.3393159951747,75.0,-73.99000374878119,40.74980820333916,9,observed,opendata,"building_density,dist_stream_m,elevation_m,flow_accum_proxy,impervious_frac,slope_deg",event_raster,production,0,0,ida_like,0.9904953201700345,0.9812845680478114,0.9812845680478114,1
892a100d2c7ffff,13.313176553930253,0.7772917157775211,0.3511992797212697,37.63572060123784,1.0,1048.305869617177,1428.2859869671115,75.0,-73.98776216878585,40.74722506187607,9,observed,opendata,"building_density,dist_stream_m,elevation_m,flow_accum_proxy,impervious_frac,slope_deg",event_raster,production,0,0,ida_like,1.0176290800123637,0.9868627331874598,0.9868627331874598,1
892a100d2cbffff,9.850798211899479,0.8231508452280433,0.5050499744433086,110.2424778761062,1.0,953.8124678665314,1256.508365667982,75.0,-73.99427966126574,40.749692379309224,9,observed,opendata,"building_density,dist_stream_m,elevation_m,flow_accum_proxy,impervious_frac,slope_deg",event_raster,production,0,0,ida_like,1.0095355161519166,0.9888625008293517,0.9888625008293517,1
892a100d2cfffff,11.001076699144948,0.7814383401033211,0.4878055801662795,72.09620476610768,1.0,1378.848878919033,1583.1508415342098,75.0,-73.99203784414127,40.74710932011937,9,observed,opendata,"building_density,dist_stream_m,elevation_m,flow_accum_proxy,impervious_frac,slope_deg",event_raster,production,0,0,ida_like,1.0379682460737476,0.9912683215122181,0.9912683215122181,1
892a100d2d3ffff,15.342403719638114,0.7389229855950589,0.8534401915275766,22.339522546419097,1.0,670.4713495470615,1584.1083071809362,75.0,-73.98796942281288,40.75250713772061,9,observed,opendata,"building_density,dist_stream_m,elevation_m,flow_accum_proxy,impervious_frac,slope_deg",event_raster,production,0,0,ida_like,0.9789522148501155,0.9801733869778266,0.9801733869778266,1
892a100d2d7ffff,16.714672955369526,0.7223252578382998,1.2815157337130698,19.675221238938054,1.0,1142.6926658239488,1414.4818386663335,75.0,-73.98572782944613,40.74992386935104,9,observed,opendata,"building_density,dist_stream_m,elevation_m,flow_accum_proxy,impervious_frac,slope_deg",event_raster,production,0,0,ida_like,0.9713533089053836,0.9811503351150753,0.9811503351150753,1
892a100d2dbffff,11.560635549876928,0.7550748357547665,0.3972029725550707,19.67431597528685,1.0,642.1397641095709,1264.0846322824943,75.0,-73.99224557931602,40.75239138943488,9,observed,opendata,"building_density,dist_stream_m,elevation_m,flow_accum_proxy,impervious_frac,slope_deg",event_raster,production,0,0,ida_like,0.9704439150037153,0.9678010072256593,0.9678010072256593,1
892a100d303ffff,0.33006215737380973,0.21603966704284186,0.3201423058466008,12.504638218923933,0.0,28.345554843976227,31.682309172678675,75.0,-73.97187275909451,40.72386379865436,9,observed,opendata,"building_density,dist_stream_m,elevation_m,flow_accum_proxy,impervious_frac,slope_deg",event_raster,production,0,0,ida_like,0.005463299459454715,0.017388674002585165,0.017388674002585165,0
892a100d30bffff,3.070555277812628,0.7373875516747671,0.36311733965126297,12.447971781305114,1.0,963.7461166542417,323.0559720806563,75.0,-73.9761462942413,40.723748638631584,9,observed,opendata,"building_density,dist_stream_m,elevation_m,flow_accum_proxy,impervious_frac,slope_deg",event_raster,production,0,0,ida_like,0.9608465761158732,0.9616717336228554,0.9616717336228554,1
892a100d30fffff,1.018254448630795,0.34075038655669415,0.49561539350429545,34.141082519964506,0.0,66.14282420338893,83.30375447073753,75.0,-73.97390674374046,40.72116610888531,9,observed,opendata,"building_density,dist_stream_m,elevation_m,flow_accum_proxy,impervious_frac,slope_deg",event_raster,production,0,0,ida_like,0.009819272957591845,0.04864827144996785,0.04864827144996785,0
892a100d31bffff,1.9389970005977408,0.8121149652399142,0.49387122405949896,14.87688219663419,1.0,245.64890448835345,205.5519253146131,75.0,-73.97411232282563,40.72644645532815,9,observed,opendata,"building_density,dist_stream_m,elevation_m,flow_accum_proxy,impervious_frac,slope_deg",event_raster,production,0,0,ida_like,0.23594775973052365,0.35138581484038245,0.35138581484038245,0
892a100d32bffff,0.10926882264773695,0.13018721912098352,0.13627310751167976,63.3114463176575,0.0,0.0,72.3900309775283,75.0,-73.9737012109036,40.715886112357865,9,observed,opendata,"building_density,dist_stream_m,elevation_m,flow_accum_proxy,impervious_frac,slope_deg",event_raster,production,0,0,ida_like,-0.044463079348287374,0.006481892288797525,0.006481892288797525,0
892a100d32fffff,0.0,0.05989910423352652,0.0,1.0,0.0,0.0,119.73072320516047,75.0,-73.97146217393056,40.713303799242574,9,observed,opendata,"building_density,dist_stream_m,elevation_m,flow_accum_proxy,impervious_frac,slope_deg",event_raster,production,0,0,ida_like,0.005463299459454715,0.00996135907793228,0.00996135907793228,0
892a100d33bffff,0.004580221421793894,0.002873535865689686,0.019600106969984515,2.241080038572806,0.0,0.0,82.87500725416488,75.0,-73.97166744341928,40.71858362397663,9,observed,opendata,"building_density,dist_stream_m,elevation_m,flow_accum_proxy,impervious_frac,slope_deg",event_raster,production,0,0,ida_like,0.005463299459454715,0.00996135907793228,0.00996135907793228,0
892a100d343ffff,5.5866502148523765,0.577020722082668,0.4508326297277065,160.69169611307422,1.0,1398.301200903703,126.79580135580306,75.0,-73.98265986037387,40.72621581321689,9,observed,opendata,"building_density,dist_stream_m,elevation_m,flow_accum_proxy,impervious_frac,slope_deg",event_raster,production,0,0,ida_like,0.13943446581619032,0.9725886671119797,0.9725886671119797,1
892a100d347ffff,4.644717354000196,0.8011106262718986,0.39232210838752396,68.01330967169477,1.0,1483.408924758386,378.6853043033939,75.0,-73.98041982269943,40.723633320786945,9,observed,opendata,"building_density,dist_stream_m,elevation_m,flow_accum_proxy,impervious_frac,slope_deg",event_raster,production,0,0,ida_like,1.021814182745241,0.987280659801836,0.987280659801836,1
892a100d34bffff,9.015767370252668,0.724463825411337,0.6106587097799746,91.2316534040672,1.0,2059.654053282634,459.79442047179947,75.0,-73.98693361902893,40.72610025540042,9,observed,opendata,"building_density,dist_stream_m,elevation_m,flow_accum_proxy,impervious_frac,slope_deg",event_raster,production,0,0,ida_like,1.034228953569934,0.9743641080025798,0.9743641080025798,1
892a100d34fffff,7.623786851803391,0.7876910353087702,0.6167541903103995,42.08074534161491,1.0,1549.5437875207735,469.5322296464453,75.0,-73.98469334442134,40.72351784512154,9,observed,opendata,"building_density,dist_stream_m,elevation_m,flow_accum_proxy,impervious_frac,slope_deg",event_raster,production,0,0,ida_like,1.0064218152918836,0.9667563376632714,0.9667563376632714,1
892a100d353ffff,4.521780591095443,0.7922351027484489,0.3845147181005604,163.48849557522124,1.0,2248.5108413934995,200.38229868338775,75.0,-73.98062614592236,40.728913832547754,9,observed,opendata,"building_density,dist_stream_m,elevation_m,flow_accum_proxy,impervious_frac,slope_deg",event_raster,production,0,0,ida_like,0.9504606669959352,0.9889519690767752,0.9889519690767752,1
892a100d357ffff,3.1141942793432333,0.7748897211839376,0.36680282423164756,204.97249334516414,1.0,1625.0573574649106,257.9424139814967,75.0,-73.9783860949569,40.726331213193134,9,observed,opendata,"building_density,dist_stream_m,elevation_m,flow_accum_proxy,impervious_frac,slope_deg",event_raster,production,0,0,ida_like,0.9777067897390612,0.9889519690767752,0.9889519690767752,1
892a100d35bffff,7.43764604587098,0.7497775448087897,0.5960472149587672,67.59272404614019,1.0,2626.4043840731415,338.56530135478437,75.0,-73.98490014831133,40.72879835041982,9,observed,opendata,"building_density,dist_stream_m,elevation_m,flow_accum_proxy,impervious_frac,slope_deg",event_raster,production,0,0,ida_like,1.031213246824686,0.9800096608543373,0.9800096608543373,1
892a100d363ffff,4.558396402247309,0.6824059780445793,0.47961942054258583,96.99378881987577,1.0,151.19047579843632,124.81542844448423,75.0,-73.98021354589461,40.718353158911775,9,observed,opendata,"building_density,dist_stream_m,elevation_m,flow_accum_proxy,impervious_frac,slope_deg",event_raster,production,0,0,ida_like,0.1206073627709021,0.9695641887062979,0.9695641887062979,1
892a100d367ffff,2.7580655020776312,0.7045963334762702,0.7061705600249228,44.11957484499557,1.0,103.94877229180514,271.0012512079337,75.0,-73.9779740219053,40.71577088302538,9,observed,opendata,"building_density,dist_stream_m,elevation_m,flow_accum_proxy,impervious_frac,slope_deg",event_raster,production,0,0,ida_like,0.8519197183702589,0.9723235454748012,0.9723235454748012,1
892a100d36bffff,7.702208926068976,0.8444553578259252,0.5499126501777705,51.695035460992905,1.0,1152.824113120977,321.97051753564216,75.0,-73.98448658705743,40.718237689707394,9,observed,opendata,"building_density,dist_stream_m,elevation_m,flow_accum_proxy,impervious_frac,slope_deg",event_raster,production,0,0,ida_like,0.936260529649419,0.9519861307918035,0.9519861307918035,1
892a100d36fffff,7.427478178349197,0.768602399019046,0.9244821037088553,29.728155339805824,1.0,321.29529383217175,452.59705991548077,75.0,-73.98224682620025,40.71565549593136,9,observed,opendata,"building_density,dist_stream_m,elevation_m,flow_accum_proxy,impervious_frac,slope_deg",event_raster,production,0,0,ida_like,0.9766128870151619,0.942231931622361,0.942231931622361,1
892a100d373ffff,3.7008108685141226,0.7542084921134902,0.34596466896700795,113.31532329495128,1.0,774.8137351400688,236.93944341847532,75.0,-73.97818003525298,40.72105087315231,9,observed,opendata,"building_density,dist_stream_m,elevation_m,flow_accum_proxy,impervious_frac,slope_deg",event_raster,production,0,0,ida_like,0.1348600784296634,0.9878375638455944,0.9878375638455944,1
892a100d377ffff,1.6780312110335243,0.6493918068358154,0.5231083692133742,225.40106007067138,1.0,113.39317906931772,191.99453178886296,75.0,-73.97594049799939,40.718468470335196,9,observed,opendata,"building_density,dist_stream_m,elevation_m,flow_accum_proxy,impervious_frac,slope_deg",event_raster,production,0,0,ida_like,0.056455920272645475,0.9611159370313255,0.9611159370313255,1
892a100d37bffff,6.074471894135438,0.8143881015933307,0.4704754439240941,124.49955869373345,1.0,1511.8273893730152,160.89249243065294,75.0,-73.98245332005494,40.7209354796179,9,observed,opendata,"building_density,dist_stream_m,elevation_m,flow_accum_proxy,impervious_frac,slope_deg",event_raster,production,0,0,ida_like,0.856156773304888,0.9771961358539322,0.9771961358539322,1
892a100d3c3ffff,0.6128655131696951,0.5629919689043797,0.3475679819685786,57.40832595217006,1.0,56.682569958746576,67.15467832874194,75.0,-73.97431794817466,40.73172715163123,9,observed,opendata,"building_density,dist_stream_m,elevation_m,flow_accum_proxy,impervious_frac,slope_deg",event_raster,production,0,0,ida_like,-0.007599614790919755,0.8944746966093515,0.8944746966093515,1
892a100d3c7ffff,0.75195627715678,0.5162018981679098,0.5022142332503705,4.554659498207886,1.0,75.58062667460685,54.20087971626806,75.0,-73.97207812097184,40.72914432322064,9,observed,opendata,"building_density,dist_stream_m,elevation_m,flow_accum_proxy,impervious_frac,slope_deg",event_raster,production,0,0,ida_like,0.010985646846722576,0.08958246301361543,0.08958246301361543,0
892a100d3cbffff,3.4916955958886424,0.5565334221291923,0.5258604157352109,77.14653641207815,1.0,113.36481717867224,426.1363964337621,75.0,-73.97859220103275,40.73161190309274,9,observed,opendata,"building_density,dist_stream_m,elevation_m,flow_accum_proxy,impervious_frac,slope_deg",event_raster,production,0,0,ida_like,0.040743596310380374,0.10089974792720688,0.10089974792720688,0
892a100d3cfffff,2.3551216452420283,0.7707773270430388,0.4281572353019259,53.17724867724868,1.0,368.4545043532385,352.6820235979495,75.0,-73.97635213679334,40.72902915681503,9,observed,opendata,"building_density,dist_stream_m,elevation_m,flow_accum_proxy,impervious_frac,slope_deg",event_raster,production,0,0,ida_like,0.9469322572928992,0.9665730663000265,0.9665730663000265,1
892a100d3d3ffff,0.015260853109045734,0.10776475645644683,0.05527591807185672,22.217198581560282,0.0,18.89327738137942,101.55067860390115,75.0,-73.97228352906686,40.73442519762032,9,observed,opendata,"building_density,dist_stream_m,elevation_m,flow_accum_proxy,impervious_frac,slope_deg",event_raster,production,0,0,ida_like,-0.02717626151027667,0.00985366665034998,0.00985366665034998,0
892a100d3d7ffff,0.0,0.0,0.0,1.0,0.0,0.0,256.8315589246832,75.0,-73.970043688646,40.7318422422876,9,observed,opendata,"building_density,dist_stream_m,elevation_m,flow_accum_proxy,impervious_frac,slope_deg",event_raster,production,0,0,ida_like,-0.010773116523379577,0.01203570028551516,0.01203570028551516,0
892a100d3dbffff,1.9969931639230714,0.6234106497292805,0.5685779020953726,159.25706713780917,1.0,188.9322350168775,198.297405774136,75.0,-73.97655802567105,40.73431002483043,9,observed,opendata,"building_density,dist_stream_m,elevation_m,flow_accum_proxy,impervious_frac,slope_deg",event_raster,production,0,0,ida_like,0.1814550868072405,0.9644706454421073,0.9644706454421073,1
892a100d607ffff,14.020338530513827,0.7112487444664513,1.0015001963969716,39.16536312849162,1.0,302.15768155156775,1181.8050972687192,75.0,-73.97107010462192,40.75825100161534,9,observed,opendata,"building_density,dist_stream_m,elevation_m,flow_accum_proxy,impervious_frac,slope_deg",event_raster,production,0,0,ida_like,1.0544611127684302,0.9857666115002458,0.9857666115002458,1
892a100d60fffff,19.72242390804879,0.6652081506892973,1.0943608169557757,7.185022026431718,1.0,500.44723006896095,1297.4573450630585,75.0,-73.97534676942504,40.75813587911897,9,observed,opendata,"building_density,dist_stream_m,elevation_m,flow_accum_proxy,impervious_frac,slope_deg",event_raster,production,0,0,ida_like,0.9438126962510405,0.9845278818220571,0.9845278818220571,1
892a100d623ffff,13.148497154090345,0.7602584077149666,1.6915548537659133,59.038140643623365,1.0,831.016192876088,615.09545667201,75.0,-73.97086472899026,40.752968550468005,9,observed,opendata,"building_density,dist_stream_m,elevation_m,flow_accum_proxy,impervious_frac,slope_deg",event_raster,production,0,0,ida_like,1.0037432945725022,0.9836768199546209,0.9836768199546209,1
892a100d62bffff,14.418228563653216,0.7967663634716151,1.2384826880358653,23.111013215859032,1.0,481.6102811513987,828.7974963164916,75.0,-73.97514091252218,40.752853434342555,9,observed,opendata,"building_density,dist_stream_m,elevation_m,flow_accum_proxy,impervious_frac,slope_deg",event_raster,production,0,0,ida_like,0.9089102748825509,0.9717712814387046,0.9717712814387046,1
892a100d62fffff,13.633146318983524,0.8289348363400774,1.4104762458876567,13.285460992907801,1.0,424.97197105742754,494.5046670478846,75.0,-73.97290003081406,40.750269919268,9,observed,opendata,"building_density,dist_stream_m,elevation_m,flow_accum_proxy,impervious_frac,slope_deg",event_raster,production,0,0,ida_like,0.9310623678154678,0.9750089229656129,0.9750089229656129,1
892a100d63bffff,14.483056847085344,0.7337768375345156,1.0713072652195363,33.341312056737586,1.0,377.71532593222224,955.3486590692062,75.0,-73.97310562393588,40.75555219244933,9,observed,opendata,"building_density,dist_stream_m,elevation_m,flow_accum_proxy,impervious_frac,slope_deg",event_raster,production,0,0,ida_like,0.9897704016029868,0.9791473980750125,0.9791473980750125,1
892a100d663ffff,19.63950660685365,0.7479781486876539,0.5656640960901502,11.427184466019417,1.0,708.2122024914353,1508.333708766853,75.0,-73.98165845885663,40.75532163770499,9,observed,opendata,"building_density,dist_stream_m,elevation_m,flow_accum_proxy,impervious_frac,slope_deg",event_raster,production,0,0,ida_like,1.0002874193820481,0.9695585087059491,0.9695585087059491,1
892a100d667ffff,19.985027186526356,0.7309804871823536,1.0679178349056098,22.732506643046943,1.0,481.60890969299186,1165.371035657946,75.0,-73.97941708936834,40.7527381601755,9,observed,opendata,"building_density,dist_stream_m,elevation_m,flow_accum_proxy,impervious_frac,slope_deg",event_raster,production,0,0,ida_like,0.9882422415642457,0.9827393285247595,0.9827393285247595,1
892a100d66bffff,17.500070471557024,0.6932226776760516,0.6726049114180075,28.52608311229001,1.0,443.8117227518402,1549.1988918332822,75.0,-73.98593486620214,40.75520612324228,9,observed,opendata,"building_density,dist_stream_m,elevation_m,flow_accum_proxy,impervious_frac,slope_deg",event_raster,production,0,0,ida_like,0.9955788731541451,0.9785844737248225,0.9785844737248225,1
892a100d66fffff,20.715400095527055,0.6178529678071116,0.7742615862227712,14.50709219858156,1.0,802.6792381051476,1419.70567322729,75.0,-73.98369325948109,40.752622727967825,9,observed,opendata,"building_density,dist_stream_m,elevation_m,flow_accum_proxy,impervious_frac,slope_deg",event_raster,production,0,0,ida_like,0.04420528644651921,0.03352224833488431,0.03352224833488431,0
892a100d673ffff,19.184934780107323,0.7011803364288722,0.7275533722837436,21.55496453900709,1.0,745.9475204764619,1493.3051554951953,75.0,-73.97962342753863,40.75802059854109,9,observed,opendata,"building_density,dist_stream_m,elevation_m,flow_accum_proxy,impervious_frac,slope_deg",event_raster,production,0,0,ida_like,0.9849849825756348,0.980184523849095,0.980184523849095,1
892a100d677ffff,18.53936629797061,0.7161777546509086,0.582510963887082,11.568523430592396,1.0,500.47137923878313,1158.6451562707825,75.0,-73.97738204475199,40.75543699410768,9,observed,opendata,"building_density,dist_stream_m,elevation_m,flow_accum_proxy,impervious_frac,slope_deg",event_raster,production,0,0,ida_like,1.0127407048055517,0.9734821654457987,0.9734821654457987,1
892a100d67bffff,16.20414668031755,0.7075797802942396,0.6977731895301191,93.25817860300619,1.0,613.7525470184872,1590.4461105287528,75.0,-73.98390007891497,40.757905159882704,9,observed,opendata,"building_density,dist_stream_m,elevation_m,flow_accum_proxy,impervious_frac,slope_deg",event_raster,production,0,0,ida_like,0.9216170567760765,0.9863524820585813,0.9863524820585813,1
892a100de4bffff,0.024937975428425272,0.15310505929116933,0.0563516867531057,1.3495762711864407,0.0,9.451339942259848,0.0,75.0,-73.97125695061276,40.70802432450722,9,observed,opendata,"building_density,dist_stream_m,elevation_m,flow_accum_proxy,impervious_frac,slope_deg",event_raster,production,0,0,ida_like,0.005463299459454715,0.00996135907793228,0.00996135907793228,0
892a10720b7ffff,-1.1900991245511503,0.00018630719034623262,0.0006145217988354039,1.026827012025902,0.0,0.0,149.35651737919665,75.0,-74.0181130416704,40.75697595984327,9,observed,opendata,"building_density,dist_stream_m,elevation_m,flow_accum_proxy,impervious_frac,slope_deg",event_raster,production,0,0,ida_like,0.005463299459454715,0.00996135907793228,0.00996135907793228,0
892a1072103ffff,-1.2399753847266048,0.0,0.00023242917916710228,1.0275066548358474,0.0,0.0,43.666089717683846,75.0,-74.01748117571599,40.741129871987226,9,observed,opendata,"building_density,dist_stream_m,elevation_m,flow_accum_proxy,impervious_frac,slope_deg",event_raster,production,0,0,ida_like,0.005463299459454715,0.00996135907793228,0.00996135907793228,0
892a1072107ffff,-1.244210231430539,0.0,0.001968905035169407,1.1139575971731448,0.0,0.0,276.3955847946114,75.0,-74.0152384511325,40.73854752280379,9,observed,opendata,"building_density,dist_stream_m,elevation_m,flow_accum_proxy,impervious_frac,slope_deg",event_raster,production,0,0,ida_like,0.028043661908568673,0.01203570028551516,0.01203570028551516,0
892a107210fffff,-1.245603721388455,0.0,0.0024840236519431246,1.1420689655172414,0.0,0.0,70.55081157722066,75.0,-74.01951335948576,40.73843076426119,9,observed,opendata,"building_density,dist_stream_m,elevation_m,flow_accum_proxy,impervious_frac,slope_deg",event_raster,production,0,0,ida_like,0.005463299459454715,0.00996135907793228,0.00996135907793228,0
892a1072113ffff,-1.2310538851249386,0.0,0.0020333318153320824,1.102112676056338,0.0,0.0,157.89230281875084,75.0,-74.01544876152556,40.74382903103832,9,observed,opendata,"building_density,dist_stream_m,elevation_m,flow_accum_proxy,impervious_frac,slope_deg",event_raster,production,0,0,ida_like,0.005463299459454715,0.00996135907793228,0.00996135907793228,0
892a1072117ffff,-1.1877672159961894,0.04511516691964383,0.18150142565476748,1.120353982300885,0.0,9.44497754143648,69.75746297148929,75.0,-74.01320602332508,40.741246554946805,9,observed,opendata,"building_density,dist_stream_m,elevation_m,flow_accum_proxy,impervious_frac,slope_deg",event_raster,production,0,0,ida_like,0.005463299459454715,0.00996135907793228,0.00996135907793228,0
892a107211bffff,-1.2316763050842865,0.0,0.00202297376694875,1.1385083713850837,0.0,0.0,196.78179905057013,75.0,-74.01972415083898,40.74371226570976,9,observed,opendata,"building_density,dist_stream_m,elevation_m,flow_accum_proxy,impervious_frac,slope_deg",event_raster,production,0,0,ida_like,0.005463299459454715,0.00996135907793228,0.00996135907793228,0
892a1072123ffff,-1.1687535791666106,0.000900871208065346,0.3894691946386747,1.1725663716814159,0.0,0.0,85.56397640721428,75.0,-74.01502818806925,40.73326636427724,9,observed,opendata,"building_density,dist_stream_m,elevation_m,flow_accum_proxy,impervious_frac,slope_deg",event_raster,production,0,0,ida_like,0.005463299459454715,0.017388674002585165,0.017388674002585165,0
892a1072127ffff,0.317415078061613,0.41555844345398874,1.1515371945328723,2.019503546099291,0.0,28.340568616711487,10.769277976547698,75.0,-74.01278597804964,40.73068423115304,9,observed,opendata,"building_density,dist_stream_m,elevation_m,flow_accum_proxy,impervious_frac,slope_deg",event_raster,production,0,0,ida_like,0.04412449926585035,0.11570023322437792,0.11570023322437792,0
892a107212bffff,-1.2623415277333616,0.0,0.0019051260698506435,1.1153358681875791,0.0,0.0,55.68654828373531,75.0,-74.01930261557044,40.733149612519036,9,observed,opendata,"building_density,dist_stream_m,elevation_m,flow_accum_proxy,impervious_frac,slope_deg",event_raster,production,0,0,ida_like,0.005463299459454715,0.00996135907793228,0.00996135907793228,0
892a107212fffff,-1.2719176585760563,0.0,0.0020710156741099955,1.1103265666372462,0.0,0.0,281.9912208068408,75.0,-74.01706016873243,40.73056756172238,9,observed,opendata,"building_density,dist_stream_m,elevation_m,flow_accum_proxy,impervious_frac,slope_deg",event_raster,production,0,0,ida_like,0.028043661908568673,0.01203570028551516,0.01203570028551516,0
892a1072133ffff,-1.2547325967474188,0.011688449909020519,0.014539379470053638,1.2198581560283688,0.0,0.0,201.69411041138994,75.0,-74.01299597705345,40.73596521818175,9,observed,opendata,"building_density,dist_stream_m,elevation_m,flow_accum_proxy,impervious_frac,slope_deg",event_raster,production,0,0,ida_like,0.005463299459454715,0.00996135907793228,0.00996135907793228,0
892a1072137ffff,1.174219126347863,0.5746522394854691,2.5183943415297168,2.621693121693122,1.0,425.0879774447582,5.37697386660939,75.0,-74.01075375344374,40.73338295814338,9,observed,opendata,"building_density,dist_stream_m,elevation_m,flow_accum_proxy,impervious_frac,slope_deg",event_raster,production,0,0,ida_like,0.8775914114972152,0.9735386079596884,0.9735386079596884,1
892a107213bffff,-1.2532459888838035,0.0,0.0019723898133642112,1.1141592920353982,0.0,0.0,169.89203746611597,75.0,-74.01727064853625,40.735848541987394,9,observed,opendata,"building_density,dist_stream_m,elevation_m,flow_accum_proxy,impervious_frac,slope_deg",event_raster,production,0,0,ida_like,0.005463299459454715,0.00996135907793228,0.00996135907793228,0
892a1072183ffff,1.092882147249922,0.7522775878816721,2.5900390582813637,3.022968197879859,1.0,122.77284279812328,20.558985472725286,75.0,-74.00914047636303,40.74664477312714,9,observed,opendata,"building_density,dist_stream_m,elevation_m,flow_accum_proxy,impervious_frac,slope_deg",event_raster,production,0,0,ida_like,0.17372466459510272,0.9644132301968285,0.9644132301968285,1
892a1072187ffff,2.865856484433288,0.8612008066278733,1.6096148432023738,5.015057573073516,1.0,453.3382727626233,166.45323368612412,75.0,-74.0068979615497,40.74406208777896,9,observed,opendata,"building_density,dist_stream_m,elevation_m,flow_accum_proxy,impervious_frac,slope_deg",event_raster,production,0,0,ida_like,0.9814275132420307,0.9679312307148529,0.9679312307148529,1
892a107218bffff,-1.145717832484408,0.025607253999365923,0.2881564678893018,1.1799645390070923,0.0,0.0,157.60838712812293,75.0,-74.0134161168805,40.74652824139304,9,observed,opendata,"building_density,dist_stream_m,elevation_m,flow_accum_proxy,impervious_frac,slope_deg",event_raster,production,0,0,ida_like,0.005463299459454715,0.00996135907793228,0.00996135907793228,0
892a107218fffff,-0.7697109869887343,0.21370887603029706,1.2654111865971782,1.5761061946902655,0.0,9.444521136991822,11.135642759976284,75.0,-74.01117336507996,40.74394563839507,9,observed,opendata,"building_density,dist_stream_m,elevation_m,flow_accum_proxy,impervious_frac,slope_deg",event_raster,production,0,0,ida_like,0.04049110875914033,0.02308779251622819,0.02308779251622819,0
892a1072193ffff,2.4733190099759055,0.8853500230424272,1.8663179345042886,5.219663418954827,1.0,254.97743280222926,192.81507905427813,75.0,-74.00710735714024,40.7493439591216,9,observed,opendata,"building_density,dist_stream_m,elevation_m,flow_accum_proxy,impervious_frac,slope_deg",event_raster,production,0,0,ida_like,0.9402573579826778,0.9511422957269944,0.9511422957269944,1
892a1072197ffff,2.7614139460066744,0.7942082141744258,2.312438773104936,3.7453580901856762,1.0,1539.386847311681,387.0105599950392,75.0,-74.00486482878279,40.74676114686789,9,observed,opendata,"building_density,dist_stream_m,elevation_m,flow_accum_proxy,impervious_frac,slope_deg",event_raster,production,0,0,ida_like,0.8917369202026272,0.9735174127710405,0.9735174127710405,1
892a107219bffff,-0.6537524258770736,0.15740812760982117,1.3625826412477078,1.398936170212766,0.0,0.0,32.52877152924296,75.0,-74.01138324174666,40.74922750302998,9,observed,opendata,"building_density,dist_stream_m,elevation_m,flow_accum_proxy,impervious_frac,slope_deg",event_raster,production,0,0,ida_like,0.042414915711005585,0.02308779251622819,0.02308779251622819,0
892a10721a3ffff,4.316668988278149,0.810046624022384,1.8137974072890093,3.891843971631206,1.0,1926.8792213874592,316.72234136691196,75.0,-74.00668861308876,40.73878056609214,9,observed,opendata,"building_density,dist_stream_m,elevation_m,flow_accum_proxy,impervious_frac,slope_deg",event_raster,production,0,0,ida_like,0.9905921350553369,0.9817320185099925,0.9817320185099925,1
892a10721a7ffff,7.052639007568359,0.6748227885903766,2.454879452465389,3.2634361233480176,1.0,3202.1835414914995,521.7561786592265,75.0,-74.00444661282785,40.736198096831764,9,observed,opendata,"building_density,dist_stream_m,elevation_m,flow_accum_proxy,impervious_frac,slope_deg",event_raster,production,0,0,ida_like,1.0036958597618177,0.9683949227708054,0.9683949227708054,1
892a10721abffff,0.3745056632132155,0.4531976388452958,1.5648322338357759,2.828470380194518,1.0,85.00914149665785,30.192978640630226,75.0,-74.01096353565099,40.73866412341445,9,observed,opendata,"building_density,dist_stream_m,elevation_m,flow_accum_proxy,impervious_frac,slope_deg",event_raster,production,0,0,ida_like,0.8250855832340062,0.8895907831314538,0.8895907831314538,1
892a10721afffff,3.490323402506515,0.7717079916091334,2.565414321656771,3.836734693877551,1.0,1492.458976622331,162.56907783617552,75.0,-74.00872129846812,40.73608173646356,9,observed,opendata,"building_density,dist_stream_m,elevation_m,flow_accum_proxy,impervious_frac,slope_deg",event_raster,production,0,0,ida_like,0.190301145906968,0.9809779136655565,0.9809779136655565,1
892a10721b3ffff,4.6818460955493775,0.8373537887298063,1.7626045273354334,4.843171806167401,1.0,906.7228768061028,392.89882762041617,75.0,-74.00465569727152,40.74147944700771,9,observed,opendata,"building_density,dist_stream_m,elevation_m,flow_accum_proxy,impervious_frac,slope_deg",event_raster,production,0,0,ida_like,0.9662122736521261,0.9674406827264018,0.9674406827264018,1
892a10721b7ffff,6.6616377350283384,0.7675786899219282,2.2682631296537874,4.209405501330967,1.0,2144.1313790759446,628.2887068966103,75.0,-74.0024136834934,40.73889685083574,9,observed,opendata,"building_density,dist_stream_m,elevation_m,flow_accum_proxy,impervious_frac,slope_deg",event_raster,production,0,0,ida_like,0.977320194846302,0.9496011615626663,0.9496011615626663,1
892a10721bbffff,1.6251960534597876,0.737339020209349,1.6491843103812782,3.8576480990274096,1.0,198.34507788339744,46.99043715979457,75.0,-74.00893086382774,40.74136307995401,9,observed,opendata,"building_density,dist_stream_m,elevation_m,flow_accum_proxy,impervious_frac,slope_deg",event_raster,production,0,0,ida_like,0.9319779370015844,0.9534516929920824,0.9534516929920824,1
892a10721c3ffff,-1.213900610373008,0.0,0.0019426175712066777,1.1192504258943783,0.0,0.0,171.19462277188163,75.0,-74.01993498964616,40.74899411680954,9,observed,opendata,"building_density,dist_stream_m,elevation_m,flow_accum_proxy,impervious_frac,slope_deg",event_raster,production,0,0,ida_like,0.005463299459454715,0.00996135907793228,0.00996135907793228,0
892a10721c7ffff,-1.2224848367729966,0.0,0.0019776401595074516,1.1144631765749777,0.0,0.0,82.55348248343721,75.0,-74.01769175028757,40.746411551666675,9,observed,opendata,"building_density,dist_stream_m,elevation_m,flow_accum_proxy,impervious_frac,slope_deg",event_raster,production,0,0,ida_like,0.005463299459454715,0.00996135907793228,0.00996135907793228,0
892a10721d3ffff,-1.2042193791408131,0.0,0.002366620247679832,1.1352313167259787,0.0,0.0,210.92578207751475,75.0,-74.01790237226705,40.75169358097044,9,observed,opendata,"building_density,dist_stream_m,elevation_m,flow_accum_proxy,impervious_frac,slope_deg",event_raster,production,0,0,ida_like,0.005463299459454715,0.01203570028551516,0.01203570028551516,0
892a10721d7ffff,-1.211878742114394,0.0,0.0020796632177818423,1.1130742049469964,0.0,0.0,31.68414717354232,75.0,-74.0156591192645,40.74911088892559,9,observed,opendata,"building_density,dist_stream_m,elevation_m,flow_accum_proxy,impervious_frac,slope_deg",event_raster,production,0,0,ida_like,0.005463299459454715,0.00996135907793228,0.00996135907793228,0
892a1072507ffff,6.045594998179598,0.8499440136266515,2.9966599605614253,7.914007092198582,1.0,151.0758493684931,327.30121004922245,75.0,-74.00100661609572,40.757441824465054,9,observed,opendata,"building_density,dist_stream_m,elevation_m,flow_accum_proxy,impervious_frac,slope_deg",event_raster,production,0,0,ida_like,0.9139100866734253,0.8965184967539969,0.8965184967539969,1
892a107250bffff,-0.5307645952319742,0.16158879308081148,1.08944669455451,1.6339434276206324,0.0,0.0,76.08523843317637,75.0,-74.0075262897737,40.759908750553265,9,observed,opendata,"building_density,dist_stream_m,elevation_m,flow_accum_proxy,impervious_frac,slope_deg",event_raster,production,0,0,ida_like,0.04049110875914033,0.02308779251622819,0.02308779251622819,0
892a107250fffff,1.0902016293216192,0.5698518082603741,1.3910092545596053,5.543439716312057,1.0,18.884428478775728,4.22137800358911,75.0,-74.00528323307157,40.757325595419836,9,observed,opendata,"building_density,dist_stream_m,elevation_m,flow_accum_proxy,impervious_frac,slope_deg",event_raster,production,0,0,ida_like,-0.0016546762714412236,0.0776034956094226,0.0776034956094226,0
892a1072523ffff,5.199998814186596,0.8566568510752197,2.6714907944242055,12.481382978723405,1.0,217.19311375770351,679.0165030648308,75.0,-74.00079787164594,40.75215941875203,9,observed,opendata,"building_density,dist_stream_m,elevation_m,flow_accum_proxy,impervious_frac,slope_deg",event_raster,production,0,0,ida_like,0.1306976325419559,0.9320751726621043,0.9320751726621043,1
892a1072527ffff,8.02425549040807,0.7638562701609691,0.6979674466733825,21.63964757709251,1.0,557.17601771214,952.3438837705331,75.0,-73.99855556685219,40.74957639726228,9,observed,opendata,"building_density,dist_stream_m,elevation_m,flow_accum_proxy,impervious_frac,slope_deg",event_raster,production,0,0,ida_like,0.36446867448603637,0.29910775535754863,0.29910775535754863,0
892a107252bffff,2.9207114511300656,0.8889311911048248,1.0453565587628668,5.62621789193977,1.0,273.8514228478726,278.96931947887134,75.0,-74.00507400737747,40.75204319635703,9,observed,opendata,"building_density,dist_stream_m,elevation_m,flow_accum_proxy,impervious_frac,slope_deg",event_raster,production,0,0,ida_like,0.9236088770178097,0.9711458641963557,0.9711458641963557,1
892a107252fffff,3.8310768727292124,0.8015977727650754,1.5455372068379403,8.916961130742049,1.0,916.0325876624108,545.1570060063358,75.0,-74.00283146549287,40.749460257199395,9,observed,opendata,"building_density,dist_stream_m,elevation_m,flow_accum_proxy,impervious_frac,slope_deg",event_raster,production,0,0,ida_like,0.9397862551858273,0.9619037304124891,0.9619037304124891,1
892a1072533ffff,10.129730641472982,0.8491542145122373,2.8983374806787987,7.006189213085765,1.0,406.03708434312045,605.1242342959185,75.0,-73.99876404720786,40.75485863150437,9,observed,opendata,"building_density,dist_stream_m,elevation_m,flow_accum_proxy,impervious_frac,slope_deg",event_raster,production,0,0,ida_like,0.05579691581716227,0.04974028395585214,0.04974028395585214,0
892a1072537ffff,11.283054737334556,0.8598460360621729,1.0457082915470777,4.88563829787234,1.0,254.96654301127882,930.0209004306128,75.0,-73.9965217289429,40.75227548311166,9,observed,opendata,"building_density,dist_stream_m,elevation_m,flow_accum_proxy,impervious_frac,slope_deg",event_raster,production,0,0,ida_like,0.8981205272287623,0.959254811811519,0.959254811811519,1
892a107253bffff,4.1104191180630405,0.8329470946400176,3.8011720850187793,3.756828193832599,1.0,84.9842684980743,335.25454090656655,75.0,-74.0030404270407,40.754742484811985,9,observed,opendata,"building_density,dist_stream_m,elevation_m,flow_accum_proxy,impervious_frac,slope_deg",event_raster,production,0,0,ida_like,0.05269204800396518,0.9665417245992705,0.9665417245992705,1
892a1072547ffff,-1.178356056747261,0.0,0.005834826107068699,1.2239263803680982,0.0,0.0,41.20677778398168,75.0,-74.01180313685693,40.759792281041555,9,observed,opendata,"building_density,dist_stream_m,elevation_m,flow_accum_proxy,impervious_frac,slope_deg",event_raster,production,0,0,ida_like,0.005463299459454715,0.00996135907793228,0.00996135907793228,0
892a107254fffff,-1.1820311440099585,0.0,0.00828597985025343,1.2461103253182462,0.0,0.0,187.35326562693288,75.0,-74.01607997684373,40.75967565343729,9,observed,opendata,"building_density,dist_stream_m,elevation_m,flow_accum_proxy,impervious_frac,slope_deg",event_raster,production,0,0,ida_like,0.005463299459454715,0.00996135907793228,0.00996135907793228,0
892a1072563ffff,-1.1932794187508575,0.0,0.002330564154317794,1.0904255319148937,0.0,0.0,210.35436320837707,75.0,-74.01159316566697,40.75450971726391,9,observed,opendata,"building_density,dist_stream_m,elevation_m,flow_accum_proxy,impervious_frac,slope_deg",event_raster,production,0,0,ida_like,0.005463299459454715,0.01203570028551516,0.01203570028551516,0
892a1072567ffff,-0.1242853432969997,0.30214329224147896,1.713032453055758,2.137323943661972,0.0,28.32937876710304,25.86806382199868,75.0,-74.00935013608994,40.7519268159277,9,observed,opendata,"building_density,dist_stream_m,elevation_m,flow_accum_proxy,impervious_frac,slope_deg",event_raster,production,0,0,ida_like,0.07930136834297075,0.9013167717188835,0.9013167717188835,1
892a107256bffff,-1.197653658516639,0.0,0.0022105233863292805,1.1300884955752213,0.0,0.0,101.09264310461722,75.0,-74.01586952436521,40.75439309641035,9,observed,opendata,"building_density,dist_stream_m,elevation_m,flow_accum_proxy,impervious_frac,slope_deg",event_raster,production,0,0,ida_like,0.005463299459454715,0.00996135907793228,0.00996135907793228,0
892a107256fffff,-1.202068374009259,0.0,0.002294001286845259,1.165486725663717,0.0,0.0,143.05380611955823,75.0,-74.01362625773565,40.751810277465154,9,observed,opendata,"building_density,dist_stream_m,elevation_m,flow_accum_proxy,impervious_frac,slope_deg",event_raster,production,0,0,ida_like,0.005463299459454715,0.00996135907793228,0.00996135907793228,0
892a1072573ffff,-1.1855190468381593,0.0008654120737408918,0.006012507600381819,1.1888790820829656,0.0,0.0,220.25367725192532,75.0,-74.00955984302436,40.75720920830043,9,observed,opendata,"building_density,dist_stream_m,elevation_m,flow_accum_proxy,impervious_frac,slope_deg",event_raster,production,0,0,ida_like,0.005463299459454715,0.01203570028551516,0.01203570028551516,0
892a1072577ffff,0.41871985534486256,0.47677183611410157,1.0049308597834974,2.652212389380531,1.0,84.98403178741441,2.8995916915417252,75.0,-74.00731679987626,40.754626180064804,9,observed,opendata,"building_density,dist_stream_m,elevation_m,flow_accum_proxy,impervious_frac,slope_deg",event_raster,production,0,0,ida_like,0.8979857400291867,0.8895907831314538,0.8895907831314538,1
892a107257bffff,-1.189888697209712,0.0,0.000943831426861561,1.0353356890459364,0.0,0.0,8.750160908497161,75.0,-74.01383644590652,40.757092663107876,9,observed,opendata,"building_density,dist_stream_m,elevation_m,flow_accum_proxy,impervious_frac,slope_deg",event_raster,production,0,0,ida_like,0.005463299459454715,0.00996135907793228,0.00996135907793228,0
892a10725a3ffff,10.626325219948386,0.844935259419916,0.5170646494820649,33.6784140969163,1.0,915.9024743471946,936.4764291618751,75.0,-73.99245336126558,40.75767380832861,9,observed,opendata,"building_density,dist_stream_m,elevation_m,flow_accum_proxy,impervious_frac,slope_deg",event_raster,production,0,0,ida_like,0.9193129219092933,0.9729114060785792,0.9729114060785792,1
892a10725a7ffff,12.918522387479259,0.696655504260443,0.7987916742772919,21.715929203539822,1.0,878.1781631297371,1255.002407483092,75.0,-73.99021126674094,40.75509045072057,9,observed,opendata,"building_density,dist_stream_m,elevation_m,flow_accum_proxy,impervious_frac,slope_deg",event_raster,production,0,0,ida_like,0.9800959310712865,0.9811503351150753,0.9811503351150753,1
892a10725abffff,8.673706055529225,0.8608100384815751,1.3114629014434633,8.457193292144748,1.0,377.69068089618656,646.937488000279,75.0,-73.99672999214451,40.75755789543499,9,observed,opendata,"building_density,dist_stream_m,elevation_m,flow_accum_proxy,impervious_frac,slope_deg",event_raster,production,0,0,ida_like,0.2286266808321258,0.9534536901164177,0.9534536901164177,1
892a10725afffff,11.274232937869401,0.7877245025892401,1.2989620250874203,8.009743135518157,1.0,1048.1451805492734,964.903622431071,75.0,-73.99448766042539,40.75497462014091,9,observed,opendata,"building_density,dist_stream_m,elevation_m,flow_accum_proxy,impervious_frac,slope_deg",event_raster,production,0,0,ida_like,0.34319478690953387,0.965871268758704,0.965871268758704,1
892a10725b7ffff,13.950070532501167,0.7507218808886853,0.6422752661775823,69.50709219858156,1.0,538.2122495894911,1254.3272853787505,75.0,-73.98817672350651,40.75778956314487,9,observed,opendata,"building_density,dist_stream_m,elevation_m,flow_accum_proxy,impervious_frac,slope_deg",event_raster,production,0,0,ida_like,0.9932321996311463,0.9847489204253046,0.9847489204253046,1
892a1072803ffff,2.65648701923633,0.5302437733657009,2.270665179584076,5.706927175843695,1.0,85.06378881931099,132.49470306552908,75.0,-74.01600847979246,40.70416790835038,9,observed,opendata,"building_density,dist_stream_m,elevation_m,flow_accum_proxy,impervious_frac,slope_deg",event_raster,production,0,0,ida_like,0.18292855371841893,0.19047281790825,0.19047281790825,0
892a1072807ffff,1.6114078660584474,0.5819010166048398,2.046023086208541,5.128456735057984,1.0,151.2322517556073,82.9711950327538,75.0,-74.01376760272268,40.70158676007536,9,observed,opendata,"building_density,dist_stream_m,elevation_m,flow_accum_proxy,impervious_frac,slope_deg",event_raster,production,0,0,ida_like,0.12361333580083428,0.26098841731502337,0.26098841731502337,0
892a107280fffff,-1.3370467938745398,0.028975524272422386,0.5123472929279798,1.525974025974026,0.0,0.0,0.0,75.0,-74.01803914737917,40.70147004899095,9,observed,opendata,"building_density,dist_stream_m,elevation_m,flow_accum_proxy,impervious_frac,slope_deg",event_raster,production,0,0,ida_like,0.005463299459454715,0.017388674002585165,0.017388674002585165,0
892a1072813ffff,4.757909091482039,0.6756658137056186,2.907952293813123,6.783496007098492,1.0,368.59190874237,371.57158043151173,75.0,-74.01397758214198,40.706865819195635,9,observed,opendata,"building_density,dist_stream_m,elevation_m,flow_accum_proxy,impervious_frac,slope_deg",event_raster,production,0,0,ida_like,0.12275650040500632,0.1698672648249219,0.1698672648249219,0
892a1072817ffff,3.2313881373032927,0.6825446705638835,1.721366807106322,10.882300884955752,1.0,708.8668630260737,319.636147017686,75.0,-74.01173669148999,40.70428454398579,9,observed,opendata,"building_density,dist_stream_m,elevation_m,flow_accum_proxy,impervious_frac,slope_deg",event_raster,production,0,0,ida_like,0.9524392009043895,0.9646309656178877,0.9646309656178877,1
892a107281bffff,2.023151150882589,0.42096411184423616,2.024363885360469,4.380907372400756,0.0,103.96153400976152,31.79459052098667,75.0,-74.0182496070028,40.70674910133614,9,observed,opendata,"building_density,dist_stream_m,elevation_m,flow_accum_proxy,impervious_frac,slope_deg",event_raster,production,0,0,ida_like,0.8625091625654357,0.8506134820873337,0.8506134820873337,1
892a1072883ffff,8.922210955027992,0.7588398242567448,2.3353083899825915,7.2322695035460995,1.0,1030.1201246945654,596.7256724895851,75.0,-74.0076741787482,40.70968026618339,9,observed,opendata,"building_density,dist_stream_m,elevation_m,flow_accum_proxy,impervious_frac,slope_deg",event_raster,production,0,0,ida_like,0.8760803753840412,0.903858898010526,0.903858898010526,1
892a1072887ffff,2.9274467377666884,0.8042919578754976,1.461862499947743,9.070859167404784,1.0,774.9924081772632,245.3926512359821,75.0,-74.00543351115385,40.70709878183493,9,observed,opendata,"building_density,dist_stream_m,elevation_m,flow_accum_proxy,impervious_frac,slope_deg",event_raster,production,0,0,ida_like,0.2008585329368619,0.9682882302385254,0.9682882302385254,1
892a107288bffff,6.8140680247396626,0.6931798278706746,2.661106989432097,5.9602824360105915,1.0,453.62962432025563,495.7444451679159,75.0,-74.01194645439377,40.70956378150536,9,observed,opendata,"building_density,dist_stream_m,elevation_m,flow_accum_proxy,impervious_frac,slope_deg",event_raster,production,0,0,ida_like,0.8563611506181011,0.9280800084860332,0.9280800084860332,1
892a107288fffff,7.188058330153064,0.7173866428712756,2.4025649552963024,9.579928952042629,1.0,359.1418270052105,462.2629199953974,75.0,-74.00970555017649,40.70698237936226,9,observed,opendata,"building_density,dist_stream_m,elevation_m,flow_accum_proxy,impervious_frac,slope_deg",event_raster,production,0,0,ida_like,0.9208822328013665,0.9317846059951024,0.9317846059951024,1
892a1072893ffff,11.262848785343053,0.7263321208279286,1.9915120704881815,6.039787798408488,1.0,151.20297726530683,775.6966395657986,75.0,-74.0056425771711,40.71237820442782,9,observed,opendata,"building_density,dist_stream_m,elevation_m,flow_accum_proxy,impervious_frac,slope_deg",event_raster,production,0,0,ida_like,0.9389981894585635,0.9644907076984708,0.9644907076984708,1
892a1072897ffff,5.569709723511486,0.8555565739565707,2.273207934655857,8.308510638297872,1.0,207.91473139928178,385.0671092458108,75.0,-74.00340189606727,40.70979659314705,9,observed,opendata,"building_density,dist_stream_m,elevation_m,flow_accum_proxy,impervious_frac,slope_deg",event_raster,production,0,0,ida_like,0.2465414431739651,0.3904200655326168,0.3904200655326168,0
892a107289bffff,7.712624753620608,0.7764448562359556,2.7475653704031244,9.71808510638298,1.0,292.95495570921935,558.5752571064745,75.0,-74.0099150965138,40.712261795258144,9,observed,opendata,"building_density,dist_stream_m,elevation_m,flow_accum_proxy,impervious_frac,slope_deg",event_raster,production,0,0,ida_like,0.907283317859349,0.932640734823385,0.932640734823385,1
892a10728a3ffff,-1.5726857119047322,0.0784251398554947,0.2898379599521831,1.0292812777284828,0.0,0.0,73.32015581890238,75.0,-74.00522449215495,40.701819709283896,9,observed,opendata,"building_density,dist_stream_m,elevation_m,flow_accum_proxy,impervious_frac,slope_deg",event_raster,production,0,0,ida_like,0.005463299459454715,0.00996135907793228,0.00996135907793228,0
892a10728abffff,0.22196179265842278,0.3718145575104554,2.5820669820276025,2.298136645962733,0.0,56.71225117899963,0.8446074586065945,75.0,-74.00949605096544,40.701703313506684,9,observed,opendata,"building_density,dist_stream_m,elevation_m,flow_accum_proxy,impervious_frac,slope_deg",event_raster,production,0,0,ida_like,0.05880854186549694,0.9496317051763479,0.9496317051763479,1
892a10728b3ffff,-0.4870497256223221,0.49567284006766543,2.1712579597957524,1.9165927240461402,1.0,94.51610611127171,10.516055068376316,75.0,-74.00319309369571,40.704517342235015,9,observed,opendata,"building_density,dist_stream_m,elevation_m,flow_accum_proxy,impervious_frac,slope_deg",event_raster,production,0,0,ida_like,0.8497754833493187,0.9144959586341579,0.9144959586341579,1
892a10728b7ffff,-0.9806179591639616,0.0,0.3161091028360746,1.127208480565371,0.0,0.0,59.22258075877662,75.0,-74.00095292633873,40.701935947405886,9,observed,opendata,"building_density,dist_stream_m,elevation_m,flow_accum_proxy,impervious_frac,slope_deg",event_raster,production,0,0,ida_like,0.005463299459454715,0.017388674002585165,0.017388674002585165,0
892a10728bbffff,2.0601404048502445,0.7904088938592282,1.743971494628133,5.03716814159292,1.0,274.095946063168,110.18259960725099,75.0,-74.00746489610857,40.70440102194768,9,observed,opendata,"building_density,dist_stream_m,elevation_m,flow_accum_proxy,impervious_frac,slope_deg",event_raster,production,0,0,ida_like,0.9015094995918531,0.9536596900452216,0.9536596900452216,1
892a10728c3ffff,0.05904686971246076,0.13796571541451375,1.5677625111651512,1.9663699307616223,0.0,37.800430795959656,44.073493873982315,75.0,-74.01846011396843,40.71202850371857,9,observed,opendata,"building_density,dist_stream_m,elevation_m,flow_accum_proxy,impervious_frac,slope_deg",event_raster,production,0,0,ida_like,0.06922296596347649,0.02308779251622819,0.02308779251622819,0
892a10728c7ffff,3.484364738167258,0.7194522560013007,1.499252905388228,4.744454303460515,1.0,170.11063964782056,190.96972244844167,75.0,-74.01621872295645,40.70944713911398,9,observed,opendata,"building_density,dist_stream_m,elevation_m,flow_accum_proxy,impervious_frac,slope_deg",event_raster,production,0,0,ida_like,0.9434745901876409,0.9464158308938097,0.9464158308938097,1
892a10728d3ffff,2.481532600551573,0.49582678128805785,1.8735272491190325,4.082373782108061,1.0,47.24825197747762,84.5729345003708,75.0,-74.01642901341648,40.71472671988807,9,observed,opendata,"building_density,dist_stream_m,elevation_m,flow_accum_proxy,impervious_frac,slope_deg",event_raster,production,0,0,ida_like,0.060828225912894954,0.055080569130717696,0.055080569130717696,0
892a10728d7ffff,2.931888463690626,0.677911390200363,4.601608386528282,4.339539007092198,1.0,85.05120361476024,210.19531560553798,75.0,-74.01418760879541,40.712145228354714,9,observed,opendata,"building_density,dist_stream_m,elevation_m,flow_accum_proxy,impervious_frac,slope_deg",event_raster,production,0,0,ida_like,0.9171552048239484,0.9553413724863609,0.9553413724863609,1
892a1072c03ffff,4.2932088043778505,0.8583850078548946,2.5051607393613415,6.816489361702128,1.0,1861.321324349496,865.4100382560167,75.0,-74.00178736299634,40.72305436427269,9,observed,opendata,"building_density,dist_stream_m,elevation_m,flow_accum_proxy,impervious_frac,slope_deg",event_raster,production,0,0,ida_like,0.8868907930915355,0.9754583213487932,0.9754583213487932,1
892a1072c07ffff,6.605340302726368,0.8410216737571427,1.4467327309742806,28.275132275132275,1.0,1285.0388219512045,564.5032169882154,75.0,-73.99954639120696,40.72047232748709,9,observed,opendata,"building_density,dist_stream_m,elevation_m,flow_accum_proxy,impervious_frac,slope_deg",event_raster,production,0,0,ida_like,0.8993669347118998,0.9518611605368106,0.9518611605368106,1
892a1072c0bffff,3.1183968083867177,0.8373021402333735,1.585640136642026,6.713780918727915,1.0,500.76018033234686,519.9946338886438,75.0,-74.00606085032426,40.72293809951893,9,observed,opendata,"building_density,dist_stream_m,elevation_m,flow_accum_proxy,impervious_frac,slope_deg",event_raster,production,0,0,ida_like,0.972352550961854,0.9565296975676291,0.9565296975676291,1
892a1072c0fffff,3.224952309280006,0.8600292421593112,2.251709377186533,5.191659272404614,1.0,1691.3331441810053,751.8577441382932,75.0,-74.00381964174338,40.72035614496131,9,observed,opendata,"building_density,dist_stream_m,elevation_m,flow_accum_proxy,impervious_frac,slope_deg",event_raster,production,0,0,ida_like,0.9658217770685189,0.9725912169444755,0.9725912169444755,1
892a1072c13ffff,7.151620798161465,0.8145879277168705,1.6993922348950463,41.68314210061783,1.0,1549.4514630051679,802.1002782832692,75.0,-73.99975485394748,40.725752634920234,9,observed,opendata,"building_density,dist_stream_m,elevation_m,flow_accum_proxy,impervious_frac,slope_deg",event_raster,production,0,0,ida_like,0.2636110631381228,0.30305818414013136,0.30305818414013136,0
892a1072c17ffff,10.198771477168709,0.8244139280272672,0.7360372628220014,28.259094942324754,1.0,1473.943846881449,508.0108038763589,75.0,-73.99751386869457,40.723170471210885,9,observed,opendata,"building_density,dist_stream_m,elevation_m,flow_accum_proxy,impervious_frac,slope_deg",event_raster,production,0,0,ida_like,0.9865590916061754,0.979791983274214,0.979791983274214,1
892a1072c1bffff,5.673303576802786,0.7975637626595202,2.378304749199774,4.083185840707965,1.0,1464.4165055665303,641.0700373127984,75.0,-74.00402858507962,40.72563644575339,9,observed,opendata,"building_density,dist_stream_m,elevation_m,flow_accum_proxy,impervious_frac,slope_deg",event_raster,production,0,0,ida_like,0.3727012104070357,0.35924883087902587,0.35924883087902587,0
892a1072c23ffff,7.023031471539239,0.7878730083913744,2.118787463696774,12.99027409372237,1.0,2003.3481158573127,592.0702373556267,75.0,-73.99933797536255,40.7151923699604,9,observed,opendata,"building_density,dist_stream_m,elevation_m,flow_accum_proxy,impervious_frac,slope_deg",event_raster,production,0,0,ida_like,0.9254615188154208,0.930971864346599,0.930971864346599,1
892a1072c27ffff,7.723999054774933,0.8048641631647706,1.4267959467682914,23.867673179396093,1.0,1738.8439366532136,424.4953379874368,75.0,-73.99709751749248,40.7126105495616,9,observed,opendata,"building_density,dist_stream_m,elevation_m,flow_accum_proxy,impervious_frac,slope_deg",event_raster,production,0,0,ida_like,0.8962531659631457,0.9098337202593555,0.9098337202593555,1
892a1072c2bffff,7.50795755621968,0.7906457943231952,3.341884759629101,8.311446317657499,1.0,226.79349384865264,882.0539515260314,75.0,-74.0036107454112,40.71507619407416,9,observed,opendata,"building_density,dist_stream_m,elevation_m,flow_accum_proxy,impervious_frac,slope_deg",event_raster,production,0,0,ida_like,0.9078364358160759,0.8853477645902162,0.8853477645902162,1
892a1072c2fffff,6.750803836903214,0.7820344690464239,2.8033311240968453,10.878761061946904,1.0,160.65361058257477,521.231579974247,75.0,-74.00137005081483,40.71249445586266,9,observed,opendata,"building_density,dist_stream_m,elevation_m,flow_accum_proxy,impervious_frac,slope_deg",event_raster,production,0,0,ida_like,0.11735657451559904,0.18909110218496447,0.18909110218496447,0
892a1072c33ffff,9.364033672803254,0.8423395209219356,1.273028352695328,58.2058562555457,1.0,2182.7878929295894,318.50934319660433,75.0,-73.99730566967641,40.71789033541887,9,observed,opendata,"building_density,dist_stream_m,elevation_m,flow_accum_proxy,impervious_frac,slope_deg",event_raster,production,0,0,ida_like,0.23628594313306445,0.13286825908554337,0.13286825908554337,0
892a1072c37ffff,12.519163254088005,0.84124259394882,0.4026752741117261,5.199115044247788,1.0,1115.074241468572,346.9968464519467,75.0,-73.99506519836963,40.715308388090286,9,observed,opendata,"building_density,dist_stream_m,elevation_m,flow_accum_proxy,impervious_frac,slope_deg",event_raster,production,0,0,ida_like,0.9402518208421861,0.9576377154523281,0.9576377154523281,1
892a1072c3bffff,4.9859451791073415,0.8182168997401464,1.7353437766936404,23.279255319148938,1.0,963.8257276606362,678.3734528741107,75.0,-74.00157868343452,40.71777423510105,9,observed,opendata,"building_density,dist_stream_m,elevation_m,flow_accum_proxy,impervious_frac,slope_deg",event_raster,production,0,0,ida_like,0.875255906932694,0.9388415919162321,0.9388415919162321,1
892a1072c43ffff,-0.34831464372636434,0.3682826093679828,0.9866996590748839,1.8385093167701863,0.0,56.686775955138536,73.91770815925591,75.0,-74.01257602629768,40.7254035939159,9,observed,opendata,"building_density,dist_stream_m,elevation_m,flow_accum_proxy,impervious_frac,slope_deg",event_raster,production,0,0,ida_like,0.8744211600697384,0.8741116962462289,0.8741116962462289,1
892a1072c47ffff,2.547894026896777,0.8201735348302367,2.3564876728912667,5.242263483642794,1.0,699.1726514420853,163.92701914383704,75.0,-74.01033433063081,40.722821676950645,9,observed,opendata,"building_density,dist_stream_m,elevation_m,flow_accum_proxy,impervious_frac,slope_deg",event_raster,production,0,0,ida_like,0.8548678565811278,0.9315303301156616,0.9315303301156616,1
892a1072c4bffff,-1.2900021594457947,0.0014763974890152297,5.702596368034891e-05,1.0008818342151675,0.0,0.0,187.8605396129888,75.0,-74.0168497362885,40.72528693124739,9,observed,opendata,"building_density,dist_stream_m,elevation_m,flow_accum_proxy,impervious_frac,slope_deg",event_raster,production,0,0,ida_like,0.005463299459454715,0.00996135907793228,0.00996135907793228,0
892a1072c4fffff,-1.161287446890585,0.0447266003459497,0.4596328005417165,1.2608695652173914,0.0,0.0,140.3234588264029,75.0,-74.01460780386842,40.722705096568944,9,observed,opendata,"building_density,dist_stream_m,elevation_m,flow_accum_proxy,impervious_frac,slope_deg",event_raster,production,0,0,ida_like,0.005463299459454715,0.017388674002585165,0.017388674002585165,0
892a1072c53ffff,1.9555521175107349,0.7633290490458058,1.1873713692365537,7.075971731448763,1.0,66.13137394165457,71.43709374848122,75.0,-74.01054401844232,40.728102142637056,9,observed,opendata,"building_density,dist_stream_m,elevation_m,flow_accum_proxy,impervious_frac,slope_deg",event_raster,production,0,0,ida_like,0.097904548146462,0.9369430712608879,0.9369430712608879,1
892a1072c57ffff,3.514800943548076,0.8302934958778513,1.819967707911089,5.66607617360496,1.0,840.8561724537547,286.44378255906025,75.0,-74.00830230921224,40.725520098751595,9,observed,opendata,"building_density,dist_stream_m,elevation_m,flow_accum_proxy,impervious_frac,slope_deg",event_raster,production,0,0,ida_like,0.9528421517955352,0.9629137474232814,0.9629137474232814,1
892a1072c5bffff,-0.8428097461656303,0.10984742635468382,0.5836362477393608,1.5066430469441985,0.0,9.447313010430442,57.501836315687896,75.0,-74.01481797231988,40.72798555551391,9,observed,opendata,"building_density,dist_stream_m,elevation_m,flow_accum_proxy,impervious_frac,slope_deg",event_raster,production,0,0,ida_like,0.005463299459454715,0.017388674002585165,0.017388674002585165,0
892a1072c63ffff,4.2673741474430615,0.8219122340942316,2.0084490032737796,5.486702127659575,1.0,1266.1953883358035,274.052390492772,75.0,-74.01012468999328,40.717541561139306,9,observed,opendata,"building_density,dist_stream_m,elevation_m,flow_accum_proxy,impervious_frac,slope_deg",event_raster,production,0,0,ida_like,0.9698205150805835,0.9629137474232814,0.9629137474232814,1
892a1072c67ffff,7.788459052950699,0.8413992756324843,3.907488061053994,5.588287488908607,1.0,1341.857776018282,584.0583609605297,75.0,-74.0078835084681,40.71495986043266,9,observed,opendata,"building_density,dist_stream_m,elevation_m,flow_accum_proxy,impervious_frac,slope_deg",event_raster,production,0,0,ida_like,0.1433806739867686,0.17885566103526176,0.17885566103526176,0
892a1072c6bffff,3.2672228431684474,0.5787093077102237,2.1669509367091364,3.8172138420585626,1.0,170.08547742175398,112.32795731011394,75.0,-74.01439768269891,40.7174249874975,9,observed,opendata,"building_density,dist_stream_m,elevation_m,flow_accum_proxy,impervious_frac,slope_deg",event_raster,production,0,0,ida_like,0.8953526360934406,0.9211757292198203,0.9211757292198203,1
892a1072c6fffff,3.136374092007357,0.831038793182331,1.5473093555192976,6.80847308031774,1.0,340.18835314908034,396.6534117043157,75.0,-74.01215626448567,40.714843369036934,9,observed,opendata,"building_density,dist_stream_m,elevation_m,flow_accum_proxy,impervious_frac,slope_deg",event_raster,production,0,0,ida_like,0.9656717159333015,0.9565296975676291,0.9565296975676291,1
892a1072c73ffff,4.1967949382300285,0.8333007256824074,2.2879528788909984,4.73758865248227,1.0,982.6712743667451,401.6963379925279,75.0,-74.00809288528414,40.720239804640435,9,observed,opendata,"building_density,dist_stream_m,elevation_m,flow_accum_proxy,impervious_frac,slope_deg",event_raster,production,0,0,ida_like,0.939991757294619,0.9656359348934298,0.9656359348934298,1
892a1072c77ffff,5.6662136831269905,0.8130936428668007,4.059397831749716,4.3236331569664905,1.0,1096.1124817738614,627.7431121446654,75.0,-74.00585169022261,40.71765797700752,9,observed,opendata,"building_density,dist_stream_m,elevation_m,flow_accum_proxy,impervious_frac,slope_deg",event_raster,production,0,0,ida_like,0.9203006190828281,0.9393169662945984,0.9393169662945984,1
892a1072c7bffff,1.902728762075437,0.7126534563234278,2.3460006812533294,3.465486725663717,1.0,132.28230515907939,58.60282131263422,75.0,-74.0123661217817,40.72012330652548,9,observed,opendata,"building_density,dist_stream_m,elevation_m,flow_accum_proxy,impervious_frac,slope_deg",event_raster,production,0,0,ida_like,0.8126673378684218,0.9492385463538325,0.9492385463538325,1
892a1072c83ffff,12.20279057820638,0.8469762852582982,0.36826044459105756,7.988536155202822,1.0,888.0597865889866,760.4716194680121,75.0,-73.9934481326791,40.72856691258618,9,observed,opendata,"building_density,dist_stream_m,elevation_m,flow_accum_proxy,impervious_frac,slope_deg",event_raster,production,0,0,ida_like,0.16991272307721245,0.20065244054084727,0.20065244054084727,0
892a1072c87ffff,12.264326432371098,0.8152074481971304,0.3394230585807675,17.648624667258208,1.0,1842.3459111202997,462.0083717889443,75.0,-73.9912073708746,40.7259845397448,9,observed,opendata,"building_density,dist_stream_m,elevation_m,flow_accum_proxy,impervious_frac,slope_deg",event_raster,production,0,0,ida_like,0.9793547209137472,0.972129566442607,0.972129566442607,1
892a1072c8bffff,9.429328278024146,0.7233460338138942,0.6734564154943887,23.265070921985817,1.0,651.8718455317455,889.9547766264144,75.0,-73.99772211456276,40.72845095688255,9,observed,opendata,"building_density,dist_stream_m,elevation_m,flow_accum_proxy,impervious_frac,slope_deg",event_raster,production,0,0,ida_like,0.1130730199969547,0.1559378634696904,0.1559378634696904,0
892a1072c8fffff,12.246182042656216,0.8136129879148294,0.5038595598269768,6.734929078014185,1.0,935.3422204325949,546.3894731802176,75.0,-73.99548111586327,40.72586866625105,9,observed,opendata,"building_density,dist_stream_m,elevation_m,flow_accum_proxy,impervious_frac,slope_deg",event_raster,production,0,0,ida_like,0.9177479267024342,0.9692573508001279,0.9692573508001279,1
892a1072c93ffff,11.8914575407541,0.8001684291022164,0.28935888200521487,12.048802129547472,1.0,557.372289524358,1047.304314254802,75.0,-73.99141491910795,40.73126521019487,9,observed,opendata,"building_density,dist_stream_m,elevation_m,flow_accum_proxy,impervious_frac,slope_deg",event_raster,production,0,0,ida_like,0.9342710489212547,0.9498600550221367,0.9498600550221367,1
892a1072c97ffff,11.265525324998704,0.7905486662830926,0.5516243082743171,13.380530973451327,1.0,1738.334685341918,792.4269691745822,75.0,-73.98917414391278,40.72868271043228,9,observed,opendata,"building_density,dist_stream_m,elevation_m,flow_accum_proxy,impervious_frac,slope_deg",event_raster,production,0,0,ida_like,0.9695259437900763,0.9731282256337562,0.9731282256337562,1
892a1072c9bffff,9.212313166746856,0.6809637688417384,0.6738186129335816,47.548758865248224,1.0,708.5221069563473,1086.0109406179224,75.0,-73.99568914480813,40.731149330138244,9,observed,opendata,"building_density,dist_stream_m,elevation_m,flow_accum_proxy,impervious_frac,slope_deg",event_raster,production,0,0,ida_like,0.10111535189376177,0.153490835164347,0.153490835164347,0
892a1072ca3ffff,12.025030336659253,0.7556153704555244,0.2940276810476274,12.147293700088731,1.0,1247.2505554042689,84.38759287091854,75.0,-73.99099986933716,40.720704219149056,9,observed,opendata,"building_density,dist_stream_m,elevation_m,flow_accum_proxy,impervious_frac,slope_deg",event_raster,production,0,0,ida_like,0.19402051145740415,0.19772318326609362,0.19772318326609362,0
892a1072ca7ffff,10.782664090079049,0.8328670469695182,0.45036635661576696,22.157243816254418,1.0,1115.0234541214368,424.7487831052609,75.0,-73.98875962144035,40.71812206272308,9,observed,opendata,"building_density,dist_stream_m,elevation_m,flow_accum_proxy,impervious_frac,slope_deg",event_raster,production,0,0,ida_like,0.9899246548765711,0.9735439682988941,0.9735439682988941,1
892a1072cabffff,11.095445124420896,0.8427272178727615,0.6464392311204525,31.192205491585472,1.0,1974.8078338372445,271.5749827951448,75.0,-73.99527313372238,40.72058835221668,9,observed,opendata,"building_density,dist_stream_m,elevation_m,flow_accum_proxy,impervious_frac,slope_deg",event_raster,production,0,0,ida_like,0.9491884491874039,0.9718437287393461,0.9718437287393461,1
892a1072cafffff,11.994016297095644,0.7322864742933122,0.3086950644923362,8.98141592920354,1.0,1719.7771002431211,28.509563069393256,75.0,-73.99303264899582,40.71800627795989,9,observed,opendata,"building_density,dist_stream_m,elevation_m,flow_accum_proxy,impervious_frac,slope_deg",event_raster,production,0,0,ida_like,0.8993540128884849,0.9555661093679293,0.9555661093679293,1
892a1072cb3ffff,11.074704928946707,0.7586122503059101,0.48524120679471344,20.41061946902655,1.0,1294.4323151373221,277.6380400981097,75.0,-73.98896685935952,40.72340221163636,9,observed,opendata,"building_density,dist_stream_m,elevation_m,flow_accum_proxy,impervious_frac,slope_deg",event_raster,production,0,0,ida_like,0.993963921842427,0.9773443352297968,0.9773443352297968,1
892a1072cb7ffff,9.339145336455218,0.8552463919953819,0.5276632916621131,68.20637732506643,1.0,1984.2678383655734,412.65343141128494,75.0,-73.98672659809884,40.72081992828314,9,observed,opendata,"building_density,dist_stream_m,elevation_m,flow_accum_proxy,impervious_frac,slope_deg",event_raster,production,0,0,ida_like,0.9188817618123735,0.9583290383078035,0.9583290383078035,1
892a1072cbbffff,12.762222649455596,0.8024708801208086,0.2504956266935874,5.0767872903795235,1.0,1558.9834393275216,203.18904967793998,75.0,-73.99324036746646,40.72328642033247,9,observed,opendata,"building_density,dist_stream_m,elevation_m,flow_accum_proxy,impervious_frac,slope_deg",event_raster,production,0,0,ida_like,0.07659327066615974,0.1097820403907298,0.1097820403907298,0
892a1072cc3ffff,5.021779360649129,0.7604603626406098,2.5240160441790547,3.646072374227714,1.0,3108.032940700978,579.8930242748081,75.0,-74.00423757543585,40.73091709639526,9,observed,opendata,"building_density,dist_stream_m,elevation_m,flow_accum_proxy,impervious_frac,slope_deg",event_raster,production,0,0,ida_like,0.9741849113580748,0.9767470589025506,0.9767470589025506,1
892a1072cc7ffff,6.335099465458105,0.7716762523384805,2.2285172477734427,6.5186170212765955,1.0,2154.0052973235956,790.8201105957855,75.0,-74.00199608951623,40.72833484332245,9,observed,opendata,"building_density,dist_stream_m,elevation_m,flow_accum_proxy,impervious_frac,slope_deg",event_raster,production,0,0,ida_like,0.927454562087569,0.930971864346599,0.930971864346599,1
892a1072ccbffff,3.949927084623499,0.8564808873842794,1.44184564673573,6.4361702127659575,1.0,793.5381194635655,221.09262357104407,75.0,-74.00851178026825,40.730800742711025,9,observed,opendata,"building_density,dist_stream_m,elevation_m,flow_accum_proxy,impervious_frac,slope_deg",event_raster,production,0,0,ida_like,0.19194124689612405,0.9747606461411529,0.9747606461411529,1
892a1072ccfffff,4.811616908458611,0.8262339234880054,1.5041684174202417,5.20903454384411,1.0,632.973478406772,430.5909900985706,75.0,-74.00627005749193,40.728218571906936,9,observed,opendata,"building_density,dist_stream_m,elevation_m,flow_accum_proxy,impervious_frac,slope_deg",event_raster,production,0,0,ida_like,0.9526607755335693,0.9227006462101831,0.9227006462101831,1
892a1072cd3ffff,6.292136560113138,0.7342474236952051,2.4087331836363286,4.962699822380107,1.0,2833.9356052100884,718.4712811740419,75.0,-74.00220486300994,40.73361567219517,9,observed,opendata,"building_density,dist_stream_m,elevation_m,flow_accum_proxy,impervious_frac,slope_deg",event_raster,production,0,0,ida_like,0.9186419013967395,0.958260179676571,0.958260179676571,1
892a1072cd7ffff,6.3454502793588405,0.6991286779566283,0.9856376070306059,25.62367491166078,1.0,1681.554427289882,947.1117436838457,75.0,-73.99996336359993,40.731033292204685,9,observed,opendata,"building_density,dist_stream_m,elevation_m,flow_accum_proxy,impervious_frac,slope_deg",event_raster,production,0,0,ida_like,0.8900281481979746,0.9295465593992008,0.9295465593992008,1
892a1072cdbffff,6.107823018486618,0.7611381993596013,2.269893973649658,3.374113475177305,1.0,2115.9993596437303,358.16223754499634,75.0,-74.00647931174146,40.733499394116386,9,observed,opendata,"building_density,dist_stream_m,elevation_m,flow_accum_proxy,impervious_frac,slope_deg",event_raster,production,0,0,ida_like,0.9910748756237157,0.9627351785067019,0.9627351785067019,1
892a1072d03ffff,1.590340914608345,0.5288758778914862,1.0591224808821564,16.853463587921848,1.0,283.5514972507295,28.185187013682967,75.0,-73.98610581467901,40.70498104661735,9,observed,opendata,"building_density,dist_stream_m,elevation_m,flow_accum_proxy,impervious_frac,slope_deg",event_raster,production,0,0,ida_like,0.1615647062973597,0.9478027228266246,0.9478027228266246,1
892a1072d07ffff,10.762117116586536,0.8415288269414124,1.5970599489907424,10.291666666666666,1.0,756.1760431552476,344.00014565133773,75.0,-73.98386659396525,40.702399323320684,9,observed,opendata,"building_density,dist_stream_m,elevation_m,flow_accum_proxy,impervious_frac,slope_deg",event_raster,production,0,0,ida_like,0.8923636697807839,0.952343500916884,0.952343500916884,1
892a1072d0bffff,0.7995113048904113,0.35536513017165533,0.7994096866960058,18.744454303460515,0.0,75.61351958333834,6.467186353529706,75.0,-73.99037764474299,40.70486535703891,9,observed,opendata,"building_density,dist_stream_m,elevation_m,flow_accum_proxy,impervious_frac,slope_deg",event_raster,production,0,0,ida_like,0.8873949598959487,0.9394433515236147,0.9394433515236147,1
892a1072d0fffff,7.928156178783886,0.8402945085450888,2.3063534880822787,24.872679045092838,1.0,472.6086933262805,262.5052892034647,75.0,-73.98813818732994,40.70228371583007,9,observed,opendata,"building_density,dist_stream_m,elevation_m,flow_accum_proxy,impervious_frac,slope_deg",event_raster,production,0,0,ida_like,0.17350226349249182,0.2083366962953793,0.2083366962953793,0
892a1072d13ffff,0.0,6.206303259953394e-05,0.0,1.0,0.0,0.0,22.319315130246963,75.0,-73.98407321184507,40.7076784287519,9,observed,opendata,"building_density,dist_stream_m,elevation_m,flow_accum_proxy,impervious_frac,slope_deg",event_raster,production,0,0,ida_like,0.005463299459454715,0.00996135907793228,0.00996135907793228,0
892a1072d17ffff,2.8913749688511006,0.6059435164123214,1.7026199507535296,16.142477876106195,1.0,160.6796359791323,83.96133395857375,75.0,-73.98183397782091,40.705096578515935,9,observed,opendata,"building_density,dist_stream_m,elevation_m,flow_accum_proxy,impervious_frac,slope_deg",event_raster,production,0,0,ida_like,0.043254922241937034,0.148359870056755,0.148359870056755,0
892a1072d1bffff,0.0026818050874574868,0.02727092446126052,0.012100506389831183,1.245583038869258,0.0,0.0,14.319801715645696,75.0,-73.98834528544128,40.707562814764856,9,observed,opendata,"building_density,dist_stream_m,elevation_m,flow_accum_proxy,impervious_frac,slope_deg",event_raster,production,0,0,ida_like,0.005463299459454715,0.00996135907793228,0.00996135907793228,0
892a1072d43ffff,0.015154459671701303,0.12421828627330582,0.05606836178538136,7.1154529307282415,0.0,0.0,156.69860851364638,75.0,-73.996889412127,40.70733111369416,9,observed,opendata,"building_density,dist_stream_m,elevation_m,flow_accum_proxy,impervious_frac,slope_deg",event_raster,production,0,0,ida_like,0.005463299459454715,0.00996135907793228,0.00996135907793228,0
892a1072d47ffff,0.2163803129431478,0.24624487726967223,0.31083533356238874,6.186948853615521,0.0,47.25831705796459,50.62651721548443,75.0,-73.99464946796543,40.70474950978168,9,observed,opendata,"building_density,dist_stream_m,elevation_m,flow_accum_proxy,impervious_frac,slope_deg",event_raster,production,0,0,ida_like,0.005463299459454715,0.017388674002585165,0.017388674002585165,0
892a1072d4bffff,1.1078865746912683,0.6908184865397582,1.4778256314607159,6.647214854111406,1.0,746.6411058066457,40.62466400841475,75.0,-74.00116146512151,40.70721502661259,9,observed,opendata,"building_density,dist_stream_m,elevation_m,flow_accum_proxy,impervious_frac,slope_deg",event_raster,production,0,0,ida_like,0.8214689750297077,0.9578302599289513,0.9578302599289513,1
892a1072d4fffff,-0.08578551888530687,0.011900022013993816,0.3114103926546263,1.0887311446317658,0.0,0.0,64.25735544530582,75.0,-73.99892128429882,40.704633504846704,9,observed,opendata,"building_density,dist_stream_m,elevation_m,flow_accum_proxy,impervious_frac,slope_deg",event_raster,production,0,0,ida_like,0.005463299459454715,0.017388674002585165,0.017388674002585165,0
892a1072d53ffff,2.026568944043881,0.6616443984805617,1.112668475074511,34.433362753751105,1.0,189.01444815554976,105.05332840609599,75.0,-73.99485730978921,40.710028773926915,9,observed,opendata,"building_density,dist_stream_m,elevation_m,flow_accum_proxy,impervious_frac,slope_deg",event_raster,production,0,0,ida_like,0.8558366609831423,0.955014637666878,0.955014637666878,1
892a1072d57ffff,0.0,0.06334868669555467,0.0,1.0,0.0,0.0,50.94144212509955,75.0,-73.99261735221776,40.707447043078595,9,observed,opendata,"building_density,dist_stream_m,elevation_m,flow_accum_proxy,impervious_frac,slope_deg",event_raster,production,0,0,ida_like,0.005463299459454715,0.00996135907793228,0.00996135907793228,0
892a1072d5bffff,3.007810039511809,0.7162455200145008,1.1601749286055565,36.18173758865248,1.0,122.85904751982092,183.70001333626666,75.0,-73.99912960639843,40.70991276239524,9,observed,opendata,"building_density,dist_stream_m,elevation_m,flow_accum_proxy,impervious_frac,slope_deg",event_raster,production,0,0,ida_like,0.21798005847957325,0.9666970882085338,0.9666970882085338,1
892a1072d73ffff,7.979015965762401,0.8276944767624193,2.748658584579693,20.119005328596803,1.0,510.41595335410136,220.51159674141527,75.0,-73.99240977387873,40.702167950680035,9,observed,opendata,"building_density,dist_stream_m,elevation_m,flow_accum_proxy,impervious_frac,slope_deg",event_raster,production,0,0,ida_like,0.8722146168421541,0.928992448077969,0.928992448077969,1
892a1072d7bffff,1.6326398657788805,0.6059491303951844,1.8325589559671047,9.464951197870452,1.0,132.32969110110287,62.765209040522976,75.0,-73.99668135356416,40.70205202787161,9,observed,opendata,"building_density,dist_stream_m,elevation_m,flow_accum_proxy,impervious_frac,slope_deg",event_raster,production,0,0,ida_like,0.23060818364383923,0.1872611963513648,0.1872611963513648,0
892a1072d83ffff,0.47218252622192036,0.1810392372847796,0.4486168528633956,11.403011514614704,0.0,0.0,15.828964964168959,75.0,-73.97776805489825,40.710491242867484,9,observed,opendata,"building_density,dist_stream_m,elevation_m,flow_accum_proxy,impervious_frac,slope_deg",event_raster,production,0,0,ida_like,0.005463299459454715,0.017388674002585165,0.017388674002585165,0
892a1072d87ffff,0.0076270794464078084,0.014895152899480372,0.021092172924914224,1.1107174490699734,0.0,0.0,80.57095141993915,75.0,-73.97552904438331,40.70790918362411,9,observed,opendata,"building_density,dist_stream_m,elevation_m,flow_accum_proxy,impervious_frac,slope_deg",event_raster,production,0,0,ida_like,0.005463299459454715,0.00996135907793228,0.00996135907793228,0
892a1072d8bffff,1.5947693510775254,0.5778949076529456,1.086461727734273,22.517241379310345,1.0,94.50802286404497,68.84494370755897,75.0,-73.98204037879412,40.71037586221235,9,observed,opendata,"building_density,dist_stream_m,elevation_m,flow_accum_proxy,impervious_frac,slope_deg",event_raster,production,0,0,ida_like,0.15713677082263278,0.8947613784280138,0.8947613784280138,1
892a1072d8fffff,0.0,0.0,0.0,1.0,0.0,0.0,58.97590798237414,75.0,-73.97980113147659,40.70779388503865,9,observed,opendata,"building_density,dist_stream_m,elevation_m,flow_accum_proxy,impervious_frac,slope_deg",event_raster,production,0,0,ida_like,0.005463299459454715,0.00996135907793228,0.00996135907793228,0
892a1072d93ffff,0.5813135728721128,0.316011393353378,0.45281462617861357,6.780530973451327,0.0,18.900744283751173,7.805407211748667,75.0,-73.9757347480519,40.713188651981014,9,observed,opendata,"building_density,dist_stream_m,elevation_m,flow_accum_proxy,impervious_frac,slope_deg",event_raster,production,0,0,ida_like,0.011099631293396032,0.872408597959498,0.872408597959498,1
892a1072d97ffff,0.0,0.0,0.0,1.0,0.0,0.0,83.49253222709808,75.0,-73.97349572429943,40.71060646580088,9,observed,opendata,"building_density,dist_stream_m,elevation_m,flow_accum_proxy,impervious_frac,slope_deg",event_raster,production,0,0,ida_like,0.005463299459454715,0.00996135907793228,0.00996135907793228,0
892a1072d9bffff,5.986115967159051,0.6407863063788986,1.2271884979271952,11.244010647737356,1.0,170.10621520656386,297.5396043603013,75.0,-73.9800073154922,40.7130733469773,9,observed,opendata,"building_density,dist_stream_m,elevation_m,flow_accum_proxy,impervious_frac,slope_deg",event_raster,production,0,0,ida_like,0.8913844954128461,0.9200220717324633,0.9200220717324633,1
892a1072da3ffff,0.09091189657600104,0.24779033823463106,0.17492295432743346,2.394503546099291,0.0,56.71352494499896,17.13881422299616,75.0,-73.97532338697795,40.70263006531952,9,observed,opendata,"building_density,dist_stream_m,elevation_m,flow_accum_proxy,impervious_frac,slope_deg",event_raster,production,0,0,ida_like,0.008264135390753574,0.00996135907793228,0.00996135907793228,0
892a1072da7ffff,0.29518797313352935,0.7732952638590049,0.6618527609645309,2.754295532646048,1.0,75.62190649980953,30.732196012412654,75.0,-73.97308488972679,40.70004822281854,9,observed,opendata,"building_density,dist_stream_m,elevation_m,flow_accum_proxy,impervious_frac,slope_deg",event_raster,production,0,0,ida_like,0.09505356063272119,0.07365271785049034,0.07365271785049034,0
892a1072dabffff,6.37292127657953,0.7760534133252623,2.816085623628518,7.372113676731794,1.0,557.6814108819977,193.55317608179303,75.0,-73.9795949938321,40.702514773150845,9,observed,opendata,"building_density,dist_stream_m,elevation_m,flow_accum_proxy,impervious_frac,slope_deg",event_raster,production,0,0,ida_like,0.20234493794242692,0.16500291281143734,0.16500291281143734,0
892a1072db3ffff,0.0692583368741494,0.301072149001704,0.08996647463005863,1.7959183673469388,0.0,103.96976700907229,7.4547184563148035,75.0,-73.97329028391235,40.705327169269424,9,observed,opendata,"building_density,dist_stream_m,elevation_m,flow_accum_proxy,impervious_frac,slope_deg",event_raster,production,0,0,ida_like,0.08587291408567722,0.028105222724456393,0.028105222724456393,0
892a1072db7ffff,0.11327052593353888,0.6535327224892916,0.19287322274363897,2.419753086419753,1.0,56.71368661609822,69.91808829665075,75.0,-73.97105177345034,40.70274519982567,9,observed,opendata,"building_density,dist_stream_m,elevation_m,flow_accum_proxy,impervious_frac,slope_deg",event_raster,production,0,0,ida_like,0.048548135261861566,0.04010874525012901,0.04010874525012901,0
892a1072dbbffff,0.4020954799531357,0.20221401913621076,0.6068480014450749,3.932743362831858,0.0,47.25885050726129,80.91270562515471,75.0,-73.9775621342162,40.70521195273364,9,observed,opendata,"building_density,dist_stream_m,elevation_m,flow_accum_proxy,impervious_frac,slope_deg",event_raster,production,0,0,ida_like,0.005463299459454715,0.017388674002585165,0.017388674002585165,0
892a1072dc3ffff,6.726418188640049,0.6917151962349444,1.161625913040453,65.79276895943562,1.0,850.5262670592863,320.500832248279,75.0,-73.98855243013952,40.712842263747554,9,observed,opendata,"building_density,dist_stream_m,elevation_m,flow_accum_proxy,impervious_frac,slope_deg",event_raster,production,0,0,ida_like,1.0004519459037406,0.9808096502434156,0.9808096502434156,1
892a1072dc7ffff,1.8936366838901681,0.7480680548886485,1.0461909262882876,32.276595744680854,1.0,189.01551138902076,102.35585843144328,75.0,-73.98631269593956,40.71026032383652,9,observed,opendata,"building_density,dist_stream_m,elevation_m,flow_accum_proxy,impervious_frac,slope_deg",event_raster,production,0,0,ida_like,0.8700494022082803,0.9613817708272131,0.9613817708272131,1
892a1072dcbffff,9.383027314083886,0.7987320002884438,1.2021544392495371,14.300265721877768,1.0,1058.429710891053,366.80694026443285,75.0,-73.99282497725156,40.712726485523575,9,observed,opendata,"building_density,dist_stream_m,elevation_m,flow_accum_proxy,impervious_frac,slope_deg",event_raster,production,0,0,ida_like,0.22159891203996188,0.2199885985463022,0.2199885985463022,0
892a1072dcfffff,1.3792245528085765,0.5879472370843917,1.0244370443035147,45.90860692102928,1.0,122.85973626240448,47.359850335553226,75.0,-73.99058500628709,40.71014462774103,9,observed,opendata,"building_density,dist_stream_m,elevation_m,flow_accum_proxy,impervious_frac,slope_deg",event_raster,production,0,0,ida_like,0.8689372030574168,0.9488656016739959,0.9488656016739959,1
892a1072dd3ffff,9.48738886554789,0.7506617962414962,0.3977573222860639,10.411712511091393,1.0,340.19405522319425,649.9627886033053,75.0,-73.98651962374095,40.715539951076806,9,observed,opendata,"building_density,dist_stream_m,elevation_m,flow_accum_proxy,impervious_frac,slope_deg",event_raster,production,0,0,ida_like,0.9471232037023345,0.9541748625258066,0.9541748625258066,1
892a1072dd7ffff,8.263710407419552,0.7102450544102169,0.7821939603442917,10.377994676131323,1.0,378.01274109465237,378.2571282403297,75.0,-73.9842798762039,40.71295788423248,9,observed,opendata,"building_density,dist_stream_m,elevation_m,flow_accum_proxy,impervious_frac,slope_deg",event_raster,production,0,0,ida_like,0.892960061970067,0.9419835270054814,0.9419835270054814,1
892a1072ddbffff,11.257507700267947,0.757191937965991,0.581295365757155,16.19449378330373,1.0,2012.8091555261021,368.6451973464875,75.0,-73.99079241447993,40.71542424846276,9,observed,opendata,"building_density,dist_stream_m,elevation_m,flow_accum_proxy,impervious_frac,slope_deg",event_raster,production,0,0,ida_like,0.9833939878796031,0.9723840878938277,0.9723840878938277,1
892a1072e97ffff,-1.2826936821376576,0.0,0.0018903643090058776,1.1141176470588234,0.0,0.0,181.9302741511974,75.0,-74.01909191907703,40.72786881053854,9,observed,opendata,"building_density,dist_stream_m,elevation_m,flow_accum_proxy,impervious_frac,slope_deg",event_raster,production,0,0,ida_like,0.005463299459454715,0.00996135907793228,0.00996135907793228,0
892a1072ea7ffff,-0.9463155338010149,0.04626287022468067,0.7117445538311593,1.5696465696465696,0.0,9.449167155030462,143.86161887124806,75.0,-74.01867066829203,40.717308256083186,9,observed,opendata,"building_density,dist_stream_m,elevation_m,flow_accum_proxy,impervious_frac,slope_deg",event_raster,production,0,0,ida_like,0.0025692825141325967,0.01400995400036384,0.01400995400036384,0
892a1072eb3ffff,-1.2975889788325137,0.0,0.0022994858362903768,1.1365638766519823,0.0,0.0,299.4233973549057,75.0,-74.01888126998956,40.722588358374864,9,observed,opendata,"building_density,dist_stream_m,elevation_m,flow_accum_proxy,impervious_frac,slope_deg",event_raster,production,0,0,ida_like,0.028043661908568673,0.01203570028551516,0.01203570028551516,0
892a1072eb7ffff,-0.9869655673346828,0.04456879443157004,1.1383467128588451,1.3174182139699382,0.0,0.0,46.91674103088599,75.0,-74.01663935118853,40.72000665061756,9,observed,opendata,"building_density,dist_stream_m,elevation_m,flow_accum_proxy,impervious_frac,slope_deg",event_raster,production,0,0,ida_like,0.04049110875914033,0.02308779251622819,0.02308779251622819,0
892a100d04bffff,3.344531323424001,0.7558853682436333,1.0350922583482545,78.36113575865129,1.0,273.8980490778987,163.09401281228267,100.0,-73.97269448397236,40.74498799569922,9,observed,opendata,"building_density,dist_stream_m,elevation_m,flow_accum_proxy,impervious_frac,slope_deg",event_raster,production,0,0,extreme,0.8655811967395205,0.9861045572024858,0.9861045572024858,1
892a100d04fffff,0.08845332935802193,0.2004225670025031,0.18623061873043353,39.90820584144645,0.0,18.890486593962265,123.51208336371393,100.0,-73.97045411641287,40.742404696985496,9,observed,opendata,"building_density,dist_stream_m,elevation_m,flow_accum_proxy,impervious_frac,slope_deg",event_raster,production,0,0,extreme,-0.015805543263245205,0.007449381072091695,0.007449381072091695,0
892a100d05bffff,11.09610818531149,0.8317826107163484,4.214213328964444,9.682926829268293,1.0,151.10887057613218,198.48620097001685,100.0,-73.97065939959245,40.747686448906286,9,observed,opendata,"building_density,dist_stream_m,elevation_m,flow_accum_proxy,impervious_frac,slope_deg",event_raster,production,0,0,extreme,0.9821016527644137,0.9566335258726025,0.9566335258726025,1
892a100d06bffff,0.0,0.006027634415324851,0.0,1.0,0.0,0.0,194.0519136502598,100.0,-73.9702488794359,40.737123294760856,9,observed,opendata,"building_density,dist_stream_m,elevation_m,flow_accum_proxy,impervious_frac,slope_deg",event_raster,production,0,0,extreme,0.005463299459454715,0.00996135907793228,0.00996135907793228,0
892a100d203ffff,11.634066904948437,0.6190496429419581,0.2990700771824793,8.258605472197706,1.0,358.9151644292976,1266.5737016311396,100.0,-73.98755496140967,40.74194333566657,9,observed,opendata,"building_density,dist_stream_m,elevation_m,flow_accum_proxy,impervious_frac,slope_deg",event_raster,production,0,0,extreme,0.8691734680287833,0.9779803221164167,0.9779803221164167,1
892a100d207ffff,9.353697723953436,0.747485668299363,0.5566738994481663,71.84131205673759,1.0,859.5513113158171,975.5526610249375,100.0,-73.98531389573235,40.73936041044821,9,observed,opendata,"building_density,dist_stream_m,elevation_m,flow_accum_proxy,impervious_frac,slope_deg",event_raster,production,0,0,extreme,0.9128832317492618,0.9358025654746882,0.9358025654746882,1
892a100d20bffff,11.088975920706698,0.7844965711407278,0.35287129473777784,36.79133510167993,1.0,1086.187567788973,1463.6387175173063,100.0,-73.99183015572552,40.74182760043736,9,observed,opendata,"building_density,dist_stream_m,elevation_m,flow_accum_proxy,impervious_frac,slope_deg",event_raster,production,0,0,extreme,1.0176290800123637,0.9868627331874598,0.9868627331874598,1
892a100d20fffff,11.934826424314027,0.7935258094138863,0.2738077293655487,7.3294951284322405,1.0,1161.807833088293,1499.3428101295665,100.0,-73.98958885298438,40.73924475745148,9,observed,opendata,"building_density,dist_stream_m,elevation_m,flow_accum_proxy,impervious_frac,slope_deg",event_raster,production,0,0,extreme,0.912263319783089,0.9806499347808213,0.9806499347808213,1
892a100d213ffff,11.98053725743526,0.7184812308308084,0.4373890037274696,28.16120460584588,1.0,906.6892580307322,1173.0858177057337,100.0,-73.98552083929478,40.744641965067935,9,observed,opendata,"building_density,dist_stream_m,elevation_m,flow_accum_proxy,impervious_frac,slope_deg",event_raster,production,0,0,extreme,1.038430308117212,0.9868627331874598,0.9868627331874598,1
892a100d217ffff,10.582220157761823,0.8032682606664984,0.4630951389168827,20.195748449955712,1.0,1293.9872786212459,975.4258746330636,100.0,-73.98327976027291,40.74205891293701,9,observed,opendata,"building_density,dist_stream_m,elevation_m,flow_accum_proxy,impervious_frac,slope_deg",event_raster,production,0,0,extreme,0.9512405591788536,0.9735439682988941,0.9735439682988941,1
892a100d21bffff,12.252244896922551,0.7485761337035092,0.28367676767419464,10.429078014184396,1.0,1388.3640064907381,1578.9310430266792,100.0,-73.98979627753427,40.744526305564385,9,observed,opendata,"building_density,dist_stream_m,elevation_m,flow_accum_proxy,impervious_frac,slope_deg",event_raster,production,0,0,extreme,0.9957986224513449,0.9815547993614552,0.9815547993614552,1
892a100d223ffff,9.008245406735218,0.720816329240693,0.5343374889046218,41.94582593250444,1.0,954.1023724858659,819.1962321332368,100.0,-73.98510699874309,40.73407920554712,9,observed,opendata,"building_density,dist_stream_m,elevation_m,flow_accum_proxy,impervious_frac,slope_deg",event_raster,production,0,0,extreme,0.9371791934511686,0.9536638783200131,0.9536638783200131,1
892a100d227ffff,6.7347384026153865,0.8084701029575577,0.6241051619238394,41.89389920424403,1.0,1313.1387398848888,486.8341392134863,100.0,-73.9828664471727,40.73149649667317,9,observed,opendata,"building_density,dist_stream_m,elevation_m,flow_accum_proxy,impervious_frac,slope_deg",event_raster,production,0,0,extreme,0.998856788182169,0.9686695848708018,0.9686695848708018,1
892a100d22bffff,11.85943661175721,0.811485444426748,0.2974898859753392,10.518617021276595,1.0,765.1690495389598,1001.4044155849699,100.0,-73.98938147511579,40.733963559055724,9,observed,opendata,"building_density,dist_stream_m,elevation_m,flow_accum_proxy,impervious_frac,slope_deg",event_raster,production,0,0,extreme,0.9429005069681388,0.9692573508001279,0.9692573508001279,1
892a100d22fffff,10.270036309009727,0.7336736165592611,0.5691594506215713,22.56713780918728,1.0,1728.8036682633165,667.4249199987013,100.0,-73.98714068654695,40.731380932373526,9,observed,opendata,"building_density,dist_stream_m,elevation_m,flow_accum_proxy,impervious_frac,slope_deg",event_raster,production,0,0,extreme,0.969731467408907,0.9747818623404443,0.9747818623404443,1
892a100d233ffff,7.547986360014383,0.7718770690889248,0.48086475218960517,66.38795394154118,1.0,982.3945876476226,730.0682419982309,100.0,-73.98307308046714,40.736777529931615,9,observed,opendata,"building_density,dist_stream_m,elevation_m,flow_accum_proxy,impervious_frac,slope_deg",event_raster,production,0,0,extreme,0.9385617317697877,0.9779659443926062,0.9779659443926062,1
892a100d237ffff,5.612585460475648,0.7343574503583259,0.5764978990340844,64.6763925729443,1.0,1275.288961743088,556.1184228035374,100.0,-73.980832515579,40.73419469413901,9,observed,opendata,"building_density,dist_stream_m,elevation_m,flow_accum_proxy,impervious_frac,slope_deg",event_raster,production,0,0,extreme,1.0197468789408892,0.9819053995599221,0.9819053995599221,1
892a100d23bffff,10.783638140685122,0.7322715441106071,0.5472927407999392,20.9181338028169,1.0,1369.6808883055724,1158.1946618869013,100.0,-73.98734780066862,40.7366619591473,9,observed,opendata,"building_density,dist_stream_m,elevation_m,flow_accum_proxy,impervious_frac,slope_deg",event_raster,production,0,0,extreme,1.0143781200630273,0.9838477252772232,0.9838477252772232,1
892a100d243ffff,6.8762026253621205,0.7748389768116899,0.3972702182277485,126.21781305114638,1.0,2276.1486110477867,877.1161512732444,100.0,-73.99834713342568,40.744294512623796,9,observed,opendata,"building_density,dist_stream_m,elevation_m,flow_accum_proxy,impervious_frac,slope_deg",event_raster,production,0,0,extreme,0.9390045693672093,0.9836265438186546,0.9836265438186546,1
892a100d247ffff,8.821203896929546,0.7937727434611892,0.412153148040268,34.3469387755102,1.0,1171.1902616116129,1108.261406711697,100.0,-73.99610534317284,40.741711707250445,9,observed,opendata,"building_density,dist_stream_m,elevation_m,flow_accum_proxy,impervious_frac,slope_deg",event_raster,production,0,0,extreme,0.9264062221026228,0.9322304415618191,0.9322304415618191,1
892a100d24bffff,4.700379842133678,0.7691621584445899,2.3811987119978055,6.778172138420586,1.0,1964.4713196446455,520.3990931172921,100.0,-74.00262255098242,40.744178379188874,9,observed,opendata,"building_density,dist_stream_m,elevation_m,flow_accum_proxy,impervious_frac,slope_deg",event_raster,production,0,0,extreme,0.988958564200529,0.9749783100576832,0.9749783100576832,1
892a100d24fffff,6.728941166474821,0.7909526805417321,1.0751003553452378,16.488042515500442,1.0,1794.5606999383997,747.5180237434405,100.0,-74.00038052370402,40.74159565610689,9,observed,opendata,"building_density,dist_stream_m,elevation_m,flow_accum_proxy,impervious_frac,slope_deg",event_raster,production,0,0,extreme,0.49910512200954826,0.9407791964293652,0.9407791964293652,1
892a100d253ffff,8.19125848040712,0.7926414025337588,0.4620399600144446,37.9600709849157,1.0,698.8666466924884,1072.0699811748227,100.0,-73.99631351262427,40.74699342036505,9,observed,opendata,"building_density,dist_stream_m,elevation_m,flow_accum_proxy,impervious_frac,slope_deg",event_raster,production,0,0,extreme,0.3253287018607516,0.23789035141443046,0.23789035141443046,0
892a100d257ffff,9.688490660000692,0.8034272127446875,0.547570635655285,71.08761061946903,1.0,1246.6907019885907,1235.9786083611982,100.0,-73.99407170892711,40.74441048808265,9,observed,opendata,"building_density,dist_stream_m,elevation_m,flow_accum_proxy,impervious_frac,slope_deg",event_raster,production,0,0,extreme,1.0095355161519166,0.9888625008293517,0.9888625008293517,1
892a100d25bffff,5.423203768983352,0.7607371874878892,1.322553680504186,58.7070796460177,1.0,1029.408800485988,720.8706663806116,100.0,-74.00058917418733,40.746877362614214,9,observed,opendata,"building_density,dist_stream_m,elevation_m,flow_accum_proxy,impervious_frac,slope_deg",event_raster,production,0,0,extreme,0.92158545252551,0.9859431824185907,0.9859431824185907,1
892a100d263ffff,9.154166255436891,0.7820788840399989,0.47000771231374683,38.9281914893617,1.0,1246.8748959355855,1238.877200707424,100.0,-73.9958972205727,40.736430343823116,9,observed,opendata,"building_density,dist_stream_m,elevation_m,flow_accum_proxy,impervious_frac,slope_deg",event_raster,production,0,0,extreme,0.9129247937163337,0.935247567952768,0.935247567952768,1
892a100d267ffff,10.506262568149197,0.7763419446701305,0.5278553454372933,31.214285714285715,1.0,1501.99427893077,1343.721961589156,100.0,-73.99365594464955,40.7338477546659,9,observed,opendata,"building_density,dist_stream_m,elevation_m,flow_accum_proxy,impervious_frac,slope_deg",event_raster,production,0,0,extreme,1.027532657959421,0.9868627331874598,0.9868627331874598,1
892a100d26bffff,7.4298304092366685,0.7336941748672718,1.4907869235938291,18.392382639503985,1.0,2087.565005173888,923.0303055869796,100.0,-74.00017192018016,40.7363142992853,9,observed,opendata,"building_density,dist_stream_m,elevation_m,flow_accum_proxy,impervious_frac,slope_deg",event_raster,production,0,0,extreme,0.2684209750634462,0.3888952036035003,0.3888952036035003,0
892a100d26fffff,7.045459998170429,0.6573402445522902,0.5498938282986092,108.12201591511936,1.0,2456.084387329168,1078.8333389308132,100.0,-73.9979304072968,40.73373179237872,9,observed,opendata,"building_density,dist_stream_m,elevation_m,flow_accum_proxy,impervious_frac,slope_deg",event_raster,production,0,0,extreme,0.9241324716884686,0.9495816166867634,0.9495816166867634,1
892a100d273ffff,10.541157568301413,0.8212952520895762,0.41649875312372253,16.70053003533569,1.0,1284.5969165645495,1333.3171330822556,100.0,-73.99386380339365,40.73912894651647,9,observed,opendata,"building_density,dist_stream_m,elevation_m,flow_accum_proxy,impervious_frac,slope_deg",event_raster,production,0,0,extreme,0.9885289510529272,0.9821314453652064,0.9821314453652064,1
892a100d277ffff,11.808286775837333,0.7810070273013533,0.2974859175316148,11.861824623560674,1.0,859.5904107653606,1342.2989351817935,100.0,-73.99162251405302,40.73654623044413,9,observed,opendata,"building_density,dist_stream_m,elevation_m,flow_accum_proxy,impervious_frac,slope_deg",event_raster,production,0,0,extreme,0.9848233698951558,0.9811983624763371,0.9811983624763371,1
892a100d27bffff,8.604641501979357,0.7988172016063765,0.3405201793886892,8.759717314487633,1.0,1426.2764007331282,974.1444170252582,100.0,-73.9981387469125,40.739012977644194,9,observed,opendata,"building_density,dist_stream_m,elevation_m,flow_accum_proxy,impervious_frac,slope_deg",event_raster,production,0,0,extreme,0.8536510820621118,0.8589953688943016,0.8589953688943016,1
892a100d283ffff,16.917748117320418,0.7059835343894233,2.3604242408254525,13.622458001768347,1.0,1728.2978480574743,776.0269698133535,100.0,-73.97921079764829,40.7474560713926,9,observed,opendata,"building_density,dist_stream_m,elevation_m,flow_accum_proxy,impervious_frac,slope_deg",event_raster,production,0,0,extreme,0.9618905657108658,0.9639859423842116,0.9639859423842116,1
892a100d287ffff,7.147121550129579,0.8039008917534246,0.9129411541255175,73.5070796460177,1.0,1501.7126066268452,490.555567141732,100.0,-73.97696994246623,40.744872810136386,9,observed,opendata,"building_density,dist_stream_m,elevation_m,flow_accum_proxy,impervious_frac,slope_deg",event_raster,production,0,0,extreme,0.9521890145123416,0.9799374816821248,0.9799374816821248,1
892a100d28bffff,15.509574750760047,0.7257254189152544,1.2605201045795285,25.720106288751108,1.0,840.535912359148,1104.0295871678043,100.0,-73.98348648660567,40.74734064563417,9,observed,opendata,"building_density,dist_stream_m,elevation_m,flow_accum_proxy,impervious_frac,slope_deg",event_raster,production,0,0,extreme,1.0004577007258688,0.9821770421954974,0.9821770421954974,1
892a100d28fffff,11.092858950016463,0.7379329336604921,1.111017796915396,21.730803177405118,1.0,1548.9318705468659,820.5675118317002,100.0,-73.98124539425626,40.74475746659229,9,observed,opendata,"building_density,dist_stream_m,elevation_m,flow_accum_proxy,impervious_frac,slope_deg",event_raster,production,0,0,extreme,0.9174622153429669,0.97061571285472,0.97061571285472,1
892a100d293ffff,17.053246227562006,0.7343941558654427,2.0636505864243557,29.944148936170212,1.0,1095.4801784648826,823.0814838420272,100.0,-73.97717597041498,40.75015472731649,9,observed,opendata,"building_density,dist_stream_m,elevation_m,flow_accum_proxy,impervious_frac,slope_deg",event_raster,production,0,0,extreme,0.9898866130013239,0.9768433178098561,0.9768433178098561,1
892a100d297ffff,9.607814983428577,0.8091243255370076,1.2843576428075667,30.645759717314487,1.0,821.6521362411067,482.87354117127546,100.0,-73.97493510196136,40.747571339150305,9,observed,opendata,"building_density,dist_stream_m,elevation_m,flow_accum_proxy,impervious_frac,slope_deg",event_raster,production,0,0,extreme,0.9546421294322566,0.965146819921252,0.965146819921252,1
892a100d29bffff,22.765609919342175,0.7373028706086364,0.8657436078340471,5.829955947136564,1.0,934.9330117579996,1089.9753969507506,100.0,-73.9814519033082,40.75003937734384,9,observed,opendata,"building_density,dist_stream_m,elevation_m,flow_accum_proxy,impervious_frac,slope_deg",event_raster,production,0,0,extreme,0.10315804044919984,0.11880310976762476,0.11880310976762476,0
892a100d2a3ffff,5.74795115731209,0.7661340586024965,1.2679799992011946,29.223498233215548,1.0,245.58748269415776,404.0183071883975,100.0,-73.97676396089017,40.73959124262263,9,observed,opendata,"building_density,dist_stream_m,elevation_m,flow_accum_proxy,impervious_frac,slope_deg",event_raster,production,0,0,extreme,0.986122033570738,0.9465308580706355,0.9465308580706355,1
892a100d2a7ffff,0.9807134715443706,0.7893562591271409,0.5174281532803537,102.49024822695036,1.0,113.35386601824062,65.13085222057768,100.0,-73.97452361980322,40.737008197739414,9,observed,opendata,"building_density,dist_stream_m,elevation_m,flow_accum_proxy,impervious_frac,slope_deg",event_raster,production,0,0,extreme,0.08643773925174388,0.972527545440071,0.972527545440071,1
892a100d2abffff,8.566205889091895,0.780882514091768,0.5765698538606084,21.454946996466433,1.0,1209.0426320833733,653.8960684238609,100.0,-73.98103893168508,40.73947590550561,9,observed,opendata,"building_density,dist_stream_m,elevation_m,flow_accum_proxy,impervious_frac,slope_deg",event_raster,production,0,0,extreme,0.860860692372991,0.9368912596586437,0.9368912596586437,1
892a100d2afffff,4.456356149193243,0.7479806258904595,0.7418303156126265,85.96719858156028,1.0,661.2290025268504,375.79832370162484,100.0,-73.97879835349616,40.73689294279598,9,observed,opendata,"building_density,dist_stream_m,elevation_m,flow_accum_proxy,impervious_frac,slope_deg",event_raster,production,0,0,extreme,1.0050449746849455,0.9840178846183744,0.9840178846183744,1
892a100d2b3ffff,4.7459736974102205,0.7524935029381145,1.3542759952819452,50.00265486725664,1.0,415.58951777937176,230.44783218415913,100.0,-73.97472933772691,40.74228959359751,9,observed,opendata,"building_density,dist_stream_m,elevation_m,flow_accum_proxy,impervious_frac,slope_deg",event_raster,production,0,0,extreme,0.8599178948551414,0.9794118808333055,0.9794118808333055,1
892a100d2b7ffff,0.4733200674942577,0.408769081810286,0.39625872512754573,17.273291925465838,0.0,66.11989545174349,3.926838669706643,100.0,-73.97248898339517,40.739706421798246,9,observed,opendata,"building_density,dist_stream_m,elevation_m,flow_accum_proxy,impervious_frac,slope_deg",event_raster,production,0,0,extreme,-0.024778890637551034,0.1281461164043443,0.1281461164043443,0
892a100d2bbffff,9.50822014888902,0.7417094053632923,0.3525986636405608,9.99734278122232,1.0,1681.2437167749674,586.8958393699756,100.0,-73.97900455236277,40.74217433224768,9,observed,opendata,"building_density,dist_stream_m,elevation_m,flow_accum_proxy,impervious_frac,slope_deg",event_raster,production,0,0,extreme,0.9886497931114875,0.9657463514909908,0.9657463514909908,1
892a100d2c3ffff,12.497188469196887,0.8180809853770209,0.47100020741634335,60.326241134751776,1.0,443.85457562007167,1531.3393159951747,100.0,-73.99000374878119,40.74980820333916,9,observed,opendata,"building_density,dist_stream_m,elevation_m,flow_accum_proxy,impervious_frac,slope_deg",event_raster,production,0,0,extreme,0.9904953201700345,0.9812845680478114,0.9812845680478114,1
892a100d2c7ffff,13.313176553930253,0.7772917157775211,0.3511992797212697,37.63572060123784,1.0,1048.305869617177,1428.2859869671115,100.0,-73.98776216878585,40.74722506187607,9,observed,opendata,"building_density,dist_stream_m,elevation_m,flow_accum_proxy,impervious_frac,slope_deg",event_raster,production,0,0,extreme,1.0176290800123637,0.9868627331874598,0.9868627331874598,1
892a100d2cbffff,9.850798211899479,0.8231508452280433,0.5050499744433086,110.2424778761062,1.0,953.8124678665314,1256.508365667982,100.0,-73.99427966126574,40.749692379309224,9,observed,opendata,"building_density,dist_stream_m,elevation_m,flow_accum_proxy,impervious_frac,slope_deg",event_raster,production,0,0,extreme,1.0095355161519166,0.9888625008293517,0.9888625008293517,1
892a100d2cfffff,11.001076699144948,0.7814383401033211,0.4878055801662795,72.09620476610768,1.0,1378.848878919033,1583.1508415342098,100.0,-73.99203784414127,40.74710932011937,9,observed,opendata,"building_density,dist_stream_m,elevation_m,flow_accum_proxy,impervious_frac,slope_deg",event_raster,production,0,0,extreme,1.0379682460737476,0.9912683215122181,0.9912683215122181,1
892a100d2d3ffff,15.342403719638114,0.7389229855950589,0.8534401915275766,22.339522546419097,1.0,670.4713495470615,1584.1083071809362,100.0,-73.98796942281288,40.75250713772061,9,observed,opendata,"building_density,dist_stream_m,elevation_m,flow_accum_proxy,impervious_frac,slope_deg",event_raster,production,0,0,extreme,0.9789522148501155,0.9801733869778266,0.9801733869778266,1
892a100d2d7ffff,16.714672955369526,0.7223252578382998,1.2815157337130698,19.675221238938054,1.0,1142.6926658239488,1414.4818386663335,100.0,-73.98572782944613,40.74992386935104,9,observed,opendata,"building_density,dist_stream_m,elevation_m,flow_accum_proxy,impervious_frac,slope_deg",event_raster,production,0,0,extreme,0.9713533089053836,0.9811503351150753,0.9811503351150753,1
892a100d2dbffff,11.560635549876928,0.7550748357547665,0.3972029725550707,19.67431597528685,1.0,642.1397641095709,1264.0846322824943,100.0,-73.99224557931602,40.75239138943488,9,observed,opendata,"building_density,dist_stream_m,elevation_m,flow_accum_proxy,impervious_frac,slope_deg",event_raster,production,0,0,extreme,0.9704439150037153,0.9678010072256593,0.9678010072256593,1
892a100d303ffff,0.33006215737380973,0.21603966704284186,0.3201423058466008,12.504638218923933,0.0,28.345554843976227,31.682309172678675,100.0,-73.97187275909451,40.72386379865436,9,observed,opendata,"building_density,dist_stream_m,elevation_m,flow_accum_proxy,impervious_frac,slope_deg",event_raster,production,0,0,extreme,0.005463299459454715,0.017388674002585165,0.017388674002585165,0
892a100d30bffff,3.070555277812628,0.7373875516747671,0.36311733965126297,12.447971781305114,1.0,963.7461166542417,323.0559720806563,100.0,-73.9761462942413,40.723748638631584,9,observed,opendata,"building_density,dist_stream_m,elevation_m,flow_accum_proxy,impervious_frac,slope_deg",event_raster,production,0,0,extreme,0.9608465761158732,0.9616717336228554,0.9616717336228554,1
892a100d30fffff,1.018254448630795,0.34075038655669415,0.49561539350429545,34.141082519964506,0.0,66.14282420338893,83.30375447073753,100.0,-73.97390674374046,40.72116610888531,9,observed,opendata,"building_density,dist_stream_m,elevation_m,flow_accum_proxy,impervious_frac,slope_deg",event_raster,production,0,0,extreme,0.009819272957591845,0.04864827144996785,0.04864827144996785,0
892a100d31bffff,1.9389970005977408,0.8121149652399142,0.49387122405949896,14.87688219663419,1.0,245.64890448835345,205.5519253146131,100.0,-73.97411232282563,40.72644645532815,9,observed,opendata,"building_density,dist_stream_m,elevation_m,flow_accum_proxy,impervious_frac,slope_deg",event_raster,production,0,0,extreme,0.23594775973052365,0.35138581484038245,0.35138581484038245,0
892a100d32bffff,0.10926882264773695,0.13018721912098352,0.13627310751167976,63.3114463176575,0.0,0.0,72.3900309775283,100.0,-73.9737012109036,40.715886112357865,9,observed,opendata,"building_density,dist_stream_m,elevation_m,flow_accum_proxy,impervious_frac,slope_deg",event_raster,production,0,0,extreme,-0.044463079348287374,0.006481892288797525,0.006481892288797525,0
892a100d32fffff,0.0,0.05989910423352652,0.0,1.0,0.0,0.0,119.73072320516047,100.0,-73.97146217393056,40.713303799242574,9,observed,opendata,"building_density,dist_stream_m,elevation_m,flow_accum_proxy,impervious_frac,slope_deg",event_raster,production,0,0,extreme,0.005463299459454715,0.00996135907793228,0.00996135907793228,0
892a100d33bffff,0.004580221421793894,0.002873535865689686,0.019600106969984515,2.241080038572806,0.0,0.0,82.87500725416488,100.0,-73.97166744341928,40.71858362397663,9,observed,opendata,"building_density,dist_stream_m,elevation_m,flow_accum_proxy,impervious_frac,slope_deg",event_raster,production,0,0,extreme,0.005463299459454715,0.00996135907793228,0.00996135907793228,0
892a100d343ffff,5.5866502148523765,0.577020722082668,0.4508326297277065,160.69169611307422,1.0,1398.301200903703,126.79580135580306,100.0,-73.98265986037387,40.72621581321689,9,observed,opendata,"building_density,dist_stream_m,elevation_m,flow_accum_proxy,impervious_frac,slope_deg",event_raster,production,0,0,extreme,0.13943446581619032,0.9725886671119797,0.9725886671119797,1
892a100d347ffff,4.644717354000196,0.8011106262718986,0.39232210838752396,68.01330967169477,1.0,1483.408924758386,378.6853043033939,100.0,-73.98041982269943,40.723633320786945,9,observed,opendata,"building_density,dist_stream_m,elevation_m,flow_accum_proxy,impervious_frac,slope_deg",event_raster,production,0,0,extreme,1.021814182745241,0.987280659801836,0.987280659801836,1
892a100d34bffff,9.015767370252668,0.724463825411337,0.6106587097799746,91.2316534040672,1.0,2059.654053282634,459.79442047179947,100.0,-73.98693361902893,40.72610025540042,9,observed,opendata,"building_density,dist_stream_m,elevation_m,flow_accum_proxy,impervious_frac,slope_deg",event_raster,production,0,0,extreme,1.034228953569934,0.9743641080025798,0.9743641080025798,1
892a100d34fffff,7.623786851803391,0.7876910353087702,0.6167541903103995,42.08074534161491,1.0,1549.5437875207735,469.5322296464453,100.0,-73.98469334442134,40.72351784512154,9,observed,opendata,"building_density,dist_stream_m,elevation_m,flow_accum_proxy,impervious_frac,slope_deg",event_raster,production,0,0,extreme,1.0064218152918836,0.9667563376632714,0.9667563376632714,1
892a100d353ffff,4.521780591095443,0.7922351027484489,0.3845147181005604,163.48849557522124,1.0,2248.5108413934995,200.38229868338775,100.0,-73.98062614592236,40.728913832547754,9,observed,opendata,"building_density,dist_stream_m,elevation_m,flow_accum_proxy,impervious_frac,slope_deg",event_raster,production,0,0,extreme,0.9504606669959352,0.9889519690767752,0.9889519690767752,1
892a100d357ffff,3.1141942793432333,0.7748897211839376,0.36680282423164756,204.97249334516414,1.0,1625.0573574649106,257.9424139814967,100.0,-73.9783860949569,40.726331213193134,9,observed,opendata,"building_density,dist_stream_m,elevation_m,flow_accum_proxy,impervious_frac,slope_deg",event_raster,production,0,0,extreme,0.9777067897390612,0.9889519690767752,0.9889519690767752,1
892a100d35bffff,7.43764604587098,0.7497775448087897,0.5960472149587672,67.59272404614019,1.0,2626.4043840731415,338.56530135478437,100.0,-73.98490014831133,40.72879835041982,9,observed,opendata,"building_density,dist_stream_m,elevation_m,flow_accum_proxy,impervious_frac,slope_deg",event_raster,production,0,0,extreme,1.031213246824686,0.9800096608543373,0.9800096608543373,1
892a100d363ffff,4.558396402247309,0.6824059780445793,0.47961942054258583,96.99378881987577,1.0,151.19047579843632,124.81542844448423,100.0,-73.98021354589461,40.718353158911775,9,observed,opendata,"building_density,dist_stream_m,elevation_m,flow_accum_proxy,impervious_frac,slope_deg",event_raster,production,0,0,extreme,0.1206073627709021,0.9695641887062979,0.9695641887062979,1
892a100d367ffff,2.7580655020776312,0.7045963334762702,0.7061705600249228,44.11957484499557,1.0,103.94877229180514,271.0012512079337,100.0,-73.9779740219053,40.71577088302538,9,observed,opendata,"building_density,dist_stream_m,elevation_m,flow_accum_proxy,impervious_frac,slope_deg",event_raster,production,0,0,extreme,0.8519197183702589,0.9723235454748012,0.9723235454748012,1
892a100d36bffff,7.702208926068976,0.8444553578259252,0.5499126501777705,51.695035460992905,1.0,1152.824113120977,321.97051753564216,100.0,-73.98448658705743,40.718237689707394,9,observed,opendata,"building_density,dist_stream_m,elevation_m,flow_accum_proxy,impervious_frac,slope_deg",event_raster,production,0,0,extreme,0.936260529649419,0.9519861307918035,0.9519861307918035,1
892a100d36fffff,7.427478178349197,0.768602399019046,0.9244821037088553,29.728155339805824,1.0,321.29529383217175,452.59705991548077,100.0,-73.98224682620025,40.71565549593136,9,observed,opendata,"building_density,dist_stream_m,elevation_m,flow_accum_proxy,impervious_frac,slope_deg",event_raster,production,0,0,extreme,0.9766128870151619,0.942231931622361,0.942231931622361,1
892a100d373ffff,3.7008108685141226,0.7542084921134902,0.34596466896700795,113.31532329495128,1.0,774.8137351400688,236.93944341847532,100.0,-73.97818003525298,40.72105087315231,9,observed,opendata,"building_density,dist_stream_m,elevation_m,flow_accum_proxy,impervious_frac,slope_deg",event_raster,production,0,0,extreme,0.1348600784296634,0.9878375638455944,0.9878375638455944,1
892a100d377ffff,1.6780312110335243,0.6493918068358154,0.5231083692133742,225.40106007067138,1.0,113.39317906931772,191.99453178886296,100.0,-73.97594049799939,40.718468470335196,9,observed,opendata,"building_density,dist_stream_m,elevation_m,flow_accum_proxy,impervious_frac,slope_deg",event_raster,production,0,0,extreme,0.056455920272645475,0.9611159370313255,0.9611159370313255,1
892a100d37bffff,6.074471894135438,0.8143881015933307,0.4704754439240941,124.49955869373345,1.0,1511.8273893730152,160.89249243065294,100.0,-73.98245332005494,40.7209354796179,9,observed,opendata,"building_density,dist_stream_m,elevation_m,flow_accum_proxy,impervious_frac,slope_deg",event_raster,production,0,0,extreme,0.856156773304888,0.9771961358539322,0.9771961358539322,1
892a100d3c3ffff,0.6128655131696951,0.5629919689043797,0.3475679819685786,57.40832595217006,1.0,56.682569958746576,67.15467832874194,100.0,-73.97431794817466,40.73172715163123,9,observed,opendata,"building_density,dist_stream_m,elevation_m,flow_accum_proxy,impervious_frac,slope_deg",event_raster,production,0,0,extreme,-0.007599614790919755,0.8944746966093515,0.8944746966093515,1
892a100d3c7ffff,0.75195627715678,0.5162018981679098,0.5022142332503705,4.554659498207886,1.0,75.58062667460685,54.20087971626806,100.0,-73.97207812097184,40.72914432322064,9,observed,opendata,"building_density,dist_stream_m,elevation_m,flow_accum_proxy,impervious_frac,slope_deg",event_raster,production,0,0,extreme,0.010985646846722576,0.08958246301361543,0.08958246301361543,0
892a100d3cbffff,3.4916955958886424,0.5565334221291923,0.5258604157352109,77.14653641207815,1.0,113.36481717867224,426.1363964337621,100.0,-73.97859220103275,40.73161190309274,9,observed,opendata,"building_density,dist_stream_m,elevation_m,flow_accum_proxy,impervious_frac,slope_deg",event_raster,production,0,0,extreme,0.040743596310380374,0.10089974792720688,0.10089974792720688,0
892a100d3cfffff,2.3551216452420283,0.7707773270430388,0.4281572353019259,53.17724867724868,1.0,368.4545043532385,352.6820235979495,100.0,-73.97635213679334,40.72902915681503,9,observed,opendata,"building_density,dist_stream_m,elevation_m,flow_accum_proxy,impervious_frac,slope_deg",event_raster,production,0,0,extreme,0.9469322572928992,0.9665730663000265,0.9665730663000265,1
892a100d3d3ffff,0.015260853109045734,0.10776475645644683,0.05527591807185672,22.217198581560282,0.0,18.89327738137942,101.55067860390115,100.0,-73.97228352906686,40.73442519762032,9,observed,opendata,"building_density,dist_stream_m,elevation_m,flow_accum_proxy,impervious_frac,slope_deg",event_raster,production,0,0,extreme,-0.02717626151027667,0.00985366665034998,0.00985366665034998,0
892a100d3d7ffff,0.0,0.0,0.0,1.0,0.0,0.0,256.8315589246832,100.0,-73.970043688646,40.7318422422876,9,observed,opendata,"building_density,dist_stream_m,elevation_m,flow_accum_proxy,impervious_frac,slope_deg",event_raster,production,0,0,extreme,-0.010773116523379577,0.01203570028551516,0.01203570028551516,0
892a100d3dbffff,1.9969931639230714,0.6234106497292805,0.5685779020953726,159.25706713780917,1.0,188.9322350168775,198.297405774136,100.0,-73.97655802567105,40.73431002483043,9,observed,opendata,"building_density,dist_stream_m,elevation_m,flow_accum_proxy,impervious_frac,slope_deg",event_raster,production,0,0,extreme,0.1814550868072405,0.9644706454421073,0.9644706454421073,1
892a100d607ffff,14.020338530513827,0.7112487444664513,1.0015001963969716,39.16536312849162,1.0,302.15768155156775,1181.8050972687192,100.0,-73.97107010462192,40.75825100161534,9,observed,opendata,"building_density,dist_stream_m,elevation_m,flow_accum_proxy,impervious_frac,slope_deg",event_raster,production,0,0,extreme,1.0544611127684302,0.9857666115002458,0.9857666115002458,1
892a100d60fffff,19.72242390804879,0.6652081506892973,1.0943608169557757,7.185022026431718,1.0,500.44723006896095,1297.4573450630585,100.0,-73.97534676942504,40.75813587911897,9,observed,opendata,"building_density,dist_stream_m,elevation_m,flow_accum_proxy,impervious_frac,slope_deg",event_raster,production,0,0,extreme,0.9438126962510405,0.9845278818220571,0.9845278818220571,1
892a100d623ffff,13.148497154090345,0.7602584077149666,1.6915548537659133,59.038140643623365,1.0,831.016192876088,615.09545667201,100.0,-73.97086472899026,40.752968550468005,9,observed,opendata,"building_density,dist_stream_m,elevation_m,flow_accum_proxy,impervious_frac,slope_deg",event_raster,production,0,0,extreme,1.0037432945725022,0.9836768199546209,0.9836768199546209,1
892a100d62bffff,14.418228563653216,0.7967663634716151,1.2384826880358653,23.111013215859032,1.0,481.6102811513987,828.7974963164916,100.0,-73.97514091252218,40.752853434342555,9,observed,opendata,"building_density,dist_stream_m,elevation_m,flow_accum_proxy,impervious_frac,slope_deg",event_raster,production,0,0,extreme,0.9089102748825509,0.9717712814387046,0.9717712814387046,1
892a100d62fffff,13.633146318983524,0.8289348363400774,1.4104762458876567,13.285460992907801,1.0,424.97197105742754,494.5046670478846,100.0,-73.97290003081406,40.750269919268,9,observed,opendata,"building_density,dist_stream_m,elevation_m,flow_accum_proxy,impervious_frac,slope_deg",event_raster,production,0,0,extreme,0.9310623678154678,0.9750089229656129,0.9750089229656129,1
892a100d63bffff,14.483056847085344,0.7337768375345156,1.0713072652195363,33.341312056737586,1.0,377.71532593222224,955.3486590692062,100.0,-73.97310562393588,40.75555219244933,9,observed,opendata,"building_density,dist_stream_m,elevation_m,flow_accum_proxy,impervious_frac,slope_deg",event_raster,production,0,0,extreme,0.9897704016029868,0.9791473980750125,0.9791473980750125,1
892a100d663ffff,19.63950660685365,0.7479781486876539,0.5656640960901502,11.427184466019417,1.0,708.2122024914353,1508.333708766853,100.0,-73.98165845885663,40.75532163770499,9,observed,opendata,"building_density,dist_stream_m,elevation_m,flow_accum_proxy,impervious_frac,slope_deg",event_raster,production,0,0,extreme,1.0002874193820481,0.9695585087059491,0.9695585087059491,1
892a100d667ffff,19.985027186526356,0.7309804871823536,1.0679178349056098,22.732506643046943,1.0,481.60890969299186,1165.371035657946,100.0,-73.97941708936834,40.7527381601755,9,observed,opendata,"building_density,dist_stream_m,elevation_m,flow_accum_proxy,impervious_frac,slope_deg",event_raster,production,0,0,extreme,0.9882422415642457,0.9827393285247595,0.9827393285247595,1
892a100d66bffff,17.500070471557024,0.6932226776760516,0.6726049114180075,28.52608311229001,1.0,443.8117227518402,1549.1988918332822,100.0,-73.98593486620214,40.75520612324228,9,observed,opendata,"building_density,dist_stream_m,elevation_m,flow_accum_proxy,impervious_frac,slope_deg",event_raster,production,0,0,extreme,0.9955788731541451,0.9785844737248225,0.9785844737248225,1
892a100d66fffff,20.715400095527055,0.6178529678071116,0.7742615862227712,14.50709219858156,1.0,802.6792381051476,1419.70567322729,100.0,-73.98369325948109,40.752622727967825,9,observed,opendata,"building_density,dist_stream_m,elevation_m,flow_accum_proxy,impervious_frac,slope_deg",event_raster,production,0,0,extreme,0.04420528644651921,0.03352224833488431,0.03352224833488431,0
892a100d673ffff,19.184934780107323,0.7011803364288722,0.7275533722837436,21.55496453900709,1.0,745.9475204764619,1493.3051554951953,100.0,-73.97962342753863,40.75802059854109,9,observed,opendata,"building_density,dist_stream_m,elevation_m,flow_accum_proxy,impervious_frac,slope_deg",event_raster,production,0,0,extreme,0.9849849825756348,0.980184523849095,0.980184523849095,1
892a100d677ffff,18.53936629797061,0.7161777546509086,0.582510963887082,11.568523430592396,1.0,500.47137923878313,1158.6451562707825,100.0,-73.97738204475199,40.75543699410768,9,observed,opendata,"building_density,dist_stream_m,elevation_m,flow_accum_proxy,impervious_frac,slope_deg",event_raster,production,0,0,extreme,1.0127407048055517,0.9734821654457987,0.9734821654457987,1
892a100d67bffff,16.20414668031755,0.7075797802942396,0.6977731895301191,93.25817860300619,1.0,613.7525470184872,1590.4461105287528,100.0,-73.98390007891497,40.757905159882704,9,observed,opendata,"building_density,dist_stream_m,elevation_m,flow_accum_proxy,impervious_frac,slope_deg",event_raster,production,0,0,extreme,0.9216170567760765,0.9863524820585813,0.9863524820585813,1
892a100de4bffff,0.024937975428425272,0.15310505929116933,0.0563516867531057,1.3495762711864407,0.0,9.451339942259848,0.0,100.0,-73.97125695061276,40.70802432450722,9,observed,opendata,"building_density,dist_stream_m,elevation_m,flow_accum_proxy,impervious_frac,slope_deg",event_raster,production,0,0,extreme,0.005463299459454715,0.00996135907793228,0.00996135907793228,0
892a10720b7ffff,-1.1900991245511503,0.00018630719034623262,0.0006145217988354039,1.026827012025902,0.0,0.0,149.35651737919665,100.0,-74.0181130416704,40.75697595984327,9,observed,opendata,"building_density,dist_stream_m,elevation_m,flow_accum_proxy,impervious_frac,slope_deg",event_raster,production,0,0,extreme,0.005463299459454715,0.00996135907793228,0.00996135907793228,0
892a1072103ffff,-1.2399753847266048,0.0,0.00023242917916710228,1.0275066548358474,0.0,0.0,43.666089717683846,100.0,-74.01748117571599,40.741129871987226,9,observed,opendata,"building_density,dist_stream_m,elevation_m,flow_accum_proxy,impervious_frac,slope_deg",event_raster,production,0,0,extreme,0.005463299459454715,0.00996135907793228,0.00996135907793228,0
892a1072107ffff,-1.244210231430539,0.0,0.001968905035169407,1.1139575971731448,0.0,0.0,276.3955847946114,100.0,-74.0152384511325,40.73854752280379,9,observed,opendata,"building_density,dist_stream_m,elevation_m,flow_accum_proxy,impervious_frac,slope_deg",event_raster,production,0,0,extreme,0.028043661908568673,0.01203570028551516,0.01203570028551516,0
892a107210fffff,-1.245603721388455,0.0,0.0024840236519431246,1.1420689655172414,0.0,0.0,70.55081157722066,100.0,-74.01951335948576,40.73843076426119,9,observed,opendata,"building_density,dist_stream_m,elevation_m,flow_accum_proxy,impervious_frac,slope_deg",event_raster,production,0,0,extreme,0.005463299459454715,0.00996135907793228,0.00996135907793228,0
892a1072113ffff,-1.2310538851249386,0.0,0.0020333318153320824,1.102112676056338,0.0,0.0,157.89230281875084,100.0,-74.01544876152556,40.74382903103832,9,observed,opendata,"building_density,dist_stream_m,elevation_m,flow_accum_proxy,impervious_frac,slope_deg",event_raster,production,0,0,extreme,0.005463299459454715,0.00996135907793228,0.00996135907793228,0
892a1072117ffff,-1.1877672159961894,0.04511516691964383,0.18150142565476748,1.120353982300885,0.0,9.44497754143648,69.75746297148929,100.0,-74.01320602332508,40.741246554946805,9,observed,opendata,"building_density,dist_stream_m,elevation_m,flow_accum_proxy,impervious_frac,slope_deg",event_raster,production,0,0,extreme,0.005463299459454715,0.00996135907793228,0.00996135907793228,0
892a107211bffff,-1.2316763050842865,0.0,0.00202297376694875,1.1385083713850837,0.0,0.0,196.78179905057013,100.0,-74.01972415083898,40.74371226570976,9,observed,opendata,"building_density,dist_stream_m,elevation_m,flow_accum_proxy,impervious_frac,slope_deg",event_raster,production,0,0,extreme,0.005463299459454715,0.00996135907793228,0.00996135907793228,0
892a1072123ffff,-1.1687535791666106,0.000900871208065346,0.3894691946386747,1.1725663716814159,0.0,0.0,85.56397640721428,100.0,-74.01502818806925,40.73326636427724,9,observed,opendata,"building_density,dist_stream_m,elevation_m,flow_accum_proxy,impervious_frac,slope_deg",event_raster,production,0,0,extreme,0.005463299459454715,0.017388674002585165,0.017388674002585165,0
892a1072127ffff,0.317415078061613,0.41555844345398874,1.1515371945328723,2.019503546099291,0.0,28.340568616711487,10.769277976547698,100.0,-74.01278597804964,40.73068423115304,9,observed,opendata,"building_density,dist_stream_m,elevation_m,flow_accum_proxy,impervious_frac,slope_deg",event_raster,production,0,0,extreme,0.04412449926585035,0.11570023322437792,0.11570023322437792,0
892a107212bffff,-1.2623415277333616,0.0,0.0019051260698506435,1.1153358681875791,0.0,0.0,55.68654828373531,100.0,-74.01930261557044,40.733149612519036,9,observed,opendata,"building_density,dist_stream_m,elevation_m,flow_accum_proxy,impervious_frac,slope_deg",event_raster,production,0,0,extreme,0.005463299459454715,0.00996135907793228,0.00996135907793228,0
892a107212fffff,-1.2719176585760563,0.0,0.0020710156741099955,1.1103265666372462,0.0,0.0,281.9912208068408,100.0,-74.01706016873243,40.73056756172238,9,observed,opendata,"building_density,dist_stream_m,elevation_m,flow_accum_proxy,impervious_frac,slope_deg",event_raster,production,0,0,extreme,0.028043661908568673,0.01203570028551516,0.01203570028551516,0
892a1072133ffff,-1.2547325967474188,0.011688449909020519,0.014539379470053638,1.2198581560283688,0.0,0.0,201.69411041138994,100.0,-74.01299597705345,40.73596521818175,9,observed,opendata,"building_density,dist_stream_m,elevation_m,flow_accum_proxy,impervious_frac,slope_deg",event_raster,production,0,0,extreme,0.005463299459454715,0.00996135907793228,0.00996135907793228,0
892a1072137ffff,1.174219126347863,0.5746522394854691,2.5183943415297168,2.621693121693122,1.0,425.0879774447582,5.37697386660939,100.0,-74.01075375344374,40.73338295814338,9,observed,opendata,"building_density,dist_stream_m,elevation_m,flow_accum_proxy,impervious_frac,slope_deg",event_raster,production,0,0,extreme,0.8775914114972152,0.9735386079596884,0.9735386079596884,1
892a107213bffff,-1.2532459888838035,0.0,0.0019723898133642112,1.1141592920353982,0.0,0.0,169.89203746611597,100.0,-74.01727064853625,40.735848541987394,9,observed,opendata,"building_density,dist_stream_m,elevation_m,flow_accum_proxy,impervious_frac,slope_deg",event_raster,production,0,0,extreme,0.005463299459454715,0.00996135907793228,0.00996135907793228,0
892a1072183ffff,1.092882147249922,0.7522775878816721,2.5900390582813637,3.022968197879859,1.0,122.77284279812328,20.558985472725286,100.0,-74.00914047636303,40.74664477312714,9,observed,opendata,"building_density,dist_stream_m,elevation_m,flow_accum_proxy,impervious_frac,slope_deg",event_raster,production,0,0,extreme,0.17372466459510272,0.9644132301968285,0.9644132301968285,1
892a1072187ffff,2.865856484433288,0.8612008066278733,1.6096148432023738,5.015057573073516,1.0,453.3382727626233,166.45323368612412,100.0,-74.0068979615497,40.74406208777896,9,observed,opendata,"building_density,dist_stream_m,elevation_m,flow_accum_proxy,impervious_frac,slope_deg",event_raster,production,0,0,extreme,0.9814275132420307,0.9679312307148529,0.9679312307148529,1
892a107218bffff,-1.145717832484408,0.025607253999365923,0.2881564678893018,1.1799645390070923,0.0,0.0,157.60838712812293,100.0,-74.0134161168805,40.74652824139304,9,observed,opendata,"building_density,dist_stream_m,elevation_m,flow_accum_proxy,impervious_frac,slope_deg",event_raster,production,0,0,extreme,0.005463299459454715,0.00996135907793228,0.00996135907793228,0
892a107218fffff,-0.7697109869887343,0.21370887603029706,1.2654111865971782,1.5761061946902655,0.0,9.444521136991822,11.135642759976284,100.0,-74.01117336507996,40.74394563839507,9,observed,opendata,"building_density,dist_stream_m,elevation_m,flow_accum_proxy,impervious_frac,slope_deg",event_raster,production,0,0,extreme,0.04049110875914033,0.02308779251622819,0.02308779251622819,0
892a1072193ffff,2.4733190099759055,0.8853500230424272,1.8663179345042886,5.219663418954827,1.0,254.97743280222926,192.81507905427813,100.0,-74.00710735714024,40.7493439591216,9,observed,opendata,"building_density,dist_stream_m,elevation_m,flow_accum_proxy,impervious_frac,slope_deg",event_raster,production,0,0,extreme,0.9402573579826778,0.9511422957269944,0.9511422957269944,1
892a1072197ffff,2.7614139460066744,0.7942082141744258,2.312438773104936,3.7453580901856762,1.0,1539.386847311681,387.0105599950392,100.0,-74.00486482878279,40.74676114686789,9,observed,opendata,"building_density,dist_stream_m,elevation_m,flow_accum_proxy,impervious_frac,slope_deg",event_raster,production,0,0,extreme,0.8917369202026272,0.9735174127710405,0.9735174127710405,1
892a107219bffff,-0.6537524258770736,0.15740812760982117,1.3625826412477078,1.398936170212766,0.0,0.0,32.52877152924296,100.0,-74.01138324174666,40.74922750302998,9,observed,opendata,"building_density,dist_stream_m,elevation_m,flow_accum_proxy,impervious_frac,slope_deg",event_raster,production,0,0,extreme,0.042414915711005585,0.02308779251622819,0.02308779251622819,0
892a10721a3ffff,4.316668988278149,0.810046624022384,1.8137974072890093,3.891843971631206,1.0,1926.8792213874592,316.72234136691196,100.0,-74.00668861308876,40.73878056609214,9,observed,opendata,"building_density,dist_stream_m,elevation_m,flow_accum_proxy,impervious_frac,slope_deg",event_raster,production,0,0,extreme,0.9905921350553369,0.9817320185099925,0.9817320185099925,1
892a10721a7ffff,7.052639007568359,0.6748227885903766,2.454879452465389,3.2634361233480176,1.0,3202.1835414914995,521.7561786592265,100.0,-74.00444661282785,40.736198096831764,9,observed,opendata,"building_density,dist_stream_m,elevation_m,flow_accum_proxy,impervious_frac,slope_deg",event_raster,production,0,0,extreme,1.0036958597618177,0.9683949227708054,0.9683949227708054,1
892a10721abffff,0.3745056632132155,0.4531976388452958,1.5648322338357759,2.828470380194518,1.0,85.00914149665785,30.192978640630226,100.0,-74.01096353565099,40.73866412341445,9,observed,opendata,"building_density,dist_stream_m,elevation_m,flow_accum_proxy,impervious_frac,slope_deg",event_raster,production,0,0,extreme,0.8250855832340062,0.8895907831314538,0.8895907831314538,1
892a10721afffff,3.490323402506515,0.7717079916091334,2.565414321656771,3.836734693877551,1.0,1492.458976622331,162.56907783617552,100.0,-74.00872129846812,40.73608173646356,9,observed,opendata,"building_density,dist_stream_m,elevation_m,flow_accum_proxy,impervious_frac,slope_deg",event_raster,production,0,0,extreme,0.190301145906968,0.9809779136655565,0.9809779136655565,1
892a10721b3ffff,4.6818460955493775,0.8373537887298063,1.7626045273354334,4.843171806167401,1.0,906.7228768061028,392.89882762041617,100.0,-74.00465569727152,40.74147944700771,9,observed,opendata,"building_density,dist_stream_m,elevation_m,flow_accum_proxy,impervious_frac,slope_deg",event_raster,production,0,0,extreme,0.9662122736521261,0.9674406827264018,0.9674406827264018,1
892a10721b7ffff,6.6616377350283384,0.7675786899219282,2.2682631296537874,4.209405501330967,1.0,2144.1313790759446,628.2887068966103,100.0,-74.0024136834934,40.73889685083574,9,observed,opendata,"building_density,dist_stream_m,elevation_m,flow_accum_proxy,impervious_frac,slope_deg",event_raster,production,0,0,extreme,0.977320194846302,0.9496011615626663,0.9496011615626663,1
892a10721bbffff,1.6251960534597876,0.737339020209349,1.6491843103812782,3.8576480990274096,1.0,198.34507788339744,46.99043715979457,100.0,-74.00893086382774,40.74136307995401,9,observed,opendata,"building_density,dist_stream_m,elevation_m,flow_accum_proxy,impervious_frac,slope_deg",event_raster,production,0,0,extreme,0.9319779370015844,0.9534516929920824,0.9534516929920824,1
892a10721c3ffff,-1.213900610373008,0.0,0.0019426175712066777,1.1192504258943783,0.0,0.0,171.19462277188163,100.0,-74.01993498964616,40.74899411680954,9,observed,opendata,"building_density,dist_stream_m,elevation_m,flow_accum_proxy,impervious_frac,slope_deg",event_raster,production,0,0,extreme,0.005463299459454715,0.00996135907793228,0.00996135907793228,0
892a10721c7ffff,-1.2224848367729966,0.0,0.0019776401595074516,1.1144631765749777,0.0,0.0,82.55348248343721,100.0,-74.01769175028757,40.746411551666675,9,observed,opendata,"building_density,dist_stream_m,elevation_m,flow_accum_proxy,impervious_frac,slope_deg",event_raster,production,0,0,extreme,0.005463299459454715,0.00996135907793228,0.00996135907793228,0
892a10721d3ffff,-1.2042193791408131,0.0,0.002366620247679832,1.1352313167259787,0.0,0.0,210.92578207751475,100.0,-74.01790237226705,40.75169358097044,9,observed,opendata,"building_density,dist_stream_m,elevation_m,flow_accum_proxy,impervious_frac,slope_deg",event_raster,production,0,0,extreme,0.005463299459454715,0.01203570028551516,0.01203570028551516,0
892a10721d7ffff,-1.211878742114394,0.0,0.0020796632177818423,1.1130742049469964,0.0,0.0,31.68414717354232,100.0,-74.0156591192645,40.74911088892559,9,observed,opendata,"building_density,dist_stream_m,elevation_m,flow_accum_proxy,impervious_frac,slope_deg",event_raster,production,0,0,extreme,0.005463299459454715,0.00996135907793228,0.00996135907793228,0
892a1072507ffff,6.045594998179598,0.8499440136266515,2.9966599605614253,7.914007092198582,1.0,151.0758493684931,327.30121004922245,100.0,-74.00100661609572,40.757441824465054,9,observed,opendata,"building_density,dist_stream_m,elevation_m,flow_accum_proxy,impervious_frac,slope_deg",event_raster,production,0,0,extreme,0.9139100866734253,0.8965184967539969,0.8965184967539969,1
892a107250bffff,-0.5307645952319742,0.16158879308081148,1.08944669455451,1.6339434276206324,0.0,0.0,76.08523843317637,100.0,-74.0075262897737,40.759908750553265,9,observed,opendata,"building_density,dist_stream_m,elevation_m,flow_accum_proxy,impervious_frac,slope_deg",event_raster,production,0,0,extreme,0.04049110875914033,0.02308779251622819,0.02308779251622819,0
892a107250fffff,1.0902016293216192,0.5698518082603741,1.3910092545596053,5.543439716312057,1.0,18.884428478775728,4.22137800358911,100.0,-74.00528323307157,40.757325595419836,9,observed,opendata,"building_density,dist_stream_m,elevation_m,flow_accum_proxy,impervious_frac,slope_deg",event_raster,production,0,0,extreme,-0.0016546762714412236,0.0776034956094226,0.0776034956094226,0
892a1072523ffff,5.199998814186596,0.8566568510752197,2.6714907944242055,12.481382978723405,1.0,217.19311375770351,679.0165030648308,100.0,-74.00079787164594,40.75215941875203,9,observed,opendata,"building_density,dist_stream_m,elevation_m,flow_accum_proxy,impervious_frac,slope_deg",event_raster,production,0,0,extreme,0.1306976325419559,0.9320751726621043,0.9320751726621043,1
892a1072527ffff,8.02425549040807,0.7638562701609691,0.6979674466733825,21.63964757709251,1.0,557.17601771214,952.3438837705331,100.0,-73.99855556685219,40.74957639726228,9,observed,opendata,"building_density,dist_stream_m,elevation_m,flow_accum_proxy,impervious_frac,slope_deg",event_raster,production,0,0,extreme,0.36446867448603637,0.29910775535754863,0.29910775535754863,0
892a107252bffff,2.9207114511300656,0.8889311911048248,1.0453565587628668,5.62621789193977,1.0,273.8514228478726,278.96931947887134,100.0,-74.00507400737747,40.75204319635703,9,observed,opendata,"building_density,dist_stream_m,elevation_m,flow_accum_proxy,impervious_frac,slope_deg",event_raster,production,0,0,extreme,0.9236088770178097,0.9711458641963557,0.9711458641963557,1
892a107252fffff,3.8310768727292124,0.8015977727650754,1.5455372068379403,8.916961130742049,1.0,916.0325876624108,545.1570060063358,100.0,-74.00283146549287,40.749460257199395,9,observed,opendata,"building_density,dist_stream_m,elevation_m,flow_accum_proxy,impervious_frac,slope_deg",event_raster,production,0,0,extreme,0.9397862551858273,0.9619037304124891,0.9619037304124891,1
892a1072533ffff,10.129730641472982,0.8491542145122373,2.8983374806787987,7.006189213085765,1.0,406.03708434312045,605.1242342959185,100.0,-73.99876404720786,40.75485863150437,9,observed,opendata,"building_density,dist_stream_m,elevation_m,flow_accum_proxy,impervious_frac,slope_deg",event_raster,production,0,0,extreme,0.05579691581716227,0.04974028395585214,0.04974028395585214,0
892a1072537ffff,11.283054737334556,0.8598460360621729,1.0457082915470777,4.88563829787234,1.0,254.96654301127882,930.0209004306128,100.0,-73.9965217289429,40.75227548311166,9,observed,opendata,"building_density,dist_stream_m,elevation_m,flow_accum_proxy,impervious_frac,slope_deg",event_raster,production,0,0,extreme,0.8981205272287623,0.959254811811519,0.959254811811519,1
892a107253bffff,4.1104191180630405,0.8329470946400176,3.8011720850187793,3.756828193832599,1.0,84.9842684980743,335.25454090656655,100.0,-74.0030404270407,40.754742484811985,9,observed,opendata,"building_density,dist_stream_m,elevation_m,flow_accum_proxy,impervious_frac,slope_deg",event_raster,production,0,0,extreme,0.05269204800396518,0.9665417245992705,0.9665417245992705,1
892a1072547ffff,-1.178356056747261,0.0,0.005834826107068699,1.2239263803680982,0.0,0.0,41.20677778398168,100.0,-74.01180313685693,40.759792281041555,9,observed,opendata,"building_density,dist_stream_m,elevation_m,flow_accum_proxy,impervious_frac,slope_deg",event_raster,production,0,0,extreme,0.005463299459454715,0.00996135907793228,0.00996135907793228,0
892a107254fffff,-1.1820311440099585,0.0,0.00828597985025343,1.2461103253182462,0.0,0.0,187.35326562693288,100.0,-74.01607997684373,40.75967565343729,9,observed,opendata,"building_density,dist_stream_m,elevation_m,flow_accum_proxy,impervious_frac,slope_deg",event_raster,production,0,0,extreme,0.005463299459454715,0.00996135907793228,0.00996135907793228,0
892a1072563ffff,-1.1932794187508575,0.0,0.002330564154317794,1.0904255319148937,0.0,0.0,210.35436320837707,100.0,-74.01159316566697,40.75450971726391,9,observed,opendata,"building_density,dist_stream_m,elevation_m,flow_accum_proxy,impervious_frac,slope_deg",event_raster,production,0,0,extreme,0.005463299459454715,0.01203570028551516,0.01203570028551516,0
892a1072567ffff,-0.1242853432969997,0.30214329224147896,1.713032453055758,2.137323943661972,0.0,28.32937876710304,25.86806382199868,100.0,-74.00935013608994,40.7519268159277,9,observed,opendata,"building_density,dist_stream_m,elevation_m,flow_accum_proxy,impervious_frac,slope_deg",event_raster,production,0,0,extreme,0.07930136834297075,0.9013167717188835,0.9013167717188835,1
892a107256bffff,-1.197653658516639,0.0,0.0022105233863292805,1.1300884955752213,0.0,0.0,101.09264310461722,100.0,-74.01586952436521,40.75439309641035,9,observed,opendata,"building_density,dist_stream_m,elevation_m,flow_accum_proxy,impervious_frac,slope_deg",event_raster,production,0,0,extreme,0.005463299459454715,0.00996135907793228,0.00996135907793228,0
892a107256fffff,-1.202068374009259,0.0,0.002294001286845259,1.165486725663717,0.0,0.0,143.05380611955823,100.0,-74.01362625773565,40.751810277465154,9,observed,opendata,"building_density,dist_stream_m,elevation_m,flow_accum_proxy,impervious_frac,slope_deg",event_raster,production,0,0,extreme,0.005463299459454715,0.00996135907793228,0.00996135907793228,0
892a1072573ffff,-1.1855190468381593,0.0008654120737408918,0.006012507600381819,1.1888790820829656,0.0,0.0,220.25367725192532,100.0,-74.00955984302436,40.75720920830043,9,observed,opendata,"building_density,dist_stream_m,elevation_m,flow_accum_proxy,impervious_frac,slope_deg",event_raster,production,0,0,extreme,0.005463299459454715,0.01203570028551516,0.01203570028551516,0
892a1072577ffff,0.41871985534486256,0.47677183611410157,1.0049308597834974,2.652212389380531,1.0,84.98403178741441,2.8995916915417252,100.0,-74.00731679987626,40.754626180064804,9,observed,opendata,"building_density,dist_stream_m,elevation_m,flow_accum_proxy,impervious_frac,slope_deg",event_raster,production,0,0,extreme,0.8979857400291867,0.8895907831314538,0.8895907831314538,1
892a107257bffff,-1.189888697209712,0.0,0.000943831426861561,1.0353356890459364,0.0,0.0,8.750160908497161,100.0,-74.01383644590652,40.757092663107876,9,observed,opendata,"building_density,dist_stream_m,elevation_m,flow_accum_proxy,impervious_frac,slope_deg",event_raster,production,0,0,extreme,0.005463299459454715,0.00996135907793228,0.00996135907793228,0
892a10725a3ffff,10.626325219948386,0.844935259419916,0.5170646494820649,33.6784140969163,1.0,915.9024743471946,936.4764291618751,100.0,-73.99245336126558,40.75767380832861,9,observed,opendata,"building_density,dist_stream_m,elevation_m,flow_accum_proxy,impervious_frac,slope_deg",event_raster,production,0,0,extreme,0.9193129219092933,0.9729114060785792,0.9729114060785792,1
892a10725a7ffff,12.918522387479259,0.696655504260443,0.7987916742772919,21.715929203539822,1.0,878.1781631297371,1255.002407483092,100.0,-73.99021126674094,40.75509045072057,9,observed,opendata,"building_density,dist_stream_m,elevation_m,flow_accum_proxy,impervious_frac,slope_deg",event_raster,production,0,0,extreme,0.9800959310712865,0.9811503351150753,0.9811503351150753,1
892a10725abffff,8.673706055529225,0.8608100384815751,1.3114629014434633,8.457193292144748,1.0,377.69068089618656,646.937488000279,100.0,-73.99672999214451,40.75755789543499,9,observed,opendata,"building_density,dist_stream_m,elevation_m,flow_accum_proxy,impervious_frac,slope_deg",event_raster,production,0,0,extreme,0.2286266808321258,0.9534536901164177,0.9534536901164177,1
892a10725afffff,11.274232937869401,0.7877245025892401,1.2989620250874203,8.009743135518157,1.0,1048.1451805492734,964.903622431071,100.0,-73.99448766042539,40.75497462014091,9,observed,opendata,"building_density,dist_stream_m,elevation_m,flow_accum_proxy,impervious_frac,slope_deg",event_raster,production,0,0,extreme,0.34319478690953387,0.965871268758704,0.965871268758704,1
892a10725b7ffff,13.950070532501167,0.7507218808886853,0.6422752661775823,69.50709219858156,1.0,538.2122495894911,1254.3272853787505,100.0,-73.98817672350651,40.75778956314487,9,observed,opendata,"building_density,dist_stream_m,elevation_m,flow_accum_proxy,impervious_frac,slope_deg",event_raster,production,0,0,extreme,0.9932321996311463,0.9847489204253046,0.9847489204253046,1
892a1072803ffff,2.65648701923633,0.5302437733657009,2.270665179584076,5.706927175843695,1.0,85.06378881931099,132.49470306552908,100.0,-74.01600847979246,40.70416790835038,9,observed,opendata,"building_density,dist_stream_m,elevation_m,flow_accum_proxy,impervious_frac,slope_deg",event_raster,production,0,0,extreme,0.18292855371841893,0.19047281790825,0.19047281790825,0
892a1072807ffff,1.6114078660584474,0.5819010166048398,2.046023086208541,5.128456735057984,1.0,151.2322517556073,82.9711950327538,100.0,-74.01376760272268,40.70158676007536,9,observed,opendata,"building_density,dist_stream_m,elevation_m,flow_accum_proxy,impervious_frac,slope_deg",event_raster,production,0,0,extreme,0.12361333580083428,0.26098841731502337,0.26098841731502337,0
892a107280fffff,-1.3370467938745398,0.028975524272422386,0.5123472929279798,1.525974025974026,0.0,0.0,0.0,100.0,-74.01803914737917,40.70147004899095,9,observed,opendata,"building_density,dist_stream_m,elevation_m,flow_accum_proxy,impervious_frac,slope_deg",event_raster,production,0,0,extreme,0.005463299459454715,0.017388674002585165,0.017388674002585165,0
892a1072813ffff,4.757909091482039,0.6756658137056186,2.907952293813123,6.783496007098492,1.0,368.59190874237,371.57158043151173,100.0,-74.01397758214198,40.706865819195635,9,observed,opendata,"building_density,dist_stream_m,elevation_m,flow_accum_proxy,impervious_frac,slope_deg",event_raster,production,0,0,extreme,0.12275650040500632,0.1698672648249219,0.1698672648249219,0
892a1072817ffff,3.2313881373032927,0.6825446705638835,1.721366807106322,10.882300884955752,1.0,708.8668630260737,319.636147017686,100.0,-74.01173669148999,40.70428454398579,9,observed,opendata,"building_density,dist_stream_m,elevation_m,flow_accum_proxy,impervious_frac,slope_deg",event_raster,production,0,0,extreme,0.9524392009043895,0.9646309656178877,0.9646309656178877,1
892a107281bffff,2.023151150882589,0.42096411184423616,2.024363885360469,4.380907372400756,0.0,103.96153400976152,31.79459052098667,100.0,-74.0182496070028,40.70674910133614,9,observed,opendata,"building_density,dist_stream_m,elevation_m,flow_accum_proxy,impervious_frac,slope_deg",event_raster,production,0,0,extreme,0.8625091625654357,0.8506134820873337,0.8506134820873337,1
892a1072883ffff,8.922210955027992,0.7588398242567448,2.3353083899825915,7.2322695035460995,1.0,1030.1201246945654,596.7256724895851,100.0,-74.0076741787482,40.70968026618339,9,observed,opendata,"building_density,dist_stream_m,elevation_m,flow_accum_proxy,impervious_frac,slope_deg",event_raster,production,0,0,extreme,0.8760803753840412,0.903858898010526,0.903858898010526,1
892a1072887ffff,2.9274467377666884,0.8042919578754976,1.461862499947743,9.070859167404784,1.0,774.9924081772632,245.3926512359821,100.0,-74.00543351115385,40.70709878183493,9,observed,opendata,"building_density,dist_stream_m,elevation_m,flow_accum_proxy,impervious_frac,slope_deg",event_raster,production,0,0,extreme,0.2008585329368619,0.9682882302385254,0.9682882302385254,1
892a107288bffff,6.8140680247396626,0.6931798278706746,2.661106989432097,5.9602824360105915,1.0,453.62962432025563,495.7444451679159,100.0,-74.01194645439377,40.70956378150536,9,observed,opendata,"building_density,dist_stream_m,elevation_m,flow_accum_proxy,impervious_frac,slope_deg",event_raster,production,0,0,extreme,0.8563611506181011,0.9280800084860332,0.9280800084860332,1
892a107288fffff,7.188058330153064,0.7173866428712756,2.4025649552963024,9.579928952042629,1.0,359.1418270052105,462.2629199953974,100.0,-74.00970555017649,40.70698237936226,9,observed,opendata,"building_density,dist_stream_m,elevation_m,flow_accum_proxy,impervious_frac,slope_deg",event_raster,production,0,0,extreme,0.9208822328013665,0.9317846059951024,0.9317846059951024,1
892a1072893ffff,11.262848785343053,0.7263321208279286,1.9915120704881815,6.039787798408488,1.0,151.20297726530683,775.6966395657986,100.0,-74.0056425771711,40.71237820442782,9,observed,opendata,"building_density,dist_stream_m,elevation_m,flow_accum_proxy,impervious_frac,slope_deg",event_raster,production,0,0,extreme,0.9389981894585635,0.9644907076984708,0.9644907076984708,1
892a1072897ffff,5.569709723511486,0.8555565739565707,2.273207934655857,8.308510638297872,1.0,207.91473139928178,385.0671092458108,100.0,-74.00340189606727,40.70979659314705,9,observed,opendata,"building_density,dist_stream_m,elevation_m,flow_accum_proxy,impervious_frac,slope_deg",event_raster,production,0,0,extreme,0.2465414431739651,0.3904200655326168,0.3904200655326168,0
892a107289bffff,7.712624753620608,0.7764448562359556,2.7475653704031244,9.71808510638298,1.0,292.95495570921935,558.5752571064745,100.0,-74.0099150965138,40.712261795258144,9,observed,opendata,"building_density,dist_stream_m,elevation_m,flow_accum_proxy,impervious_frac,slope_deg",event_raster,production,0,0,extreme,0.907283317859349,0.932640734823385,0.932640734823385,1
892a10728a3ffff,-1.5726857119047322,0.0784251398554947,0.2898379599521831,1.0292812777284828,0.0,0.0,73.32015581890238,100.0,-74.00522449215495,40.701819709283896,9,observed,opendata,"building_density,dist_stream_m,elevation_m,flow_accum_proxy,impervious_frac,slope_deg",event_raster,production,0,0,extreme,0.005463299459454715,0.00996135907793228,0.00996135907793228,0
892a10728abffff,0.22196179265842278,0.3718145575104554,2.5820669820276025,2.298136645962733,0.0,56.71225117899963,0.8446074586065945,100.0,-74.00949605096544,40.701703313506684,9,observed,opendata,"building_density,dist_stream_m,elevation_m,flow_accum_proxy,impervious_frac,slope_deg",event_raster,production,0,0,extreme,0.05880854186549694,0.9496317051763479,0.9496317051763479,1
892a10728b3ffff,-0.4870497256223221,0.49567284006766543,2.1712579597957524,1.9165927240461402,1.0,94.51610611127171,10.516055068376316,100.0,-74.00319309369571,40.704517342235015,9,observed,opendata,"building_density,dist_stream_m,elevation_m,flow_accum_proxy,impervious_frac,slope_deg",event_raster,production,0,0,extreme,0.8497754833493187,0.9144959586341579,0.9144959586341579,1
892a10728b7ffff,-0.9806179591639616,0.0,0.3161091028360746,1.127208480565371,0.0,0.0,59.22258075877662,100.0,-74.00095292633873,40.701935947405886,9,observed,opendata,"building_density,dist_stream_m,elevation_m,flow_accum_proxy,impervious_frac,slope_deg",event_raster,production,0,0,extreme,0.005463299459454715,0.017388674002585165,0.017388674002585165,0
892a10728bbffff,2.0601404048502445,0.7904088938592282,1.743971494628133,5.03716814159292,1.0,274.095946063168,110.18259960725099,100.0,-74.00746489610857,40.70440102194768,9,observed,opendata,"building_density,dist_stream_m,elevation_m,flow_accum_proxy,impervious_frac,slope_deg",event_raster,production,0,0,extreme,0.9015094995918531,0.9536596900452216,0.9536596900452216,1
892a10728c3ffff,0.05904686971246076,0.13796571541451375,1.5677625111651512,1.9663699307616223,0.0,37.800430795959656,44.073493873982315,100.0,-74.01846011396843,40.71202850371857,9,observed,opendata,"building_density,dist_stream_m,elevation_m,flow_accum_proxy,impervious_frac,slope_deg",event_raster,production,0,0,extreme,0.06922296596347649,0.02308779251622819,0.02308779251622819,0
892a10728c7ffff,3.484364738167258,0.7194522560013007,1.499252905388228,4.744454303460515,1.0,170.11063964782056,190.96972244844167,100.0,-74.01621872295645,40.70944713911398,9,observed,opendata,"building_density,dist_stream_m,elevation_m,flow_accum_proxy,impervious_frac,slope_deg",event_raster,production,0,0,extreme,0.9434745901876409,0.9464158308938097,0.9464158308938097,1
892a10728d3ffff,2.481532600551573,0.49582678128805785,1.8735272491190325,4.082373782108061,1.0,47.24825197747762,84.5729345003708,100.0,-74.01642901341648,40.71472671988807,9,observed,opendata,"building_density,dist_stream_m,elevation_m,flow_accum_proxy,impervious_frac,slope_deg",event_raster,production,0,0,extreme,0.060828225912894954,0.055080569130717696,0.055080569130717696,0
892a10728d7ffff,2.931888463690626,0.677911390200363,4.601608386528282,4.339539007092198,1.0,85.05120361476024,210.19531560553798,100.0,-74.01418760879541,40.712145228354714,9,observed,opendata,"building_density,dist_stream_m,elevation_m,flow_accum_proxy,impervious_frac,slope_deg",event_raster,production,0,0,extreme,0.9171552048239484,0.9553413724863609,0.9553413724863609,1
892a1072c03ffff,4.2932088043778505,0.8583850078548946,2.5051607393613415,6.816489361702128,1.0,1861.321324349496,865.4100382560167,100.0,-74.00178736299634,40.72305436427269,9,observed,opendata,"building_density,dist_stream_m,elevation_m,flow_accum_proxy,impervious_frac,slope_deg",event_raster,production,0,0,extreme,0.8868907930915355,0.9754583213487932,0.9754583213487932,1
892a1072c07ffff,6.605340302726368,0.8410216737571427,1.4467327309742806,28.275132275132275,1.0,1285.0388219512045,564.5032169882154,100.0,-73.99954639120696,40.72047232748709,9,observed,opendata,"building_density,dist_stream_m,elevation_m,flow_accum_proxy,impervious_frac,slope_deg",event_raster,production,0,0,extreme,0.8993669347118998,0.9518611605368106,0.9518611605368106,1
892a1072c0bffff,3.1183968083867177,0.8373021402333735,1.585640136642026,6.713780918727915,1.0,500.76018033234686,519.9946338886438,100.0,-74.00606085032426,40.72293809951893,9,observed,opendata,"building_density,dist_stream_m,elevation_m,flow_accum_proxy,impervious_frac,slope_deg",event_raster,production,0,0,extreme,0.972352550961854,0.9565296975676291,0.9565296975676291,1
892a1072c0fffff,3.224952309280006,0.8600292421593112,2.251709377186533,5.191659272404614,1.0,1691.3331441810053,751.8577441382932,100.0,-74.00381964174338,40.72035614496131,9,observed,opendata,"building_density,dist_stream_m,elevation_m,flow_accum_proxy,impervious_frac,slope_deg",event_raster,production,0,0,extreme,0.9658217770685189,0.9725912169444755,0.9725912169444755,1
892a1072c13ffff,7.151620798161465,0.8145879277168705,1.6993922348950463,41.68314210061783,1.0,1549.4514630051679,802.1002782832692,100.0,-73.99975485394748,40.725752634920234,9,observed,opendata,"building_density,dist_stream_m,elevation_m,flow_accum_proxy,impervious_frac,slope_deg",event_raster,production,0,0,extreme,0.2636110631381228,0.30305818414013136,0.30305818414013136,0
892a1072c17ffff,10.198771477168709,0.8244139280272672,0.7360372628220014,28.259094942324754,1.0,1473.943846881449,508.0108038763589,100.0,-73.99751386869457,40.723170471210885,9,observed,opendata,"building_density,dist_stream_m,elevation_m,flow_accum_proxy,impervious_frac,slope_deg",event_raster,production,0,0,extreme,0.9865590916061754,0.979791983274214,0.979791983274214,1
892a1072c1bffff,5.673303576802786,0.7975637626595202,2.378304749199774,4.083185840707965,1.0,1464.4165055665303,641.0700373127984,100.0,-74.00402858507962,40.72563644575339,9,observed,opendata,"building_density,dist_stream_m,elevation_m,flow_accum_proxy,impervious_frac,slope_deg",event_raster,production,0,0,extreme,0.3727012104070357,0.35924883087902587,0.35924883087902587,0
892a1072c23ffff,7.023031471539239,0.7878730083913744,2.118787463696774,12.99027409372237,1.0,2003.3481158573127,592.0702373556267,100.0,-73.99933797536255,40.7151923699604,9,observed,opendata,"building_density,dist_stream_m,elevation_m,flow_accum_proxy,impervious_frac,slope_deg",event_raster,production,0,0,extreme,0.9254615188154208,0.930971864346599,0.930971864346599,1
892a1072c27ffff,7.723999054774933,0.8048641631647706,1.4267959467682914,23.867673179396093,1.0,1738.8439366532136,424.4953379874368,100.0,-73.99709751749248,40.7126105495616,9,observed,opendata,"building_density,dist_stream_m,elevation_m,flow_accum_proxy,impervious_frac,slope_deg",event_raster,production,0,0,extreme,0.8962531659631457,0.9098337202593555,0.9098337202593555,1
892a1072c2bffff,7.50795755621968,0.7906457943231952,3.341884759629101,8.311446317657499,1.0,226.79349384865264,882.0539515260314,100.0,-74.0036107454112,40.71507619407416,9,observed,opendata,"building_density,dist_stream_m,elevation_m,flow_accum_proxy,impervious_frac,slope_deg",event_raster,production,0,0,extreme,0.9078364358160759,0.8853477645902162,0.8853477645902162,1
892a1072c2fffff,6.750803836903214,0.7820344690464239,2.8033311240968453,10.878761061946904,1.0,160.65361058257477,521.231579974247,100.0,-74.00137005081483,40.71249445586266,9,observed,opendata,"building_density,dist_stream_m,elevation_m,flow_accum_proxy,impervious_frac,slope_deg",event_raster,production,0,0,extreme,0.11735657451559904,0.18909110218496447,0.18909110218496447,0
892a1072c33ffff,9.364033672803254,0.8423395209219356,1.273028352695328,58.2058562555457,1.0,2182.7878929295894,318.50934319660433,100.0,-73.99730566967641,40.71789033541887,9,observed,opendata,"building_density,dist_stream_m,elevation_m,flow_accum_proxy,impervious_frac,slope_deg",event_raster,production,0,0,extreme,0.23628594313306445,0.13286825908554337,0.13286825908554337,0
892a1072c37ffff,12.519163254088005,0.84124259394882,0.4026752741117261,5.199115044247788,1.0,1115.074241468572,346.9968464519467,100.0,-73.99506519836963,40.715308388090286,9,observed,opendata,"building_density,dist_stream_m,elevation_m,flow_accum_proxy,impervious_frac,slope_deg",event_raster,production,0,0,extreme,0.9402518208421861,0.9576377154523281,0.9576377154523281,1
892a1072c3bffff,4.9859451791073415,0.8182168997401464,1.7353437766936404,23.279255319148938,1.0,963.8257276606362,678.3734528741107,100.0,-74.00157868343452,40.71777423510105,9,observed,opendata,"building_density,dist_stream_m,elevation_m,flow_accum_proxy,impervious_frac,slope_deg",event_raster,production,0,0,extreme,0.875255906932694,0.9388415919162321,0.9388415919162321,1
892a1072c43ffff,-0.34831464372636434,0.3682826093679828,0.9866996590748839,1.8385093167701863,0.0,56.686775955138536,73.91770815925591,100.0,-74.01257602629768,40.7254035939159,9,observed,opendata,"building_density,dist_stream_m,elevation_m,flow_accum_proxy,impervious_frac,slope_deg",event_raster,production,0,0,extreme,0.8744211600697384,0.8741116962462289,0.8741116962462289,1
892a1072c47ffff,2.547894026896777,0.8201735348302367,2.3564876728912667,5.242263483642794,1.0,699.1726514420853,163.92701914383704,100.0,-74.01033433063081,40.722821676950645,9,observed,opendata,"building_density,dist_stream_m,elevation_m,flow_accum_proxy,impervious_frac,slope_deg",event_raster,production,0,0,extreme,0.8548678565811278,0.9315303301156616,0.9315303301156616,1
892a1072c4bffff,-1.2900021594457947,0.0014763974890152297,5.702596368034891e-05,1.0008818342151675,0.0,0.0,187.8605396129888,100.0,-74.0168497362885,40.72528693124739,9,observed,opendata,"building_density,dist_stream_m,elevation_m,flow_accum_proxy,impervious_frac,slope_deg",event_raster,production,0,0,extreme,0.005463299459454715,0.00996135907793228,0.00996135907793228,0
892a1072c4fffff,-1.161287446890585,0.0447266003459497,0.4596328005417165,1.2608695652173914,0.0,0.0,140.3234588264029,100.0,-74.01460780386842,40.722705096568944,9,observed,opendata,"building_density,dist_stream_m,elevation_m,flow_accum_proxy,impervious_frac,slope_deg",event_raster,production,0,0,extreme,0.005463299459454715,0.017388674002585165,0.017388674002585165,0
892a1072c53ffff,1.9555521175107349,0.7633290490458058,1.1873713692365537,7.075971731448763,1.0,66.13137394165457,71.43709374848122,100.0,-74.01054401844232,40.728102142637056,9,observed,opendata,"building_density,dist_stream_m,elevation_m,flow_accum_proxy,impervious_frac,slope_deg",event_raster,production,0,0,extreme,0.097904548146462,0.9369430712608879,0.9369430712608879,1
892a1072c57ffff,3.514800943548076,0.8302934958778513,1.819967707911089,5.66607617360496,1.0,840.8561724537547,286.44378255906025,100.0,-74.00830230921224,40.725520098751595,9,observed,opendata,"building_density,dist_stream_m,elevation_m,flow_accum_proxy,impervious_frac,slope_deg",event_raster,production,0,0,extreme,0.9528421517955352,0.9629137474232814,0.9629137474232814,1
892a1072c5bffff,-0.8428097461656303,0.10984742635468382,0.5836362477393608,1.5066430469441985,0.0,9.447313010430442,57.501836315687896,100.0,-74.01481797231988,40.72798555551391,9,observed,opendata,"building_density,dist_stream_m,elevation_m,flow_accum_proxy,impervious_frac,slope_deg",event_raster,production,0,0,extreme,0.005463299459454715,0.017388674002585165,0.017388674002585165,0
892a1072c63ffff,4.2673741474430615,0.8219122340942316,2.0084490032737796,5.486702127659575,1.0,1266.1953883358035,274.052390492772,100.0,-74.01012468999328,40.717541561139306,9,observed,opendata,"building_density,dist_stream_m,elevation_m,flow_accum_proxy,impervious_frac,slope_deg",event_raster,production,0,0,extreme,0.9698205150805835,0.9629137474232814,0.9629137474232814,1
892a1072c67ffff,7.788459052950699,0.8413992756324843,3.907488061053994,5.588287488908607,1.0,1341.857776018282,584.0583609605297,100.0,-74.0078835084681,40.71495986043266,9,observed,opendata,"building_density,dist_stream_m,elevation_m,flow_accum_proxy,impervious_frac,slope_deg",event_raster,production,0,0,extreme,0.1433806739867686,0.17885566103526176,0.17885566103526176,0
892a1072c6bffff,3.2672228431684474,0.5787093077102237,2.1669509367091364,3.8172138420585626,1.0,170.08547742175398,112.32795731011394,100.0,-74.01439768269891,40.7174249874975,9,observed,opendata,"building_density,dist_stream_m,elevation_m,flow_accum_proxy,impervious_frac,slope_deg",event_raster,production,0,0,extreme,0.8953526360934406,0.9211757292198203,0.9211757292198203,1
892a1072c6fffff,3.136374092007357,0.831038793182331,1.5473093555192976,6.80847308031774,1.0,340.18835314908034,396.6534117043157,100.0,-74.01215626448567,40.714843369036934,9,observed,opendata,"building_density,dist_stream_m,elevation_m,flow_accum_proxy,impervious_frac,slope_deg",event_raster,production,0,0,extreme,0.9656717159333015,0.9565296975676291,0.9565296975676291,1
892a1072c73ffff,4.1967949382300285,0.8333007256824074,2.2879528788909984,4.73758865248227,1.0,982.6712743667451,401.6963379925279,100.0,-74.00809288528414,40.720239804640435,9,observed,opendata,"building_density,dist_stream_m,elevation_m,flow_accum_proxy,impervious_frac,slope_deg",event_raster,production,0,0,extreme,0.939991757294619,0.9656359348934298,0.9656359348934298,1
892a1072c77ffff,5.6662136831269905,0.8130936428668007,4.059397831749716,4.3236331569664905,1.0,1096.1124817738614,627.7431121446654,100.0,-74.00585169022261,40.71765797700752,9,observed,opendata,"building_density,dist_stream_m,elevation_m,flow_accum_proxy,impervious_frac,slope_deg",event_raster,production,0,0,extreme,0.9203006190828281,0.9393169662945984,0.9393169662945984,1
892a1072c7bffff,1.902728762075437,0.7126534563234278,2.3460006812533294,3.465486725663717,1.0,132.28230515907939,58.60282131263422,100.0,-74.0123661217817,40.72012330652548,9,observed,opendata,"building_density,dist_stream_m,elevation_m,flow_accum_proxy,impervious_frac,slope_deg",event_raster,production,0,0,extreme,0.8126673378684218,0.9492385463538325,0.9492385463538325,1
892a1072c83ffff,12.20279057820638,0.8469762852582982,0.36826044459105756,7.988536155202822,1.0,888.0597865889866,760.4716194680121,100.0,-73.9934481326791,40.72856691258618,9,observed,opendata,"building_density,dist_stream_m,elevation_m,flow_accum_proxy,impervious_frac,slope_deg",event_raster,production,0,0,extreme,0.16991272307721245,0.20065244054084727,0.20065244054084727,0
892a1072c87ffff,12.264326432371098,0.8152074481971304,0.3394230585807675,17.648624667258208,1.0,1842.3459111202997,462.0083717889443,100.0,-73.9912073708746,40.7259845397448,9,observed,opendata,"building_density,dist_stream_m,elevation_m,flow_accum_proxy,impervious_frac,slope_deg",event_raster,production,0,0,extreme,0.9793547209137472,0.972129566442607,0.972129566442607,1
892a1072c8bffff,9.429328278024146,0.7233460338138942,0.6734564154943887,23.265070921985817,1.0,651.8718455317455,889.9547766264144,100.0,-73.99772211456276,40.72845095688255,9,observed,opendata,"building_density,dist_stream_m,elevation_m,flow_accum_proxy,impervious_frac,slope_deg",event_raster,production,0,0,extreme,0.1130730199969547,0.1559378634696904,0.1559378634696904,0
892a1072c8fffff,12.246182042656216,0.8136129879148294,0.5038595598269768,6.734929078014185,1.0,935.3422204325949,546.3894731802176,100.0,-73.99548111586327,40.72586866625105,9,observed,opendata,"building_density,dist_stream_m,elevation_m,flow_accum_proxy,impervious_frac,slope_deg",event_raster,production,0,0,extreme,0.9177479267024342,0.9692573508001279,0.9692573508001279,1
892a1072c93ffff,11.8914575407541,0.8001684291022164,0.28935888200521487,12.048802129547472,1.0,557.372289524358,1047.304314254802,100.0,-73.99141491910795,40.73126521019487,9,observed,opendata,"building_density,dist_stream_m,elevation_m,flow_accum_proxy,impervious_frac,slope_deg",event_raster,production,0,0,extreme,0.9342710489212547,0.9498600550221367,0.9498600550221367,1
892a1072c97ffff,11.265525324998704,0.7905486662830926,0.5516243082743171,13.380530973451327,1.0,1738.334685341918,792.4269691745822,100.0,-73.98917414391278,40.72868271043228,9,observed,opendata,"building_density,dist_stream_m,elevation_m,flow_accum_proxy,impervious_frac,slope_deg",event_raster,production,0,0,extreme,0.9695259437900763,0.9731282256337562,0.9731282256337562,1
892a1072c9bffff,9.212313166746856,0.6809637688417384,0.6738186129335816,47.548758865248224,1.0,708.5221069563473,1086.0109406179224,100.0,-73.99568914480813,40.731149330138244,9,observed,opendata,"building_density,dist_stream_m,elevation_m,flow_accum_proxy,impervious_frac,slope_deg",event_raster,production,0,0,extreme,0.10111535189376177,0.153490835164347,0.153490835164347,0
892a1072ca3ffff,12.025030336659253,0.7556153704555244,0.2940276810476274,12.147293700088731,1.0,1247.2505554042689,84.38759287091854,100.0,-73.99099986933716,40.720704219149056,9,observed,opendata,"building_density,dist_stream_m,elevation_m,flow_accum_proxy,impervious_frac,slope_deg",event_raster,production,0,0,extreme,0.19402051145740415,0.19772318326609362,0.19772318326609362,0
892a1072ca7ffff,10.782664090079049,0.8328670469695182,0.45036635661576696,22.157243816254418,1.0,1115.0234541214368,424.7487831052609,100.0,-73.98875962144035,40.71812206272308,9,observed,opendata,"building_density,dist_stream_m,elevation_m,flow_accum_proxy,impervious_frac,slope_deg",event_raster,production,0,0,extreme,0.9899246548765711,0.9735439682988941,0.9735439682988941,1
892a1072cabffff,11.095445124420896,0.8427272178727615,0.6464392311204525,31.192205491585472,1.0,1974.8078338372445,271.5749827951448,100.0,-73.99527313372238,40.72058835221668,9,observed,opendata,"building_density,dist_stream_m,elevation_m,flow_accum_proxy,impervious_frac,slope_deg",event_raster,production,0,0,extreme,0.9491884491874039,0.9718437287393461,0.9718437287393461,1
892a1072cafffff,11.994016297095644,0.7322864742933122,0.3086950644923362,8.98141592920354,1.0,1719.7771002431211,28.509563069393256,100.0,-73.99303264899582,40.71800627795989,9,observed,opendata,"building_density,dist_stream_m,elevation_m,flow_accum_proxy,impervious_frac,slope_deg",event_raster,production,0,0,extreme,0.8993540128884849,0.9555661093679293,0.9555661093679293,1
892a1072cb3ffff,11.074704928946707,0.7586122503059101,0.48524120679471344,20.41061946902655,1.0,1294.4323151373221,277.6380400981097,100.0,-73.98896685935952,40.72340221163636,9,observed,opendata,"building_density,dist_stream_m,elevation_m,flow_accum_proxy,impervious_frac,slope_deg",event_raster,production,0,0,extreme,0.993963921842427,0.9773443352297968,0.9773443352297968,1
892a1072cb7ffff,9.339145336455218,0.8552463919953819,0.5276632916621131,68.20637732506643,1.0,1984.2678383655734,412.65343141128494,100.0,-73.98672659809884,40.72081992828314,9,observed,opendata,"building_density,dist_stream_m,elevation_m,flow_accum_proxy,impervious_frac,slope_deg",event_raster,production,0,0,extreme,0.9188817618123735,0.9583290383078035,0.9583290383078035,1
892a1072cbbffff,12.762222649455596,0.8024708801208086,0.2504956266935874,5.0767872903795235,1.0,1558.9834393275216,203.18904967793998,100.0,-73.99324036746646,40.72328642033247,9,observed,opendata,"building_density,dist_stream_m,elevation_m,flow_accum_proxy,impervious_frac,slope_deg",event_raster,production,0,0,extreme,0.07659327066615974,0.1097820403907298,0.1097820403907298,0
892a1072cc3ffff,5.021779360649129,0.7604603626406098,2.5240160441790547,3.646072374227714,1.0,3108.032940700978,579.8930242748081,100.0,-74.00423757543585,40.73091709639526,9,observed,opendata,"building_density,dist_stream_m,elevation_m,flow_accum_proxy,impervious_frac,slope_deg",event_raster,production,0,0,extreme,0.9741849113580748,0.9767470589025506,0.9767470589025506,1
892a1072cc7ffff,6.335099465458105,0.7716762523384805,2.2285172477734427,6.5186170212765955,1.0,2154.0052973235956,790.8201105957855,100.0,-74.00199608951623,40.72833484332245,9,observed,opendata,"building_density,dist_stream_m,elevation_m,flow_accum_proxy,impervious_frac,slope_deg",event_raster,production,0,0,extreme,0.927454562087569,0.930971864346599,0.930971864346599,1
892a1072ccbffff,3.949927084623499,0.8564808873842794,1.44184564673573,6.4361702127659575,1.0,793.5381194635655,221.09262357104407,100.0,-74.00851178026825,40.730800742711025,9,observed,opendata,"building_density,dist_stream_m,elevation_m,flow_accum_proxy,impervious_frac,slope_deg",event_raster,production,0,0,extreme,0.19194124689612405,0.9747606461411529,0.9747606461411529,1
892a1072ccfffff,4.811616908458611,0.8262339234880054,1.5041684174202417,5.20903454384411,1.0,632.973478406772,430.5909900985706,100.0,-74.00627005749193,40.728218571906936,9,observed,opendata,"building_density,dist_stream_m,elevation_m,flow_accum_proxy,impervious_frac,slope_deg",event_raster,production,0,0,extreme,0.9526607755335693,0.9227006462101831,0.9227006462101831,1
892a1072cd3ffff,6.292136560113138,0.7342474236952051,2.4087331836363286,4.962699822380107,1.0,2833.9356052100884,718.4712811740419,100.0,-74.00220486300994,40.73361567219517,9,observed,opendata,"building_density,dist_stream_m,elevation_m,flow_accum_proxy,impervious_frac,slope_deg",event_raster,production,0,0,extreme,0.9186419013967395,0.958260179676571,0.958260179676571,1
892a1072cd7ffff,6.3454502793588405,0.6991286779566283,0.9856376070306059,25.62367491166078,1.0,1681.554427289882,947.1117436838457,100.0,-73.99996336359993,40.731033292204685,9,observed,opendata,"building_density,dist_stream_m,elevation_m,flow_accum_proxy,impervious_frac,slope_deg",event_raster,production,0,0,extreme,0.8900281481979746,0.9295465593992008,0.9295465593992008,1
892a1072cdbffff,6.107823018486618,0.7611381993596013,2.269893973649658,3.374113475177305,1.0,2115.9993596437303,358.16223754499634,100.0,-74.00647931174146,40.733499394116386,9,observed,opendata,"building_density,dist_stream_m,elevation_m,flow_accum_proxy,impervious_frac,slope_deg",event_raster,production,0,0,extreme,0.9910748756237157,0.9627351785067019,0.9627351785067019,1
892a1072d03ffff,1.590340914608345,0.5288758778914862,1.0591224808821564,16.853463587921848,1.0,283.5514972507295,28.185187013682967,100.0,-73.98610581467901,40.70498104661735,9,observed,opendata,"building_density,dist_stream_m,elevation_m,flow_accum_proxy,impervious_frac,slope_deg",event_raster,production,0,0,extreme,0.1615647062973597,0.9478027228266246,0.9478027228266246,1
892a1072d07ffff,10.762117116586536,0.8415288269414124,1.5970599489907424,10.291666666666666,1.0,756.1760431552476,344.00014565133773,100.0,-73.98386659396525,40.702399323320684,9,observed,opendata,"building_density,dist_stream_m,elevation_m,flow_accum_proxy,impervious_frac,slope_deg",event_raster,production,0,0,extreme,0.8923636697807839,0.952343500916884,0.952343500916884,1
892a1072d0bffff,0.7995113048904113,0.35536513017165533,0.7994096866960058,18.744454303460515,0.0,75.61351958333834,6.467186353529706,100.0,-73.99037764474299,40.70486535703891,9,observed,opendata,"building_density,dist_stream_m,elevation_m,flow_accum_proxy,impervious_frac,slope_deg",event_raster,production,0,0,extreme,0.8873949598959487,0.9394433515236147,0.9394433515236147,1
892a1072d0fffff,7.928156178783886,0.8402945085450888,2.3063534880822787,24.872679045092838,1.0,472.6086933262805,262.5052892034647,100.0,-73.98813818732994,40.70228371583007,9,observed,opendata,"building_density,dist_stream_m,elevation_m,flow_accum_proxy,impervious_frac,slope_deg",event_raster,production,0,0,extreme,0.17350226349249182,0.2083366962953793,0.2083366962953793,0
892a1072d13ffff,0.0,6.206303259953394e-05,0.0,1.0,0.0,0.0,22.319315130246963,100.0,-73.98407321184507,40.7076784287519,9,observed,opendata,"building_density,dist_stream_m,elevation_m,flow_accum_proxy,impervious_frac,slope_deg",event_raster,production,0,0,extreme,0.005463299459454715,0.00996135907793228,0.00996135907793228,0
892a1072d17ffff,2.8913749688511006,0.6059435164123214,1.7026199507535296,16.142477876106195,1.0,160.6796359791323,83.96133395857375,100.0,-73.98183397782091,40.705096578515935,9,observed,opendata,"building_density,dist_stream_m,elevation_m,flow_accum_proxy,impervious_frac,slope_deg",event_raster,production,0,0,extreme,0.043254922241937034,0.148359870056755,0.148359870056755,0
892a1072d1bffff,0.0026818050874574868,0.02727092446126052,0.012100506389831183,1.245583038869258,0.0,0.0,14.319801715645696,100.0,-73.98834528544128,40.707562814764856,9,observed,opendata,"building_density,dist_stream_m,elevation_m,flow_accum_proxy,impervious_frac,slope_deg",event_raster,production,0,0,extreme,0.005463299459454715,0.00996135907793228,0.00996135907793228,0
892a1072d43ffff,0.015154459671701303,0.12421828627330582,0.05606836178538136,7.1154529307282415,0.0,0.0,156.69860851364638,100.0,-73.996889412127,40.70733111369416,9,observed,opendata,"building_density,dist_stream_m,elevation_m,flow_accum_proxy,impervious_frac,slope_deg",event_raster,production,0,0,extreme,0.005463299459454715,0.00996135907793228,0.00996135907793228,0
892a1072d47ffff,0.2163803129431478,0.24624487726967223,0.31083533356238874,6.186948853615521,0.0,47.25831705796459,50.62651721548443,100.0,-73.99464946796543,40.70474950978168,9,observed,opendata,"building_density,dist_stream_m,elevation_m,flow_accum_proxy,impervious_frac,slope_deg",event_raster,production,0,0,extreme,0.005463299459454715,0.017388674002585165,0.017388674002585165,0
892a1072d4bffff,1.1078865746912683,0.6908184865397582,1.4778256314607159,6.647214854111406,1.0,746.6411058066457,40.62466400841475,100.0,-74.00116146512151,40.70721502661259,9,observed,opendata,"building_density,dist_stream_m,elevation_m,flow_accum_proxy,impervious_frac,slope_deg",event_raster,production,0,0,extreme,0.8214689750297077,0.9578302599289513,0.9578302599289513,1
892a1072d4fffff,-0.08578551888530687,0.011900022013993816,0.3114103926546263,1.0887311446317658,0.0,0.0,64.25735544530582,100.0,-73.99892128429882,40.704633504846704,9,observed,opendata,"building_density,dist_stream_m,elevation_m,flow_accum_proxy,impervious_frac,slope_deg",event_raster,production,0,0,extreme,0.005463299459454715,0.017388674002585165,0.017388674002585165,0
892a1072d53ffff,2.026568944043881,0.6616443984805617,1.112668475074511,34.433362753751105,1.0,189.01444815554976,105.05332840609599,100.0,-73.99485730978921,40.710028773926915,9,observed,opendata,"building_density,dist_stream_m,elevation_m,flow_accum_proxy,impervious_frac,slope_deg",event_raster,production,0,0,extreme,0.8558366609831423,0.955014637666878,0.955014637666878,1
892a1072d57ffff,0.0,0.06334868669555467,0.0,1.0,0.0,0.0,50.94144212509955,100.0,-73.99261735221776,40.707447043078595,9,observed,opendata,"building_density,dist_stream_m,elevation_m,flow_accum_proxy,impervious_frac,slope_deg",event_raster,production,0,0,extreme,0.005463299459454715,0.00996135907793228,0.00996135907793228,0
892a1072d5bffff,3.007810039511809,0.7162455200145008,1.1601749286055565,36.18173758865248,1.0,122.85904751982092,183.70001333626666,100.0,-73.99912960639843,40.70991276239524,9,observed,opendata,"building_density,dist_stream_m,elevation_m,flow_accum_proxy,impervious_frac,slope_deg",event_raster,production,0,0,extreme,0.21798005847957325,0.9666970882085338,0.9666970882085338,1
892a1072d73ffff,7.979015965762401,0.8276944767624193,2.748658584579693,20.119005328596803,1.0,510.41595335410136,220.51159674141527,100.0,-73.99240977387873,40.702167950680035,9,observed,opendata,"building_density,dist_stream_m,elevation_m,flow_accum_proxy,impervious_frac,slope_deg",event_raster,production,0,0,extreme,0.8722146168421541,0.928992448077969,0.928992448077969,1
892a1072d7bffff,1.6326398657788805,0.6059491303951844,1.8325589559671047,9.464951197870452,1.0,132.32969110110287,62.765209040522976,100.0,-73.99668135356416,40.70205202787161,9,observed,opendata,"building_density,dist_stream_m,elevation_m,flow_accum_proxy,impervious_frac,slope_deg",event_raster,production,0,0,extreme,0.23060818364383923,0.1872611963513648,0.1872611963513648,0
892a1072d83ffff,0.47218252622192036,0.1810392372847796,0.4486168528633956,11.403011514614704,0.0,0.0,15.828964964168959,100.0,-73.97776805489825,40.710491242867484,9,observed,opendata,"building_density,dist_stream_m,elevation_m,flow_accum_proxy,impervious_frac,slope_deg",event_raster,production,0,0,extreme,0.005463299459454715,0.017388674002585165,0.017388674002585165,0
892a1072d87ffff,0.0076270794464078084,0.014895152899480372,0.021092172924914224,1.1107174490699734,0.0,0.0,80.57095141993915,100.0,-73.97552904438331,40.70790918362411,9,observed,opendata,"building_density,dist_stream_m,elevation_m,flow_accum_proxy,impervious_frac,slope_deg",event_raster,production,0,0,extreme,0.005463299459454715,0.00996135907793228,0.00996135907793228,0
892a1072d8bffff,1.5947693510775254,0.5778949076529456,1.086461727734273,22.517241379310345,1.0,94.50802286404497,68.84494370755897,100.0,-73.98204037879412,40.71037586221235,9,observed,opendata,"building_density,dist_stream_m,elevation_m,flow_accum_proxy,impervious_frac,slope_deg",event_raster,production,0,0,extreme,0.15713677082263278,0.8947613784280138,0.8947613784280138,1
892a1072d8fffff,0.0,0.0,0.0,1.0,0.0,0.0,58.97590798237414,100.0,-73.97980113147659,40.70779388503865,9,observed,opendata,"building_density,dist_stream_m,elevation_m,flow_accum_proxy,impervious_frac,slope_deg",event_raster,production,0,0,extreme,0.005463299459454715,0.00996135907793228,0.00996135907793228,0
892a1072d93ffff,0.5813135728721128,0.316011393353378,0.45281462617861357,6.780530973451327,0.0,18.900744283751173,7.805407211748667,100.0,-73.9757347480519,40.713188651981014,9,observed,opendata,"building_density,dist_stream_m,elevation_m,flow_accum_proxy,impervious_frac,slope_deg",event_raster,production,0,0,extreme,0.011099631293396032,0.872408597959498,0.872408597959498,1
892a1072d97ffff,0.0,0.0,0.0,1.0,0.0,0.0,83.49253222709808,100.0,-73.97349572429943,40.71060646580088,9,observed,opendata,"building_density,dist_stream_m,elevation_m,flow_accum_proxy,impervious_frac,slope_deg",event_raster,production,0,0,extreme,0.005463299459454715,0.00996135907793228,0.00996135907793228,0
892a1072d9bffff,5.986115967159051,0.6407863063788986,1.2271884979271952,11.244010647737356,1.0,170.10621520656386,297.5396043603013,100.0,-73.9800073154922,40.7130733469773,9,observed,opendata,"building_density,dist_stream_m,elevation_m,flow_accum_proxy,impervious_frac,slope_deg",event_raster,production,0,0,extreme,0.8913844954128461,0.9200220717324633,0.9200220717324633,1
892a1072da3ffff,0.09091189657600104,0.24779033823463106,0.17492295432743346,2.394503546099291,0.0,56.71352494499896,17.13881422299616,100.0,-73.97532338697795,40.70263006531952,9,observed,opendata,"building_density,dist_stream_m,elevation_m,flow_accum_proxy,impervious_frac,slope_deg",event_raster,production,0,0,extreme,0.008264135390753574,0.00996135907793228,0.00996135907793228,0
892a1072da7ffff,0.29518797313352935,0.7732952638590049,0.6618527609645309,2.754295532646048,1.0,75.62190649980953,30.732196012412654,100.0,-73.97308488972679,40.70004822281854,9,observed,opendata,"building_density,dist_stream_m,elevation_m,flow_accum_proxy,impervious_frac,slope_deg",event_raster,production,0,0,extreme,0.09505356063272119,0.07365271785049034,0.07365271785049034,0
892a1072dabffff,6.37292127657953,0.7760534133252623,2.816085623628518,7.372113676731794,1.0,557.6814108819977,193.55317608179303,100.0,-73.9795949938321,40.702514773150845,9,observed,opendata,"building_density,dist_stream_m,elevation_m,flow_accum_proxy,impervious_frac,slope_deg",event_raster,production,0,0,extreme,0.20234493794242692,0.16500291281143734,0.16500291281143734,0
892a1072db3ffff,0.0692583368741494,0.301072149001704,0.08996647463005863,1.7959183673469388,0.0,103.96976700907229,7.4547184563148035,100.0,-73.97329028391235,40.705327169269424,9,observed,opendata,"building_density,dist_stream_m,elevation_m,flow_accum_proxy,impervious_frac,slope_deg",event_raster,production,0,0,extreme,0.08587291408567722,0.028105222724456393,0.028105222724456393,0
892a1072db7ffff,0.11327052593353888,0.6535327224892916,0.19287322274363897,2.419753086419753,1.0,56.71368661609822,69.91808829665075,100.0,-73.97105177345034,40.70274519982567,9,observed,opendata,"building_density,dist_stream_m,elevation_m,flow_accum_proxy,impervious_frac,slope_deg",event_raster,production,0,0,extreme,0.048548135261861566,0.04010874525012901,0.04010874525012901,0
892a1072dbbffff,0.4020954799531357,0.20221401913621076,0.6068480014450749,3.932743362831858,0.0,47.25885050726129,80.91270562515471,100.0,-73.9775621342162,40.70521195273364,9,observed,opendata,"building_density,dist_stream_m,elevation_m,flow_accum_proxy,impervious_frac,slope_deg",event_raster,production,0,0,extreme,0.005463299459454715,0.017388674002585165,0.017388674002585165,0
892a1072dc3ffff,6.726418188640049,0.6917151962349444,1.161625913040453,65.79276895943562,1.0,850.5262670592863,320.500832248279,100.0,-73.98855243013952,40.712842263747554,9,observed,opendata,"building_density,dist_stream_m,elevation_m,flow_accum_proxy,impervious_frac,slope_deg",event_raster,production,0,0,extreme,1.0004519459037406,0.9808096502434156,0.9808096502434156,1
892a1072dc7ffff,1.8936366838901681,0.7480680548886485,1.0461909262882876,32.276595744680854,1.0,189.01551138902076,102.35585843144328,100.0,-73.98631269593956,40.71026032383652,9,observed,opendata,"building_density,dist_stream_m,elevation_m,flow_accum_proxy,impervious_frac,slope_deg",event_raster,production,0,0,extreme,0.8700494022082803,0.9613817708272131,0.9613817708272131,1
892a1072dcbffff,9.383027314083886,0.7987320002884438,1.2021544392495371,14.300265721877768,1.0,1058.429710891053,366.80694026443285,100.0,-73.99282497725156,40.712726485523575,9,observed,opendata,"building_density,dist_stream_m,elevation_m,flow_accum_proxy,impervious_frac,slope_deg",event_raster,production,0,0,extreme,0.22159891203996188,0.2199885985463022,0.2199885985463022,0
892a1072dcfffff,1.3792245528085765,0.5879472370843917,1.0244370443035147,45.90860692102928,1.0,122.85973626240448,47.359850335553226,100.0,-73.99058500628709,40.71014462774103,9,observed,opendata,"building_density,dist_stream_m,elevation_m,flow_accum_proxy,impervious_frac,slope_deg",event_raster,production,0,0,extreme,0.8689372030574168,0.9488656016739959,0.9488656016739959,1
892a1072dd3ffff,9.48738886554789,0.7506617962414962,0.3977573222860639,10.411712511091393,1.0,340.19405522319425,649.9627886033053,100.0,-73.98651962374095,40.715539951076806,9,observed,opendata,"building_density,dist_stream_m,elevation_m,flow_accum_proxy,impervious_frac,slope_deg",event_raster,production,0,0,extreme,0.9471232037023345,0.9541748625258066,0.9541748625258066,1
892a1072dd7ffff,8.263710407419552,0.7102450544102169,0.7821939603442917,10.377994676131323,1.0,378.01274109465237,378.2571282403297,100.0,-73.9842798762039,40.71295788423248,9,observed,opendata,"building_density,dist_stream_m,elevation_m,flow_accum_proxy,impervious_frac,slope_deg",event_raster,production,0,0,extreme,0.892960061970067,0.9419835270054814,0.9419835270054814,1
892a1072ddbffff,11.257507700267947,0.757191937965991,0.581295365757155,16.19449378330373,1.0,2012.8091555261021,368.6451973464875,100.0,-73.99079241447993,40.71542424846276,9,observed,opendata,"building_density,dist_stream_m,elevation_m,flow_accum_proxy,impervious_frac,slope_deg",event_raster,production,0,0,extreme,0.9833939878796031,0.9723840878938277,0.9723840878938277,1
892a1072e97ffff,-1.2826936821376576,0.0,0.0018903643090058776,1.1141176470588234,0.0,0.0,181.9302741511974,100.0,-74.01909191907703,40.72786881053854,9,observed,opendata,"building_density,dist_stream_m,elevation_m,flow_accum_proxy,impervious_frac,slope_deg",event_raster,production,0,0,extreme,0.005463299459454715,0.00996135907793228,0.00996135907793228,0
892a1072ea7ffff,-0.9463155338010149,0.04626287022468067,0.7117445538311593,1.5696465696465696,0.0,9.449167155030462,143.86161887124806,100.0,-74.01867066829203,40.717308256083186,9,observed,opendata,"building_density,dist_stream_m,elevation_m,flow_accum_proxy,impervious_frac,slope_deg",event_raster,production,0,0,extreme,0.0025692825141325967,0.01400995400036384,0.01400995400036384,0
892a1072eb3ffff,-1.2975889788325137,0.0,0.0022994858362903768,1.1365638766519823,0.0,0.0,299.4233973549057,100.0,-74.01888126998956,40.722588358374864,9,observed,opendata,"building_density,dist_stream_m,elevation_m,flow_accum_proxy,impervious_frac,slope_deg",event_raster,production,0,0,extreme,0.028043661908568673,0.01203570028551516,0.01203570028551516,0
892a1072eb7ffff,-0.9869655673346828,0.04456879443157004,1.1383467128588451,1.3174182139699382,0.0,0.0,46.91674103088599,100.0,-74.01663935118853,40.72000665061756,9,observed,opendata,"building_density,dist_stream_m,elevation_m,flow_accum_proxy,impervious_frac,slope_deg",event_raster,production,0,0,extreme,0.04049110875914033,0.02308779251622819,0.02308779251622819,0
