h3_index,elevation_m,impervious_frac,land_cover_urban,slope_deg,flow_accum_proxy,building_density,dist_stream_m,rainfall_mm_h,lon,lat,h3_resolution,feature_source,assembly_mode,observed_feature_cols,rainfall_source,scenario,predicted_risk,flood_probability,PFI_h,predicted_class
892a100d207ffff,9.353697723953436,0.747485668299363,1.0,0.5566738994481663,71.84131205673759,859.5513113127446,975.5526610249375,25.0,-73.98531389573235,40.73936041044821,9,observed,opendata,"building_density,dist_stream_m,elevation_m,flow_accum_proxy,impervious_frac,land_cover_urban,slope_deg",event_raster,moderate,0.9434548294874971,0.9815287452394527,0.9815287452394527,1
892a100d20fffff,11.934826424314027,0.7935258094138863,1.0,0.2738077293655487,7.3294951284322405,1161.8078330943758,1499.3428101295665,25.0,-73.98958885298438,40.73924475745148,9,observed,opendata,"building_density,dist_stream_m,elevation_m,flow_accum_proxy,impervious_frac,land_cover_urban,slope_deg",event_raster,moderate,0.8602965947568525,0.9754453376992166,0.9754453376992166,1
892a100d223ffff,9.008245406735218,0.720816329240693,1.0,0.5343374889046218,41.94582593250444,954.102372485464,819.1962321317719,25.0,-73.98510699874309,40.734079205547104,9,observed,opendata,"building_density,dist_stream_m,elevation_m,flow_accum_proxy,impervious_frac,land_cover_urban,slope_deg",event_raster,moderate,0.9646711551111073,0.9840546599923953,0.9840546599923953,1
892a100d227ffff,6.7347384026153865,0.8084701029575577,1.0,0.6241051619238394,41.89389920424403,1313.1387398721254,486.8341392134863,25.0,-73.9828664471727,40.73149649667317,9,observed,opendata,"building_density,dist_stream_m,elevation_m,flow_accum_proxy,impervious_frac,land_cover_urban,slope_deg",event_raster,moderate,1.0310442895727268,0.9946013263728702,0.9946013263728702,1
892a100d22bffff,11.85943661175721,0.811485444426748,1.0,0.2974898859753392,10.518617021276595,765.1690495342248,1001.4044155849699,25.0,-73.98938147511579,40.733963559055724,9,observed,opendata,"building_density,dist_stream_m,elevation_m,flow_accum_proxy,impervious_frac,land_cover_urban,slope_deg",event_raster,moderate,0.9685779714748544,0.9828002523071249,0.9828002523071249,1
892a100d22fffff,10.270036309009727,0.7336736165592611,1.0,0.5691594506215713,22.56713780918728,1728.8036682446207,667.4249199981409,25.0,-73.98714068654694,40.73138093237353,9,observed,opendata,"building_density,dist_stream_m,elevation_m,flow_accum_proxy,impervious_frac,land_cover_urban,slope_deg",event_raster,moderate,1.028646405169247,0.9931361018513996,0.9931361018513996,1
892a100d233ffff,7.547986360014383,0.7718770690889248,1.0,0.48086475218960517,66.38795394154118,982.3945876489212,730.0682419982309,25.0,-73.98307308046714,40.736777529931615,9,observed,opendata,"building_density,dist_stream_m,elevation_m,flow_accum_proxy,impervious_frac,land_cover_urban,slope_deg",event_raster,moderate,1.0103041932081807,0.9944677952147564,0.9944677952147564,1
892a100d237ffff,5.612585460475648,0.7343574503583259,1.0,0.5764978990340844,64.6763925729443,1275.2889617337798,556.1184228035374,25.0,-73.980832515579,40.73419469413901,9,observed,opendata,"building_density,dist_stream_m,elevation_m,flow_accum_proxy,impervious_frac,land_cover_urban,slope_deg",event_raster,moderate,1.0199515124667102,0.9941887977539939,0.9941887977539939,1
892a100d23bffff,10.783638140685122,0.7322715441106071,1.0,0.5472927407999392,20.9181338028169,1369.6808883164706,1158.1946618876152,25.0,-73.98734780066862,40.736661959147305,9,observed,opendata,"building_density,dist_stream_m,elevation_m,flow_accum_proxy,impervious_frac,land_cover_urban,slope_deg",event_raster,moderate,0.9761390007880762,0.9816581636896096,0.9816581636896096,1
892a100d263ffff,9.154166255436891,0.7820788840399989,1.0,0.47000771231374683,38.9281914893617,1246.8748959104155,1238.8772007071225,25.0,-73.9958972205727,40.73643034382312,9,observed,opendata,"building_density,dist_stream_m,elevation_m,flow_accum_proxy,impervious_frac,land_cover_urban,slope_deg",event_raster,moderate,0.9827169636608297,0.9851758690779296,0.9851758690779296,1
892a100d267ffff,10.506262568149197,0.7763419446701305,1.0,0.5278553454372933,31.214285714285715,1501.9942789419524,1343.7219615899405,25.0,-73.99365594464955,40.73384775466591,9,observed,opendata,"building_density,dist_stream_m,elevation_m,flow_accum_proxy,impervious_frac,land_cover_urban,slope_deg",event_raster,moderate,0.9751051651877632,0.9829413767692368,0.9829413767692368,1
892a100d26bffff,7.4298304092366685,0.7336941748672718,1.0,1.4907869235938291,18.392382639503985,2087.565005149086,923.0303055869796,25.0,-74.00017192018016,40.7363142992853,9,observed,opendata,"building_density,dist_stream_m,elevation_m,flow_accum_proxy,impervious_frac,land_cover_urban,slope_deg",event_raster,moderate,0.10072003521784971,0.06852780466814909,0.06852780466814909,0
892a100d26fffff,7.045459998170429,0.6573402445522902,1.0,0.5498938282986092,108.12201591511936,2456.0843873411704,1078.8333389308132,25.0,-73.9979304072968,40.73373179237872,9,observed,opendata,"building_density,dist_stream_m,elevation_m,flow_accum_proxy,impervious_frac,land_cover_urban,slope_deg",event_raster,moderate,0.975487295019183,0.9844463002908539,0.9844463002908539,1
892a100d273ffff,10.541157568301413,0.8212952520895762,1.0,0.41649875312372253,16.70053003533569,1284.5969165645095,1333.3171330822556,25.0,-73.99386380339365,40.739128946516466,9,observed,opendata,"building_density,dist_stream_m,elevation_m,flow_accum_proxy,impervious_frac,land_cover_urban,slope_deg",event_raster,moderate,0.9898862760942265,0.9831475168823303,0.9831475168823303,1
892a100d277ffff,11.808286775837333,0.7810070273013533,1.0,0.2974859175316148,11.861824623560674,859.5904107584411,1342.298935181185,25.0,-73.99162251405302,40.73654623044412,9,observed,opendata,"building_density,dist_stream_m,elevation_m,flow_accum_proxy,impervious_frac,land_cover_urban,slope_deg",event_raster,moderate,0.8947091296840103,0.9811321456828972,0.9811321456828972,1
892a100d27bffff,8.604641501979357,0.7988172016063765,1.0,0.3405201793886892,8.759717314487633,1426.276400742857,974.1444170252582,25.0,-73.9981387469125,40.739012977644194,9,observed,opendata,"building_density,dist_stream_m,elevation_m,flow_accum_proxy,impervious_frac,land_cover_urban,slope_deg",event_raster,moderate,1.002238882702164,0.9892644989389987,0.9892644989389987,1
892a100d2abffff,8.566205889091895,0.780882514091768,1.0,0.5765698538606084,21.454946996466433,1209.0426320819013,653.8960684238609,25.0,-73.98103893168508,40.73947590550561,9,observed,opendata,"building_density,dist_stream_m,elevation_m,flow_accum_proxy,impervious_frac,land_cover_urban,slope_deg",event_raster,moderate,1.000233654838098,0.9944677952147564,0.9944677952147564,1
892a100d343ffff,5.5866502148523765,0.577020722082668,1.0,0.4508326297277065,160.69169611307422,1398.3012009263268,126.79580135580306,25.0,-73.98265986037387,40.72621581321689,9,observed,opendata,"building_density,dist_stream_m,elevation_m,flow_accum_proxy,impervious_frac,land_cover_urban,slope_deg",event_raster,moderate,0.07931577238989151,0.9941887977539939,0.9941887977539939,1
892a100d347ffff,4.644717354000196,0.8011106262718986,1.0,0.39232210838752396,68.01330967169477,1483.4089247605373,378.6853043033939,25.0,-73.98041982269943,40.723633320786945,9,observed,opendata,"building_density,dist_stream_m,elevation_m,flow_accum_proxy,impervious_frac,land_cover_urban,slope_deg",event_raster,moderate,1.0173528071720424,0.9946013263728702,0.9946013263728702,1
892a100d34bffff,9.015767370252668,0.724463825411337,1.0,0.6106587097799746,91.2316534040672,2059.654053286445,459.7944204716199,25.0,-73.98693361902893,40.726100255400425,9,observed,opendata,"building_density,dist_stream_m,elevation_m,flow_accum_proxy,impervious_frac,land_cover_urban,slope_deg",event_raster,moderate,1.0287053867726696,0.9940451241756056,0.9940451241756056,1
892a100d34fffff,7.623786851803391,0.7876910353087702,1.0,0.6167541903103995,42.08074534161491,1549.5437875150856,469.5322296464453,25.0,-73.98469334442134,40.72351784512154,9,observed,opendata,"building_density,dist_stream_m,elevation_m,flow_accum_proxy,impervious_frac,land_cover_urban,slope_deg",event_raster,moderate,0.9563832108139227,0.9944677952147564,0.9944677952147564,1
892a100d353ffff,4.521780591095443,0.7922351027484489,1.0,0.3845147181005604,163.48849557522124,2248.510841396396,200.38229868338775,25.0,-73.98062614592236,40.728913832547754,9,observed,opendata,"building_density,dist_stream_m,elevation_m,flow_accum_proxy,impervious_frac,land_cover_urban,slope_deg",event_raster,moderate,0.9662590452003457,0.9946013263728702,0.9946013263728702,1
892a100d35bffff,7.43764604587098,0.7497775448087897,1.0,0.5960472149587672,67.59272404614019,2626.4043840680247,338.56530135524065,25.0,-73.98490014831133,40.72879835041983,9,observed,opendata,"building_density,dist_stream_m,elevation_m,flow_accum_proxy,impervious_frac,land_cover_urban,slope_deg",event_raster,moderate,1.0203945231901397,0.9944677952147564,0.9944677952147564,1
892a100d363ffff,4.558396402247309,0.6824059780445793,1.0,0.47961942054258583,96.99378881987577,151.19047579800537,124.81542844448423,25.0,-73.98021354589461,40.718353158911775,9,observed,opendata,"building_density,dist_stream_m,elevation_m,flow_accum_proxy,impervious_frac,land_cover_urban,slope_deg",event_raster,moderate,0.09975222649400123,0.9874686736531841,0.9874686736531841,1
892a100d36bffff,7.702208926068976,0.8444553578259252,1.0,0.5499126501777705,51.695035460992905,1152.8241131085556,321.9705175347895,25.0,-73.98448658705743,40.71823768970741,9,observed,opendata,"building_density,dist_stream_m,elevation_m,flow_accum_proxy,impervious_frac,land_cover_urban,slope_deg",event_raster,moderate,1.0060693079586502,0.996818641683499,0.996818641683499,1
892a100d36fffff,7.427478178349197,0.768602399019046,1.0,0.9244821037088553,29.728155339805824,321.2952938329344,452.59705991548077,25.0,-73.98224682620025,40.71565549593136,9,observed,opendata,"building_density,dist_stream_m,elevation_m,flow_accum_proxy,impervious_frac,land_cover_urban,slope_deg",event_raster,moderate,0.9589934270125241,0.9792672544446374,0.9792672544446374,1
892a100d37bffff,6.074471894135438,0.8143881015933307,1.0,0.4704754439240941,124.49955869373345,1511.8273893827716,160.89249242991065,25.0,-73.98245332005493,40.7209354796179,9,observed,opendata,"building_density,dist_stream_m,elevation_m,flow_accum_proxy,impervious_frac,land_cover_urban,slope_deg",event_raster,moderate,0.9350461599998553,0.9946013263728702,0.9946013263728702,1
892a1072107ffff,-1.244210231430539,0.0,0.0,0.001968905035169407,1.1139575971731448,0.0,276.39558479499044,25.0,-74.0152384511325,40.738547522803785,9,observed,opendata,"building_density,dist_stream_m,elevation_m,flow_accum_proxy,impervious_frac,land_cover_urban,slope_deg",event_raster,moderate,0.004259511340704293,0.006545600024080351,0.006545600024080351,0
892a107210fffff,-1.245603721388455,0.0,0.0,0.0024840236519431246,1.1420689655172414,0.0,70.55081157722066,25.0,-74.01951335948576,40.738430764261196,9,observed,opendata,"building_density,dist_stream_m,elevation_m,flow_accum_proxy,impervious_frac,land_cover_urban,slope_deg",event_raster,moderate,0.004889406896419291,0.005996574687504146,0.005996574687504146,0
892a1072123ffff,-1.1687535791666106,0.000900871208065346,0.0,0.3894691946386747,1.1725663716814159,0.0,85.56397640721428,25.0,-74.01502818806925,40.73326636427724,9,observed,opendata,"building_density,dist_stream_m,elevation_m,flow_accum_proxy,impervious_frac,land_cover_urban,slope_deg",event_raster,moderate,0.006775271684283938,0.007229720083974567,0.007229720083974567,0
892a1072127ffff,0.317415078061613,0.41555844345398874,0.0,1.1515371945328723,2.019503546099291,28.34056861700412,10.769277976547698,25.0,-74.01278597804965,40.73068423115304,9,observed,opendata,"building_density,dist_stream_m,elevation_m,flow_accum_proxy,impervious_frac,land_cover_urban,slope_deg",event_raster,moderate,0.03260855512892222,0.9886629232484777,0.9886629232484777,1
892a107212bffff,-1.2623415277333616,0.0,0.0,0.0019051260698506435,1.1153358681875791,0.0,55.68654828373531,25.0,-74.01930261557044,40.733149612519036,9,observed,opendata,"building_density,dist_stream_m,elevation_m,flow_accum_proxy,impervious_frac,land_cover_urban,slope_deg",event_raster,moderate,0.004889406896419291,0.005996574687504146,0.005996574687504146,0
892a107212fffff,-1.2719176585760563,0.0,0.0,0.0020710156741099955,1.1103265666372462,0.0,281.9912208056584,25.0,-74.01706016873243,40.73056756172237,9,observed,opendata,"building_density,dist_stream_m,elevation_m,flow_accum_proxy,impervious_frac,land_cover_urban,slope_deg",event_raster,moderate,0.004259511340704293,0.006545600024080351,0.006545600024080351,0
892a1072133ffff,-1.2547325967474188,0.011688449909020519,0.0,0.014539379470053638,1.2198581560283688,0.0,201.69411041138994,25.0,-74.01299597705345,40.73596521818175,9,observed,opendata,"building_density,dist_stream_m,elevation_m,flow_accum_proxy,impervious_frac,land_cover_urban,slope_deg",event_raster,moderate,0.006775271684283938,0.00654404147170258,0.00654404147170258,0
892a1072137ffff,1.174219126347863,0.5746522394854691,1.0,2.5183943415297168,2.621693121693122,425.08797744245356,5.37697386660939,25.0,-74.01075375344374,40.73338295814338,9,observed,opendata,"building_density,dist_stream_m,elevation_m,flow_accum_proxy,impervious_frac,land_cover_urban,slope_deg",event_raster,moderate,0.981802322826808,0.9961339531838056,0.9961339531838056,1
892a107213bffff,-1.2532459888838035,0.0,0.0,0.0019723898133642112,1.1141592920353982,0.0,169.89203746611597,25.0,-74.01727064853625,40.735848541987394,9,observed,opendata,"building_density,dist_stream_m,elevation_m,flow_accum_proxy,impervious_frac,land_cover_urban,slope_deg",event_raster,moderate,0.006775271684283938,0.006545600024080351,0.006545600024080351,0
892a10721a3ffff,4.316668988278149,0.810046624022384,1.0,1.8137974072890093,3.891843971631206,1926.8792213966353,316.72234136691196,25.0,-74.00668861308876,40.73878056609214,9,observed,opendata,"building_density,dist_stream_m,elevation_m,flow_accum_proxy,impervious_frac,land_cover_urban,slope_deg",event_raster,moderate,0.9881570246451351,0.9952749536051246,0.9952749536051246,1
892a10721a7ffff,7.052639007568359,0.6748227885903766,1.0,2.454879452465389,3.2634361233480176,3202.183541481517,521.7561786592265,25.0,-74.00444661282785,40.736198096831764,9,observed,opendata,"building_density,dist_stream_m,elevation_m,flow_accum_proxy,impervious_frac,land_cover_urban,slope_deg",event_raster,moderate,1.0140523702981827,0.9937862460289328,0.9937862460289328,1
892a10721abffff,0.3745056632132155,0.4531976388452958,1.0,1.5648322338357759,2.828470380194518,85.00914149560414,30.192978641419867,25.0,-74.01096353565097,40.73866412341446,9,observed,opendata,"building_density,dist_stream_m,elevation_m,flow_accum_proxy,impervious_frac,land_cover_urban,slope_deg",event_raster,moderate,0.9220325626193685,0.982609790266784,0.982609790266784,1
892a10721afffff,3.490323402506515,0.7717079916091334,1.0,2.565414321656771,3.836734693877551,1492.4589766231668,162.56907783617552,25.0,-74.00872129846812,40.73608173646356,9,observed,opendata,"building_density,dist_stream_m,elevation_m,flow_accum_proxy,impervious_frac,land_cover_urban,slope_deg",event_raster,moderate,0.15152630969418052,0.9952749536051246,0.9952749536051246,1
892a10721b7ffff,6.6616377350283384,0.7675786899219282,1.0,2.2682631296537874,4.209405501330967,2144.1313790772338,628.2887068966103,25.0,-74.0024136834934,40.73889685083574,9,observed,opendata,"building_density,dist_stream_m,elevation_m,flow_accum_proxy,impervious_frac,land_cover_urban,slope_deg",event_raster,moderate,1.0140329503895549,0.9952749536051246,0.9952749536051246,1
892a1072803ffff,2.65648701923633,0.5302437733657009,1.0,2.270665179584076,5.706927175843695,85.06378881962674,132.49470306554372,25.0,-74.01600847979246,40.70416790835037,9,observed,opendata,"building_density,dist_stream_m,elevation_m,flow_accum_proxy,impervious_frac,land_cover_urban,slope_deg",event_raster,moderate,0.08054164848027871,0.10122426695481175,0.10122426695481175,0
892a1072807ffff,1.6114078660584474,0.5819010166048398,1.0,2.046023086208541,5.128456735057984,151.23225175612862,82.97119503353576,25.0,-74.01376760272267,40.701586760075365,9,observed,opendata,"building_density,dist_stream_m,elevation_m,flow_accum_proxy,impervious_frac,land_cover_urban,slope_deg",event_raster,moderate,0.09835404247836184,0.9893475071786169,0.9893475071786169,1
892a107280fffff,-1.3370467938745398,0.028975524272422386,0.0,0.5123472929279798,1.525974025974026,0.0,0.0,25.0,-74.01803914737917,40.70147004899095,9,observed,opendata,"building_density,dist_stream_m,elevation_m,flow_accum_proxy,impervious_frac,land_cover_urban,slope_deg",event_raster,moderate,0.0033343553086870627,0.006622701980343515,0.006622701980343515,0
892a1072813ffff,4.757909091482039,0.6756658137056186,1.0,2.907952293813123,6.783496007098492,368.59190874266267,371.57158043151173,25.0,-74.01397758214198,40.706865819195635,9,observed,opendata,"building_density,dist_stream_m,elevation_m,flow_accum_proxy,impervious_frac,land_cover_urban,slope_deg",event_raster,moderate,0.58653909097368,0.682610677344955,0.682610677344955,1
892a1072817ffff,3.2313881373032927,0.6825446705638835,1.0,1.721366807106322,10.882300884955752,708.8668630217252,319.636147017686,25.0,-74.01173669149,40.70428454398579,9,observed,opendata,"building_density,dist_stream_m,elevation_m,flow_accum_proxy,impervious_frac,land_cover_urban,slope_deg",event_raster,moderate,0.6778789076992869,0.9797890264311113,0.9797890264311113,1
892a107281bffff,2.023151150882589,0.42096411184423616,0.0,2.024363885360469,4.380907372400756,103.9615340098801,31.794590522004142,25.0,-74.01824960700279,40.70674910133614,9,observed,opendata,"building_density,dist_stream_m,elevation_m,flow_accum_proxy,impervious_frac,land_cover_urban,slope_deg",event_raster,moderate,0.6978338838982956,0.8989069921429566,0.8989069921429566,1
892a1072883ffff,8.922210955027992,0.7588398242567448,1.0,2.3353083899825915,7.2322695035460995,1030.120124695829,596.7256724902888,25.0,-74.0076741787482,40.7096802661834,9,observed,opendata,"building_density,dist_stream_m,elevation_m,flow_accum_proxy,impervious_frac,land_cover_urban,slope_deg",event_raster,moderate,0.9877292721307683,0.9871505491695295,0.9871505491695295,1
892a1072887ffff,2.9274467377666884,0.8042919578754976,1.0,1.461862499947743,9.070859167404784,774.9924081806565,245.3926512359821,25.0,-74.00543351115385,40.70709878183493,9,observed,opendata,"building_density,dist_stream_m,elevation_m,flow_accum_proxy,impervious_frac,land_cover_urban,slope_deg",event_raster,moderate,0.19043598227579306,0.9947822396118083,0.9947822396118083,1
892a107288bffff,6.8140680247396626,0.6931798278706746,1.0,2.661106989432097,5.9602824360105915,453.62962431648236,495.74444516838486,25.0,-74.01194645439377,40.70956378150535,9,observed,opendata,"building_density,dist_stream_m,elevation_m,flow_accum_proxy,impervious_frac,land_cover_urban,slope_deg",event_raster,moderate,0.9029216965266764,0.9856195577188743,0.9856195577188743,1
892a107288fffff,7.188058330153064,0.7173866428712756,1.0,2.4025649552963024,9.579928952042629,359.14182700615174,462.2629199953974,25.0,-74.00970555017649,40.70698237936226,9,observed,opendata,"building_density,dist_stream_m,elevation_m,flow_accum_proxy,impervious_frac,land_cover_urban,slope_deg",event_raster,moderate,0.9575309359446068,0.9726099062912892,0.9726099062912892,1
892a1072893ffff,11.262848785343053,0.7263321208279286,1.0,1.9915120704881815,6.039787798408488,151.20297726536566,775.6966395657986,25.0,-74.0056425771711,40.71237820442782,9,observed,opendata,"building_density,dist_stream_m,elevation_m,flow_accum_proxy,impervious_frac,land_cover_urban,slope_deg",event_raster,moderate,0.9351993100160946,0.9751288638072597,0.9751288638072597,1
892a1072897ffff,5.569709723511486,0.8555565739565707,1.0,2.273207934655857,8.308510638297872,207.91473139914538,385.0671092458108,25.0,-74.00340189606727,40.70979659314705,9,observed,opendata,"building_density,dist_stream_m,elevation_m,flow_accum_proxy,impervious_frac,land_cover_urban,slope_deg",event_raster,moderate,0.04817956905297741,0.01988580068224575,0.01988580068224575,0
892a107289bffff,7.712624753620608,0.7764448562359556,1.0,2.7475653704031244,9.71808510638298,292.95495570924857,558.5752571064745,25.0,-74.0099150965138,40.712261795258144,9,observed,opendata,"building_density,dist_stream_m,elevation_m,flow_accum_proxy,impervious_frac,land_cover_urban,slope_deg",event_raster,moderate,0.13042957376010458,0.06913181423080506,0.06913181423080506,0
892a10728a3ffff,-1.5726857119047322,0.0784251398554947,0.0,0.2898379599521831,1.0292812777284828,0.0,73.32015581890238,25.0,-74.00522449215495,40.701819709283896,9,observed,opendata,"building_density,dist_stream_m,elevation_m,flow_accum_proxy,impervious_frac,land_cover_urban,slope_deg",event_raster,moderate,0.004889406896419291,0.006622804025672423,0.006622804025672423,0
892a10728abffff,0.22196179265842278,0.3718145575104554,0.0,2.5820669820276025,2.298136645962733,56.71225117878575,0.8446074577657002,25.0,-74.00949605096544,40.70170331350669,9,observed,opendata,"building_density,dist_stream_m,elevation_m,flow_accum_proxy,impervious_frac,land_cover_urban,slope_deg",event_raster,moderate,0.03096673435304305,0.982637316366974,0.982637316366974,1
892a10728b3ffff,-0.4870497256223221,0.49567284006766543,1.0,2.1712579597957524,1.9165927240461402,94.51610611110473,10.516055068376316,25.0,-74.00319309369571,40.704517342235015,9,observed,opendata,"building_density,dist_stream_m,elevation_m,flow_accum_proxy,impervious_frac,land_cover_urban,slope_deg",event_raster,moderate,0.9448069669760015,0.9813716044575953,0.9813716044575953,1
892a10728b7ffff,-0.9806179591639616,0.0,0.0,0.3161091028360746,1.127208480565371,0.0,59.22258075877662,25.0,-74.00095292633873,40.701935947405886,9,observed,opendata,"building_density,dist_stream_m,elevation_m,flow_accum_proxy,impervious_frac,land_cover_urban,slope_deg",event_raster,moderate,0.004889406896419291,0.006621575143735332,0.006621575143735332,0
892a10728bbffff,2.0601404048502445,0.7904088938592282,1.0,1.743971494628133,5.03716814159292,274.09594606258895,110.18259960725099,25.0,-74.00746489610857,40.70440102194768,9,observed,opendata,"building_density,dist_stream_m,elevation_m,flow_accum_proxy,impervious_frac,land_cover_urban,slope_deg",event_raster,moderate,0.6726436857554673,0.9923627630611189,0.9923627630611189,1
892a10728c3ffff,0.05904686971246076,0.13796571541451375,0.0,1.5677625111651512,1.9663699307616223,37.800430796165834,44.073493875148166,25.0,-74.01846011396844,40.71202850371857,9,observed,opendata,"building_density,dist_stream_m,elevation_m,flow_accum_proxy,impervious_frac,land_cover_urban,slope_deg",event_raster,moderate,0.023213643352408848,0.006622804025672423,0.006622804025672423,0
892a10728c7ffff,3.484364738167258,0.7194522560013007,1.0,1.499252905388228,4.744454303460515,170.11063964926095,190.96972244844167,25.0,-74.01621872295645,40.70944713911399,9,observed,opendata,"building_density,dist_stream_m,elevation_m,flow_accum_proxy,impervious_frac,land_cover_urban,slope_deg",event_raster,moderate,0.9815784285881546,0.9937638412709101,0.9937638412709101,1
892a10728d3ffff,2.481532600551573,0.49582678128805785,1.0,1.8735272491190325,4.082373782108061,47.24825197706178,84.5729345003708,25.0,-74.01642901341648,40.71472671988807,9,observed,opendata,"building_density,dist_stream_m,elevation_m,flow_accum_proxy,impervious_frac,land_cover_urban,slope_deg",event_raster,moderate,-0.002345142927599288,0.01593579422711894,0.01593579422711894,0
892a10728d7ffff,2.931888463690626,0.677911390200363,1.0,4.601608386528282,4.339539007092198,85.05120361431818,210.1953156055651,25.0,-74.01418760879541,40.71214522835471,9,observed,opendata,"building_density,dist_stream_m,elevation_m,flow_accum_proxy,impervious_frac,land_cover_urban,slope_deg",event_raster,moderate,0.9533794301013536,0.9791607790418985,0.9791607790418985,1
892a1072c03ffff,4.2932088043778505,0.8583850078548946,1.0,2.5051607393613415,6.816489361702128,1861.3213243558853,865.4100382560167,25.0,-74.00178736299634,40.72305436427269,9,observed,opendata,"building_density,dist_stream_m,elevation_m,flow_accum_proxy,impervious_frac,land_cover_urban,slope_deg",event_raster,moderate,0.20736919921634006,0.08387801008453365,0.08387801008453365,0
892a1072c07ffff,6.605340302726368,0.8410216737571427,1.0,1.4467327309742806,28.275132275132275,1285.0388219611018,564.5032169882154,25.0,-73.99954639120696,40.72047232748709,9,observed,opendata,"building_density,dist_stream_m,elevation_m,flow_accum_proxy,impervious_frac,land_cover_urban,slope_deg",event_raster,moderate,0.9768927255521093,0.9966446287586735,0.9966446287586735,1
892a1072c0bffff,3.1183968083867177,0.8373021402333735,1.0,1.585640136642026,6.713780918727915,500.76018033607596,519.9946338874875,25.0,-74.00606085032427,40.72293809951892,9,observed,opendata,"building_density,dist_stream_m,elevation_m,flow_accum_proxy,impervious_frac,land_cover_urban,slope_deg",event_raster,moderate,0.9764850399709482,0.9882110895203727,0.9882110895203727,1
892a1072c0fffff,3.224952309280006,0.8600292421593112,1.0,2.251709377186533,5.191659272404614,1691.33314417581,751.8577441382931,25.0,-74.00381964174338,40.720356144961315,9,observed,opendata,"building_density,dist_stream_m,elevation_m,flow_accum_proxy,impervious_frac,land_cover_urban,slope_deg",event_raster,moderate,0.23509782254255865,0.40062867424765053,0.40062867424765053,0
892a1072c13ffff,7.151620798161465,0.8145879277168705,1.0,1.6993922348950463,41.68314210061783,1549.4514629997427,802.1002782832692,25.0,-73.99975485394748,40.725752634920234,9,observed,opendata,"building_density,dist_stream_m,elevation_m,flow_accum_proxy,impervious_frac,land_cover_urban,slope_deg",event_raster,moderate,0.16384014661876914,0.08292414943031168,0.08292414943031168,0
892a1072c17ffff,10.198771477168709,0.8244139280272672,1.0,0.7360372628220014,28.259094942324754,1473.9438468723345,508.0108038763589,25.0,-73.99751386869457,40.723170471210885,9,observed,opendata,"building_density,dist_stream_m,elevation_m,flow_accum_proxy,impervious_frac,land_cover_urban,slope_deg",event_raster,moderate,0.9807521626716416,0.9822326850257688,0.9822326850257688,1
892a1072c1bffff,5.673303576802786,0.7975637626595202,1.0,2.378304749199774,4.083185840707965,1464.4165055721448,641.0700373126868,25.0,-74.00402858507962,40.725636445753395,9,observed,opendata,"building_density,dist_stream_m,elevation_m,flow_accum_proxy,impervious_frac,land_cover_urban,slope_deg",event_raster,moderate,0.9807379868536724,0.9952749536051246,0.9952749536051246,1
892a1072c23ffff,7.023031471539239,0.7878730083913744,1.0,2.118787463696774,12.99027409372237,2003.3481158853901,592.0702373556267,25.0,-73.99933797536255,40.7151923699604,9,observed,opendata,"building_density,dist_stream_m,elevation_m,flow_accum_proxy,impervious_frac,land_cover_urban,slope_deg",event_raster,moderate,0.927667850386559,0.9772925026112904,0.9772925026112904,1
892a1072c27ffff,7.723999054774933,0.8048641631647706,1.0,1.4267959467682914,23.867673179396093,1738.843936658697,424.4953379874368,25.0,-73.99709751749248,40.7126105495616,9,observed,opendata,"building_density,dist_stream_m,elevation_m,flow_accum_proxy,impervious_frac,land_cover_urban,slope_deg",event_raster,moderate,1.0338070351076687,0.9854527018116627,0.9854527018116627,1
892a1072c2bffff,7.50795755621968,0.7906457943231952,1.0,3.341884759629101,8.311446317657499,226.79349384895684,882.0539515274926,25.0,-74.0036107454112,40.71507619407417,9,observed,opendata,"building_density,dist_stream_m,elevation_m,flow_accum_proxy,impervious_frac,land_cover_urban,slope_deg",event_raster,moderate,0.9578129386323792,0.9491834545306036,0.9491834545306036,1
892a1072c2fffff,6.750803836903214,0.7820344690464239,1.0,2.8033311240968453,10.878761061946904,160.65361058022287,521.231579974247,25.0,-74.00137005081483,40.71249445586266,9,observed,opendata,"building_density,dist_stream_m,elevation_m,flow_accum_proxy,impervious_frac,land_cover_urban,slope_deg",event_raster,moderate,0.048005302334259245,0.053993705362796185,0.053993705362796185,0
892a1072c33ffff,9.364033672803254,0.8423395209219356,1.0,1.273028352695328,58.2058562555457,2182.787892911437,318.50934319660433,25.0,-73.99730566967641,40.71789033541887,9,observed,opendata,"building_density,dist_stream_m,elevation_m,flow_accum_proxy,impervious_frac,land_cover_urban,slope_deg",event_raster,moderate,0.9296478619828364,0.9915204026396944,0.9915204026396944,1
892a1072c37ffff,12.519163254088005,0.84124259394882,1.0,0.4026752741117261,5.199115044247788,1115.0742414708113,346.9968464519467,25.0,-73.99506519836963,40.715308388090286,9,observed,opendata,"building_density,dist_stream_m,elevation_m,flow_accum_proxy,impervious_frac,land_cover_urban,slope_deg",event_raster,moderate,0.9714348089161176,0.9940014934595489,0.9940014934595489,1
892a1072c3bffff,4.9859451791073415,0.8182168997401464,1.0,1.7353437766936404,23.279255319148938,963.8257276568502,678.3734528741107,25.0,-74.00157868343452,40.71777423510105,9,observed,opendata,"building_density,dist_stream_m,elevation_m,flow_accum_proxy,impervious_frac,land_cover_urban,slope_deg",event_raster,moderate,0.9018654699483225,0.9819723132919919,0.9819723132919919,1
892a1072c43ffff,-0.34831464372636434,0.3682826093679828,0.0,0.9866996590748839,1.8385093167701863,56.686775955187926,73.91770816004416,25.0,-74.0125760262977,40.72540359391589,9,observed,opendata,"building_density,dist_stream_m,elevation_m,flow_accum_proxy,impervious_frac,land_cover_urban,slope_deg",event_raster,moderate,0.9004798489498761,0.9847057216211279,0.9847057216211279,1
892a1072c47ffff,2.547894026896777,0.8201735348302367,1.0,2.3564876728912667,5.242263483642794,699.1726514432072,163.92701914499355,25.0,-74.0103343306308,40.722821676950645,9,observed,opendata,"building_density,dist_stream_m,elevation_m,flow_accum_proxy,impervious_frac,land_cover_urban,slope_deg",event_raster,moderate,0.9197057055330874,0.993790538401648,0.993790538401648,1
892a1072c4bffff,-1.2900021594457947,0.0014763974890152297,0.0,5.702596368034891e-05,1.0008818342151675,0.0,187.8605396129888,25.0,-74.0168497362885,40.725286931247396,9,observed,opendata,"building_density,dist_stream_m,elevation_m,flow_accum_proxy,impervious_frac,land_cover_urban,slope_deg",event_raster,moderate,0.006775271684283938,0.006545600024080351,0.006545600024080351,0
892a1072c4fffff,-1.161287446890585,0.0447266003459497,0.0,0.4596328005417165,1.2608695652173914,0.0,140.3234588264029,25.0,-74.01460780386842,40.722705096568944,9,observed,opendata,"building_density,dist_stream_m,elevation_m,flow_accum_proxy,impervious_frac,land_cover_urban,slope_deg",event_raster,moderate,0.006775271684283938,0.007231061008476332,0.007231061008476332,0
892a1072c53ffff,1.9555521175107349,0.7633290490458058,1.0,1.1873713692365537,7.075971731448763,66.13137394199363,71.43709374848122,25.0,-74.01054401844232,40.72810214263707,9,observed,opendata,"building_density,dist_stream_m,elevation_m,flow_accum_proxy,impervious_frac,land_cover_urban,slope_deg",event_raster,moderate,0.22430947425760625,0.9860909368696139,0.9860909368696139,1
892a1072c57ffff,3.514800943548076,0.8302934958778513,1.0,1.819967707911089,5.66607617360496,840.8561724487623,286.44378255906025,25.0,-74.00830230921224,40.725520098751595,9,observed,opendata,"building_density,dist_stream_m,elevation_m,flow_accum_proxy,impervious_frac,land_cover_urban,slope_deg",event_raster,moderate,1.0012871431948627,0.9852833137288859,0.9852833137288859,1
892a1072c5bffff,-0.8428097461656303,0.10984742635468382,0.0,0.5836362477393608,1.5066430469441985,9.447313010440817,57.501836315687896,25.0,-74.01481797231988,40.72798555551391,9,observed,opendata,"building_density,dist_stream_m,elevation_m,flow_accum_proxy,impervious_frac,land_cover_urban,slope_deg",event_raster,moderate,0.007674759392952885,0.006622804025672423,0.006622804025672423,0
892a1072c63ffff,4.2673741474430615,0.8219122340942316,1.0,2.0084490032737796,5.486702127659575,1266.1953883310819,274.05239049365883,25.0,-74.01012468999326,40.71754156113931,9,observed,opendata,"building_density,dist_stream_m,elevation_m,flow_accum_proxy,impervious_frac,land_cover_urban,slope_deg",event_raster,moderate,0.9843837661355505,0.9938642979591475,0.9938642979591475,1
892a1072c67ffff,7.788459052950699,0.8413992756324843,1.0,3.907488061053994,5.588287488908607,1341.85777601752,584.0583609600243,25.0,-74.0078835084681,40.714959860432664,9,observed,opendata,"building_density,dist_stream_m,elevation_m,flow_accum_proxy,impervious_frac,land_cover_urban,slope_deg",event_raster,moderate,0.031038125181465474,0.017833765173972234,0.017833765173972234,0
892a1072c6bffff,3.2672228431684474,0.5787093077102237,1.0,2.1669509367091364,3.8172138420585626,170.08547742299527,112.32795731011394,25.0,-74.01439768269891,40.7174249874975,9,observed,opendata,"building_density,dist_stream_m,elevation_m,flow_accum_proxy,impervious_frac,land_cover_urban,slope_deg",event_raster,moderate,0.9526996042214866,0.9937638412709101,0.9937638412709101,1
892a1072c6fffff,3.136374092007357,0.831038793182331,1.0,1.5473093555192976,6.80847308031774,340.1883531512311,396.6534117043157,25.0,-74.01215626448567,40.714843369036934,9,observed,opendata,"building_density,dist_stream_m,elevation_m,flow_accum_proxy,impervious_frac,land_cover_urban,slope_deg",event_raster,moderate,0.9764850399709482,0.9882110895203727,0.9882110895203727,1
892a1072c73ffff,4.1967949382300285,0.8333007256824074,1.0,2.2879528788909984,4.73758865248227,982.6712743630726,401.6963379925279,25.0,-74.00809288528414,40.720239804640435,9,observed,opendata,"building_density,dist_stream_m,elevation_m,flow_accum_proxy,impervious_frac,land_cover_urban,slope_deg",event_raster,moderate,0.9739240480990218,0.9949830002985949,0.9949830002985949,1
892a1072c77ffff,5.6662136831269905,0.8130936428668007,1.0,4.059397831749716,4.3236331569664905,1096.1124817818738,627.7431121446654,25.0,-74.00585169022261,40.71765797700752,9,observed,opendata,"building_density,dist_stream_m,elevation_m,flow_accum_proxy,impervious_frac,land_cover_urban,slope_deg",event_raster,moderate,0.986256322356674,0.9902610449258966,0.9902610449258966,1
892a1072c7bffff,1.902728762075437,0.7126534563234278,1.0,2.3460006812533294,3.465486725663717,132.28230515975247,58.60282131263422,25.0,-74.0123661217817,40.72012330652548,9,observed,opendata,"building_density,dist_stream_m,elevation_m,flow_accum_proxy,impervious_frac,land_cover_urban,slope_deg",event_raster,moderate,0.9315487842844504,0.9865420674721963,0.9865420674721963,1
892a1072c83ffff,12.20279057820638,0.8469762852582982,1.0,0.36826044459105756,7.988536155202822,888.0597865952863,760.4716194687879,25.0,-73.9934481326791,40.72856691258619,9,observed,opendata,"building_density,dist_stream_m,elevation_m,flow_accum_proxy,impervious_frac,land_cover_urban,slope_deg",event_raster,moderate,0.07785229134756688,0.03589695905634855,0.03589695905634855,0
892a1072c87ffff,12.264326432371098,0.8152074481971304,1.0,0.3394230585807675,17.648624667258208,1842.345911113676,462.0083717881582,25.0,-73.9912073708746,40.72598453974479,9,observed,opendata,"building_density,dist_stream_m,elevation_m,flow_accum_proxy,impervious_frac,land_cover_urban,slope_deg",event_raster,moderate,1.0174765230536305,0.9937007701460461,0.9937007701460461,1
892a1072c8bffff,9.429328278024146,0.7233460338138942,1.0,0.6734564154943887,23.265070921985817,651.8718455255221,889.9547766257627,25.0,-73.99772211456276,40.72845095688254,9,observed,opendata,"building_density,dist_stream_m,elevation_m,flow_accum_proxy,impervious_frac,land_cover_urban,slope_deg",event_raster,moderate,0.08486083342410122,0.07266479499479639,0.07266479499479639,0
892a1072c8fffff,12.246182042656216,0.8136129879148294,1.0,0.5038595598269768,6.734929078014185,935.3422204308371,546.3894731808638,25.0,-73.99548111586327,40.72586866625106,9,observed,opendata,"building_density,dist_stream_m,elevation_m,flow_accum_proxy,impervious_frac,land_cover_urban,slope_deg",event_raster,moderate,0.9865471960628771,0.9907765507405029,0.9907765507405029,1
892a1072c93ffff,11.8914575407541,0.8001684291022164,1.0,0.28935888200521487,12.048802129547472,557.372289523423,1047.3043142563813,25.0,-73.99141491910795,40.731265210194884,9,observed,opendata,"building_density,dist_stream_m,elevation_m,flow_accum_proxy,impervious_frac,land_cover_urban,slope_deg",event_raster,moderate,0.9685779714748544,0.9822776876367451,0.9822776876367451,1
892a1072c97ffff,11.265525324998704,0.7905486662830926,1.0,0.5516243082743171,13.380530973451327,1738.3346853419323,792.4269691745822,25.0,-73.98917414391278,40.72868271043228,9,observed,opendata,"building_density,dist_stream_m,elevation_m,flow_accum_proxy,impervious_frac,land_cover_urban,slope_deg",event_raster,moderate,0.9999792634490635,0.9914882888048492,0.9914882888048492,1
892a1072c9bffff,9.212313166746856,0.6809637688417384,1.0,0.6738186129335816,47.548758865248224,708.5221069615744,1086.0109406190609,25.0,-73.99568914480811,40.73114933013826,9,observed,opendata,"building_density,dist_stream_m,elevation_m,flow_accum_proxy,impervious_frac,land_cover_urban,slope_deg",event_raster,moderate,0.06465286552837136,0.06657647117475568,0.06657647117475568,0
892a1072ca3ffff,12.025030336659253,0.7556153704555244,1.0,0.2940276810476274,12.147293700088731,1247.2505553983267,84.38759287042322,25.0,-73.99099986933716,40.72070421914906,9,observed,opendata,"building_density,dist_stream_m,elevation_m,flow_accum_proxy,impervious_frac,land_cover_urban,slope_deg",event_raster,moderate,0.8063531707248235,0.9940668950870011,0.9940668950870011,1
892a1072ca7ffff,10.782664090079049,0.8328670469695182,1.0,0.45036635661576696,22.157243816254418,1115.0234541193768,424.74878310589344,25.0,-73.98875962144035,40.718122062723076,9,observed,opendata,"building_density,dist_stream_m,elevation_m,flow_accum_proxy,impervious_frac,land_cover_urban,slope_deg",event_raster,moderate,1.0201219089709466,0.9932295424978177,0.9932295424978177,1
892a1072cabffff,11.095445124420896,0.8427272178727615,1.0,0.6464392311204525,31.192205491585472,1974.8078338604018,271.5749827951448,25.0,-73.99527313372238,40.72058835221668,9,observed,opendata,"building_density,dist_stream_m,elevation_m,flow_accum_proxy,impervious_frac,land_cover_urban,slope_deg",event_raster,moderate,1.014988090122418,0.9963314392026582,0.9963314392026582,1
892a1072cafffff,11.994016297095644,0.7322864742933122,1.0,0.3086950644923362,8.98141592920354,1719.7771002353145,28.50956306939325,25.0,-73.99303264899582,40.718006277959894,9,observed,opendata,"building_density,dist_stream_m,elevation_m,flow_accum_proxy,impervious_frac,land_cover_urban,slope_deg",event_raster,moderate,0.9258029873571527,0.9950416793716332,0.9950416793716332,1
892a1072cb3ffff,11.074704928946707,0.7586122503059101,1.0,0.48524120679471344,20.41061946902655,1294.4323151425754,277.6380400981097,25.0,-73.98896685935952,40.72340221163636,9,observed,opendata,"building_density,dist_stream_m,elevation_m,flow_accum_proxy,impervious_frac,land_cover_urban,slope_deg",event_raster,moderate,1.0102137212308477,0.9936228804459781,0.9936228804459781,1
892a1072cb7ffff,9.339145336455218,0.8552463919953819,1.0,0.5276632916621131,68.20637732506643,1984.2678383902655,412.65343141108275,25.0,-73.98672659809884,40.72081992828315,9,observed,opendata,"building_density,dist_stream_m,elevation_m,flow_accum_proxy,impervious_frac,land_cover_urban,slope_deg",event_raster,moderate,0.9458342946209947,0.9948366601196726,0.9948366601196726,1
892a1072cbbffff,12.762222649455596,0.8024708801208086,1.0,0.2504956266935874,5.0767872903795235,1558.9834393198794,203.1890496773189,25.0,-73.99324036746646,40.723286420332464,9,observed,opendata,"building_density,dist_stream_m,elevation_m,flow_accum_proxy,impervious_frac,land_cover_urban,slope_deg",event_raster,moderate,0.0505531948999358,0.034460486123022806,0.034460486123022806,0
892a1072cc3ffff,5.021779360649129,0.7604603626406098,1.0,2.5240160441790547,3.646072374227714,3108.0329406991164,579.8930242760941,25.0,-74.00423757543584,40.73091709639526,9,observed,opendata,"building_density,dist_stream_m,elevation_m,flow_accum_proxy,impervious_frac,land_cover_urban,slope_deg",event_raster,moderate,1.0037445345407963,0.9952749536051246,0.9952749536051246,1
892a1072cc7ffff,6.335099465458105,0.7716762523384805,1.0,2.2285172477734427,6.5186170212765955,2154.0052973218535,790.8201105957855,25.0,-74.00199608951623,40.72833484332245,9,observed,opendata,"building_density,dist_stream_m,elevation_m,flow_accum_proxy,impervious_frac,land_cover_urban,slope_deg",event_raster,moderate,0.9364521021035163,0.9813151735302427,0.9813151735302427,1
892a1072ccbffff,3.949927084623499,0.8564808873842794,1.0,1.44184564673573,6.4361702127659575,793.5381194537293,221.09262357104407,25.0,-74.00851178026825,40.730800742711025,9,observed,opendata,"building_density,dist_stream_m,elevation_m,flow_accum_proxy,impervious_frac,land_cover_urban,slope_deg",event_raster,moderate,0.10526372282088528,0.048743708518111446,0.048743708518111446,0
892a1072ccfffff,4.811616908458611,0.8262339234880054,1.0,1.5041684174202417,5.20903454384411,632.9734784051827,430.5909900985706,25.0,-74.00627005749193,40.728218571906936,9,observed,opendata,"building_density,dist_stream_m,elevation_m,flow_accum_proxy,impervious_frac,land_cover_urban,slope_deg",event_raster,moderate,0.9942526166715492,0.9923753712110632,0.9923753712110632,1
892a1072cd3ffff,6.292136560113138,0.7342474236952051,1.0,2.4087331836363286,4.962699822380107,2833.9356052085463,718.4712811740419,25.0,-74.00220486300994,40.73361567219517,9,observed,opendata,"building_density,dist_stream_m,elevation_m,flow_accum_proxy,impervious_frac,land_cover_urban,slope_deg",event_raster,moderate,1.0139524033907164,0.9949136355994951,0.9949136355994951,1
892a1072cd7ffff,6.3454502793588405,0.6991286779566283,1.0,0.9856376070306059,25.62367491166078,1681.5544272968061,947.1117436838457,25.0,-73.99996336359993,40.731033292204685,9,observed,opendata,"building_density,dist_stream_m,elevation_m,flow_accum_proxy,impervious_frac,land_cover_urban,slope_deg",event_raster,moderate,0.3754866203257763,0.4164363892395431,0.4164363892395431,0
892a1072cdbffff,6.107823018486618,0.7611381993596013,1.0,2.269893973649658,3.374113475177305,2115.9993596634827,358.16223754500106,25.0,-74.00647931174146,40.73349939411639,9,observed,opendata,"building_density,dist_stream_m,elevation_m,flow_accum_proxy,impervious_frac,land_cover_urban,slope_deg",event_raster,moderate,1.0140329503895549,0.9952749536051246,0.9952749536051246,1
892a1072d03ffff,1.590340914608345,0.5288758778914862,1.0,1.0591224808821564,16.853463587921848,283.55149725183156,28.185187013682967,25.0,-73.98610581467901,40.70498104661735,9,observed,opendata,"building_density,dist_stream_m,elevation_m,flow_accum_proxy,impervious_frac,land_cover_urban,slope_deg",event_raster,moderate,0.0877920685679865,0.9945001075457706,0.9945001075457706,1
892a1072d07ffff,10.762117116586536,0.8415288269414124,1.0,1.5970599489907424,10.291666666666666,756.176043143882,344.00014565055346,25.0,-73.98386659396525,40.70239932332069,9,observed,opendata,"building_density,dist_stream_m,elevation_m,flow_accum_proxy,impervious_frac,land_cover_urban,slope_deg",event_raster,moderate,0.40742877296803903,0.07716635051214998,0.07716635051214998,0
892a1072d0bffff,0.7995113048904113,0.35536513017165533,0.0,0.7994096866960058,18.744454303460515,75.61351958299149,6.467186353529706,25.0,-73.99037764474299,40.70486535703891,9,observed,opendata,"building_density,dist_stream_m,elevation_m,flow_accum_proxy,impervious_frac,land_cover_urban,slope_deg",event_raster,moderate,0.9421578052507243,0.9773710436843708,0.9773710436843708,1
892a1072d0fffff,7.928156178783886,0.8402945085450888,1.0,2.3063534880822787,24.872679045092838,472.6086933239451,262.5052892050419,25.0,-73.98813818732994,40.702283715830056,9,observed,opendata,"building_density,dist_stream_m,elevation_m,flow_accum_proxy,impervious_frac,land_cover_urban,slope_deg",event_raster,moderate,0.042412182241065854,0.040491606621142255,0.040491606621142255,0
892a1072d13ffff,0.0,6.206303259953394e-05,0.0,0.0,1.0,0.0,22.319315130246963,25.0,-73.98407321184507,40.7076784287519,9,observed,opendata,"building_density,dist_stream_m,elevation_m,flow_accum_proxy,impervious_frac,land_cover_urban,slope_deg",event_raster,moderate,0.003245212094772012,0.005996574687504146,0.005996574687504146,0
892a1072d17ffff,2.8913749688511006,0.6059435164123214,1.0,1.7026199507535296,16.142477876106195,160.6796359796284,83.96133395857375,25.0,-73.98183397782091,40.705096578515935,9,observed,opendata,"building_density,dist_stream_m,elevation_m,flow_accum_proxy,impervious_frac,land_cover_urban,slope_deg",event_raster,moderate,0.021839995382667347,0.9791944735181491,0.9791944735181491,1
892a1072d1bffff,0.0026818050874574868,0.02727092446126052,0.0,0.012100506389831183,1.245583038869258,0.0,14.319801716433302,25.0,-73.98834528544127,40.70756281476486,9,observed,opendata,"building_density,dist_stream_m,elevation_m,flow_accum_proxy,impervious_frac,land_cover_urban,slope_deg",event_raster,moderate,0.003245212094772012,0.005996574687504146,0.005996574687504146,0
892a1072d43ffff,0.015154459671701303,0.12421828627330582,0.0,0.05606836178538136,7.1154529307282415,0.0,156.69860851443136,25.0,-73.996889412127,40.70733111369415,9,observed,opendata,"building_density,dist_stream_m,elevation_m,flow_accum_proxy,impervious_frac,land_cover_urban,slope_deg",event_raster,moderate,0.007735079840803386,0.00654404147170258,0.00654404147170258,0
892a1072d47ffff,0.2163803129431478,0.24624487726967223,0.0,0.31083533356238874,6.186948853615521,47.25831705776505,50.62651721616155,25.0,-73.99464946796543,40.704749509781685,9,observed,opendata,"building_density,dist_stream_m,elevation_m,flow_accum_proxy,impervious_frac,land_cover_urban,slope_deg",event_raster,moderate,0.007735079840803386,0.006622804025672423,0.006622804025672423,0
892a1072d4bffff,1.1078865746912683,0.6908184865397582,1.0,1.4778256314607159,6.647214854111406,746.6411058045181,40.62466400841475,25.0,-74.0011614651215,40.70721502661259,9,observed,opendata,"building_density,dist_stream_m,elevation_m,flow_accum_proxy,impervious_frac,land_cover_urban,slope_deg",event_raster,moderate,0.18613959676973352,0.9965189029525228,0.9965189029525228,1
892a1072d4fffff,-0.08578551888530687,0.011900022013993816,0.0,0.3114103926546263,1.0887311446317658,0.0,64.25735544530582,25.0,-73.99892128429882,40.704633504846704,9,observed,opendata,"building_density,dist_stream_m,elevation_m,flow_accum_proxy,impervious_frac,land_cover_urban,slope_deg",event_raster,moderate,0.004889406896419291,0.006622804025672423,0.006622804025672423,0
892a1072d53ffff,2.026568944043881,0.6616443984805617,1.0,1.112668475074511,34.433362753751105,189.0144481545402,105.05332840688098,25.0,-73.99485730978921,40.71002877392692,9,observed,opendata,"building_density,dist_stream_m,elevation_m,flow_accum_proxy,impervious_frac,land_cover_urban,slope_deg",event_raster,moderate,0.9135321459657093,0.990469185128147,0.990469185128147,1
892a1072d57ffff,0.0,0.06334868669555467,0.0,0.0,1.0,0.0,50.941442126674765,25.0,-73.99261735221776,40.70744704307861,9,observed,opendata,"building_density,dist_stream_m,elevation_m,flow_accum_proxy,impervious_frac,land_cover_urban,slope_deg",event_raster,moderate,0.004889406896419291,0.005996574687504146,0.005996574687504146,0
892a1072d5bffff,3.007810039511809,0.7162455200145008,1.0,1.1601749286055565,36.18173758865248,122.85904752112582,183.70001333626666,25.0,-73.99912960639843,40.70991276239524,9,observed,opendata,"building_density,dist_stream_m,elevation_m,flow_accum_proxy,impervious_frac,land_cover_urban,slope_deg",event_raster,moderate,0.6627675680329443,0.8830435711049343,0.8830435711049343,1
892a1072d73ffff,7.979015965762401,0.8276944767624193,1.0,2.748658584579693,20.119005328596803,510.41595335163436,220.51159674141527,25.0,-73.99240977387873,40.702167950680035,9,observed,opendata,"building_density,dist_stream_m,elevation_m,flow_accum_proxy,impervious_frac,land_cover_urban,slope_deg",event_raster,moderate,0.2940269615211084,0.0751364108442748,0.0751364108442748,0
892a1072d7bffff,1.6326398657788805,0.6059491303951844,1.0,1.8325589559671047,9.464951197870452,132.32969110095638,62.765209039883715,25.0,-73.99668135356416,40.70205202787162,9,observed,opendata,"building_density,dist_stream_m,elevation_m,flow_accum_proxy,impervious_frac,land_cover_urban,slope_deg",event_raster,moderate,0.06668459560893933,0.08579751612925056,0.08579751612925056,0
892a1072d8bffff,1.5947693510775254,0.5778949076529456,1.0,1.086461727734273,22.517241379310345,94.50802286454055,68.84494370755897,25.0,-73.98204037879414,40.71037586221235,9,observed,opendata,"building_density,dist_stream_m,elevation_m,flow_accum_proxy,impervious_frac,land_cover_urban,slope_deg",event_raster,moderate,0.06010361722573736,0.9858101918247391,0.9858101918247391,1
892a1072d9bffff,5.986115967159051,0.6407863063788986,1.0,1.2271884979271952,11.244010647737356,170.10621520685913,297.5396043603013,25.0,-73.9800073154922,40.7130733469773,9,observed,opendata,"building_density,dist_stream_m,elevation_m,flow_accum_proxy,impervious_frac,land_cover_urban,slope_deg",event_raster,moderate,0.9303616049733063,0.9911308196173383,0.9911308196173383,1
892a1072dc3ffff,6.726418188640049,0.6917151962349444,1.0,1.161625913040453,65.79276895943562,850.5262670621428,320.500832248279,25.0,-73.98855243013952,40.712842263747554,9,observed,opendata,"building_density,dist_stream_m,elevation_m,flow_accum_proxy,impervious_frac,land_cover_urban,slope_deg",event_raster,moderate,0.9737335991647896,0.9922268882265095,0.9922268882265095,1
892a1072dc7ffff,1.8936366838901681,0.7480680548886485,1.0,1.0461909262882876,32.276595744680854,189.01551138888883,102.35585843144328,25.0,-73.98631269593956,40.71026032383652,9,observed,opendata,"building_density,dist_stream_m,elevation_m,flow_accum_proxy,impervious_frac,land_cover_urban,slope_deg",event_raster,moderate,0.9637002924923083,0.990469185128147,0.990469185128147,1
892a1072dcbffff,9.383027314083886,0.7987320002884438,1.0,1.2021544392495371,14.300265721877768,1058.4297108948929,366.80694026443285,25.0,-73.99282497725156,40.712726485523575,9,observed,opendata,"building_density,dist_stream_m,elevation_m,flow_accum_proxy,impervious_frac,land_cover_urban,slope_deg",event_raster,moderate,0.9826377808514086,0.9844087507449518,0.9844087507449518,1
892a1072dcfffff,1.3792245528085765,0.5879472370843917,1.0,1.0244370443035147,45.90860692102928,122.85973626205967,47.359850335553226,25.0,-73.99058500628709,40.71014462774103,9,observed,opendata,"building_density,dist_stream_m,elevation_m,flow_accum_proxy,impervious_frac,land_cover_urban,slope_deg",event_raster,moderate,0.9363510495719142,0.9858101918247391,0.9858101918247391,1
892a1072dd3ffff,9.48738886554789,0.7506617962414962,1.0,0.3977573222860639,10.411712511091393,340.19405522307164,649.9627886040649,25.0,-73.98651962374095,40.71553995107681,9,observed,opendata,"building_density,dist_stream_m,elevation_m,flow_accum_proxy,impervious_frac,land_cover_urban,slope_deg",event_raster,moderate,0.8774934289388061,0.986610591221659,0.986610591221659,1
892a1072dd7ffff,8.263710407419552,0.7102450544102169,1.0,0.7821939603442917,10.377994676131323,378.0127410974218,378.2571282403297,25.0,-73.9842798762039,40.71295788423248,9,observed,opendata,"building_density,dist_stream_m,elevation_m,flow_accum_proxy,impervious_frac,land_cover_urban,slope_deg",event_raster,moderate,0.9538466396290759,0.9734784420997024,0.9734784420997024,1
892a1072ddbffff,11.257507700267947,0.757191937965991,1.0,0.581295365757155,16.19449378330373,2012.809155520331,368.64519734584275,25.0,-73.99079241447993,40.71542424846277,9,observed,opendata,"building_density,dist_stream_m,elevation_m,flow_accum_proxy,impervious_frac,land_cover_urban,slope_deg",event_raster,moderate,1.035721706124722,0.9940668950870011,0.9940668950870011,1
892a1072e97ffff,-1.2826936821376576,0.0,0.0,0.0018903643090058776,1.1141176470588234,0.0,181.9302741509532,25.0,-74.01909191907703,40.72786881053855,9,observed,opendata,"building_density,dist_stream_m,elevation_m,flow_accum_proxy,impervious_frac,land_cover_urban,slope_deg",event_raster,moderate,0.006775271684283938,0.006545600024080351,0.006545600024080351,0
892a1072ea7ffff,-0.9463155338010149,0.04626287022468067,0.0,0.7117445538311593,1.5696465696465696,9.449167154947231,143.86161887124806,25.0,-74.01867066829203,40.717308256083186,9,observed,opendata,"building_density,dist_stream_m,elevation_m,flow_accum_proxy,impervious_frac,land_cover_urban,slope_deg",event_raster,moderate,0.010895685408886425,0.007231061008476332,0.007231061008476332,0
892a1072eb3ffff,-1.2975889788325137,0.0,0.0,0.0022994858362903768,1.1365638766519823,0.0,299.4233973557724,25.0,-74.01888126998958,40.722588358374864,9,observed,opendata,"building_density,dist_stream_m,elevation_m,flow_accum_proxy,impervious_frac,land_cover_urban,slope_deg",event_raster,moderate,0.004259511340704293,0.006545600024080351,0.006545600024080351,0
892a1072eb7ffff,-0.9869655673346828,0.04456879443157004,0.0,1.1383467128588451,1.3174182139699382,0.0,46.91674103018687,25.0,-74.01663935118853,40.72000665061757,9,observed,opendata,"building_density,dist_stream_m,elevation_m,flow_accum_proxy,impervious_frac,land_cover_urban,slope_deg",event_raster,moderate,0.030811081671020712,0.006622804025672423,0.006622804025672423,0
892a100d207ffff,9.353697723953436,0.747485668299363,1.0,0.5566738994481663,71.84131205673759,859.5513113127446,975.5526610249375,40.0,-73.98531389573235,40.73936041044821,9,observed,opendata,"building_density,dist_stream_m,elevation_m,flow_accum_proxy,impervious_frac,land_cover_urban,slope_deg",event_raster,heavy,0.9434548294874971,0.9815287452394527,0.9815287452394527,1
892a100d20fffff,11.934826424314027,0.7935258094138863,1.0,0.2738077293655487,7.3294951284322405,1161.8078330943758,1499.3428101295665,40.0,-73.98958885298438,40.73924475745148,9,observed,opendata,"building_density,dist_stream_m,elevation_m,flow_accum_proxy,impervious_frac,land_cover_urban,slope_deg",event_raster,heavy,0.8602965947568525,0.9754453376992166,0.9754453376992166,1
892a100d223ffff,9.008245406735218,0.720816329240693,1.0,0.5343374889046218,41.94582593250444,954.102372485464,819.1962321317719,40.0,-73.98510699874309,40.734079205547104,9,observed,opendata,"building_density,dist_stream_m,elevation_m,flow_accum_proxy,impervious_frac,land_cover_urban,slope_deg",event_raster,heavy,0.9646711551111073,0.9840546599923953,0.9840546599923953,1
892a100d227ffff,6.7347384026153865,0.8084701029575577,1.0,0.6241051619238394,41.89389920424403,1313.1387398721254,486.8341392134863,40.0,-73.9828664471727,40.73149649667317,9,observed,opendata,"building_density,dist_stream_m,elevation_m,flow_accum_proxy,impervious_frac,land_cover_urban,slope_deg",event_raster,heavy,1.0310442895727268,0.9946013263728702,0.9946013263728702,1
892a100d22bffff,11.85943661175721,0.811485444426748,1.0,0.2974898859753392,10.518617021276595,765.1690495342248,1001.4044155849699,40.0,-73.98938147511579,40.733963559055724,9,observed,opendata,"building_density,dist_stream_m,elevation_m,flow_accum_proxy,impervious_frac,land_cover_urban,slope_deg",event_raster,heavy,0.9685779714748544,0.9828002523071249,0.9828002523071249,1
892a100d22fffff,10.270036309009727,0.7336736165592611,1.0,0.5691594506215713,22.56713780918728,1728.8036682446207,667.4249199981409,40.0,-73.98714068654694,40.73138093237353,9,observed,opendata,"building_density,dist_stream_m,elevation_m,flow_accum_proxy,impervious_frac,land_cover_urban,slope_deg",event_raster,heavy,1.028646405169247,0.9931361018513996,0.9931361018513996,1
892a100d233ffff,7.547986360014383,0.7718770690889248,1.0,0.48086475218960517,66.38795394154118,982.3945876489212,730.0682419982309,40.0,-73.98307308046714,40.736777529931615,9,observed,opendata,"building_density,dist_stream_m,elevation_m,flow_accum_proxy,impervious_frac,land_cover_urban,slope_deg",event_raster,heavy,1.0103041932081807,0.9944677952147564,0.9944677952147564,1
892a100d237ffff,5.612585460475648,0.7343574503583259,1.0,0.5764978990340844,64.6763925729443,1275.2889617337798,556.1184228035374,40.0,-73.980832515579,40.73419469413901,9,observed,opendata,"building_density,dist_stream_m,elevation_m,flow_accum_proxy,impervious_frac,land_cover_urban,slope_deg",event_raster,heavy,1.0199515124667102,0.9941887977539939,0.9941887977539939,1
892a100d23bffff,10.783638140685122,0.7322715441106071,1.0,0.5472927407999392,20.9181338028169,1369.6808883164706,1158.1946618876152,40.0,-73.98734780066862,40.736661959147305,9,observed,opendata,"building_density,dist_stream_m,elevation_m,flow_accum_proxy,impervious_frac,land_cover_urban,slope_deg",event_raster,heavy,0.9761390007880762,0.9816581636896096,0.9816581636896096,1
892a100d263ffff,9.154166255436891,0.7820788840399989,1.0,0.47000771231374683,38.9281914893617,1246.8748959104155,1238.8772007071225,40.0,-73.9958972205727,40.73643034382312,9,observed,opendata,"building_density,dist_stream_m,elevation_m,flow_accum_proxy,impervious_frac,land_cover_urban,slope_deg",event_raster,heavy,0.9827169636608297,0.9851758690779296,0.9851758690779296,1
892a100d267ffff,10.506262568149197,0.7763419446701305,1.0,0.5278553454372933,31.214285714285715,1501.9942789419524,1343.7219615899405,40.0,-73.99365594464955,40.73384775466591,9,observed,opendata,"building_density,dist_stream_m,elevation_m,flow_accum_proxy,impervious_frac,land_cover_urban,slope_deg",event_raster,heavy,0.9751051651877632,0.9829413767692368,0.9829413767692368,1
892a100d26bffff,7.4298304092366685,0.7336941748672718,1.0,1.4907869235938291,18.392382639503985,2087.565005149086,923.0303055869796,40.0,-74.00017192018016,40.7363142992853,9,observed,opendata,"building_density,dist_stream_m,elevation_m,flow_accum_proxy,impervious_frac,land_cover_urban,slope_deg",event_raster,heavy,0.10072003521784971,0.06852780466814909,0.06852780466814909,0
892a100d26fffff,7.045459998170429,0.6573402445522902,1.0,0.5498938282986092,108.12201591511936,2456.0843873411704,1078.8333389308132,40.0,-73.9979304072968,40.73373179237872,9,observed,opendata,"building_density,dist_stream_m,elevation_m,flow_accum_proxy,impervious_frac,land_cover_urban,slope_deg",event_raster,heavy,0.975487295019183,0.9844463002908539,0.9844463002908539,1
892a100d273ffff,10.541157568301413,0.8212952520895762,1.0,0.41649875312372253,16.70053003533569,1284.5969165645095,1333.3171330822556,40.0,-73.99386380339365,40.739128946516466,9,observed,opendata,"building_density,dist_stream_m,elevation_m,flow_accum_proxy,impervious_frac,land_cover_urban,slope_deg",event_raster,heavy,0.9898862760942265,0.9831475168823303,0.9831475168823303,1
892a100d277ffff,11.808286775837333,0.7810070273013533,1.0,0.2974859175316148,11.861824623560674,859.5904107584411,1342.298935181185,40.0,-73.99162251405302,40.73654623044412,9,observed,opendata,"building_density,dist_stream_m,elevation_m,flow_accum_proxy,impervious_frac,land_cover_urban,slope_deg",event_raster,heavy,0.8947091296840103,0.9811321456828972,0.9811321456828972,1
892a100d27bffff,8.604641501979357,0.7988172016063765,1.0,0.3405201793886892,8.759717314487633,1426.276400742857,974.1444170252582,40.0,-73.9981387469125,40.739012977644194,9,observed,opendata,"building_density,dist_stream_m,elevation_m,flow_accum_proxy,impervious_frac,land_cover_urban,slope_deg",event_raster,heavy,1.002238882702164,0.9892644989389987,0.9892644989389987,1
892a100d2abffff,8.566205889091895,0.780882514091768,1.0,0.5765698538606084,21.454946996466433,1209.0426320819013,653.8960684238609,40.0,-73.98103893168508,40.73947590550561,9,observed,opendata,"building_density,dist_stream_m,elevation_m,flow_accum_proxy,impervious_frac,land_cover_urban,slope_deg",event_raster,heavy,1.000233654838098,0.9944677952147564,0.9944677952147564,1
892a100d343ffff,5.5866502148523765,0.577020722082668,1.0,0.4508326297277065,160.69169611307422,1398.3012009263268,126.79580135580306,40.0,-73.98265986037387,40.72621581321689,9,observed,opendata,"building_density,dist_stream_m,elevation_m,flow_accum_proxy,impervious_frac,land_cover_urban,slope_deg",event_raster,heavy,0.07931577238989151,0.9941887977539939,0.9941887977539939,1
892a100d347ffff,4.644717354000196,0.8011106262718986,1.0,0.39232210838752396,68.01330967169477,1483.4089247605373,378.6853043033939,40.0,-73.98041982269943,40.723633320786945,9,observed,opendata,"building_density,dist_stream_m,elevation_m,flow_accum_proxy,impervious_frac,land_cover_urban,slope_deg",event_raster,heavy,1.0173528071720424,0.9946013263728702,0.9946013263728702,1
892a100d34bffff,9.015767370252668,0.724463825411337,1.0,0.6106587097799746,91.2316534040672,2059.654053286445,459.7944204716199,40.0,-73.98693361902893,40.726100255400425,9,observed,opendata,"building_density,dist_stream_m,elevation_m,flow_accum_proxy,impervious_frac,land_cover_urban,slope_deg",event_raster,heavy,1.0287053867726696,0.9940451241756056,0.9940451241756056,1
892a100d34fffff,7.623786851803391,0.7876910353087702,1.0,0.6167541903103995,42.08074534161491,1549.5437875150856,469.5322296464453,40.0,-73.98469334442134,40.72351784512154,9,observed,opendata,"building_density,dist_stream_m,elevation_m,flow_accum_proxy,impervious_frac,land_cover_urban,slope_deg",event_raster,heavy,0.9563832108139227,0.9944677952147564,0.9944677952147564,1
892a100d353ffff,4.521780591095443,0.7922351027484489,1.0,0.3845147181005604,163.48849557522124,2248.510841396396,200.38229868338775,40.0,-73.98062614592236,40.728913832547754,9,observed,opendata,"building_density,dist_stream_m,elevation_m,flow_accum_proxy,impervious_frac,land_cover_urban,slope_deg",event_raster,heavy,0.9662590452003457,0.9946013263728702,0.9946013263728702,1
892a100d35bffff,7.43764604587098,0.7497775448087897,1.0,0.5960472149587672,67.59272404614019,2626.4043840680247,338.56530135524065,40.0,-73.98490014831133,40.72879835041983,9,observed,opendata,"building_density,dist_stream_m,elevation_m,flow_accum_proxy,impervious_frac,land_cover_urban,slope_deg",event_raster,heavy,1.0203945231901397,0.9944677952147564,0.9944677952147564,1
892a100d363ffff,4.558396402247309,0.6824059780445793,1.0,0.47961942054258583,96.99378881987577,151.19047579800537,124.81542844448423,40.0,-73.98021354589461,40.718353158911775,9,observed,opendata,"building_density,dist_stream_m,elevation_m,flow_accum_proxy,impervious_frac,land_cover_urban,slope_deg",event_raster,heavy,0.09975222649400123,0.9874686736531841,0.9874686736531841,1
892a100d36bffff,7.702208926068976,0.8444553578259252,1.0,0.5499126501777705,51.695035460992905,1152.8241131085556,321.9705175347895,40.0,-73.98448658705743,40.71823768970741,9,observed,opendata,"building_density,dist_stream_m,elevation_m,flow_accum_proxy,impervious_frac,land_cover_urban,slope_deg",event_raster,heavy,1.0060693079586502,0.996818641683499,0.996818641683499,1
892a100d36fffff,7.427478178349197,0.768602399019046,1.0,0.9244821037088553,29.728155339805824,321.2952938329344,452.59705991548077,40.0,-73.98224682620025,40.71565549593136,9,observed,opendata,"building_density,dist_stream_m,elevation_m,flow_accum_proxy,impervious_frac,land_cover_urban,slope_deg",event_raster,heavy,0.9589934270125241,0.9792672544446374,0.9792672544446374,1
892a100d37bffff,6.074471894135438,0.8143881015933307,1.0,0.4704754439240941,124.49955869373345,1511.8273893827716,160.89249242991065,40.0,-73.98245332005493,40.7209354796179,9,observed,opendata,"building_density,dist_stream_m,elevation_m,flow_accum_proxy,impervious_frac,land_cover_urban,slope_deg",event_raster,heavy,0.9350461599998553,0.9946013263728702,0.9946013263728702,1
892a1072107ffff,-1.244210231430539,0.0,0.0,0.001968905035169407,1.1139575971731448,0.0,276.39558479499044,40.0,-74.0152384511325,40.738547522803785,9,observed,opendata,"building_density,dist_stream_m,elevation_m,flow_accum_proxy,impervious_frac,land_cover_urban,slope_deg",event_raster,heavy,0.004259511340704293,0.006545600024080351,0.006545600024080351,0
892a107210fffff,-1.245603721388455,0.0,0.0,0.0024840236519431246,1.1420689655172414,0.0,70.55081157722066,40.0,-74.01951335948576,40.738430764261196,9,observed,opendata,"building_density,dist_stream_m,elevation_m,flow_accum_proxy,impervious_frac,land_cover_urban,slope_deg",event_raster,heavy,0.004889406896419291,0.005996574687504146,0.005996574687504146,0
892a1072123ffff,-1.1687535791666106,0.000900871208065346,0.0,0.3894691946386747,1.1725663716814159,0.0,85.56397640721428,40.0,-74.01502818806925,40.73326636427724,9,observed,opendata,"building_density,dist_stream_m,elevation_m,flow_accum_proxy,impervious_frac,land_cover_urban,slope_deg",event_raster,heavy,0.006775271684283938,0.007229720083974567,0.007229720083974567,0
892a1072127ffff,0.317415078061613,0.41555844345398874,0.0,1.1515371945328723,2.019503546099291,28.34056861700412,10.769277976547698,40.0,-74.01278597804965,40.73068423115304,9,observed,opendata,"building_density,dist_stream_m,elevation_m,flow_accum_proxy,impervious_frac,land_cover_urban,slope_deg",event_raster,heavy,0.03260855512892222,0.9886629232484777,0.9886629232484777,1
892a107212bffff,-1.2623415277333616,0.0,0.0,0.0019051260698506435,1.1153358681875791,0.0,55.68654828373531,40.0,-74.01930261557044,40.733149612519036,9,observed,opendata,"building_density,dist_stream_m,elevation_m,flow_accum_proxy,impervious_frac,land_cover_urban,slope_deg",event_raster,heavy,0.004889406896419291,0.005996574687504146,0.005996574687504146,0
892a107212fffff,-1.2719176585760563,0.0,0.0,0.0020710156741099955,1.1103265666372462,0.0,281.9912208056584,40.0,-74.01706016873243,40.73056756172237,9,observed,opendata,"building_density,dist_stream_m,elevation_m,flow_accum_proxy,impervious_frac,land_cover_urban,slope_deg",event_raster,heavy,0.004259511340704293,0.006545600024080351,0.006545600024080351,0
892a1072133ffff,-1.2547325967474188,0.011688449909020519,0.0,0.014539379470053638,1.2198581560283688,0.0,201.69411041138994,40.0,-74.01299597705345,40.73596521818175,9,observed,opendata,"building_density,dist_stream_m,elevation_m,flow_accum_proxy,impervious_frac,land_cover_urban,slope_deg",event_raster,heavy,0.006775271684283938,0.00654404147170258,0.00654404147170258,0
892a1072137ffff,1.174219126347863,0.5746522394854691,1.0,2.5183943415297168,2.621693121693122,425.08797744245356,5.37697386660939,40.0,-74.01075375344374,40.73338295814338,9,observed,opendata,"building_density,dist_stream_m,elevation_m,flow_accum_proxy,impervious_frac,land_cover_urban,slope_deg",event_raster,heavy,0.981802322826808,0.9961339531838056,0.9961339531838056,1
892a107213bffff,-1.2532459888838035,0.0,0.0,0.0019723898133642112,1.1141592920353982,0.0,169.89203746611597,40.0,-74.01727064853625,40.735848541987394,9,observed,opendata,"building_density,dist_stream_m,elevation_m,flow_accum_proxy,impervious_frac,land_cover_urban,slope_deg",event_raster,heavy,0.006775271684283938,0.006545600024080351,0.006545600024080351,0
892a10721a3ffff,4.316668988278149,0.810046624022384,1.0,1.8137974072890093,3.891843971631206,1926.8792213966353,316.72234136691196,40.0,-74.00668861308876,40.73878056609214,9,observed,opendata,"building_density,dist_stream_m,elevation_m,flow_accum_proxy,impervious_frac,land_cover_urban,slope_deg",event_raster,heavy,0.9881570246451351,0.9952749536051246,0.9952749536051246,1
892a10721a7ffff,7.052639007568359,0.6748227885903766,1.0,2.454879452465389,3.2634361233480176,3202.183541481517,521.7561786592265,40.0,-74.00444661282785,40.736198096831764,9,observed,opendata,"building_density,dist_stream_m,elevation_m,flow_accum_proxy,impervious_frac,land_cover_urban,slope_deg",event_raster,heavy,1.0140523702981827,0.9937862460289328,0.9937862460289328,1
892a10721abffff,0.3745056632132155,0.4531976388452958,1.0,1.5648322338357759,2.828470380194518,85.00914149560414,30.192978641419867,40.0,-74.01096353565097,40.73866412341446,9,observed,opendata,"building_density,dist_stream_m,elevation_m,flow_accum_proxy,impervious_frac,land_cover_urban,slope_deg",event_raster,heavy,0.9220325626193685,0.982609790266784,0.982609790266784,1
892a10721afffff,3.490323402506515,0.7717079916091334,1.0,2.565414321656771,3.836734693877551,1492.4589766231668,162.56907783617552,40.0,-74.00872129846812,40.73608173646356,9,observed,opendata,"building_density,dist_stream_m,elevation_m,flow_accum_proxy,impervious_frac,land_cover_urban,slope_deg",event_raster,heavy,0.15152630969418052,0.9952749536051246,0.9952749536051246,1
892a10721b7ffff,6.6616377350283384,0.7675786899219282,1.0,2.2682631296537874,4.209405501330967,2144.1313790772338,628.2887068966103,40.0,-74.0024136834934,40.73889685083574,9,observed,opendata,"building_density,dist_stream_m,elevation_m,flow_accum_proxy,impervious_frac,land_cover_urban,slope_deg",event_raster,heavy,1.0140329503895549,0.9952749536051246,0.9952749536051246,1
892a1072803ffff,2.65648701923633,0.5302437733657009,1.0,2.270665179584076,5.706927175843695,85.06378881962674,132.49470306554372,40.0,-74.01600847979246,40.70416790835037,9,observed,opendata,"building_density,dist_stream_m,elevation_m,flow_accum_proxy,impervious_frac,land_cover_urban,slope_deg",event_raster,heavy,0.08054164848027871,0.10122426695481175,0.10122426695481175,0
892a1072807ffff,1.6114078660584474,0.5819010166048398,1.0,2.046023086208541,5.128456735057984,151.23225175612862,82.97119503353576,40.0,-74.01376760272267,40.701586760075365,9,observed,opendata,"building_density,dist_stream_m,elevation_m,flow_accum_proxy,impervious_frac,land_cover_urban,slope_deg",event_raster,heavy,0.09835404247836184,0.9893475071786169,0.9893475071786169,1
892a107280fffff,-1.3370467938745398,0.028975524272422386,0.0,0.5123472929279798,1.525974025974026,0.0,0.0,40.0,-74.01803914737917,40.70147004899095,9,observed,opendata,"building_density,dist_stream_m,elevation_m,flow_accum_proxy,impervious_frac,land_cover_urban,slope_deg",event_raster,heavy,0.0033343553086870627,0.006622701980343515,0.006622701980343515,0
892a1072813ffff,4.757909091482039,0.6756658137056186,1.0,2.907952293813123,6.783496007098492,368.59190874266267,371.57158043151173,40.0,-74.01397758214198,40.706865819195635,9,observed,opendata,"building_density,dist_stream_m,elevation_m,flow_accum_proxy,impervious_frac,land_cover_urban,slope_deg",event_raster,heavy,0.58653909097368,0.682610677344955,0.682610677344955,1
892a1072817ffff,3.2313881373032927,0.6825446705638835,1.0,1.721366807106322,10.882300884955752,708.8668630217252,319.636147017686,40.0,-74.01173669149,40.70428454398579,9,observed,opendata,"building_density,dist_stream_m,elevation_m,flow_accum_proxy,impervious_frac,land_cover_urban,slope_deg",event_raster,heavy,0.6778789076992869,0.9797890264311113,0.9797890264311113,1
892a107281bffff,2.023151150882589,0.42096411184423616,0.0,2.024363885360469,4.380907372400756,103.9615340098801,31.794590522004142,40.0,-74.01824960700279,40.70674910133614,9,observed,opendata,"building_density,dist_stream_m,elevation_m,flow_accum_proxy,impervious_frac,land_cover_urban,slope_deg",event_raster,heavy,0.6978338838982956,0.8989069921429566,0.8989069921429566,1
892a1072883ffff,8.922210955027992,0.7588398242567448,1.0,2.3353083899825915,7.2322695035460995,1030.120124695829,596.7256724902888,40.0,-74.0076741787482,40.7096802661834,9,observed,opendata,"building_density,dist_stream_m,elevation_m,flow_accum_proxy,impervious_frac,land_cover_urban,slope_deg",event_raster,heavy,0.9877292721307683,0.9871505491695295,0.9871505491695295,1
892a1072887ffff,2.9274467377666884,0.8042919578754976,1.0,1.461862499947743,9.070859167404784,774.9924081806565,245.3926512359821,40.0,-74.00543351115385,40.70709878183493,9,observed,opendata,"building_density,dist_stream_m,elevation_m,flow_accum_proxy,impervious_frac,land_cover_urban,slope_deg",event_raster,heavy,0.19043598227579306,0.9947822396118083,0.9947822396118083,1
892a107288bffff,6.8140680247396626,0.6931798278706746,1.0,2.661106989432097,5.9602824360105915,453.62962431648236,495.74444516838486,40.0,-74.01194645439377,40.70956378150535,9,observed,opendata,"building_density,dist_stream_m,elevation_m,flow_accum_proxy,impervious_frac,land_cover_urban,slope_deg",event_raster,heavy,0.9029216965266764,0.9856195577188743,0.9856195577188743,1
892a107288fffff,7.188058330153064,0.7173866428712756,1.0,2.4025649552963024,9.579928952042629,359.14182700615174,462.2629199953974,40.0,-74.00970555017649,40.70698237936226,9,observed,opendata,"building_density,dist_stream_m,elevation_m,flow_accum_proxy,impervious_frac,land_cover_urban,slope_deg",event_raster,heavy,0.9575309359446068,0.9726099062912892,0.9726099062912892,1
892a1072893ffff,11.262848785343053,0.7263321208279286,1.0,1.9915120704881815,6.039787798408488,151.20297726536566,775.6966395657986,40.0,-74.0056425771711,40.71237820442782,9,observed,opendata,"building_density,dist_stream_m,elevation_m,flow_accum_proxy,impervious_frac,land_cover_urban,slope_deg",event_raster,heavy,0.9351993100160946,0.9751288638072597,0.9751288638072597,1
892a1072897ffff,5.569709723511486,0.8555565739565707,1.0,2.273207934655857,8.308510638297872,207.91473139914538,385.0671092458108,40.0,-74.00340189606727,40.70979659314705,9,observed,opendata,"building_density,dist_stream_m,elevation_m,flow_accum_proxy,impervious_frac,land_cover_urban,slope_deg",event_raster,heavy,0.04817956905297741,0.01988580068224575,0.01988580068224575,0
892a107289bffff,7.712624753620608,0.7764448562359556,1.0,2.7475653704031244,9.71808510638298,292.95495570924857,558.5752571064745,40.0,-74.0099150965138,40.712261795258144,9,observed,opendata,"building_density,dist_stream_m,elevation_m,flow_accum_proxy,impervious_frac,land_cover_urban,slope_deg",event_raster,heavy,0.13042957376010458,0.06913181423080506,0.06913181423080506,0
892a10728a3ffff,-1.5726857119047322,0.0784251398554947,0.0,0.2898379599521831,1.0292812777284828,0.0,73.32015581890238,40.0,-74.00522449215495,40.701819709283896,9,observed,opendata,"building_density,dist_stream_m,elevation_m,flow_accum_proxy,impervious_frac,land_cover_urban,slope_deg",event_raster,heavy,0.004889406896419291,0.006622804025672423,0.006622804025672423,0
892a10728abffff,0.22196179265842278,0.3718145575104554,0.0,2.5820669820276025,2.298136645962733,56.71225117878575,0.8446074577657002,40.0,-74.00949605096544,40.70170331350669,9,observed,opendata,"building_density,dist_stream_m,elevation_m,flow_accum_proxy,impervious_frac,land_cover_urban,slope_deg",event_raster,heavy,0.03096673435304305,0.982637316366974,0.982637316366974,1
892a10728b3ffff,-0.4870497256223221,0.49567284006766543,1.0,2.1712579597957524,1.9165927240461402,94.51610611110473,10.516055068376316,40.0,-74.00319309369571,40.704517342235015,9,observed,opendata,"building_density,dist_stream_m,elevation_m,flow_accum_proxy,impervious_frac,land_cover_urban,slope_deg",event_raster,heavy,0.9448069669760015,0.9813716044575953,0.9813716044575953,1
892a10728b7ffff,-0.9806179591639616,0.0,0.0,0.3161091028360746,1.127208480565371,0.0,59.22258075877662,40.0,-74.00095292633873,40.701935947405886,9,observed,opendata,"building_density,dist_stream_m,elevation_m,flow_accum_proxy,impervious_frac,land_cover_urban,slope_deg",event_raster,heavy,0.004889406896419291,0.006621575143735332,0.006621575143735332,0
892a10728bbffff,2.0601404048502445,0.7904088938592282,1.0,1.743971494628133,5.03716814159292,274.09594606258895,110.18259960725099,40.0,-74.00746489610857,40.70440102194768,9,observed,opendata,"building_density,dist_stream_m,elevation_m,flow_accum_proxy,impervious_frac,land_cover_urban,slope_deg",event_raster,heavy,0.6726436857554673,0.9923627630611189,0.9923627630611189,1
892a10728c3ffff,0.05904686971246076,0.13796571541451375,0.0,1.5677625111651512,1.9663699307616223,37.800430796165834,44.073493875148166,40.0,-74.01846011396844,40.71202850371857,9,observed,opendata,"building_density,dist_stream_m,elevation_m,flow_accum_proxy,impervious_frac,land_cover_urban,slope_deg",event_raster,heavy,0.023213643352408848,0.006622804025672423,0.006622804025672423,0
892a10728c7ffff,3.484364738167258,0.7194522560013007,1.0,1.499252905388228,4.744454303460515,170.11063964926095,190.96972244844167,40.0,-74.01621872295645,40.70944713911399,9,observed,opendata,"building_density,dist_stream_m,elevation_m,flow_accum_proxy,impervious_frac,land_cover_urban,slope_deg",event_raster,heavy,0.9815784285881546,0.9937638412709101,0.9937638412709101,1
892a10728d3ffff,2.481532600551573,0.49582678128805785,1.0,1.8735272491190325,4.082373782108061,47.24825197706178,84.5729345003708,40.0,-74.01642901341648,40.71472671988807,9,observed,opendata,"building_density,dist_stream_m,elevation_m,flow_accum_proxy,impervious_frac,land_cover_urban,slope_deg",event_raster,heavy,-0.002345142927599288,0.01593579422711894,0.01593579422711894,0
892a10728d7ffff,2.931888463690626,0.677911390200363,1.0,4.601608386528282,4.339539007092198,85.05120361431818,210.1953156055651,40.0,-74.01418760879541,40.71214522835471,9,observed,opendata,"building_density,dist_stream_m,elevation_m,flow_accum_proxy,impervious_frac,land_cover_urban,slope_deg",event_raster,heavy,0.9533794301013536,0.9791607790418985,0.9791607790418985,1
892a1072c03ffff,4.2932088043778505,0.8583850078548946,1.0,2.5051607393613415,6.816489361702128,1861.3213243558853,865.4100382560167,40.0,-74.00178736299634,40.72305436427269,9,observed,opendata,"building_density,dist_stream_m,elevation_m,flow_accum_proxy,impervious_frac,land_cover_urban,slope_deg",event_raster,heavy,0.20736919921634006,0.08387801008453365,0.08387801008453365,0
892a1072c07ffff,6.605340302726368,0.8410216737571427,1.0,1.4467327309742806,28.275132275132275,1285.0388219611018,564.5032169882154,40.0,-73.99954639120696,40.72047232748709,9,observed,opendata,"building_density,dist_stream_m,elevation_m,flow_accum_proxy,impervious_frac,land_cover_urban,slope_deg",event_raster,heavy,0.9768927255521093,0.9966446287586735,0.9966446287586735,1
892a1072c0bffff,3.1183968083867177,0.8373021402333735,1.0,1.585640136642026,6.713780918727915,500.76018033607596,519.9946338874875,40.0,-74.00606085032427,40.72293809951892,9,observed,opendata,"building_density,dist_stream_m,elevation_m,flow_accum_proxy,impervious_frac,land_cover_urban,slope_deg",event_raster,heavy,0.9764850399709482,0.9882110895203727,0.9882110895203727,1
892a1072c0fffff,3.224952309280006,0.8600292421593112,1.0,2.251709377186533,5.191659272404614,1691.33314417581,751.8577441382931,40.0,-74.00381964174338,40.720356144961315,9,observed,opendata,"building_density,dist_stream_m,elevation_m,flow_accum_proxy,impervious_frac,land_cover_urban,slope_deg",event_raster,heavy,0.23509782254255865,0.40062867424765053,0.40062867424765053,0
892a1072c13ffff,7.151620798161465,0.8145879277168705,1.0,1.6993922348950463,41.68314210061783,1549.4514629997427,802.1002782832692,40.0,-73.99975485394748,40.725752634920234,9,observed,opendata,"building_density,dist_stream_m,elevation_m,flow_accum_proxy,impervious_frac,land_cover_urban,slope_deg",event_raster,heavy,0.16384014661876914,0.08292414943031168,0.08292414943031168,0
892a1072c17ffff,10.198771477168709,0.8244139280272672,1.0,0.7360372628220014,28.259094942324754,1473.9438468723345,508.0108038763589,40.0,-73.99751386869457,40.723170471210885,9,observed,opendata,"building_density,dist_stream_m,elevation_m,flow_accum_proxy,impervious_frac,land_cover_urban,slope_deg",event_raster,heavy,0.9807521626716416,0.9822326850257688,0.9822326850257688,1
892a1072c1bffff,5.673303576802786,0.7975637626595202,1.0,2.378304749199774,4.083185840707965,1464.4165055721448,641.0700373126868,40.0,-74.00402858507962,40.725636445753395,9,observed,opendata,"building_density,dist_stream_m,elevation_m,flow_accum_proxy,impervious_frac,land_cover_urban,slope_deg",event_raster,heavy,0.9807379868536724,0.9952749536051246,0.9952749536051246,1
892a1072c23ffff,7.023031471539239,0.7878730083913744,1.0,2.118787463696774,12.99027409372237,2003.3481158853901,592.0702373556267,40.0,-73.99933797536255,40.7151923699604,9,observed,opendata,"building_density,dist_stream_m,elevation_m,flow_accum_proxy,impervious_frac,land_cover_urban,slope_deg",event_raster,heavy,0.927667850386559,0.9772925026112904,0.9772925026112904,1
892a1072c27ffff,7.723999054774933,0.8048641631647706,1.0,1.4267959467682914,23.867673179396093,1738.843936658697,424.4953379874368,40.0,-73.99709751749248,40.7126105495616,9,observed,opendata,"building_density,dist_stream_m,elevation_m,flow_accum_proxy,impervious_frac,land_cover_urban,slope_deg",event_raster,heavy,1.0338070351076687,0.9854527018116627,0.9854527018116627,1
892a1072c2bffff,7.50795755621968,0.7906457943231952,1.0,3.341884759629101,8.311446317657499,226.79349384895684,882.0539515274926,40.0,-74.0036107454112,40.71507619407417,9,observed,opendata,"building_density,dist_stream_m,elevation_m,flow_accum_proxy,impervious_frac,land_cover_urban,slope_deg",event_raster,heavy,0.9578129386323792,0.9491834545306036,0.9491834545306036,1
892a1072c2fffff,6.750803836903214,0.7820344690464239,1.0,2.8033311240968453,10.878761061946904,160.65361058022287,521.231579974247,40.0,-74.00137005081483,40.71249445586266,9,observed,opendata,"building_density,dist_stream_m,elevation_m,flow_accum_proxy,impervious_frac,land_cover_urban,slope_deg",event_raster,heavy,0.048005302334259245,0.053993705362796185,0.053993705362796185,0
892a1072c33ffff,9.364033672803254,0.8423395209219356,1.0,1.273028352695328,58.2058562555457,2182.787892911437,318.50934319660433,40.0,-73.99730566967641,40.71789033541887,9,observed,opendata,"building_density,dist_stream_m,elevation_m,flow_accum_proxy,impervious_frac,land_cover_urban,slope_deg",event_raster,heavy,0.9296478619828364,0.9915204026396944,0.9915204026396944,1
892a1072c37ffff,12.519163254088005,0.84124259394882,1.0,0.4026752741117261,5.199115044247788,1115.0742414708113,346.9968464519467,40.0,-73.99506519836963,40.715308388090286,9,observed,opendata,"building_density,dist_stream_m,elevation_m,flow_accum_proxy,impervious_frac,land_cover_urban,slope_deg",event_raster,heavy,0.9714348089161176,0.9940014934595489,0.9940014934595489,1
892a1072c3bffff,4.9859451791073415,0.8182168997401464,1.0,1.7353437766936404,23.279255319148938,963.8257276568502,678.3734528741107,40.0,-74.00157868343452,40.71777423510105,9,observed,opendata,"building_density,dist_stream_m,elevation_m,flow_accum_proxy,impervious_frac,land_cover_urban,slope_deg",event_raster,heavy,0.9018654699483225,0.9819723132919919,0.9819723132919919,1
892a1072c43ffff,-0.34831464372636434,0.3682826093679828,0.0,0.9866996590748839,1.8385093167701863,56.686775955187926,73.91770816004416,40.0,-74.0125760262977,40.72540359391589,9,observed,opendata,"building_density,dist_stream_m,elevation_m,flow_accum_proxy,impervious_frac,land_cover_urban,slope_deg",event_raster,heavy,0.9004798489498761,0.9847057216211279,0.9847057216211279,1
892a1072c47ffff,2.547894026896777,0.8201735348302367,1.0,2.3564876728912667,5.242263483642794,699.1726514432072,163.92701914499355,40.0,-74.0103343306308,40.722821676950645,9,observed,opendata,"building_density,dist_stream_m,elevation_m,flow_accum_proxy,impervious_frac,land_cover_urban,slope_deg",event_raster,heavy,0.9197057055330874,0.993790538401648,0.993790538401648,1
892a1072c4bffff,-1.2900021594457947,0.0014763974890152297,0.0,5.702596368034891e-05,1.0008818342151675,0.0,187.8605396129888,40.0,-74.0168497362885,40.725286931247396,9,observed,opendata,"building_density,dist_stream_m,elevation_m,flow_accum_proxy,impervious_frac,land_cover_urban,slope_deg",event_raster,heavy,0.006775271684283938,0.006545600024080351,0.006545600024080351,0
892a1072c4fffff,-1.161287446890585,0.0447266003459497,0.0,0.4596328005417165,1.2608695652173914,0.0,140.3234588264029,40.0,-74.01460780386842,40.722705096568944,9,observed,opendata,"building_density,dist_stream_m,elevation_m,flow_accum_proxy,impervious_frac,land_cover_urban,slope_deg",event_raster,heavy,0.006775271684283938,0.007231061008476332,0.007231061008476332,0
892a1072c53ffff,1.9555521175107349,0.7633290490458058,1.0,1.1873713692365537,7.075971731448763,66.13137394199363,71.43709374848122,40.0,-74.01054401844232,40.72810214263707,9,observed,opendata,"building_density,dist_stream_m,elevation_m,flow_accum_proxy,impervious_frac,land_cover_urban,slope_deg",event_raster,heavy,0.22430947425760625,0.9860909368696139,0.9860909368696139,1
892a1072c57ffff,3.514800943548076,0.8302934958778513,1.0,1.819967707911089,5.66607617360496,840.8561724487623,286.44378255906025,40.0,-74.00830230921224,40.725520098751595,9,observed,opendata,"building_density,dist_stream_m,elevation_m,flow_accum_proxy,impervious_frac,land_cover_urban,slope_deg",event_raster,heavy,1.0012871431948627,0.9852833137288859,0.9852833137288859,1
892a1072c5bffff,-0.8428097461656303,0.10984742635468382,0.0,0.5836362477393608,1.5066430469441985,9.447313010440817,57.501836315687896,40.0,-74.01481797231988,40.72798555551391,9,observed,opendata,"building_density,dist_stream_m,elevation_m,flow_accum_proxy,impervious_frac,land_cover_urban,slope_deg",event_raster,heavy,0.007674759392952885,0.006622804025672423,0.006622804025672423,0
892a1072c63ffff,4.2673741474430615,0.8219122340942316,1.0,2.0084490032737796,5.486702127659575,1266.1953883310819,274.05239049365883,40.0,-74.01012468999326,40.71754156113931,9,observed,opendata,"building_density,dist_stream_m,elevation_m,flow_accum_proxy,impervious_frac,land_cover_urban,slope_deg",event_raster,heavy,0.9843837661355505,0.9938642979591475,0.9938642979591475,1
892a1072c67ffff,7.788459052950699,0.8413992756324843,1.0,3.907488061053994,5.588287488908607,1341.85777601752,584.0583609600243,40.0,-74.0078835084681,40.714959860432664,9,observed,opendata,"building_density,dist_stream_m,elevation_m,flow_accum_proxy,impervious_frac,land_cover_urban,slope_deg",event_raster,heavy,0.031038125181465474,0.017833765173972234,0.017833765173972234,0
892a1072c6bffff,3.2672228431684474,0.5787093077102237,1.0,2.1669509367091364,3.8172138420585626,170.08547742299527,112.32795731011394,40.0,-74.01439768269891,40.7174249874975,9,observed,opendata,"building_density,dist_stream_m,elevation_m,flow_accum_proxy,impervious_frac,land_cover_urban,slope_deg",event_raster,heavy,0.9526996042214866,0.9937638412709101,0.9937638412709101,1
892a1072c6fffff,3.136374092007357,0.831038793182331,1.0,1.5473093555192976,6.80847308031774,340.1883531512311,396.6534117043157,40.0,-74.01215626448567,40.714843369036934,9,observed,opendata,"building_density,dist_stream_m,elevation_m,flow_accum_proxy,impervious_frac,land_cover_urban,slope_deg",event_raster,heavy,0.9764850399709482,0.9882110895203727,0.9882110895203727,1
892a1072c73ffff,4.1967949382300285,0.8333007256824074,1.0,2.2879528788909984,4.73758865248227,982.6712743630726,401.6963379925279,40.0,-74.00809288528414,40.720239804640435,9,observed,opendata,"building_density,dist_stream_m,elevation_m,flow_accum_proxy,impervious_frac,land_cover_urban,slope_deg",event_raster,heavy,0.9739240480990218,0.9949830002985949,0.9949830002985949,1
892a1072c77ffff,5.6662136831269905,0.8130936428668007,1.0,4.059397831749716,4.3236331569664905,1096.1124817818738,627.7431121446654,40.0,-74.00585169022261,40.71765797700752,9,observed,opendata,"building_density,dist_stream_m,elevation_m,flow_accum_proxy,impervious_frac,land_cover_urban,slope_deg",event_raster,heavy,0.986256322356674,0.9902610449258966,0.9902610449258966,1
892a1072c7bffff,1.902728762075437,0.7126534563234278,1.0,2.3460006812533294,3.465486725663717,132.28230515975247,58.60282131263422,40.0,-74.0123661217817,40.72012330652548,9,observed,opendata,"building_density,dist_stream_m,elevation_m,flow_accum_proxy,impervious_frac,land_cover_urban,slope_deg",event_raster,heavy,0.9315487842844504,0.9865420674721963,0.9865420674721963,1
892a1072c83ffff,12.20279057820638,0.8469762852582982,1.0,0.36826044459105756,7.988536155202822,888.0597865952863,760.4716194687879,40.0,-73.9934481326791,40.72856691258619,9,observed,opendata,"building_density,dist_stream_m,elevation_m,flow_accum_proxy,impervious_frac,land_cover_urban,slope_deg",event_raster,heavy,0.07785229134756688,0.03589695905634855,0.03589695905634855,0
892a1072c87ffff,12.264326432371098,0.8152074481971304,1.0,0.3394230585807675,17.648624667258208,1842.345911113676,462.0083717881582,40.0,-73.9912073708746,40.72598453974479,9,observed,opendata,"building_density,dist_stream_m,elevation_m,flow_accum_proxy,impervious_frac,land_cover_urban,slope_deg",event_raster,heavy,1.0174765230536305,0.9937007701460461,0.9937007701460461,1
892a1072c8bffff,9.429328278024146,0.7233460338138942,1.0,0.6734564154943887,23.265070921985817,651.8718455255221,889.9547766257627,40.0,-73.99772211456276,40.72845095688254,9,observed,opendata,"building_density,dist_stream_m,elevation_m,flow_accum_proxy,impervious_frac,land_cover_urban,slope_deg",event_raster,heavy,0.08486083342410122,0.07266479499479639,0.07266479499479639,0
892a1072c8fffff,12.246182042656216,0.8136129879148294,1.0,0.5038595598269768,6.734929078014185,935.3422204308371,546.3894731808638,40.0,-73.99548111586327,40.72586866625106,9,observed,opendata,"building_density,dist_stream_m,elevation_m,flow_accum_proxy,impervious_frac,land_cover_urban,slope_deg",event_raster,heavy,0.9865471960628771,0.9907765507405029,0.9907765507405029,1
892a1072c93ffff,11.8914575407541,0.8001684291022164,1.0,0.28935888200521487,12.048802129547472,557.372289523423,1047.3043142563813,40.0,-73.99141491910795,40.731265210194884,9,observed,opendata,"building_density,dist_stream_m,elevation_m,flow_accum_proxy,impervious_frac,land_cover_urban,slope_deg",event_raster,heavy,0.9685779714748544,0.9822776876367451,0.9822776876367451,1
892a1072c97ffff,11.265525324998704,0.7905486662830926,1.0,0.5516243082743171,13.380530973451327,1738.3346853419323,792.4269691745822,40.0,-73.98917414391278,40.72868271043228,9,observed,opendata,"building_density,dist_stream_m,elevation_m,flow_accum_proxy,impervious_frac,land_cover_urban,slope_deg",event_raster,heavy,0.9999792634490635,0.9914882888048492,0.9914882888048492,1
892a1072c9bffff,9.212313166746856,0.6809637688417384,1.0,0.6738186129335816,47.548758865248224,708.5221069615744,1086.0109406190609,40.0,-73.99568914480811,40.73114933013826,9,observed,opendata,"building_density,dist_stream_m,elevation_m,flow_accum_proxy,impervious_frac,land_cover_urban,slope_deg",event_raster,heavy,0.06465286552837136,0.06657647117475568,0.06657647117475568,0
892a1072ca3ffff,12.025030336659253,0.7556153704555244,1.0,0.2940276810476274,12.147293700088731,1247.2505553983267,84.38759287042322,40.0,-73.99099986933716,40.72070421914906,9,observed,opendata,"building_density,dist_stream_m,elevation_m,flow_accum_proxy,impervious_frac,land_cover_urban,slope_deg",event_raster,heavy,0.8063531707248235,0.9940668950870011,0.9940668950870011,1
892a1072ca7ffff,10.782664090079049,0.8328670469695182,1.0,0.45036635661576696,22.157243816254418,1115.0234541193768,424.74878310589344,40.0,-73.98875962144035,40.718122062723076,9,observed,opendata,"building_density,dist_stream_m,elevation_m,flow_accum_proxy,impervious_frac,land_cover_urban,slope_deg",event_raster,heavy,1.0201219089709466,0.9932295424978177,0.9932295424978177,1
892a1072cabffff,11.095445124420896,0.8427272178727615,1.0,0.6464392311204525,31.192205491585472,1974.8078338604018,271.5749827951448,40.0,-73.99527313372238,40.72058835221668,9,observed,opendata,"building_density,dist_stream_m,elevation_m,flow_accum_proxy,impervious_frac,land_cover_urban,slope_deg",event_raster,heavy,1.014988090122418,0.9963314392026582,0.9963314392026582,1
892a1072cafffff,11.994016297095644,0.7322864742933122,1.0,0.3086950644923362,8.98141592920354,1719.7771002353145,28.50956306939325,40.0,-73.99303264899582,40.718006277959894,9,observed,opendata,"building_density,dist_stream_m,elevation_m,flow_accum_proxy,impervious_frac,land_cover_urban,slope_deg",event_raster,heavy,0.9258029873571527,0.9950416793716332,0.9950416793716332,1
892a1072cb3ffff,11.074704928946707,0.7586122503059101,1.0,0.48524120679471344,20.41061946902655,1294.4323151425754,277.6380400981097,40.0,-73.98896685935952,40.72340221163636,9,observed,opendata,"building_density,dist_stream_m,elevation_m,flow_accum_proxy,impervious_frac,land_cover_urban,slope_deg",event_raster,heavy,1.0102137212308477,0.9936228804459781,0.9936228804459781,1
892a1072cb7ffff,9.339145336455218,0.8552463919953819,1.0,0.5276632916621131,68.20637732506643,1984.2678383902655,412.65343141108275,40.0,-73.98672659809884,40.72081992828315,9,observed,opendata,"building_density,dist_stream_m,elevation_m,flow_accum_proxy,impervious_frac,land_cover_urban,slope_deg",event_raster,heavy,0.9458342946209947,0.9948366601196726,0.9948366601196726,1
892a1072cbbffff,12.762222649455596,0.8024708801208086,1.0,0.2504956266935874,5.0767872903795235,1558.9834393198794,203.1890496773189,40.0,-73.99324036746646,40.723286420332464,9,observed,opendata,"building_density,dist_stream_m,elevation_m,flow_accum_proxy,impervious_frac,land_cover_urban,slope_deg",event_raster,heavy,0.0505531948999358,0.034460486123022806,0.034460486123022806,0
892a1072cc3ffff,5.021779360649129,0.7604603626406098,1.0,2.5240160441790547,3.646072374227714,3108.0329406991164,579.8930242760941,40.0,-74.00423757543584,40.73091709639526,9,observed,opendata,"building_density,dist_stream_m,elevation_m,flow_accum_proxy,impervious_frac,land_cover_urban,slope_deg",event_raster,heavy,1.0037445345407963,0.9952749536051246,0.9952749536051246,1
892a1072cc7ffff,6.335099465458105,0.7716762523384805,1.0,2.2285172477734427,6.5186170212765955,2154.0052973218535,790.8201105957855,40.0,-74.00199608951623,40.72833484332245,9,observed,opendata,"building_density,dist_stream_m,elevation_m,flow_accum_proxy,impervious_frac,land_cover_urban,slope_deg",event_raster,heavy,0.9364521021035163,0.9813151735302427,0.9813151735302427,1
892a1072ccbffff,3.949927084623499,0.8564808873842794,1.0,1.44184564673573,6.4361702127659575,793.5381194537293,221.09262357104407,40.0,-74.00851178026825,40.730800742711025,9,observed,opendata,"building_density,dist_stream_m,elevation_m,flow_accum_proxy,impervious_frac,land_cover_urban,slope_deg",event_raster,heavy,0.10526372282088528,0.048743708518111446,0.048743708518111446,0
892a1072ccfffff,4.811616908458611,0.8262339234880054,1.0,1.5041684174202417,5.20903454384411,632.9734784051827,430.5909900985706,40.0,-74.00627005749193,40.728218571906936,9,observed,opendata,"building_density,dist_stream_m,elevation_m,flow_accum_proxy,impervious_frac,land_cover_urban,slope_deg",event_raster,heavy,0.9942526166715492,0.9923753712110632,0.9923753712110632,1
892a1072cd3ffff,6.292136560113138,0.7342474236952051,1.0,2.4087331836363286,4.962699822380107,2833.9356052085463,718.4712811740419,40.0,-74.00220486300994,40.73361567219517,9,observed,opendata,"building_density,dist_stream_m,elevation_m,flow_accum_proxy,impervious_frac,land_cover_urban,slope_deg",event_raster,heavy,1.0139524033907164,0.9949136355994951,0.9949136355994951,1
892a1072cd7ffff,6.3454502793588405,0.6991286779566283,1.0,0.9856376070306059,25.62367491166078,1681.5544272968061,947.1117436838457,40.0,-73.99996336359993,40.731033292204685,9,observed,opendata,"building_density,dist_stream_m,elevation_m,flow_accum_proxy,impervious_frac,land_cover_urban,slope_deg",event_raster,heavy,0.3754866203257763,0.4164363892395431,0.4164363892395431,0
892a1072cdbffff,6.107823018486618,0.7611381993596013,1.0,2.269893973649658,3.374113475177305,2115.9993596634827,358.16223754500106,40.0,-74.00647931174146,40.73349939411639,9,observed,opendata,"building_density,dist_stream_m,elevation_m,flow_accum_proxy,impervious_frac,land_cover_urban,slope_deg",event_raster,heavy,1.0140329503895549,0.9952749536051246,0.9952749536051246,1
892a1072d03ffff,1.590340914608345,0.5288758778914862,1.0,1.0591224808821564,16.853463587921848,283.55149725183156,28.185187013682967,40.0,-73.98610581467901,40.70498104661735,9,observed,opendata,"building_density,dist_stream_m,elevation_m,flow_accum_proxy,impervious_frac,land_cover_urban,slope_deg",event_raster,heavy,0.0877920685679865,0.9945001075457706,0.9945001075457706,1
892a1072d07ffff,10.762117116586536,0.8415288269414124,1.0,1.5970599489907424,10.291666666666666,756.176043143882,344.00014565055346,40.0,-73.98386659396525,40.70239932332069,9,observed,opendata,"building_density,dist_stream_m,elevation_m,flow_accum_proxy,impervious_frac,land_cover_urban,slope_deg",event_raster,heavy,0.40742877296803903,0.07716635051214998,0.07716635051214998,0
892a1072d0bffff,0.7995113048904113,0.35536513017165533,0.0,0.7994096866960058,18.744454303460515,75.61351958299149,6.467186353529706,40.0,-73.99037764474299,40.70486535703891,9,observed,opendata,"building_density,dist_stream_m,elevation_m,flow_accum_proxy,impervious_frac,land_cover_urban,slope_deg",event_raster,heavy,0.9421578052507243,0.9773710436843708,0.9773710436843708,1
892a1072d0fffff,7.928156178783886,0.8402945085450888,1.0,2.3063534880822787,24.872679045092838,472.6086933239451,262.5052892050419,40.0,-73.98813818732994,40.702283715830056,9,observed,opendata,"building_density,dist_stream_m,elevation_m,flow_accum_proxy,impervious_frac,land_cover_urban,slope_deg",event_raster,heavy,0.042412182241065854,0.040491606621142255,0.040491606621142255,0
892a1072d13ffff,0.0,6.206303259953394e-05,0.0,0.0,1.0,0.0,22.319315130246963,40.0,-73.98407321184507,40.7076784287519,9,observed,opendata,"building_density,dist_stream_m,elevation_m,flow_accum_proxy,impervious_frac,land_cover_urban,slope_deg",event_raster,heavy,0.003245212094772012,0.005996574687504146,0.005996574687504146,0
892a1072d17ffff,2.8913749688511006,0.6059435164123214,1.0,1.7026199507535296,16.142477876106195,160.6796359796284,83.96133395857375,40.0,-73.98183397782091,40.705096578515935,9,observed,opendata,"building_density,dist_stream_m,elevation_m,flow_accum_proxy,impervious_frac,land_cover_urban,slope_deg",event_raster,heavy,0.021839995382667347,0.9791944735181491,0.9791944735181491,1
892a1072d1bffff,0.0026818050874574868,0.02727092446126052,0.0,0.012100506389831183,1.245583038869258,0.0,14.319801716433302,40.0,-73.98834528544127,40.70756281476486,9,observed,opendata,"building_density,dist_stream_m,elevation_m,flow_accum_proxy,impervious_frac,land_cover_urban,slope_deg",event_raster,heavy,0.003245212094772012,0.005996574687504146,0.005996574687504146,0
892a1072d43ffff,0.015154459671701303,0.12421828627330582,0.0,0.05606836178538136,7.1154529307282415,0.0,156.69860851443136,40.0,-73.996889412127,40.70733111369415,9,observed,opendata,"building_density,dist_stream_m,elevation_m,flow_accum_proxy,impervious_frac,land_cover_urban,slope_deg",event_raster,heavy,0.007735079840803386,0.00654404147170258,0.00654404147170258,0
892a1072d47ffff,0.2163803129431478,0.24624487726967223,0.0,0.31083533356238874,6.186948853615521,47.25831705776505,50.62651721616155,40.0,-73.99464946796543,40.704749509781685,9,observed,opendata,"building_density,dist_stream_m,elevation_m,flow_accum_proxy,impervious_frac,land_cover_urban,slope_deg",event_raster,heavy,0.007735079840803386,0.006622804025672423,0.006622804025672423,0
892a1072d4bffff,1.1078865746912683,0.6908184865397582,1.0,1.4778256314607159,6.647214854111406,746.6411058045181,40.62466400841475,40.0,-74.0011614651215,40.70721502661259,9,observed,opendata,"building_density,dist_stream_m,elevation_m,flow_accum_proxy,impervious_frac,land_cover_urban,slope_deg",event_raster,heavy,0.18613959676973352,0.9965189029525228,0.9965189029525228,1
892a1072d4fffff,-0.08578551888530687,0.011900022013993816,0.0,0.3114103926546263,1.0887311446317658,0.0,64.25735544530582,40.0,-73.99892128429882,40.704633504846704,9,observed,opendata,"building_density,dist_stream_m,elevation_m,flow_accum_proxy,impervious_frac,land_cover_urban,slope_deg",event_raster,heavy,0.004889406896419291,0.006622804025672423,0.006622804025672423,0
892a1072d53ffff,2.026568944043881,0.6616443984805617,1.0,1.112668475074511,34.433362753751105,189.0144481545402,105.05332840688098,40.0,-73.99485730978921,40.71002877392692,9,observed,opendata,"building_density,dist_stream_m,elevation_m,flow_accum_proxy,impervious_frac,land_cover_urban,slope_deg",event_raster,heavy,0.9135321459657093,0.990469185128147,0.990469185128147,1
892a1072d57ffff,0.0,0.06334868669555467,0.0,0.0,1.0,0.0,50.941442126674765,40.0,-73.99261735221776,40.70744704307861,9,observed,opendata,"building_density,dist_stream_m,elevation_m,flow_accum_proxy,impervious_frac,land_cover_urban,slope_deg",event_raster,heavy,0.004889406896419291,0.005996574687504146,0.005996574687504146,0
892a1072d5bffff,3.007810039511809,0.7162455200145008,1.0,1.1601749286055565,36.18173758865248,122.85904752112582,183.70001333626666,40.0,-73.99912960639843,40.70991276239524,9,observed,opendata,"building_density,dist_stream_m,elevation_m,flow_accum_proxy,impervious_frac,land_cover_urban,slope_deg",event_raster,heavy,0.6627675680329443,0.8830435711049343,0.8830435711049343,1
892a1072d73ffff,7.979015965762401,0.8276944767624193,1.0,2.748658584579693,20.119005328596803,510.41595335163436,220.51159674141527,40.0,-73.99240977387873,40.702167950680035,9,observed,opendata,"building_density,dist_stream_m,elevation_m,flow_accum_proxy,impervious_frac,land_cover_urban,slope_deg",event_raster,heavy,0.2940269615211084,0.0751364108442748,0.0751364108442748,0
892a1072d7bffff,1.6326398657788805,0.6059491303951844,1.0,1.8325589559671047,9.464951197870452,132.32969110095638,62.765209039883715,40.0,-73.99668135356416,40.70205202787162,9,observed,opendata,"building_density,dist_stream_m,elevation_m,flow_accum_proxy,impervious_frac,land_cover_urban,slope_deg",event_raster,heavy,0.06668459560893933,0.08579751612925056,0.08579751612925056,0
892a1072d8bffff,1.5947693510775254,0.5778949076529456,1.0,1.086461727734273,22.517241379310345,94.50802286454055,68.84494370755897,40.0,-73.98204037879414,40.71037586221235,9,observed,opendata,"building_density,dist_stream_m,elevation_m,flow_accum_proxy,impervious_frac,land_cover_urban,slope_deg",event_raster,heavy,0.06010361722573736,0.9858101918247391,0.9858101918247391,1
892a1072d9bffff,5.986115967159051,0.6407863063788986,1.0,1.2271884979271952,11.244010647737356,170.10621520685913,297.5396043603013,40.0,-73.9800073154922,40.7130733469773,9,observed,opendata,"building_density,dist_stream_m,elevation_m,flow_accum_proxy,impervious_frac,land_cover_urban,slope_deg",event_raster,heavy,0.9303616049733063,0.9911308196173383,0.9911308196173383,1
892a1072dc3ffff,6.726418188640049,0.6917151962349444,1.0,1.161625913040453,65.79276895943562,850.5262670621428,320.500832248279,40.0,-73.98855243013952,40.712842263747554,9,observed,opendata,"building_density,dist_stream_m,elevation_m,flow_accum_proxy,impervious_frac,land_cover_urban,slope_deg",event_raster,heavy,0.9737335991647896,0.9922268882265095,0.9922268882265095,1
892a1072dc7ffff,1.8936366838901681,0.7480680548886485,1.0,1.0461909262882876,32.276595744680854,189.01551138888883,102.35585843144328,40.0,-73.98631269593956,40.71026032383652,9,observed,opendata,"building_density,dist_stream_m,elevation_m,flow_accum_proxy,impervious_frac,land_cover_urban,slope_deg",event_raster,heavy,0.9637002924923083,0.990469185128147,0.990469185128147,1
892a1072dcbffff,9.383027314083886,0.7987320002884438,1.0,1.2021544392495371,14.300265721877768,1058.4297108948929,366.80694026443285,40.0,-73.99282497725156,40.712726485523575,9,observed,opendata,"building_density,dist_stream_m,elevation_m,flow_accum_proxy,impervious_frac,land_cover_urban,slope_deg",event_raster,heavy,0.9826377808514086,0.9844087507449518,0.9844087507449518,1
892a1072dcfffff,1.3792245528085765,0.5879472370843917,1.0,1.0244370443035147,45.90860692102928,122.85973626205967,47.359850335553226,40.0,-73.99058500628709,40.71014462774103,9,observed,opendata,"building_density,dist_stream_m,elevation_m,flow_accum_proxy,impervious_frac,land_cover_urban,slope_deg",event_raster,heavy,0.9363510495719142,0.9858101918247391,0.9858101918247391,1
892a1072dd3ffff,9.48738886554789,0.7506617962414962,1.0,0.3977573222860639,10.411712511091393,340.19405522307164,649.9627886040649,40.0,-73.98651962374095,40.71553995107681,9,observed,opendata,"building_density,dist_stream_m,elevation_m,flow_accum_proxy,impervious_frac,land_cover_urban,slope_deg",event_raster,heavy,0.8774934289388061,0.986610591221659,0.986610591221659,1
892a1072dd7ffff,8.263710407419552,0.7102450544102169,1.0,0.7821939603442917,10.377994676131323,378.0127410974218,378.2571282403297,40.0,-73.9842798762039,40.71295788423248,9,observed,opendata,"building_density,dist_stream_m,elevation_m,flow_accum_proxy,impervious_frac,land_cover_urban,slope_deg",event_raster,heavy,0.9538466396290759,0.9734784420997024,0.9734784420997024,1
892a1072ddbffff,11.257507700267947,0.757191937965991,1.0,0.581295365757155,16.19449378330373,2012.809155520331,368.64519734584275,40.0,-73.99079241447993,40.71542424846277,9,observed,opendata,"building_density,dist_stream_m,elevation_m,flow_accum_proxy,impervious_frac,land_cover_urban,slope_deg",event_raster,heavy,1.035721706124722,0.9940668950870011,0.9940668950870011,1
892a1072e97ffff,-1.2826936821376576,0.0,0.0,0.0018903643090058776,1.1141176470588234,0.0,181.9302741509532,40.0,-74.01909191907703,40.72786881053855,9,observed,opendata,"building_density,dist_stream_m,elevation_m,flow_accum_proxy,impervious_frac,land_cover_urban,slope_deg",event_raster,heavy,0.006775271684283938,0.006545600024080351,0.006545600024080351,0
892a1072ea7ffff,-0.9463155338010149,0.04626287022468067,0.0,0.7117445538311593,1.5696465696465696,9.449167154947231,143.86161887124806,40.0,-74.01867066829203,40.717308256083186,9,observed,opendata,"building_density,dist_stream_m,elevation_m,flow_accum_proxy,impervious_frac,land_cover_urban,slope_deg",event_raster,heavy,0.010895685408886425,0.007231061008476332,0.007231061008476332,0
892a1072eb3ffff,-1.2975889788325137,0.0,0.0,0.0022994858362903768,1.1365638766519823,0.0,299.4233973557724,40.0,-74.01888126998958,40.722588358374864,9,observed,opendata,"building_density,dist_stream_m,elevation_m,flow_accum_proxy,impervious_frac,land_cover_urban,slope_deg",event_raster,heavy,0.004259511340704293,0.006545600024080351,0.006545600024080351,0
892a1072eb7ffff,-0.9869655673346828,0.04456879443157004,0.0,1.1383467128588451,1.3174182139699382,0.0,46.91674103018687,40.0,-74.01663935118853,40.72000665061757,9,observed,opendata,"building_density,dist_stream_m,elevation_m,flow_accum_proxy,impervious_frac,land_cover_urban,slope_deg",event_raster,heavy,0.030811081671020712,0.006622804025672423,0.006622804025672423,0
892a100d207ffff,9.353697723953436,0.747485668299363,1.0,0.5566738994481663,71.84131205673759,859.5513113127446,975.5526610249375,75.0,-73.98531389573235,40.73936041044821,9,observed,opendata,"building_density,dist_stream_m,elevation_m,flow_accum_proxy,impervious_frac,land_cover_urban,slope_deg",event_raster,ida_like,0.9434548294874971,0.9815287452394527,0.9815287452394527,1
892a100d20fffff,11.934826424314027,0.7935258094138863,1.0,0.2738077293655487,7.3294951284322405,1161.8078330943758,1499.3428101295665,75.0,-73.98958885298438,40.73924475745148,9,observed,opendata,"building_density,dist_stream_m,elevation_m,flow_accum_proxy,impervious_frac,land_cover_urban,slope_deg",event_raster,ida_like,0.8602965947568525,0.9754453376992166,0.9754453376992166,1
892a100d223ffff,9.008245406735218,0.720816329240693,1.0,0.5343374889046218,41.94582593250444,954.102372485464,819.1962321317719,75.0,-73.98510699874309,40.734079205547104,9,observed,opendata,"building_density,dist_stream_m,elevation_m,flow_accum_proxy,impervious_frac,land_cover_urban,slope_deg",event_raster,ida_like,0.9646711551111073,0.9840546599923953,0.9840546599923953,1
892a100d227ffff,6.7347384026153865,0.8084701029575577,1.0,0.6241051619238394,41.89389920424403,1313.1387398721254,486.8341392134863,75.0,-73.9828664471727,40.73149649667317,9,observed,opendata,"building_density,dist_stream_m,elevation_m,flow_accum_proxy,impervious_frac,land_cover_urban,slope_deg",event_raster,ida_like,1.0310442895727268,0.9946013263728702,0.9946013263728702,1
892a100d22bffff,11.85943661175721,0.811485444426748,1.0,0.2974898859753392,10.518617021276595,765.1690495342248,1001.4044155849699,75.0,-73.98938147511579,40.733963559055724,9,observed,opendata,"building_density,dist_stream_m,elevation_m,flow_accum_proxy,impervious_frac,land_cover_urban,slope_deg",event_raster,ida_like,0.9685779714748544,0.9828002523071249,0.9828002523071249,1
892a100d22fffff,10.270036309009727,0.7336736165592611,1.0,0.5691594506215713,22.56713780918728,1728.8036682446207,667.4249199981409,75.0,-73.98714068654694,40.73138093237353,9,observed,opendata,"building_density,dist_stream_m,elevation_m,flow_accum_proxy,impervious_frac,land_cover_urban,slope_deg",event_raster,ida_like,1.028646405169247,0.9931361018513996,0.9931361018513996,1
892a100d233ffff,7.547986360014383,0.7718770690889248,1.0,0.48086475218960517,66.38795394154118,982.3945876489212,730.0682419982309,75.0,-73.98307308046714,40.736777529931615,9,observed,opendata,"building_density,dist_stream_m,elevation_m,flow_accum_proxy,impervious_frac,land_cover_urban,slope_deg",event_raster,ida_like,1.0103041932081807,0.9944677952147564,0.9944677952147564,1
892a100d237ffff,5.612585460475648,0.7343574503583259,1.0,0.5764978990340844,64.6763925729443,1275.2889617337798,556.1184228035374,75.0,-73.980832515579,40.73419469413901,9,observed,opendata,"building_density,dist_stream_m,elevation_m,flow_accum_proxy,impervious_frac,land_cover_urban,slope_deg",event_raster,ida_like,1.0199515124667102,0.9941887977539939,0.9941887977539939,1
892a100d23bffff,10.783638140685122,0.7322715441106071,1.0,0.5472927407999392,20.9181338028169,1369.6808883164706,1158.1946618876152,75.0,-73.98734780066862,40.736661959147305,9,observed,opendata,"building_density,dist_stream_m,elevation_m,flow_accum_proxy,impervious_frac,land_cover_urban,slope_deg",event_raster,ida_like,0.9761390007880762,0.9816581636896096,0.9816581636896096,1
892a100d263ffff,9.154166255436891,0.7820788840399989,1.0,0.47000771231374683,38.9281914893617,1246.8748959104155,1238.8772007071225,75.0,-73.9958972205727,40.73643034382312,9,observed,opendata,"building_density,dist_stream_m,elevation_m,flow_accum_proxy,impervious_frac,land_cover_urban,slope_deg",event_raster,ida_like,0.9827169636608297,0.9851758690779296,0.9851758690779296,1
892a100d267ffff,10.506262568149197,0.7763419446701305,1.0,0.5278553454372933,31.214285714285715,1501.9942789419524,1343.7219615899405,75.0,-73.99365594464955,40.73384775466591,9,observed,opendata,"building_density,dist_stream_m,elevation_m,flow_accum_proxy,impervious_frac,land_cover_urban,slope_deg",event_raster,ida_like,0.9751051651877632,0.9829413767692368,0.9829413767692368,1
892a100d26bffff,7.4298304092366685,0.7336941748672718,1.0,1.4907869235938291,18.392382639503985,2087.565005149086,923.0303055869796,75.0,-74.00017192018016,40.7363142992853,9,observed,opendata,"building_density,dist_stream_m,elevation_m,flow_accum_proxy,impervious_frac,land_cover_urban,slope_deg",event_raster,ida_like,0.10072003521784971,0.06852780466814909,0.06852780466814909,0
892a100d26fffff,7.045459998170429,0.6573402445522902,1.0,0.5498938282986092,108.12201591511936,2456.0843873411704,1078.8333389308132,75.0,-73.9979304072968,40.73373179237872,9,observed,opendata,"building_density,dist_stream_m,elevation_m,flow_accum_proxy,impervious_frac,land_cover_urban,slope_deg",event_raster,ida_like,0.975487295019183,0.9844463002908539,0.9844463002908539,1
892a100d273ffff,10.541157568301413,0.8212952520895762,1.0,0.41649875312372253,16.70053003533569,1284.5969165645095,1333.3171330822556,75.0,-73.99386380339365,40.739128946516466,9,observed,opendata,"building_density,dist_stream_m,elevation_m,flow_accum_proxy,impervious_frac,land_cover_urban,slope_deg",event_raster,ida_like,0.9898862760942265,0.9831475168823303,0.9831475168823303,1
892a100d277ffff,11.808286775837333,0.7810070273013533,1.0,0.2974859175316148,11.861824623560674,859.5904107584411,1342.298935181185,75.0,-73.99162251405302,40.73654623044412,9,observed,opendata,"building_density,dist_stream_m,elevation_m,flow_accum_proxy,impervious_frac,land_cover_urban,slope_deg",event_raster,ida_like,0.8947091296840103,0.9811321456828972,0.9811321456828972,1
892a100d27bffff,8.604641501979357,0.7988172016063765,1.0,0.3405201793886892,8.759717314487633,1426.276400742857,974.1444170252582,75.0,-73.9981387469125,40.739012977644194,9,observed,opendata,"building_density,dist_stream_m,elevation_m,flow_accum_proxy,impervious_frac,land_cover_urban,slope_deg",event_raster,ida_like,1.002238882702164,0.9892644989389987,0.9892644989389987,1
892a100d2abffff,8.566205889091895,0.780882514091768,1.0,0.5765698538606084,21.454946996466433,1209.0426320819013,653.8960684238609,75.0,-73.98103893168508,40.73947590550561,9,observed,opendata,"building_density,dist_stream_m,elevation_m,flow_accum_proxy,impervious_frac,land_cover_urban,slope_deg",event_raster,ida_like,1.000233654838098,0.9944677952147564,0.9944677952147564,1
892a100d343ffff,5.5866502148523765,0.577020722082668,1.0,0.4508326297277065,160.69169611307422,1398.3012009263268,126.79580135580306,75.0,-73.98265986037387,40.72621581321689,9,observed,opendata,"building_density,dist_stream_m,elevation_m,flow_accum_proxy,impervious_frac,land_cover_urban,slope_deg",event_raster,ida_like,0.07931577238989151,0.9941887977539939,0.9941887977539939,1
892a100d347ffff,4.644717354000196,0.8011106262718986,1.0,0.39232210838752396,68.01330967169477,1483.4089247605373,378.6853043033939,75.0,-73.98041982269943,40.723633320786945,9,observed,opendata,"building_density,dist_stream_m,elevation_m,flow_accum_proxy,impervious_frac,land_cover_urban,slope_deg",event_raster,ida_like,1.0173528071720424,0.9946013263728702,0.9946013263728702,1
892a100d34bffff,9.015767370252668,0.724463825411337,1.0,0.6106587097799746,91.2316534040672,2059.654053286445,459.7944204716199,75.0,-73.98693361902893,40.726100255400425,9,observed,opendata,"building_density,dist_stream_m,elevation_m,flow_accum_proxy,impervious_frac,land_cover_urban,slope_deg",event_raster,ida_like,1.0287053867726696,0.9940451241756056,0.9940451241756056,1
892a100d34fffff,7.623786851803391,0.7876910353087702,1.0,0.6167541903103995,42.08074534161491,1549.5437875150856,469.5322296464453,75.0,-73.98469334442134,40.72351784512154,9,observed,opendata,"building_density,dist_stream_m,elevation_m,flow_accum_proxy,impervious_frac,land_cover_urban,slope_deg",event_raster,ida_like,0.9563832108139227,0.9944677952147564,0.9944677952147564,1
892a100d353ffff,4.521780591095443,0.7922351027484489,1.0,0.3845147181005604,163.48849557522124,2248.510841396396,200.38229868338775,75.0,-73.98062614592236,40.728913832547754,9,observed,opendata,"building_density,dist_stream_m,elevation_m,flow_accum_proxy,impervious_frac,land_cover_urban,slope_deg",event_raster,ida_like,0.9662590452003457,0.9946013263728702,0.9946013263728702,1
892a100d35bffff,7.43764604587098,0.7497775448087897,1.0,0.5960472149587672,67.59272404614019,2626.4043840680247,338.56530135524065,75.0,-73.98490014831133,40.72879835041983,9,observed,opendata,"building_density,dist_stream_m,elevation_m,flow_accum_proxy,impervious_frac,land_cover_urban,slope_deg",event_raster,ida_like,1.0203945231901397,0.9944677952147564,0.9944677952147564,1
892a100d363ffff,4.558396402247309,0.6824059780445793,1.0,0.47961942054258583,96.99378881987577,151.19047579800537,124.81542844448423,75.0,-73.98021354589461,40.718353158911775,9,observed,opendata,"building_density,dist_stream_m,elevation_m,flow_accum_proxy,impervious_frac,land_cover_urban,slope_deg",event_raster,ida_like,0.09975222649400123,0.9874686736531841,0.9874686736531841,1
892a100d36bffff,7.702208926068976,0.8444553578259252,1.0,0.5499126501777705,51.695035460992905,1152.8241131085556,321.9705175347895,75.0,-73.98448658705743,40.71823768970741,9,observed,opendata,"building_density,dist_stream_m,elevation_m,flow_accum_proxy,impervious_frac,land_cover_urban,slope_deg",event_raster,ida_like,1.0060693079586502,0.996818641683499,0.996818641683499,1
892a100d36fffff,7.427478178349197,0.768602399019046,1.0,0.9244821037088553,29.728155339805824,321.2952938329344,452.59705991548077,75.0,-73.98224682620025,40.71565549593136,9,observed,opendata,"building_density,dist_stream_m,elevation_m,flow_accum_proxy,impervious_frac,land_cover_urban,slope_deg",event_raster,ida_like,0.9589934270125241,0.9792672544446374,0.9792672544446374,1
892a100d37bffff,6.074471894135438,0.8143881015933307,1.0,0.4704754439240941,124.49955869373345,1511.8273893827716,160.89249242991065,75.0,-73.98245332005493,40.7209354796179,9,observed,opendata,"building_density,dist_stream_m,elevation_m,flow_accum_proxy,impervious_frac,land_cover_urban,slope_deg",event_raster,ida_like,0.9350461599998553,0.9946013263728702,0.9946013263728702,1
892a1072107ffff,-1.244210231430539,0.0,0.0,0.001968905035169407,1.1139575971731448,0.0,276.39558479499044,75.0,-74.0152384511325,40.738547522803785,9,observed,opendata,"building_density,dist_stream_m,elevation_m,flow_accum_proxy,impervious_frac,land_cover_urban,slope_deg",event_raster,ida_like,0.004259511340704293,0.006545600024080351,0.006545600024080351,0
892a107210fffff,-1.245603721388455,0.0,0.0,0.0024840236519431246,1.1420689655172414,0.0,70.55081157722066,75.0,-74.01951335948576,40.738430764261196,9,observed,opendata,"building_density,dist_stream_m,elevation_m,flow_accum_proxy,impervious_frac,land_cover_urban,slope_deg",event_raster,ida_like,0.004889406896419291,0.005996574687504146,0.005996574687504146,0
892a1072123ffff,-1.1687535791666106,0.000900871208065346,0.0,0.3894691946386747,1.1725663716814159,0.0,85.56397640721428,75.0,-74.01502818806925,40.73326636427724,9,observed,opendata,"building_density,dist_stream_m,elevation_m,flow_accum_proxy,impervious_frac,land_cover_urban,slope_deg",event_raster,ida_like,0.006775271684283938,0.007229720083974567,0.007229720083974567,0
892a1072127ffff,0.317415078061613,0.41555844345398874,0.0,1.1515371945328723,2.019503546099291,28.34056861700412,10.769277976547698,75.0,-74.01278597804965,40.73068423115304,9,observed,opendata,"building_density,dist_stream_m,elevation_m,flow_accum_proxy,impervious_frac,land_cover_urban,slope_deg",event_raster,ida_like,0.03260855512892222,0.9886629232484777,0.9886629232484777,1
892a107212bffff,-1.2623415277333616,0.0,0.0,0.0019051260698506435,1.1153358681875791,0.0,55.68654828373531,75.0,-74.01930261557044,40.733149612519036,9,observed,opendata,"building_density,dist_stream_m,elevation_m,flow_accum_proxy,impervious_frac,land_cover_urban,slope_deg",event_raster,ida_like,0.004889406896419291,0.005996574687504146,0.005996574687504146,0
892a107212fffff,-1.2719176585760563,0.0,0.0,0.0020710156741099955,1.1103265666372462,0.0,281.9912208056584,75.0,-74.01706016873243,40.73056756172237,9,observed,opendata,"building_density,dist_stream_m,elevation_m,flow_accum_proxy,impervious_frac,land_cover_urban,slope_deg",event_raster,ida_like,0.004259511340704293,0.006545600024080351,0.006545600024080351,0
892a1072133ffff,-1.2547325967474188,0.011688449909020519,0.0,0.014539379470053638,1.2198581560283688,0.0,201.69411041138994,75.0,-74.01299597705345,40.73596521818175,9,observed,opendata,"building_density,dist_stream_m,elevation_m,flow_accum_proxy,impervious_frac,land_cover_urban,slope_deg",event_raster,ida_like,0.006775271684283938,0.00654404147170258,0.00654404147170258,0
892a1072137ffff,1.174219126347863,0.5746522394854691,1.0,2.5183943415297168,2.621693121693122,425.08797744245356,5.37697386660939,75.0,-74.01075375344374,40.73338295814338,9,observed,opendata,"building_density,dist_stream_m,elevation_m,flow_accum_proxy,impervious_frac,land_cover_urban,slope_deg",event_raster,ida_like,0.981802322826808,0.9961339531838056,0.9961339531838056,1
892a107213bffff,-1.2532459888838035,0.0,0.0,0.0019723898133642112,1.1141592920353982,0.0,169.89203746611597,75.0,-74.01727064853625,40.735848541987394,9,observed,opendata,"building_density,dist_stream_m,elevation_m,flow_accum_proxy,impervious_frac,land_cover_urban,slope_deg",event_raster,ida_like,0.006775271684283938,0.006545600024080351,0.006545600024080351,0
892a10721a3ffff,4.316668988278149,0.810046624022384,1.0,1.8137974072890093,3.891843971631206,1926.8792213966353,316.72234136691196,75.0,-74.00668861308876,40.73878056609214,9,observed,opendata,"building_density,dist_stream_m,elevation_m,flow_accum_proxy,impervious_frac,land_cover_urban,slope_deg",event_raster,ida_like,0.9881570246451351,0.9952749536051246,0.9952749536051246,1
892a10721a7ffff,7.052639007568359,0.6748227885903766,1.0,2.454879452465389,3.2634361233480176,3202.183541481517,521.7561786592265,75.0,-74.00444661282785,40.736198096831764,9,observed,opendata,"building_density,dist_stream_m,elevation_m,flow_accum_proxy,impervious_frac,land_cover_urban,slope_deg",event_raster,ida_like,1.0140523702981827,0.9937862460289328,0.9937862460289328,1
892a10721abffff,0.3745056632132155,0.4531976388452958,1.0,1.5648322338357759,2.828470380194518,85.00914149560414,30.192978641419867,75.0,-74.01096353565097,40.73866412341446,9,observed,opendata,"building_density,dist_stream_m,elevation_m,flow_accum_proxy,impervious_frac,land_cover_urban,slope_deg",event_raster,ida_like,0.9220325626193685,0.982609790266784,0.982609790266784,1
892a10721afffff,3.490323402506515,0.7717079916091334,1.0,2.565414321656771,3.836734693877551,1492.4589766231668,162.56907783617552,75.0,-74.00872129846812,40.73608173646356,9,observed,opendata,"building_density,dist_stream_m,elevation_m,flow_accum_proxy,impervious_frac,land_cover_urban,slope_deg",event_raster,ida_like,0.15152630969418052,0.9952749536051246,0.9952749536051246,1
892a10721b7ffff,6.6616377350283384,0.7675786899219282,1.0,2.2682631296537874,4.209405501330967,2144.1313790772338,628.2887068966103,75.0,-74.0024136834934,40.73889685083574,9,observed,opendata,"building_density,dist_stream_m,elevation_m,flow_accum_proxy,impervious_frac,land_cover_urban,slope_deg",event_raster,ida_like,1.0140329503895549,0.9952749536051246,0.9952749536051246,1
892a1072803ffff,2.65648701923633,0.5302437733657009,1.0,2.270665179584076,5.706927175843695,85.06378881962674,132.49470306554372,75.0,-74.01600847979246,40.70416790835037,9,observed,opendata,"building_density,dist_stream_m,elevation_m,flow_accum_proxy,impervious_frac,land_cover_urban,slope_deg",event_raster,ida_like,0.08054164848027871,0.10122426695481175,0.10122426695481175,0
892a1072807ffff,1.6114078660584474,0.5819010166048398,1.0,2.046023086208541,5.128456735057984,151.23225175612862,82.97119503353576,75.0,-74.01376760272267,40.701586760075365,9,observed,opendata,"building_density,dist_stream_m,elevation_m,flow_accum_proxy,impervious_frac,land_cover_urban,slope_deg",event_raster,ida_like,0.09835404247836184,0.9893475071786169,0.9893475071786169,1
892a107280fffff,-1.3370467938745398,0.028975524272422386,0.0,0.5123472929279798,1.525974025974026,0.0,0.0,75.0,-74.01803914737917,40.70147004899095,9,observed,opendata,"building_density,dist_stream_m,elevation_m,flow_accum_proxy,impervious_frac,land_cover_urban,slope_deg",event_raster,ida_like,0.0033343553086870627,0.006622701980343515,0.006622701980343515,0
892a1072813ffff,4.757909091482039,0.6756658137056186,1.0,2.907952293813123,6.783496007098492,368.59190874266267,371.57158043151173,75.0,-74.01397758214198,40.706865819195635,9,observed,opendata,"building_density,dist_stream_m,elevation_m,flow_accum_proxy,impervious_frac,land_cover_urban,slope_deg",event_raster,ida_like,0.58653909097368,0.682610677344955,0.682610677344955,1
892a1072817ffff,3.2313881373032927,0.6825446705638835,1.0,1.721366807106322,10.882300884955752,708.8668630217252,319.636147017686,75.0,-74.01173669149,40.70428454398579,9,observed,opendata,"building_density,dist_stream_m,elevation_m,flow_accum_proxy,impervious_frac,land_cover_urban,slope_deg",event_raster,ida_like,0.6778789076992869,0.9797890264311113,0.9797890264311113,1
892a107281bffff,2.023151150882589,0.42096411184423616,0.0,2.024363885360469,4.380907372400756,103.9615340098801,31.794590522004142,75.0,-74.01824960700279,40.70674910133614,9,observed,opendata,"building_density,dist_stream_m,elevation_m,flow_accum_proxy,impervious_frac,land_cover_urban,slope_deg",event_raster,ida_like,0.6978338838982956,0.8989069921429566,0.8989069921429566,1
892a1072883ffff,8.922210955027992,0.7588398242567448,1.0,2.3353083899825915,7.2322695035460995,1030.120124695829,596.7256724902888,75.0,-74.0076741787482,40.7096802661834,9,observed,opendata,"building_density,dist_stream_m,elevation_m,flow_accum_proxy,impervious_frac,land_cover_urban,slope_deg",event_raster,ida_like,0.9877292721307683,0.9871505491695295,0.9871505491695295,1
892a1072887ffff,2.9274467377666884,0.8042919578754976,1.0,1.461862499947743,9.070859167404784,774.9924081806565,245.3926512359821,75.0,-74.00543351115385,40.70709878183493,9,observed,opendata,"building_density,dist_stream_m,elevation_m,flow_accum_proxy,impervious_frac,land_cover_urban,slope_deg",event_raster,ida_like,0.19043598227579306,0.9947822396118083,0.9947822396118083,1
892a107288bffff,6.8140680247396626,0.6931798278706746,1.0,2.661106989432097,5.9602824360105915,453.62962431648236,495.74444516838486,75.0,-74.01194645439377,40.70956378150535,9,observed,opendata,"building_density,dist_stream_m,elevation_m,flow_accum_proxy,impervious_frac,land_cover_urban,slope_deg",event_raster,ida_like,0.9029216965266764,0.9856195577188743,0.9856195577188743,1
892a107288fffff,7.188058330153064,0.7173866428712756,1.0,2.4025649552963024,9.579928952042629,359.14182700615174,462.2629199953974,75.0,-74.00970555017649,40.70698237936226,9,observed,opendata,"building_density,dist_stream_m,elevation_m,flow_accum_proxy,impervious_frac,land_cover_urban,slope_deg",event_raster,ida_like,0.9575309359446068,0.9726099062912892,0.9726099062912892,1
892a1072893ffff,11.262848785343053,0.7263321208279286,1.0,1.9915120704881815,6.039787798408488,151.20297726536566,775.6966395657986,75.0,-74.0056425771711,40.71237820442782,9,observed,opendata,"building_density,dist_stream_m,elevation_m,flow_accum_proxy,impervious_frac,land_cover_urban,slope_deg",event_raster,ida_like,0.9351993100160946,0.9751288638072597,0.9751288638072597,1
892a1072897ffff,5.569709723511486,0.8555565739565707,1.0,2.273207934655857,8.308510638297872,207.91473139914538,385.0671092458108,75.0,-74.00340189606727,40.70979659314705,9,observed,opendata,"building_density,dist_stream_m,elevation_m,flow_accum_proxy,impervious_frac,land_cover_urban,slope_deg",event_raster,ida_like,0.04817956905297741,0.01988580068224575,0.01988580068224575,0
892a107289bffff,7.712624753620608,0.7764448562359556,1.0,2.7475653704031244,9.71808510638298,292.95495570924857,558.5752571064745,75.0,-74.0099150965138,40.712261795258144,9,observed,opendata,"building_density,dist_stream_m,elevation_m,flow_accum_proxy,impervious_frac,land_cover_urban,slope_deg",event_raster,ida_like,0.13042957376010458,0.06913181423080506,0.06913181423080506,0
892a10728a3ffff,-1.5726857119047322,0.0784251398554947,0.0,0.2898379599521831,1.0292812777284828,0.0,73.32015581890238,75.0,-74.00522449215495,40.701819709283896,9,observed,opendata,"building_density,dist_stream_m,elevation_m,flow_accum_proxy,impervious_frac,land_cover_urban,slope_deg",event_raster,ida_like,0.004889406896419291,0.006622804025672423,0.006622804025672423,0
892a10728abffff,0.22196179265842278,0.3718145575104554,0.0,2.5820669820276025,2.298136645962733,56.71225117878575,0.8446074577657002,75.0,-74.00949605096544,40.70170331350669,9,observed,opendata,"building_density,dist_stream_m,elevation_m,flow_accum_proxy,impervious_frac,land_cover_urban,slope_deg",event_raster,ida_like,0.03096673435304305,0.982637316366974,0.982637316366974,1
892a10728b3ffff,-0.4870497256223221,0.49567284006766543,1.0,2.1712579597957524,1.9165927240461402,94.51610611110473,10.516055068376316,75.0,-74.00319309369571,40.704517342235015,9,observed,opendata,"building_density,dist_stream_m,elevation_m,flow_accum_proxy,impervious_frac,land_cover_urban,slope_deg",event_raster,ida_like,0.9448069669760015,0.9813716044575953,0.9813716044575953,1
892a10728b7ffff,-0.9806179591639616,0.0,0.0,0.3161091028360746,1.127208480565371,0.0,59.22258075877662,75.0,-74.00095292633873,40.701935947405886,9,observed,opendata,"building_density,dist_stream_m,elevation_m,flow_accum_proxy,impervious_frac,land_cover_urban,slope_deg",event_raster,ida_like,0.004889406896419291,0.006621575143735332,0.006621575143735332,0
892a10728bbffff,2.0601404048502445,0.7904088938592282,1.0,1.743971494628133,5.03716814159292,274.09594606258895,110.18259960725099,75.0,-74.00746489610857,40.70440102194768,9,observed,opendata,"building_density,dist_stream_m,elevation_m,flow_accum_proxy,impervious_frac,land_cover_urban,slope_deg",event_raster,ida_like,0.6726436857554673,0.9923627630611189,0.9923627630611189,1
892a10728c3ffff,0.05904686971246076,0.13796571541451375,0.0,1.5677625111651512,1.9663699307616223,37.800430796165834,44.073493875148166,75.0,-74.01846011396844,40.71202850371857,9,observed,opendata,"building_density,dist_stream_m,elevation_m,flow_accum_proxy,impervious_frac,land_cover_urban,slope_deg",event_raster,ida_like,0.023213643352408848,0.006622804025672423,0.006622804025672423,0
892a10728c7ffff,3.484364738167258,0.7194522560013007,1.0,1.499252905388228,4.744454303460515,170.11063964926095,190.96972244844167,75.0,-74.01621872295645,40.70944713911399,9,observed,opendata,"building_density,dist_stream_m,elevation_m,flow_accum_proxy,impervious_frac,land_cover_urban,slope_deg",event_raster,ida_like,0.9815784285881546,0.9937638412709101,0.9937638412709101,1
892a10728d3ffff,2.481532600551573,0.49582678128805785,1.0,1.8735272491190325,4.082373782108061,47.24825197706178,84.5729345003708,75.0,-74.01642901341648,40.71472671988807,9,observed,opendata,"building_density,dist_stream_m,elevation_m,flow_accum_proxy,impervious_frac,land_cover_urban,slope_deg",event_raster,ida_like,-0.002345142927599288,0.01593579422711894,0.01593579422711894,0
892a10728d7ffff,2.931888463690626,0.677911390200363,1.0,4.601608386528282,4.339539007092198,85.05120361431818,210.1953156055651,75.0,-74.01418760879541,40.71214522835471,9,observed,opendata,"building_density,dist_stream_m,elevation_m,flow_accum_proxy,impervious_frac,land_cover_urban,slope_deg",event_raster,ida_like,0.9533794301013536,0.9791607790418985,0.9791607790418985,1
892a1072c03ffff,4.2932088043778505,0.8583850078548946,1.0,2.5051607393613415,6.816489361702128,1861.3213243558853,865.4100382560167,75.0,-74.00178736299634,40.72305436427269,9,observed,opendata,"building_density,dist_stream_m,elevation_m,flow_accum_proxy,impervious_frac,land_cover_urban,slope_deg",event_raster,ida_like,0.20736919921634006,0.08387801008453365,0.08387801008453365,0
892a1072c07ffff,6.605340302726368,0.8410216737571427,1.0,1.4467327309742806,28.275132275132275,1285.0388219611018,564.5032169882154,75.0,-73.99954639120696,40.72047232748709,9,observed,opendata,"building_density,dist_stream_m,elevation_m,flow_accum_proxy,impervious_frac,land_cover_urban,slope_deg",event_raster,ida_like,0.9768927255521093,0.9966446287586735,0.9966446287586735,1
892a1072c0bffff,3.1183968083867177,0.8373021402333735,1.0,1.585640136642026,6.713780918727915,500.76018033607596,519.9946338874875,75.0,-74.00606085032427,40.72293809951892,9,observed,opendata,"building_density,dist_stream_m,elevation_m,flow_accum_proxy,impervious_frac,land_cover_urban,slope_deg",event_raster,ida_like,0.9764850399709482,0.9882110895203727,0.9882110895203727,1
892a1072c0fffff,3.224952309280006,0.8600292421593112,1.0,2.251709377186533,5.191659272404614,1691.33314417581,751.8577441382931,75.0,-74.00381964174338,40.720356144961315,9,observed,opendata,"building_density,dist_stream_m,elevation_m,flow_accum_proxy,impervious_frac,land_cover_urban,slope_deg",event_raster,ida_like,0.23509782254255865,0.40062867424765053,0.40062867424765053,0
892a1072c13ffff,7.151620798161465,0.8145879277168705,1.0,1.6993922348950463,41.68314210061783,1549.4514629997427,802.1002782832692,75.0,-73.99975485394748,40.725752634920234,9,observed,opendata,"building_density,dist_stream_m,elevation_m,flow_accum_proxy,impervious_frac,land_cover_urban,slope_deg",event_raster,ida_like,0.16384014661876914,0.08292414943031168,0.08292414943031168,0
892a1072c17ffff,10.198771477168709,0.8244139280272672,1.0,0.7360372628220014,28.259094942324754,1473.9438468723345,508.0108038763589,75.0,-73.99751386869457,40.723170471210885,9,observed,opendata,"building_density,dist_stream_m,elevation_m,flow_accum_proxy,impervious_frac,land_cover_urban,slope_deg",event_raster,ida_like,0.9807521626716416,0.9822326850257688,0.9822326850257688,1
892a1072c1bffff,5.673303576802786,0.7975637626595202,1.0,2.378304749199774,4.083185840707965,1464.4165055721448,641.0700373126868,75.0,-74.00402858507962,40.725636445753395,9,observed,opendata,"building_density,dist_stream_m,elevation_m,flow_accum_proxy,impervious_frac,land_cover_urban,slope_deg",event_raster,ida_like,0.9807379868536724,0.9952749536051246,0.9952749536051246,1
892a1072c23ffff,7.023031471539239,0.7878730083913744,1.0,2.118787463696774,12.99027409372237,2003.3481158853901,592.0702373556267,75.0,-73.99933797536255,40.7151923699604,9,observed,opendata,"building_density,dist_stream_m,elevation_m,flow_accum_proxy,impervious_frac,land_cover_urban,slope_deg",event_raster,ida_like,0.927667850386559,0.9772925026112904,0.9772925026112904,1
892a1072c27ffff,7.723999054774933,0.8048641631647706,1.0,1.4267959467682914,23.867673179396093,1738.843936658697,424.4953379874368,75.0,-73.99709751749248,40.7126105495616,9,observed,opendata,"building_density,dist_stream_m,elevation_m,flow_accum_proxy,impervious_frac,land_cover_urban,slope_deg",event_raster,ida_like,1.0338070351076687,0.9854527018116627,0.9854527018116627,1
892a1072c2bffff,7.50795755621968,0.7906457943231952,1.0,3.341884759629101,8.311446317657499,226.79349384895684,882.0539515274926,75.0,-74.0036107454112,40.71507619407417,9,observed,opendata,"building_density,dist_stream_m,elevation_m,flow_accum_proxy,impervious_frac,land_cover_urban,slope_deg",event_raster,ida_like,0.9578129386323792,0.9491834545306036,0.9491834545306036,1
892a1072c2fffff,6.750803836903214,0.7820344690464239,1.0,2.8033311240968453,10.878761061946904,160.65361058022287,521.231579974247,75.0,-74.00137005081483,40.71249445586266,9,observed,opendata,"building_density,dist_stream_m,elevation_m,flow_accum_proxy,impervious_frac,land_cover_urban,slope_deg",event_raster,ida_like,0.048005302334259245,0.053993705362796185,0.053993705362796185,0
892a1072c33ffff,9.364033672803254,0.8423395209219356,1.0,1.273028352695328,58.2058562555457,2182.787892911437,318.50934319660433,75.0,-73.99730566967641,40.71789033541887,9,observed,opendata,"building_density,dist_stream_m,elevation_m,flow_accum_proxy,impervious_frac,land_cover_urban,slope_deg",event_raster,ida_like,0.9296478619828364,0.9915204026396944,0.9915204026396944,1
892a1072c37ffff,12.519163254088005,0.84124259394882,1.0,0.4026752741117261,5.199115044247788,1115.0742414708113,346.9968464519467,75.0,-73.99506519836963,40.715308388090286,9,observed,opendata,"building_density,dist_stream_m,elevation_m,flow_accum_proxy,impervious_frac,land_cover_urban,slope_deg",event_raster,ida_like,0.9714348089161176,0.9940014934595489,0.9940014934595489,1
892a1072c3bffff,4.9859451791073415,0.8182168997401464,1.0,1.7353437766936404,23.279255319148938,963.8257276568502,678.3734528741107,75.0,-74.00157868343452,40.71777423510105,9,observed,opendata,"building_density,dist_stream_m,elevation_m,flow_accum_proxy,impervious_frac,land_cover_urban,slope_deg",event_raster,ida_like,0.9018654699483225,0.9819723132919919,0.9819723132919919,1
892a1072c43ffff,-0.34831464372636434,0.3682826093679828,0.0,0.9866996590748839,1.8385093167701863,56.686775955187926,73.91770816004416,75.0,-74.0125760262977,40.72540359391589,9,observed,opendata,"building_density,dist_stream_m,elevation_m,flow_accum_proxy,impervious_frac,land_cover_urban,slope_deg",event_raster,ida_like,0.9004798489498761,0.9847057216211279,0.9847057216211279,1
892a1072c47ffff,2.547894026896777,0.8201735348302367,1.0,2.3564876728912667,5.242263483642794,699.1726514432072,163.92701914499355,75.0,-74.0103343306308,40.722821676950645,9,observed,opendata,"building_density,dist_stream_m,elevation_m,flow_accum_proxy,impervious_frac,land_cover_urban,slope_deg",event_raster,ida_like,0.9197057055330874,0.993790538401648,0.993790538401648,1
892a1072c4bffff,-1.2900021594457947,0.0014763974890152297,0.0,5.702596368034891e-05,1.0008818342151675,0.0,187.8605396129888,75.0,-74.0168497362885,40.725286931247396,9,observed,opendata,"building_density,dist_stream_m,elevation_m,flow_accum_proxy,impervious_frac,land_cover_urban,slope_deg",event_raster,ida_like,0.006775271684283938,0.006545600024080351,0.006545600024080351,0
892a1072c4fffff,-1.161287446890585,0.0447266003459497,0.0,0.4596328005417165,1.2608695652173914,0.0,140.3234588264029,75.0,-74.01460780386842,40.722705096568944,9,observed,opendata,"building_density,dist_stream_m,elevation_m,flow_accum_proxy,impervious_frac,land_cover_urban,slope_deg",event_raster,ida_like,0.006775271684283938,0.007231061008476332,0.007231061008476332,0
892a1072c53ffff,1.9555521175107349,0.7633290490458058,1.0,1.1873713692365537,7.075971731448763,66.13137394199363,71.43709374848122,75.0,-74.01054401844232,40.72810214263707,9,observed,opendata,"building_density,dist_stream_m,elevation_m,flow_accum_proxy,impervious_frac,land_cover_urban,slope_deg",event_raster,ida_like,0.22430947425760625,0.9860909368696139,0.9860909368696139,1
892a1072c57ffff,3.514800943548076,0.8302934958778513,1.0,1.819967707911089,5.66607617360496,840.8561724487623,286.44378255906025,75.0,-74.00830230921224,40.725520098751595,9,observed,opendata,"building_density,dist_stream_m,elevation_m,flow_accum_proxy,impervious_frac,land_cover_urban,slope_deg",event_raster,ida_like,1.0012871431948627,0.9852833137288859,0.9852833137288859,1
892a1072c5bffff,-0.8428097461656303,0.10984742635468382,0.0,0.5836362477393608,1.5066430469441985,9.447313010440817,57.501836315687896,75.0,-74.01481797231988,40.72798555551391,9,observed,opendata,"building_density,dist_stream_m,elevation_m,flow_accum_proxy,impervious_frac,land_cover_urban,slope_deg",event_raster,ida_like,0.007674759392952885,0.006622804025672423,0.006622804025672423,0
892a1072c63ffff,4.2673741474430615,0.8219122340942316,1.0,2.0084490032737796,5.486702127659575,1266.1953883310819,274.05239049365883,75.0,-74.01012468999326,40.71754156113931,9,observed,opendata,"building_density,dist_stream_m,elevation_m,flow_accum_proxy,impervious_frac,land_cover_urban,slope_deg",event_raster,ida_like,0.9843837661355505,0.9938642979591475,0.9938642979591475,1
892a1072c67ffff,7.788459052950699,0.8413992756324843,1.0,3.907488061053994,5.588287488908607,1341.85777601752,584.0583609600243,75.0,-74.0078835084681,40.714959860432664,9,observed,opendata,"building_density,dist_stream_m,elevation_m,flow_accum_proxy,impervious_frac,land_cover_urban,slope_deg",event_raster,ida_like,0.031038125181465474,0.017833765173972234,0.017833765173972234,0
892a1072c6bffff,3.2672228431684474,0.5787093077102237,1.0,2.1669509367091364,3.8172138420585626,170.08547742299527,112.32795731011394,75.0,-74.01439768269891,40.7174249874975,9,observed,opendata,"building_density,dist_stream_m,elevation_m,flow_accum_proxy,impervious_frac,land_cover_urban,slope_deg",event_raster,ida_like,0.9526996042214866,0.9937638412709101,0.9937638412709101,1
892a1072c6fffff,3.136374092007357,0.831038793182331,1.0,1.5473093555192976,6.80847308031774,340.1883531512311,396.6534117043157,75.0,-74.01215626448567,40.714843369036934,9,observed,opendata,"building_density,dist_stream_m,elevation_m,flow_accum_proxy,impervious_frac,land_cover_urban,slope_deg",event_raster,ida_like,0.9764850399709482,0.9882110895203727,0.9882110895203727,1
892a1072c73ffff,4.1967949382300285,0.8333007256824074,1.0,2.2879528788909984,4.73758865248227,982.6712743630726,401.6963379925279,75.0,-74.00809288528414,40.720239804640435,9,observed,opendata,"building_density,dist_stream_m,elevation_m,flow_accum_proxy,impervious_frac,land_cover_urban,slope_deg",event_raster,ida_like,0.9739240480990218,0.9949830002985949,0.9949830002985949,1
892a1072c77ffff,5.6662136831269905,0.8130936428668007,1.0,4.059397831749716,4.3236331569664905,1096.1124817818738,627.7431121446654,75.0,-74.00585169022261,40.71765797700752,9,observed,opendata,"building_density,dist_stream_m,elevation_m,flow_accum_proxy,impervious_frac,land_cover_urban,slope_deg",event_raster,ida_like,0.986256322356674,0.9902610449258966,0.9902610449258966,1
892a1072c7bffff,1.902728762075437,0.7126534563234278,1.0,2.3460006812533294,3.465486725663717,132.28230515975247,58.60282131263422,75.0,-74.0123661217817,40.72012330652548,9,observed,opendata,"building_density,dist_stream_m,elevation_m,flow_accum_proxy,impervious_frac,land_cover_urban,slope_deg",event_raster,ida_like,0.9315487842844504,0.9865420674721963,0.9865420674721963,1
892a1072c83ffff,12.20279057820638,0.8469762852582982,1.0,0.36826044459105756,7.988536155202822,888.0597865952863,760.4716194687879,75.0,-73.9934481326791,40.72856691258619,9,observed,opendata,"building_density,dist_stream_m,elevation_m,flow_accum_proxy,impervious_frac,land_cover_urban,slope_deg",event_raster,ida_like,0.07785229134756688,0.03589695905634855,0.03589695905634855,0
892a1072c87ffff,12.264326432371098,0.8152074481971304,1.0,0.3394230585807675,17.648624667258208,1842.345911113676,462.0083717881582,75.0,-73.9912073708746,40.72598453974479,9,observed,opendata,"building_density,dist_stream_m,elevation_m,flow_accum_proxy,impervious_frac,land_cover_urban,slope_deg",event_raster,ida_like,1.0174765230536305,0.9937007701460461,0.9937007701460461,1
892a1072c8bffff,9.429328278024146,0.7233460338138942,1.0,0.6734564154943887,23.265070921985817,651.8718455255221,889.9547766257627,75.0,-73.99772211456276,40.72845095688254,9,observed,opendata,"building_density,dist_stream_m,elevation_m,flow_accum_proxy,impervious_frac,land_cover_urban,slope_deg",event_raster,ida_like,0.08486083342410122,0.07266479499479639,0.07266479499479639,0
892a1072c8fffff,12.246182042656216,0.8136129879148294,1.0,0.5038595598269768,6.734929078014185,935.3422204308371,546.3894731808638,75.0,-73.99548111586327,40.72586866625106,9,observed,opendata,"building_density,dist_stream_m,elevation_m,flow_accum_proxy,impervious_frac,land_cover_urban,slope_deg",event_raster,ida_like,0.9865471960628771,0.9907765507405029,0.9907765507405029,1
892a1072c93ffff,11.8914575407541,0.8001684291022164,1.0,0.28935888200521487,12.048802129547472,557.372289523423,1047.3043142563813,75.0,-73.99141491910795,40.731265210194884,9,observed,opendata,"building_density,dist_stream_m,elevation_m,flow_accum_proxy,impervious_frac,land_cover_urban,slope_deg",event_raster,ida_like,0.9685779714748544,0.9822776876367451,0.9822776876367451,1
892a1072c97ffff,11.265525324998704,0.7905486662830926,1.0,0.5516243082743171,13.380530973451327,1738.3346853419323,792.4269691745822,75.0,-73.98917414391278,40.72868271043228,9,observed,opendata,"building_density,dist_stream_m,elevation_m,flow_accum_proxy,impervious_frac,land_cover_urban,slope_deg",event_raster,ida_like,0.9999792634490635,0.9914882888048492,0.9914882888048492,1
892a1072c9bffff,9.212313166746856,0.6809637688417384,1.0,0.6738186129335816,47.548758865248224,708.5221069615744,1086.0109406190609,75.0,-73.99568914480811,40.73114933013826,9,observed,opendata,"building_density,dist_stream_m,elevation_m,flow_accum_proxy,impervious_frac,land_cover_urban,slope_deg",event_raster,ida_like,0.06465286552837136,0.06657647117475568,0.06657647117475568,0
892a1072ca3ffff,12.025030336659253,0.7556153704555244,1.0,0.2940276810476274,12.147293700088731,1247.2505553983267,84.38759287042322,75.0,-73.99099986933716,40.72070421914906,9,observed,opendata,"building_density,dist_stream_m,elevation_m,flow_accum_proxy,impervious_frac,land_cover_urban,slope_deg",event_raster,ida_like,0.8063531707248235,0.9940668950870011,0.9940668950870011,1
892a1072ca7ffff,10.782664090079049,0.8328670469695182,1.0,0.45036635661576696,22.157243816254418,1115.0234541193768,424.74878310589344,75.0,-73.98875962144035,40.718122062723076,9,observed,opendata,"building_density,dist_stream_m,elevation_m,flow_accum_proxy,impervious_frac,land_cover_urban,slope_deg",event_raster,ida_like,1.0201219089709466,0.9932295424978177,0.9932295424978177,1
892a1072cabffff,11.095445124420896,0.8427272178727615,1.0,0.6464392311204525,31.192205491585472,1974.8078338604018,271.5749827951448,75.0,-73.99527313372238,40.72058835221668,9,observed,opendata,"building_density,dist_stream_m,elevation_m,flow_accum_proxy,impervious_frac,land_cover_urban,slope_deg",event_raster,ida_like,1.014988090122418,0.9963314392026582,0.9963314392026582,1
892a1072cafffff,11.994016297095644,0.7322864742933122,1.0,0.3086950644923362,8.98141592920354,1719.7771002353145,28.50956306939325,75.0,-73.99303264899582,40.718006277959894,9,observed,opendata,"building_density,dist_stream_m,elevation_m,flow_accum_proxy,impervious_frac,land_cover_urban,slope_deg",event_raster,ida_like,0.9258029873571527,0.9950416793716332,0.9950416793716332,1
892a1072cb3ffff,11.074704928946707,0.7586122503059101,1.0,0.48524120679471344,20.41061946902655,1294.4323151425754,277.6380400981097,75.0,-73.98896685935952,40.72340221163636,9,observed,opendata,"building_density,dist_stream_m,elevation_m,flow_accum_proxy,impervious_frac,land_cover_urban,slope_deg",event_raster,ida_like,1.0102137212308477,0.9936228804459781,0.9936228804459781,1
892a1072cb7ffff,9.339145336455218,0.8552463919953819,1.0,0.5276632916621131,68.20637732506643,1984.2678383902655,412.65343141108275,75.0,-73.98672659809884,40.72081992828315,9,observed,opendata,"building_density,dist_stream_m,elevation_m,flow_accum_proxy,impervious_frac,land_cover_urban,slope_deg",event_raster,ida_like,0.9458342946209947,0.9948366601196726,0.9948366601196726,1
892a1072cbbffff,12.762222649455596,0.8024708801208086,1.0,0.2504956266935874,5.0767872903795235,1558.9834393198794,203.1890496773189,75.0,-73.99324036746646,40.723286420332464,9,observed,opendata,"building_density,dist_stream_m,elevation_m,flow_accum_proxy,impervious_frac,land_cover_urban,slope_deg",event_raster,ida_like,0.0505531948999358,0.034460486123022806,0.034460486123022806,0
892a1072cc3ffff,5.021779360649129,0.7604603626406098,1.0,2.5240160441790547,3.646072374227714,3108.0329406991164,579.8930242760941,75.0,-74.00423757543584,40.73091709639526,9,observed,opendata,"building_density,dist_stream_m,elevation_m,flow_accum_proxy,impervious_frac,land_cover_urban,slope_deg",event_raster,ida_like,1.0037445345407963,0.9952749536051246,0.9952749536051246,1
892a1072cc7ffff,6.335099465458105,0.7716762523384805,1.0,2.2285172477734427,6.5186170212765955,2154.0052973218535,790.8201105957855,75.0,-74.00199608951623,40.72833484332245,9,observed,opendata,"building_density,dist_stream_m,elevation_m,flow_accum_proxy,impervious_frac,land_cover_urban,slope_deg",event_raster,ida_like,0.9364521021035163,0.9813151735302427,0.9813151735302427,1
892a1072ccbffff,3.949927084623499,0.8564808873842794,1.0,1.44184564673573,6.4361702127659575,793.5381194537293,221.09262357104407,75.0,-74.00851178026825,40.730800742711025,9,observed,opendata,"building_density,dist_stream_m,elevation_m,flow_accum_proxy,impervious_frac,land_cover_urban,slope_deg",event_raster,ida_like,0.10526372282088528,0.048743708518111446,0.048743708518111446,0
892a1072ccfffff,4.811616908458611,0.8262339234880054,1.0,1.5041684174202417,5.20903454384411,632.9734784051827,430.5909900985706,75.0,-74.00627005749193,40.728218571906936,9,observed,opendata,"building_density,dist_stream_m,elevation_m,flow_accum_proxy,impervious_frac,land_cover_urban,slope_deg",event_raster,ida_like,0.9942526166715492,0.9923753712110632,0.9923753712110632,1
892a1072cd3ffff,6.292136560113138,0.7342474236952051,1.0,2.4087331836363286,4.962699822380107,2833.9356052085463,718.4712811740419,75.0,-74.00220486300994,40.73361567219517,9,observed,opendata,"building_density,dist_stream_m,elevation_m,flow_accum_proxy,impervious_frac,land_cover_urban,slope_deg",event_raster,ida_like,1.0139524033907164,0.9949136355994951,0.9949136355994951,1
892a1072cd7ffff,6.3454502793588405,0.6991286779566283,1.0,0.9856376070306059,25.62367491166078,1681.5544272968061,947.1117436838457,75.0,-73.99996336359993,40.731033292204685,9,observed,opendata,"building_density,dist_stream_m,elevation_m,flow_accum_proxy,impervious_frac,land_cover_urban,slope_deg",event_raster,ida_like,0.3754866203257763,0.4164363892395431,0.4164363892395431,0
892a1072cdbffff,6.107823018486618,0.7611381993596013,1.0,2.269893973649658,3.374113475177305,2115.9993596634827,358.16223754500106,75.0,-74.00647931174146,40.73349939411639,9,observed,opendata,"building_density,dist_stream_m,elevation_m,flow_accum_proxy,impervious_frac,land_cover_urban,slope_deg",event_raster,ida_like,1.0140329503895549,0.9952749536051246,0.9952749536051246,1
892a1072d03ffff,1.590340914608345,0.5288758778914862,1.0,1.0591224808821564,16.853463587921848,283.55149725183156,28.185187013682967,75.0,-73.98610581467901,40.70498104661735,9,observed,opendata,"building_density,dist_stream_m,elevation_m,flow_accum_proxy,impervious_frac,land_cover_urban,slope_deg",event_raster,ida_like,0.0877920685679865,0.9945001075457706,0.9945001075457706,1
892a1072d07ffff,10.762117116586536,0.8415288269414124,1.0,1.5970599489907424,10.291666666666666,756.176043143882,344.00014565055346,75.0,-73.98386659396525,40.70239932332069,9,observed,opendata,"building_density,dist_stream_m,elevation_m,flow_accum_proxy,impervious_frac,land_cover_urban,slope_deg",event_raster,ida_like,0.40742877296803903,0.07716635051214998,0.07716635051214998,0
892a1072d0bffff,0.7995113048904113,0.35536513017165533,0.0,0.7994096866960058,18.744454303460515,75.61351958299149,6.467186353529706,75.0,-73.99037764474299,40.70486535703891,9,observed,opendata,"building_density,dist_stream_m,elevation_m,flow_accum_proxy,impervious_frac,land_cover_urban,slope_deg",event_raster,ida_like,0.9421578052507243,0.9773710436843708,0.9773710436843708,1
892a1072d0fffff,7.928156178783886,0.8402945085450888,1.0,2.3063534880822787,24.872679045092838,472.6086933239451,262.5052892050419,75.0,-73.98813818732994,40.702283715830056,9,observed,opendata,"building_density,dist_stream_m,elevation_m,flow_accum_proxy,impervious_frac,land_cover_urban,slope_deg",event_raster,ida_like,0.042412182241065854,0.040491606621142255,0.040491606621142255,0
892a1072d13ffff,0.0,6.206303259953394e-05,0.0,0.0,1.0,0.0,22.319315130246963,75.0,-73.98407321184507,40.7076784287519,9,observed,opendata,"building_density,dist_stream_m,elevation_m,flow_accum_proxy,impervious_frac,land_cover_urban,slope_deg",event_raster,ida_like,0.003245212094772012,0.005996574687504146,0.005996574687504146,0
892a1072d17ffff,2.8913749688511006,0.6059435164123214,1.0,1.7026199507535296,16.142477876106195,160.6796359796284,83.96133395857375,75.0,-73.98183397782091,40.705096578515935,9,observed,opendata,"building_density,dist_stream_m,elevation_m,flow_accum_proxy,impervious_frac,land_cover_urban,slope_deg",event_raster,ida_like,0.021839995382667347,0.9791944735181491,0.9791944735181491,1
892a1072d1bffff,0.0026818050874574868,0.02727092446126052,0.0,0.012100506389831183,1.245583038869258,0.0,14.319801716433302,75.0,-73.98834528544127,40.70756281476486,9,observed,opendata,"building_density,dist_stream_m,elevation_m,flow_accum_proxy,impervious_frac,land_cover_urban,slope_deg",event_raster,ida_like,0.003245212094772012,0.005996574687504146,0.005996574687504146,0
892a1072d43ffff,0.015154459671701303,0.12421828627330582,0.0,0.05606836178538136,7.1154529307282415,0.0,156.69860851443136,75.0,-73.996889412127,40.70733111369415,9,observed,opendata,"building_density,dist_stream_m,elevation_m,flow_accum_proxy,impervious_frac,land_cover_urban,slope_deg",event_raster,ida_like,0.007735079840803386,0.00654404147170258,0.00654404147170258,0
892a1072d47ffff,0.2163803129431478,0.24624487726967223,0.0,0.31083533356238874,6.186948853615521,47.25831705776505,50.62651721616155,75.0,-73.99464946796543,40.704749509781685,9,observed,opendata,"building_density,dist_stream_m,elevation_m,flow_accum_proxy,impervious_frac,land_cover_urban,slope_deg",event_raster,ida_like,0.007735079840803386,0.006622804025672423,0.006622804025672423,0
892a1072d4bffff,1.1078865746912683,0.6908184865397582,1.0,1.4778256314607159,6.647214854111406,746.6411058045181,40.62466400841475,75.0,-74.0011614651215,40.70721502661259,9,observed,opendata,"building_density,dist_stream_m,elevation_m,flow_accum_proxy,impervious_frac,land_cover_urban,slope_deg",event_raster,ida_like,0.18613959676973352,0.9965189029525228,0.9965189029525228,1
892a1072d4fffff,-0.08578551888530687,0.011900022013993816,0.0,0.3114103926546263,1.0887311446317658,0.0,64.25735544530582,75.0,-73.99892128429882,40.704633504846704,9,observed,opendata,"building_density,dist_stream_m,elevation_m,flow_accum_proxy,impervious_frac,land_cover_urban,slope_deg",event_raster,ida_like,0.004889406896419291,0.006622804025672423,0.006622804025672423,0
892a1072d53ffff,2.026568944043881,0.6616443984805617,1.0,1.112668475074511,34.433362753751105,189.0144481545402,105.05332840688098,75.0,-73.99485730978921,40.71002877392692,9,observed,opendata,"building_density,dist_stream_m,elevation_m,flow_accum_proxy,impervious_frac,land_cover_urban,slope_deg",event_raster,ida_like,0.9135321459657093,0.990469185128147,0.990469185128147,1
892a1072d57ffff,0.0,0.06334868669555467,0.0,0.0,1.0,0.0,50.941442126674765,75.0,-73.99261735221776,40.70744704307861,9,observed,opendata,"building_density,dist_stream_m,elevation_m,flow_accum_proxy,impervious_frac,land_cover_urban,slope_deg",event_raster,ida_like,0.004889406896419291,0.005996574687504146,0.005996574687504146,0
892a1072d5bffff,3.007810039511809,0.7162455200145008,1.0,1.1601749286055565,36.18173758865248,122.85904752112582,183.70001333626666,75.0,-73.99912960639843,40.70991276239524,9,observed,opendata,"building_density,dist_stream_m,elevation_m,flow_accum_proxy,impervious_frac,land_cover_urban,slope_deg",event_raster,ida_like,0.6627675680329443,0.8830435711049343,0.8830435711049343,1
892a1072d73ffff,7.979015965762401,0.8276944767624193,1.0,2.748658584579693,20.119005328596803,510.41595335163436,220.51159674141527,75.0,-73.99240977387873,40.702167950680035,9,observed,opendata,"building_density,dist_stream_m,elevation_m,flow_accum_proxy,impervious_frac,land_cover_urban,slope_deg",event_raster,ida_like,0.2940269615211084,0.0751364108442748,0.0751364108442748,0
892a1072d7bffff,1.6326398657788805,0.6059491303951844,1.0,1.8325589559671047,9.464951197870452,132.32969110095638,62.765209039883715,75.0,-73.99668135356416,40.70205202787162,9,observed,opendata,"building_density,dist_stream_m,elevation_m,flow_accum_proxy,impervious_frac,land_cover_urban,slope_deg",event_raster,ida_like,0.06668459560893933,0.08579751612925056,0.08579751612925056,0
892a1072d8bffff,1.5947693510775254,0.5778949076529456,1.0,1.086461727734273,22.517241379310345,94.50802286454055,68.84494370755897,75.0,-73.98204037879414,40.71037586221235,9,observed,opendata,"building_density,dist_stream_m,elevation_m,flow_accum_proxy,impervious_frac,land_cover_urban,slope_deg",event_raster,ida_like,0.06010361722573736,0.9858101918247391,0.9858101918247391,1
892a1072d9bffff,5.986115967159051,0.6407863063788986,1.0,1.2271884979271952,11.244010647737356,170.10621520685913,297.5396043603013,75.0,-73.9800073154922,40.7130733469773,9,observed,opendata,"building_density,dist_stream_m,elevation_m,flow_accum_proxy,impervious_frac,land_cover_urban,slope_deg",event_raster,ida_like,0.9303616049733063,0.9911308196173383,0.9911308196173383,1
892a1072dc3ffff,6.726418188640049,0.6917151962349444,1.0,1.161625913040453,65.79276895943562,850.5262670621428,320.500832248279,75.0,-73.98855243013952,40.712842263747554,9,observed,opendata,"building_density,dist_stream_m,elevation_m,flow_accum_proxy,impervious_frac,land_cover_urban,slope_deg",event_raster,ida_like,0.9737335991647896,0.9922268882265095,0.9922268882265095,1
892a1072dc7ffff,1.8936366838901681,0.7480680548886485,1.0,1.0461909262882876,32.276595744680854,189.01551138888883,102.35585843144328,75.0,-73.98631269593956,40.71026032383652,9,observed,opendata,"building_density,dist_stream_m,elevation_m,flow_accum_proxy,impervious_frac,land_cover_urban,slope_deg",event_raster,ida_like,0.9637002924923083,0.990469185128147,0.990469185128147,1
892a1072dcbffff,9.383027314083886,0.7987320002884438,1.0,1.2021544392495371,14.300265721877768,1058.4297108948929,366.80694026443285,75.0,-73.99282497725156,40.712726485523575,9,observed,opendata,"building_density,dist_stream_m,elevation_m,flow_accum_proxy,impervious_frac,land_cover_urban,slope_deg",event_raster,ida_like,0.9826377808514086,0.9844087507449518,0.9844087507449518,1
892a1072dcfffff,1.3792245528085765,0.5879472370843917,1.0,1.0244370443035147,45.90860692102928,122.85973626205967,47.359850335553226,75.0,-73.99058500628709,40.71014462774103,9,observed,opendata,"building_density,dist_stream_m,elevation_m,flow_accum_proxy,impervious_frac,land_cover_urban,slope_deg",event_raster,ida_like,0.9363510495719142,0.9858101918247391,0.9858101918247391,1
892a1072dd3ffff,9.48738886554789,0.7506617962414962,1.0,0.3977573222860639,10.411712511091393,340.19405522307164,649.9627886040649,75.0,-73.98651962374095,40.71553995107681,9,observed,opendata,"building_density,dist_stream_m,elevation_m,flow_accum_proxy,impervious_frac,land_cover_urban,slope_deg",event_raster,ida_like,0.8774934289388061,0.986610591221659,0.986610591221659,1
892a1072dd7ffff,8.263710407419552,0.7102450544102169,1.0,0.7821939603442917,10.377994676131323,378.0127410974218,378.2571282403297,75.0,-73.9842798762039,40.71295788423248,9,observed,opendata,"building_density,dist_stream_m,elevation_m,flow_accum_proxy,impervious_frac,land_cover_urban,slope_deg",event_raster,ida_like,0.9538466396290759,0.9734784420997024,0.9734784420997024,1
892a1072ddbffff,11.257507700267947,0.757191937965991,1.0,0.581295365757155,16.19449378330373,2012.809155520331,368.64519734584275,75.0,-73.99079241447993,40.71542424846277,9,observed,opendata,"building_density,dist_stream_m,elevation_m,flow_accum_proxy,impervious_frac,land_cover_urban,slope_deg",event_raster,ida_like,1.035721706124722,0.9940668950870011,0.9940668950870011,1
892a1072e97ffff,-1.2826936821376576,0.0,0.0,0.0018903643090058776,1.1141176470588234,0.0,181.9302741509532,75.0,-74.01909191907703,40.72786881053855,9,observed,opendata,"building_density,dist_stream_m,elevation_m,flow_accum_proxy,impervious_frac,land_cover_urban,slope_deg",event_raster,ida_like,0.006775271684283938,0.006545600024080351,0.006545600024080351,0
892a1072ea7ffff,-0.9463155338010149,0.04626287022468067,0.0,0.7117445538311593,1.5696465696465696,9.449167154947231,143.86161887124806,75.0,-74.01867066829203,40.717308256083186,9,observed,opendata,"building_density,dist_stream_m,elevation_m,flow_accum_proxy,impervious_frac,land_cover_urban,slope_deg",event_raster,ida_like,0.010895685408886425,0.007231061008476332,0.007231061008476332,0
892a1072eb3ffff,-1.2975889788325137,0.0,0.0,0.0022994858362903768,1.1365638766519823,0.0,299.4233973557724,75.0,-74.01888126998958,40.722588358374864,9,observed,opendata,"building_density,dist_stream_m,elevation_m,flow_accum_proxy,impervious_frac,land_cover_urban,slope_deg",event_raster,ida_like,0.004259511340704293,0.006545600024080351,0.006545600024080351,0
892a1072eb7ffff,-0.9869655673346828,0.04456879443157004,0.0,1.1383467128588451,1.3174182139699382,0.0,46.91674103018687,75.0,-74.01663935118853,40.72000665061757,9,observed,opendata,"building_density,dist_stream_m,elevation_m,flow_accum_proxy,impervious_frac,land_cover_urban,slope_deg",event_raster,ida_like,0.030811081671020712,0.006622804025672423,0.006622804025672423,0
892a100d207ffff,9.353697723953436,0.747485668299363,1.0,0.5566738994481663,71.84131205673759,859.5513113127446,975.5526610249375,100.0,-73.98531389573235,40.73936041044821,9,observed,opendata,"building_density,dist_stream_m,elevation_m,flow_accum_proxy,impervious_frac,land_cover_urban,slope_deg",event_raster,extreme,0.9434548294874971,0.9815287452394527,0.9815287452394527,1
892a100d20fffff,11.934826424314027,0.7935258094138863,1.0,0.2738077293655487,7.3294951284322405,1161.8078330943758,1499.3428101295665,100.0,-73.98958885298438,40.73924475745148,9,observed,opendata,"building_density,dist_stream_m,elevation_m,flow_accum_proxy,impervious_frac,land_cover_urban,slope_deg",event_raster,extreme,0.8602965947568525,0.9754453376992166,0.9754453376992166,1
892a100d223ffff,9.008245406735218,0.720816329240693,1.0,0.5343374889046218,41.94582593250444,954.102372485464,819.1962321317719,100.0,-73.98510699874309,40.734079205547104,9,observed,opendata,"building_density,dist_stream_m,elevation_m,flow_accum_proxy,impervious_frac,land_cover_urban,slope_deg",event_raster,extreme,0.9646711551111073,0.9840546599923953,0.9840546599923953,1
892a100d227ffff,6.7347384026153865,0.8084701029575577,1.0,0.6241051619238394,41.89389920424403,1313.1387398721254,486.8341392134863,100.0,-73.9828664471727,40.73149649667317,9,observed,opendata,"building_density,dist_stream_m,elevation_m,flow_accum_proxy,impervious_frac,land_cover_urban,slope_deg",event_raster,extreme,1.0310442895727268,0.9946013263728702,0.9946013263728702,1
892a100d22bffff,11.85943661175721,0.811485444426748,1.0,0.2974898859753392,10.518617021276595,765.1690495342248,1001.4044155849699,100.0,-73.98938147511579,40.733963559055724,9,observed,opendata,"building_density,dist_stream_m,elevation_m,flow_accum_proxy,impervious_frac,land_cover_urban,slope_deg",event_raster,extreme,0.9685779714748544,0.9828002523071249,0.9828002523071249,1
892a100d22fffff,10.270036309009727,0.7336736165592611,1.0,0.5691594506215713,22.56713780918728,1728.8036682446207,667.4249199981409,100.0,-73.98714068654694,40.73138093237353,9,observed,opendata,"building_density,dist_stream_m,elevation_m,flow_accum_proxy,impervious_frac,land_cover_urban,slope_deg",event_raster,extreme,1.028646405169247,0.9931361018513996,0.9931361018513996,1
892a100d233ffff,7.547986360014383,0.7718770690889248,1.0,0.48086475218960517,66.38795394154118,982.3945876489212,730.0682419982309,100.0,-73.98307308046714,40.736777529931615,9,observed,opendata,"building_density,dist_stream_m,elevation_m,flow_accum_proxy,impervious_frac,land_cover_urban,slope_deg",event_raster,extreme,1.0103041932081807,0.9944677952147564,0.9944677952147564,1
892a100d237ffff,5.612585460475648,0.7343574503583259,1.0,0.5764978990340844,64.6763925729443,1275.2889617337798,556.1184228035374,100.0,-73.980832515579,40.73419469413901,9,observed,opendata,"building_density,dist_stream_m,elevation_m,flow_accum_proxy,impervious_frac,land_cover_urban,slope_deg",event_raster,extreme,1.0199515124667102,0.9941887977539939,0.9941887977539939,1
892a100d23bffff,10.783638140685122,0.7322715441106071,1.0,0.5472927407999392,20.9181338028169,1369.6808883164706,1158.1946618876152,100.0,-73.98734780066862,40.736661959147305,9,observed,opendata,"building_density,dist_stream_m,elevation_m,flow_accum_proxy,impervious_frac,land_cover_urban,slope_deg",event_raster,extreme,0.9761390007880762,0.9816581636896096,0.9816581636896096,1
892a100d263ffff,9.154166255436891,0.7820788840399989,1.0,0.47000771231374683,38.9281914893617,1246.8748959104155,1238.8772007071225,100.0,-73.9958972205727,40.73643034382312,9,observed,opendata,"building_density,dist_stream_m,elevation_m,flow_accum_proxy,impervious_frac,land_cover_urban,slope_deg",event_raster,extreme,0.9827169636608297,0.9851758690779296,0.9851758690779296,1
892a100d267ffff,10.506262568149197,0.7763419446701305,1.0,0.5278553454372933,31.214285714285715,1501.9942789419524,1343.7219615899405,100.0,-73.99365594464955,40.73384775466591,9,observed,opendata,"building_density,dist_stream_m,elevation_m,flow_accum_proxy,impervious_frac,land_cover_urban,slope_deg",event_raster,extreme,0.9751051651877632,0.9829413767692368,0.9829413767692368,1
892a100d26bffff,7.4298304092366685,0.7336941748672718,1.0,1.4907869235938291,18.392382639503985,2087.565005149086,923.0303055869796,100.0,-74.00017192018016,40.7363142992853,9,observed,opendata,"building_density,dist_stream_m,elevation_m,flow_accum_proxy,impervious_frac,land_cover_urban,slope_deg",event_raster,extreme,0.10072003521784971,0.06852780466814909,0.06852780466814909,0
892a100d26fffff,7.045459998170429,0.6573402445522902,1.0,0.5498938282986092,108.12201591511936,2456.0843873411704,1078.8333389308132,100.0,-73.9979304072968,40.73373179237872,9,observed,opendata,"building_density,dist_stream_m,elevation_m,flow_accum_proxy,impervious_frac,land_cover_urban,slope_deg",event_raster,extreme,0.975487295019183,0.9844463002908539,0.9844463002908539,1
892a100d273ffff,10.541157568301413,0.8212952520895762,1.0,0.41649875312372253,16.70053003533569,1284.5969165645095,1333.3171330822556,100.0,-73.99386380339365,40.739128946516466,9,observed,opendata,"building_density,dist_stream_m,elevation_m,flow_accum_proxy,impervious_frac,land_cover_urban,slope_deg",event_raster,extreme,0.9898862760942265,0.9831475168823303,0.9831475168823303,1
892a100d277ffff,11.808286775837333,0.7810070273013533,1.0,0.2974859175316148,11.861824623560674,859.5904107584411,1342.298935181185,100.0,-73.99162251405302,40.73654623044412,9,observed,opendata,"building_density,dist_stream_m,elevation_m,flow_accum_proxy,impervious_frac,land_cover_urban,slope_deg",event_raster,extreme,0.8947091296840103,0.9811321456828972,0.9811321456828972,1
892a100d27bffff,8.604641501979357,0.7988172016063765,1.0,0.3405201793886892,8.759717314487633,1426.276400742857,974.1444170252582,100.0,-73.9981387469125,40.739012977644194,9,observed,opendata,"building_density,dist_stream_m,elevation_m,flow_accum_proxy,impervious_frac,land_cover_urban,slope_deg",event_raster,extreme,1.002238882702164,0.9892644989389987,0.9892644989389987,1
892a100d2abffff,8.566205889091895,0.780882514091768,1.0,0.5765698538606084,21.454946996466433,1209.0426320819013,653.8960684238609,100.0,-73.98103893168508,40.73947590550561,9,observed,opendata,"building_density,dist_stream_m,elevation_m,flow_accum_proxy,impervious_frac,land_cover_urban,slope_deg",event_raster,extreme,1.000233654838098,0.9944677952147564,0.9944677952147564,1
892a100d343ffff,5.5866502148523765,0.577020722082668,1.0,0.4508326297277065,160.69169611307422,1398.3012009263268,126.79580135580306,100.0,-73.98265986037387,40.72621581321689,9,observed,opendata,"building_density,dist_stream_m,elevation_m,flow_accum_proxy,impervious_frac,land_cover_urban,slope_deg",event_raster,extreme,0.07931577238989151,0.9941887977539939,0.9941887977539939,1
892a100d347ffff,4.644717354000196,0.8011106262718986,1.0,0.39232210838752396,68.01330967169477,1483.4089247605373,378.6853043033939,100.0,-73.98041982269943,40.723633320786945,9,observed,opendata,"building_density,dist_stream_m,elevation_m,flow_accum_proxy,impervious_frac,land_cover_urban,slope_deg",event_raster,extreme,1.0173528071720424,0.9946013263728702,0.9946013263728702,1
892a100d34bffff,9.015767370252668,0.724463825411337,1.0,0.6106587097799746,91.2316534040672,2059.654053286445,459.7944204716199,100.0,-73.98693361902893,40.726100255400425,9,observed,opendata,"building_density,dist_stream_m,elevation_m,flow_accum_proxy,impervious_frac,land_cover_urban,slope_deg",event_raster,extreme,1.0287053867726696,0.9940451241756056,0.9940451241756056,1
892a100d34fffff,7.623786851803391,0.7876910353087702,1.0,0.6167541903103995,42.08074534161491,1549.5437875150856,469.5322296464453,100.0,-73.98469334442134,40.72351784512154,9,observed,opendata,"building_density,dist_stream_m,elevation_m,flow_accum_proxy,impervious_frac,land_cover_urban,slope_deg",event_raster,extreme,0.9563832108139227,0.9944677952147564,0.9944677952147564,1
892a100d353ffff,4.521780591095443,0.7922351027484489,1.0,0.3845147181005604,163.48849557522124,2248.510841396396,200.38229868338775,100.0,-73.98062614592236,40.728913832547754,9,observed,opendata,"building_density,dist_stream_m,elevation_m,flow_accum_proxy,impervious_frac,land_cover_urban,slope_deg",event_raster,extreme,0.9662590452003457,0.9946013263728702,0.9946013263728702,1
892a100d35bffff,7.43764604587098,0.7497775448087897,1.0,0.5960472149587672,67.59272404614019,2626.4043840680247,338.56530135524065,100.0,-73.98490014831133,40.72879835041983,9,observed,opendata,"building_density,dist_stream_m,elevation_m,flow_accum_proxy,impervious_frac,land_cover_urban,slope_deg",event_raster,extreme,1.0203945231901397,0.9944677952147564,0.9944677952147564,1
892a100d363ffff,4.558396402247309,0.6824059780445793,1.0,0.47961942054258583,96.99378881987577,151.19047579800537,124.81542844448423,100.0,-73.98021354589461,40.718353158911775,9,observed,opendata,"building_density,dist_stream_m,elevation_m,flow_accum_proxy,impervious_frac,land_cover_urban,slope_deg",event_raster,extreme,0.09975222649400123,0.9874686736531841,0.9874686736531841,1
892a100d36bffff,7.702208926068976,0.8444553578259252,1.0,0.5499126501777705,51.695035460992905,1152.8241131085556,321.9705175347895,100.0,-73.98448658705743,40.71823768970741,9,observed,opendata,"building_density,dist_stream_m,elevation_m,flow_accum_proxy,impervious_frac,land_cover_urban,slope_deg",event_raster,extreme,1.0060693079586502,0.996818641683499,0.996818641683499,1
892a100d36fffff,7.427478178349197,0.768602399019046,1.0,0.9244821037088553,29.728155339805824,321.2952938329344,452.59705991548077,100.0,-73.98224682620025,40.71565549593136,9,observed,opendata,"building_density,dist_stream_m,elevation_m,flow_accum_proxy,impervious_frac,land_cover_urban,slope_deg",event_raster,extreme,0.9589934270125241,0.9792672544446374,0.9792672544446374,1
892a100d37bffff,6.074471894135438,0.8143881015933307,1.0,0.4704754439240941,124.49955869373345,1511.8273893827716,160.89249242991065,100.0,-73.98245332005493,40.7209354796179,9,observed,opendata,"building_density,dist_stream_m,elevation_m,flow_accum_proxy,impervious_frac,land_cover_urban,slope_deg",event_raster,extreme,0.9350461599998553,0.9946013263728702,0.9946013263728702,1
892a1072107ffff,-1.244210231430539,0.0,0.0,0.001968905035169407,1.1139575971731448,0.0,276.39558479499044,100.0,-74.0152384511325,40.738547522803785,9,observed,opendata,"building_density,dist_stream_m,elevation_m,flow_accum_proxy,impervious_frac,land_cover_urban,slope_deg",event_raster,extreme,0.004259511340704293,0.006545600024080351,0.006545600024080351,0
892a107210fffff,-1.245603721388455,0.0,0.0,0.0024840236519431246,1.1420689655172414,0.0,70.55081157722066,100.0,-74.01951335948576,40.738430764261196,9,observed,opendata,"building_density,dist_stream_m,elevation_m,flow_accum_proxy,impervious_frac,land_cover_urban,slope_deg",event_raster,extreme,0.004889406896419291,0.005996574687504146,0.005996574687504146,0
892a1072123ffff,-1.1687535791666106,0.000900871208065346,0.0,0.3894691946386747,1.1725663716814159,0.0,85.56397640721428,100.0,-74.01502818806925,40.73326636427724,9,observed,opendata,"building_density,dist_stream_m,elevation_m,flow_accum_proxy,impervious_frac,land_cover_urban,slope_deg",event_raster,extreme,0.006775271684283938,0.007229720083974567,0.007229720083974567,0
892a1072127ffff,0.317415078061613,0.41555844345398874,0.0,1.1515371945328723,2.019503546099291,28.34056861700412,10.769277976547698,100.0,-74.01278597804965,40.73068423115304,9,observed,opendata,"building_density,dist_stream_m,elevation_m,flow_accum_proxy,impervious_frac,land_cover_urban,slope_deg",event_raster,extreme,0.03260855512892222,0.9886629232484777,0.9886629232484777,1
892a107212bffff,-1.2623415277333616,0.0,0.0,0.0019051260698506435,1.1153358681875791,0.0,55.68654828373531,100.0,-74.01930261557044,40.733149612519036,9,observed,opendata,"building_density,dist_stream_m,elevation_m,flow_accum_proxy,impervious_frac,land_cover_urban,slope_deg",event_raster,extreme,0.004889406896419291,0.005996574687504146,0.005996574687504146,0
892a107212fffff,-1.2719176585760563,0.0,0.0,0.0020710156741099955,1.1103265666372462,0.0,281.9912208056584,100.0,-74.01706016873243,40.73056756172237,9,observed,opendata,"building_density,dist_stream_m,elevation_m,flow_accum_proxy,impervious_frac,land_cover_urban,slope_deg",event_raster,extreme,0.004259511340704293,0.006545600024080351,0.006545600024080351,0
892a1072133ffff,-1.2547325967474188,0.011688449909020519,0.0,0.014539379470053638,1.2198581560283688,0.0,201.69411041138994,100.0,-74.01299597705345,40.73596521818175,9,observed,opendata,"building_density,dist_stream_m,elevation_m,flow_accum_proxy,impervious_frac,land_cover_urban,slope_deg",event_raster,extreme,0.006775271684283938,0.00654404147170258,0.00654404147170258,0
892a1072137ffff,1.174219126347863,0.5746522394854691,1.0,2.5183943415297168,2.621693121693122,425.08797744245356,5.37697386660939,100.0,-74.01075375344374,40.73338295814338,9,observed,opendata,"building_density,dist_stream_m,elevation_m,flow_accum_proxy,impervious_frac,land_cover_urban,slope_deg",event_raster,extreme,0.981802322826808,0.9961339531838056,0.9961339531838056,1
892a107213bffff,-1.2532459888838035,0.0,0.0,0.0019723898133642112,1.1141592920353982,0.0,169.89203746611597,100.0,-74.01727064853625,40.735848541987394,9,observed,opendata,"building_density,dist_stream_m,elevation_m,flow_accum_proxy,impervious_frac,land_cover_urban,slope_deg",event_raster,extreme,0.006775271684283938,0.006545600024080351,0.006545600024080351,0
892a10721a3ffff,4.316668988278149,0.810046624022384,1.0,1.8137974072890093,3.891843971631206,1926.8792213966353,316.72234136691196,100.0,-74.00668861308876,40.73878056609214,9,observed,opendata,"building_density,dist_stream_m,elevation_m,flow_accum_proxy,impervious_frac,land_cover_urban,slope_deg",event_raster,extreme,0.9881570246451351,0.9952749536051246,0.9952749536051246,1
892a10721a7ffff,7.052639007568359,0.6748227885903766,1.0,2.454879452465389,3.2634361233480176,3202.183541481517,521.7561786592265,100.0,-74.00444661282785,40.736198096831764,9,observed,opendata,"building_density,dist_stream_m,elevation_m,flow_accum_proxy,impervious_frac,land_cover_urban,slope_deg",event_raster,extreme,1.0140523702981827,0.9937862460289328,0.9937862460289328,1
892a10721abffff,0.3745056632132155,0.4531976388452958,1.0,1.5648322338357759,2.828470380194518,85.00914149560414,30.192978641419867,100.0,-74.01096353565097,40.73866412341446,9,observed,opendata,"building_density,dist_stream_m,elevation_m,flow_accum_proxy,impervious_frac,land_cover_urban,slope_deg",event_raster,extreme,0.9220325626193685,0.982609790266784,0.982609790266784,1
892a10721afffff,3.490323402506515,0.7717079916091334,1.0,2.565414321656771,3.836734693877551,1492.4589766231668,162.56907783617552,100.0,-74.00872129846812,40.73608173646356,9,observed,opendata,"building_density,dist_stream_m,elevation_m,flow_accum_proxy,impervious_frac,land_cover_urban,slope_deg",event_raster,extreme,0.15152630969418052,0.9952749536051246,0.9952749536051246,1
892a10721b7ffff,6.6616377350283384,0.7675786899219282,1.0,2.2682631296537874,4.209405501330967,2144.1313790772338,628.2887068966103,100.0,-74.0024136834934,40.73889685083574,9,observed,opendata,"building_density,dist_stream_m,elevation_m,flow_accum_proxy,impervious_frac,land_cover_urban,slope_deg",event_raster,extreme,1.0140329503895549,0.9952749536051246,0.9952749536051246,1
892a1072803ffff,2.65648701923633,0.5302437733657009,1.0,2.270665179584076,5.706927175843695,85.06378881962674,132.49470306554372,100.0,-74.01600847979246,40.70416790835037,9,observed,opendata,"building_density,dist_stream_m,elevation_m,flow_accum_proxy,impervious_frac,land_cover_urban,slope_deg",event_raster,extreme,0.08054164848027871,0.10122426695481175,0.10122426695481175,0
892a1072807ffff,1.6114078660584474,0.5819010166048398,1.0,2.046023086208541,5.128456735057984,151.23225175612862,82.97119503353576,100.0,-74.01376760272267,40.701586760075365,9,observed,opendata,"building_density,dist_stream_m,elevation_m,flow_accum_proxy,impervious_frac,land_cover_urban,slope_deg",event_raster,extreme,0.09835404247836184,0.9893475071786169,0.9893475071786169,1
892a107280fffff,-1.3370467938745398,0.028975524272422386,0.0,0.5123472929279798,1.525974025974026,0.0,0.0,100.0,-74.01803914737917,40.70147004899095,9,observed,opendata,"building_density,dist_stream_m,elevation_m,flow_accum_proxy,impervious_frac,land_cover_urban,slope_deg",event_raster,extreme,0.0033343553086870627,0.006622701980343515,0.006622701980343515,0
892a1072813ffff,4.757909091482039,0.6756658137056186,1.0,2.907952293813123,6.783496007098492,368.59190874266267,371.57158043151173,100.0,-74.01397758214198,40.706865819195635,9,observed,opendata,"building_density,dist_stream_m,elevation_m,flow_accum_proxy,impervious_frac,land_cover_urban,slope_deg",event_raster,extreme,0.58653909097368,0.682610677344955,0.682610677344955,1
892a1072817ffff,3.2313881373032927,0.6825446705638835,1.0,1.721366807106322,10.882300884955752,708.8668630217252,319.636147017686,100.0,-74.01173669149,40.70428454398579,9,observed,opendata,"building_density,dist_stream_m,elevation_m,flow_accum_proxy,impervious_frac,land_cover_urban,slope_deg",event_raster,extreme,0.6778789076992869,0.9797890264311113,0.9797890264311113,1
892a107281bffff,2.023151150882589,0.42096411184423616,0.0,2.024363885360469,4.380907372400756,103.9615340098801,31.794590522004142,100.0,-74.01824960700279,40.70674910133614,9,observed,opendata,"building_density,dist_stream_m,elevation_m,flow_accum_proxy,impervious_frac,land_cover_urban,slope_deg",event_raster,extreme,0.6978338838982956,0.8989069921429566,0.8989069921429566,1
892a1072883ffff,8.922210955027992,0.7588398242567448,1.0,2.3353083899825915,7.2322695035460995,1030.120124695829,596.7256724902888,100.0,-74.0076741787482,40.7096802661834,9,observed,opendata,"building_density,dist_stream_m,elevation_m,flow_accum_proxy,impervious_frac,land_cover_urban,slope_deg",event_raster,extreme,0.9877292721307683,0.9871505491695295,0.9871505491695295,1
892a1072887ffff,2.9274467377666884,0.8042919578754976,1.0,1.461862499947743,9.070859167404784,774.9924081806565,245.3926512359821,100.0,-74.00543351115385,40.70709878183493,9,observed,opendata,"building_density,dist_stream_m,elevation_m,flow_accum_proxy,impervious_frac,land_cover_urban,slope_deg",event_raster,extreme,0.19043598227579306,0.9947822396118083,0.9947822396118083,1
892a107288bffff,6.8140680247396626,0.6931798278706746,1.0,2.661106989432097,5.9602824360105915,453.62962431648236,495.74444516838486,100.0,-74.01194645439377,40.70956378150535,9,observed,opendata,"building_density,dist_stream_m,elevation_m,flow_accum_proxy,impervious_frac,land_cover_urban,slope_deg",event_raster,extreme,0.9029216965266764,0.9856195577188743,0.9856195577188743,1
892a107288fffff,7.188058330153064,0.7173866428712756,1.0,2.4025649552963024,9.579928952042629,359.14182700615174,462.2629199953974,100.0,-74.00970555017649,40.70698237936226,9,observed,opendata,"building_density,dist_stream_m,elevation_m,flow_accum_proxy,impervious_frac,land_cover_urban,slope_deg",event_raster,extreme,0.9575309359446068,0.9726099062912892,0.9726099062912892,1
892a1072893ffff,11.262848785343053,0.7263321208279286,1.0,1.9915120704881815,6.039787798408488,151.20297726536566,775.6966395657986,100.0,-74.0056425771711,40.71237820442782,9,observed,opendata,"building_density,dist_stream_m,elevation_m,flow_accum_proxy,impervious_frac,land_cover_urban,slope_deg",event_raster,extreme,0.9351993100160946,0.9751288638072597,0.9751288638072597,1
892a1072897ffff,5.569709723511486,0.8555565739565707,1.0,2.273207934655857,8.308510638297872,207.91473139914538,385.0671092458108,100.0,-74.00340189606727,40.70979659314705,9,observed,opendata,"building_density,dist_stream_m,elevation_m,flow_accum_proxy,impervious_frac,land_cover_urban,slope_deg",event_raster,extreme,0.04817956905297741,0.01988580068224575,0.01988580068224575,0
892a107289bffff,7.712624753620608,0.7764448562359556,1.0,2.7475653704031244,9.71808510638298,292.95495570924857,558.5752571064745,100.0,-74.0099150965138,40.712261795258144,9,observed,opendata,"building_density,dist_stream_m,elevation_m,flow_accum_proxy,impervious_frac,land_cover_urban,slope_deg",event_raster,extreme,0.13042957376010458,0.06913181423080506,0.06913181423080506,0
892a10728a3ffff,-1.5726857119047322,0.0784251398554947,0.0,0.2898379599521831,1.0292812777284828,0.0,73.32015581890238,100.0,-74.00522449215495,40.701819709283896,9,observed,opendata,"building_density,dist_stream_m,elevation_m,flow_accum_proxy,impervious_frac,land_cover_urban,slope_deg",event_raster,extreme,0.004889406896419291,0.006622804025672423,0.006622804025672423,0
892a10728abffff,0.22196179265842278,0.3718145575104554,0.0,2.5820669820276025,2.298136645962733,56.71225117878575,0.8446074577657002,100.0,-74.00949605096544,40.70170331350669,9,observed,opendata,"building_density,dist_stream_m,elevation_m,flow_accum_proxy,impervious_frac,land_cover_urban,slope_deg",event_raster,extreme,0.03096673435304305,0.982637316366974,0.982637316366974,1
892a10728b3ffff,-0.4870497256223221,0.49567284006766543,1.0,2.1712579597957524,1.9165927240461402,94.51610611110473,10.516055068376316,100.0,-74.00319309369571,40.704517342235015,9,observed,opendata,"building_density,dist_stream_m,elevation_m,flow_accum_proxy,impervious_frac,land_cover_urban,slope_deg",event_raster,extreme,0.9448069669760015,0.9813716044575953,0.9813716044575953,1
892a10728b7ffff,-0.9806179591639616,0.0,0.0,0.3161091028360746,1.127208480565371,0.0,59.22258075877662,100.0,-74.00095292633873,40.701935947405886,9,observed,opendata,"building_density,dist_stream_m,elevation_m,flow_accum_proxy,impervious_frac,land_cover_urban,slope_deg",event_raster,extreme,0.004889406896419291,0.006621575143735332,0.006621575143735332,0
892a10728bbffff,2.0601404048502445,0.7904088938592282,1.0,1.743971494628133,5.03716814159292,274.09594606258895,110.18259960725099,100.0,-74.00746489610857,40.70440102194768,9,observed,opendata,"building_density,dist_stream_m,elevation_m,flow_accum_proxy,impervious_frac,land_cover_urban,slope_deg",event_raster,extreme,0.6726436857554673,0.9923627630611189,0.9923627630611189,1
892a10728c3ffff,0.05904686971246076,0.13796571541451375,0.0,1.5677625111651512,1.9663699307616223,37.800430796165834,44.073493875148166,100.0,-74.01846011396844,40.71202850371857,9,observed,opendata,"building_density,dist_stream_m,elevation_m,flow_accum_proxy,impervious_frac,land_cover_urban,slope_deg",event_raster,extreme,0.023213643352408848,0.006622804025672423,0.006622804025672423,0
892a10728c7ffff,3.484364738167258,0.7194522560013007,1.0,1.499252905388228,4.744454303460515,170.11063964926095,190.96972244844167,100.0,-74.01621872295645,40.70944713911399,9,observed,opendata,"building_density,dist_stream_m,elevation_m,flow_accum_proxy,impervious_frac,land_cover_urban,slope_deg",event_raster,extreme,0.9815784285881546,0.9937638412709101,0.9937638412709101,1
892a10728d3ffff,2.481532600551573,0.49582678128805785,1.0,1.8735272491190325,4.082373782108061,47.24825197706178,84.5729345003708,100.0,-74.01642901341648,40.71472671988807,9,observed,opendata,"building_density,dist_stream_m,elevation_m,flow_accum_proxy,impervious_frac,land_cover_urban,slope_deg",event_raster,extreme,-0.002345142927599288,0.01593579422711894,0.01593579422711894,0
892a10728d7ffff,2.931888463690626,0.677911390200363,1.0,4.601608386528282,4.339539007092198,85.05120361431818,210.1953156055651,100.0,-74.01418760879541,40.71214522835471,9,observed,opendata,"building_density,dist_stream_m,elevation_m,flow_accum_proxy,impervious_frac,land_cover_urban,slope_deg",event_raster,extreme,0.9533794301013536,0.9791607790418985,0.9791607790418985,1
892a1072c03ffff,4.2932088043778505,0.8583850078548946,1.0,2.5051607393613415,6.816489361702128,1861.3213243558853,865.4100382560167,100.0,-74.00178736299634,40.72305436427269,9,observed,opendata,"building_density,dist_stream_m,elevation_m,flow_accum_proxy,impervious_frac,land_cover_urban,slope_deg",event_raster,extreme,0.20736919921634006,0.08387801008453365,0.08387801008453365,0
892a1072c07ffff,6.605340302726368,0.8410216737571427,1.0,1.4467327309742806,28.275132275132275,1285.0388219611018,564.5032169882154,100.0,-73.99954639120696,40.72047232748709,9,observed,opendata,"building_density,dist_stream_m,elevation_m,flow_accum_proxy,impervious_frac,land_cover_urban,slope_deg",event_raster,extreme,0.9768927255521093,0.9966446287586735,0.9966446287586735,1
892a1072c0bffff,3.1183968083867177,0.8373021402333735,1.0,1.585640136642026,6.713780918727915,500.76018033607596,519.9946338874875,100.0,-74.00606085032427,40.72293809951892,9,observed,opendata,"building_density,dist_stream_m,elevation_m,flow_accum_proxy,impervious_frac,land_cover_urban,slope_deg",event_raster,extreme,0.9764850399709482,0.9882110895203727,0.9882110895203727,1
892a1072c0fffff,3.224952309280006,0.8600292421593112,1.0,2.251709377186533,5.191659272404614,1691.33314417581,751.8577441382931,100.0,-74.00381964174338,40.720356144961315,9,observed,opendata,"building_density,dist_stream_m,elevation_m,flow_accum_proxy,impervious_frac,land_cover_urban,slope_deg",event_raster,extreme,0.23509782254255865,0.40062867424765053,0.40062867424765053,0
892a1072c13ffff,7.151620798161465,0.8145879277168705,1.0,1.6993922348950463,41.68314210061783,1549.4514629997427,802.1002782832692,100.0,-73.99975485394748,40.725752634920234,9,observed,opendata,"building_density,dist_stream_m,elevation_m,flow_accum_proxy,impervious_frac,land_cover_urban,slope_deg",event_raster,extreme,0.16384014661876914,0.08292414943031168,0.08292414943031168,0
892a1072c17ffff,10.198771477168709,0.8244139280272672,1.0,0.7360372628220014,28.259094942324754,1473.9438468723345,508.0108038763589,100.0,-73.99751386869457,40.723170471210885,9,observed,opendata,"building_density,dist_stream_m,elevation_m,flow_accum_proxy,impervious_frac,land_cover_urban,slope_deg",event_raster,extreme,0.9807521626716416,0.9822326850257688,0.9822326850257688,1
892a1072c1bffff,5.673303576802786,0.7975637626595202,1.0,2.378304749199774,4.083185840707965,1464.4165055721448,641.0700373126868,100.0,-74.00402858507962,40.725636445753395,9,observed,opendata,"building_density,dist_stream_m,elevation_m,flow_accum_proxy,impervious_frac,land_cover_urban,slope_deg",event_raster,extreme,0.9807379868536724,0.9952749536051246,0.9952749536051246,1
892a1072c23ffff,7.023031471539239,0.7878730083913744,1.0,2.118787463696774,12.99027409372237,2003.3481158853901,592.0702373556267,100.0,-73.99933797536255,40.7151923699604,9,observed,opendata,"building_density,dist_stream_m,elevation_m,flow_accum_proxy,impervious_frac,land_cover_urban,slope_deg",event_raster,extreme,0.927667850386559,0.9772925026112904,0.9772925026112904,1
892a1072c27ffff,7.723999054774933,0.8048641631647706,1.0,1.4267959467682914,23.867673179396093,1738.843936658697,424.4953379874368,100.0,-73.99709751749248,40.7126105495616,9,observed,opendata,"building_density,dist_stream_m,elevation_m,flow_accum_proxy,impervious_frac,land_cover_urban,slope_deg",event_raster,extreme,1.0338070351076687,0.9854527018116627,0.9854527018116627,1
892a1072c2bffff,7.50795755621968,0.7906457943231952,1.0,3.341884759629101,8.311446317657499,226.79349384895684,882.0539515274926,100.0,-74.0036107454112,40.71507619407417,9,observed,opendata,"building_density,dist_stream_m,elevation_m,flow_accum_proxy,impervious_frac,land_cover_urban,slope_deg",event_raster,extreme,0.9578129386323792,0.9491834545306036,0.9491834545306036,1
892a1072c2fffff,6.750803836903214,0.7820344690464239,1.0,2.8033311240968453,10.878761061946904,160.65361058022287,521.231579974247,100.0,-74.00137005081483,40.71249445586266,9,observed,opendata,"building_density,dist_stream_m,elevation_m,flow_accum_proxy,impervious_frac,land_cover_urban,slope_deg",event_raster,extreme,0.048005302334259245,0.053993705362796185,0.053993705362796185,0
892a1072c33ffff,9.364033672803254,0.8423395209219356,1.0,1.273028352695328,58.2058562555457,2182.787892911437,318.50934319660433,100.0,-73.99730566967641,40.71789033541887,9,observed,opendata,"building_density,dist_stream_m,elevation_m,flow_accum_proxy,impervious_frac,land_cover_urban,slope_deg",event_raster,extreme,0.9296478619828364,0.9915204026396944,0.9915204026396944,1
892a1072c37ffff,12.519163254088005,0.84124259394882,1.0,0.4026752741117261,5.199115044247788,1115.0742414708113,346.9968464519467,100.0,-73.99506519836963,40.715308388090286,9,observed,opendata,"building_density,dist_stream_m,elevation_m,flow_accum_proxy,impervious_frac,land_cover_urban,slope_deg",event_raster,extreme,0.9714348089161176,0.9940014934595489,0.9940014934595489,1
892a1072c3bffff,4.9859451791073415,0.8182168997401464,1.0,1.7353437766936404,23.279255319148938,963.8257276568502,678.3734528741107,100.0,-74.00157868343452,40.71777423510105,9,observed,opendata,"building_density,dist_stream_m,elevation_m,flow_accum_proxy,impervious_frac,land_cover_urban,slope_deg",event_raster,extreme,0.9018654699483225,0.9819723132919919,0.9819723132919919,1
892a1072c43ffff,-0.34831464372636434,0.3682826093679828,0.0,0.9866996590748839,1.8385093167701863,56.686775955187926,73.91770816004416,100.0,-74.0125760262977,40.72540359391589,9,observed,opendata,"building_density,dist_stream_m,elevation_m,flow_accum_proxy,impervious_frac,land_cover_urban,slope_deg",event_raster,extreme,0.9004798489498761,0.9847057216211279,0.9847057216211279,1
892a1072c47ffff,2.547894026896777,0.8201735348302367,1.0,2.3564876728912667,5.242263483642794,699.1726514432072,163.92701914499355,100.0,-74.0103343306308,40.722821676950645,9,observed,opendata,"building_density,dist_stream_m,elevation_m,flow_accum_proxy,impervious_frac,land_cover_urban,slope_deg",event_raster,extreme,0.9197057055330874,0.993790538401648,0.993790538401648,1
892a1072c4bffff,-1.2900021594457947,0.0014763974890152297,0.0,5.702596368034891e-05,1.0008818342151675,0.0,187.8605396129888,100.0,-74.0168497362885,40.725286931247396,9,observed,opendata,"building_density,dist_stream_m,elevation_m,flow_accum_proxy,impervious_frac,land_cover_urban,slope_deg",event_raster,extreme,0.006775271684283938,0.006545600024080351,0.006545600024080351,0
892a1072c4fffff,-1.161287446890585,0.0447266003459497,0.0,0.4596328005417165,1.2608695652173914,0.0,140.3234588264029,100.0,-74.01460780386842,40.722705096568944,9,observed,opendata,"building_density,dist_stream_m,elevation_m,flow_accum_proxy,impervious_frac,land_cover_urban,slope_deg",event_raster,extreme,0.006775271684283938,0.007231061008476332,0.007231061008476332,0
892a1072c53ffff,1.9555521175107349,0.7633290490458058,1.0,1.1873713692365537,7.075971731448763,66.13137394199363,71.43709374848122,100.0,-74.01054401844232,40.72810214263707,9,observed,opendata,"building_density,dist_stream_m,elevation_m,flow_accum_proxy,impervious_frac,land_cover_urban,slope_deg",event_raster,extreme,0.22430947425760625,0.9860909368696139,0.9860909368696139,1
892a1072c57ffff,3.514800943548076,0.8302934958778513,1.0,1.819967707911089,5.66607617360496,840.8561724487623,286.44378255906025,100.0,-74.00830230921224,40.725520098751595,9,observed,opendata,"building_density,dist_stream_m,elevation_m,flow_accum_proxy,impervious_frac,land_cover_urban,slope_deg",event_raster,extreme,1.0012871431948627,0.9852833137288859,0.9852833137288859,1
892a1072c5bffff,-0.8428097461656303,0.10984742635468382,0.0,0.5836362477393608,1.5066430469441985,9.447313010440817,57.501836315687896,100.0,-74.01481797231988,40.72798555551391,9,observed,opendata,"building_density,dist_stream_m,elevation_m,flow_accum_proxy,impervious_frac,land_cover_urban,slope_deg",event_raster,extreme,0.007674759392952885,0.006622804025672423,0.006622804025672423,0
892a1072c63ffff,4.2673741474430615,0.8219122340942316,1.0,2.0084490032737796,5.486702127659575,1266.1953883310819,274.05239049365883,100.0,-74.01012468999326,40.71754156113931,9,observed,opendata,"building_density,dist_stream_m,elevation_m,flow_accum_proxy,impervious_frac,land_cover_urban,slope_deg",event_raster,extreme,0.9843837661355505,0.9938642979591475,0.9938642979591475,1
892a1072c67ffff,7.788459052950699,0.8413992756324843,1.0,3.907488061053994,5.588287488908607,1341.85777601752,584.0583609600243,100.0,-74.0078835084681,40.714959860432664,9,observed,opendata,"building_density,dist_stream_m,elevation_m,flow_accum_proxy,impervious_frac,land_cover_urban,slope_deg",event_raster,extreme,0.031038125181465474,0.017833765173972234,0.017833765173972234,0
892a1072c6bffff,3.2672228431684474,0.5787093077102237,1.0,2.1669509367091364,3.8172138420585626,170.08547742299527,112.32795731011394,100.0,-74.01439768269891,40.7174249874975,9,observed,opendata,"building_density,dist_stream_m,elevation_m,flow_accum_proxy,impervious_frac,land_cover_urban,slope_deg",event_raster,extreme,0.9526996042214866,0.9937638412709101,0.9937638412709101,1
892a1072c6fffff,3.136374092007357,0.831038793182331,1.0,1.5473093555192976,6.80847308031774,340.1883531512311,396.6534117043157,100.0,-74.01215626448567,40.714843369036934,9,observed,opendata,"building_density,dist_stream_m,elevation_m,flow_accum_proxy,impervious_frac,land_cover_urban,slope_deg",event_raster,extreme,0.9764850399709482,0.9882110895203727,0.9882110895203727,1
892a1072c73ffff,4.1967949382300285,0.8333007256824074,1.0,2.2879528788909984,4.73758865248227,982.6712743630726,401.6963379925279,100.0,-74.00809288528414,40.720239804640435,9,observed,opendata,"building_density,dist_stream_m,elevation_m,flow_accum_proxy,impervious_frac,land_cover_urban,slope_deg",event_raster,extreme,0.9739240480990218,0.9949830002985949,0.9949830002985949,1
892a1072c77ffff,5.6662136831269905,0.8130936428668007,1.0,4.059397831749716,4.3236331569664905,1096.1124817818738,627.7431121446654,100.0,-74.00585169022261,40.71765797700752,9,observed,opendata,"building_density,dist_stream_m,elevation_m,flow_accum_proxy,impervious_frac,land_cover_urban,slope_deg",event_raster,extreme,0.986256322356674,0.9902610449258966,0.9902610449258966,1
892a1072c7bffff,1.902728762075437,0.7126534563234278,1.0,2.3460006812533294,3.465486725663717,132.28230515975247,58.60282131263422,100.0,-74.0123661217817,40.72012330652548,9,observed,opendata,"building_density,dist_stream_m,elevation_m,flow_accum_proxy,impervious_frac,land_cover_urban,slope_deg",event_raster,extreme,0.9315487842844504,0.9865420674721963,0.9865420674721963,1
892a1072c83ffff,12.20279057820638,0.8469762852582982,1.0,0.36826044459105756,7.988536155202822,888.0597865952863,760.4716194687879,100.0,-73.9934481326791,40.72856691258619,9,observed,opendata,"building_density,dist_stream_m,elevation_m,flow_accum_proxy,impervious_frac,land_cover_urban,slope_deg",event_raster,extreme,0.07785229134756688,0.03589695905634855,0.03589695905634855,0
892a1072c87ffff,12.264326432371098,0.8152074481971304,1.0,0.3394230585807675,17.648624667258208,1842.345911113676,462.0083717881582,100.0,-73.9912073708746,40.72598453974479,9,observed,opendata,"building_density,dist_stream_m,elevation_m,flow_accum_proxy,impervious_frac,land_cover_urban,slope_deg",event_raster,extreme,1.0174765230536305,0.9937007701460461,0.9937007701460461,1
892a1072c8bffff,9.429328278024146,0.7233460338138942,1.0,0.6734564154943887,23.265070921985817,651.8718455255221,889.9547766257627,100.0,-73.99772211456276,40.72845095688254,9,observed,opendata,"building_density,dist_stream_m,elevation_m,flow_accum_proxy,impervious_frac,land_cover_urban,slope_deg",event_raster,extreme,0.08486083342410122,0.07266479499479639,0.07266479499479639,0
892a1072c8fffff,12.246182042656216,0.8136129879148294,1.0,0.5038595598269768,6.734929078014185,935.3422204308371,546.3894731808638,100.0,-73.99548111586327,40.72586866625106,9,observed,opendata,"building_density,dist_stream_m,elevation_m,flow_accum_proxy,impervious_frac,land_cover_urban,slope_deg",event_raster,extreme,0.9865471960628771,0.9907765507405029,0.9907765507405029,1
892a1072c93ffff,11.8914575407541,0.8001684291022164,1.0,0.28935888200521487,12.048802129547472,557.372289523423,1047.3043142563813,100.0,-73.99141491910795,40.731265210194884,9,observed,opendata,"building_density,dist_stream_m,elevation_m,flow_accum_proxy,impervious_frac,land_cover_urban,slope_deg",event_raster,extreme,0.9685779714748544,0.9822776876367451,0.9822776876367451,1
892a1072c97ffff,11.265525324998704,0.7905486662830926,1.0,0.5516243082743171,13.380530973451327,1738.3346853419323,792.4269691745822,100.0,-73.98917414391278,40.72868271043228,9,observed,opendata,"building_density,dist_stream_m,elevation_m,flow_accum_proxy,impervious_frac,land_cover_urban,slope_deg",event_raster,extreme,0.9999792634490635,0.9914882888048492,0.9914882888048492,1
892a1072c9bffff,9.212313166746856,0.6809637688417384,1.0,0.6738186129335816,47.548758865248224,708.5221069615744,1086.0109406190609,100.0,-73.99568914480811,40.73114933013826,9,observed,opendata,"building_density,dist_stream_m,elevation_m,flow_accum_proxy,impervious_frac,land_cover_urban,slope_deg",event_raster,extreme,0.06465286552837136,0.06657647117475568,0.06657647117475568,0
892a1072ca3ffff,12.025030336659253,0.7556153704555244,1.0,0.2940276810476274,12.147293700088731,1247.2505553983267,84.38759287042322,100.0,-73.99099986933716,40.72070421914906,9,observed,opendata,"building_density,dist_stream_m,elevation_m,flow_accum_proxy,impervious_frac,land_cover_urban,slope_deg",event_raster,extreme,0.8063531707248235,0.9940668950870011,0.9940668950870011,1
892a1072ca7ffff,10.782664090079049,0.8328670469695182,1.0,0.45036635661576696,22.157243816254418,1115.0234541193768,424.74878310589344,100.0,-73.98875962144035,40.718122062723076,9,observed,opendata,"building_density,dist_stream_m,elevation_m,flow_accum_proxy,impervious_frac,land_cover_urban,slope_deg",event_raster,extreme,1.0201219089709466,0.9932295424978177,0.9932295424978177,1
892a1072cabffff,11.095445124420896,0.8427272178727615,1.0,0.6464392311204525,31.192205491585472,1974.8078338604018,271.5749827951448,100.0,-73.99527313372238,40.72058835221668,9,observed,opendata,"building_density,dist_stream_m,elevation_m,flow_accum_proxy,impervious_frac,land_cover_urban,slope_deg",event_raster,extreme,1.014988090122418,0.9963314392026582,0.9963314392026582,1
892a1072cafffff,11.994016297095644,0.7322864742933122,1.0,0.3086950644923362,8.98141592920354,1719.7771002353145,28.50956306939325,100.0,-73.99303264899582,40.718006277959894,9,observed,opendata,"building_density,dist_stream_m,elevation_m,flow_accum_proxy,impervious_frac,land_cover_urban,slope_deg",event_raster,extreme,0.9258029873571527,0.9950416793716332,0.9950416793716332,1
892a1072cb3ffff,11.074704928946707,0.7586122503059101,1.0,0.48524120679471344,20.41061946902655,1294.4323151425754,277.6380400981097,100.0,-73.98896685935952,40.72340221163636,9,observed,opendata,"building_density,dist_stream_m,elevation_m,flow_accum_proxy,impervious_frac,land_cover_urban,slope_deg",event_raster,extreme,1.0102137212308477,0.9936228804459781,0.9936228804459781,1
892a1072cb7ffff,9.339145336455218,0.8552463919953819,1.0,0.5276632916621131,68.20637732506643,1984.2678383902655,412.65343141108275,100.0,-73.98672659809884,40.72081992828315,9,observed,opendata,"building_density,dist_stream_m,elevation_m,flow_accum_proxy,impervious_frac,land_cover_urban,slope_deg",event_raster,extreme,0.9458342946209947,0.9948366601196726,0.9948366601196726,1
892a1072cbbffff,12.762222649455596,0.8024708801208086,1.0,0.2504956266935874,5.0767872903795235,1558.9834393198794,203.1890496773189,100.0,-73.99324036746646,40.723286420332464,9,observed,opendata,"building_density,dist_stream_m,elevation_m,flow_accum_proxy,impervious_frac,land_cover_urban,slope_deg",event_raster,extreme,0.0505531948999358,0.034460486123022806,0.034460486123022806,0
892a1072cc3ffff,5.021779360649129,0.7604603626406098,1.0,2.5240160441790547,3.646072374227714,3108.0329406991164,579.8930242760941,100.0,-74.00423757543584,40.73091709639526,9,observed,opendata,"building_density,dist_stream_m,elevation_m,flow_accum_proxy,impervious_frac,land_cover_urban,slope_deg",event_raster,extreme,1.0037445345407963,0.9952749536051246,0.9952749536051246,1
892a1072cc7ffff,6.335099465458105,0.7716762523384805,1.0,2.2285172477734427,6.5186170212765955,2154.0052973218535,790.8201105957855,100.0,-74.00199608951623,40.72833484332245,9,observed,opendata,"building_density,dist_stream_m,elevation_m,flow_accum_proxy,impervious_frac,land_cover_urban,slope_deg",event_raster,extreme,0.9364521021035163,0.9813151735302427,0.9813151735302427,1
892a1072ccbffff,3.949927084623499,0.8564808873842794,1.0,1.44184564673573,6.4361702127659575,793.5381194537293,221.09262357104407,100.0,-74.00851178026825,40.730800742711025,9,observed,opendata,"building_density,dist_stream_m,elevation_m,flow_accum_proxy,impervious_frac,land_cover_urban,slope_deg",event_raster,extreme,0.10526372282088528,0.048743708518111446,0.048743708518111446,0
892a1072ccfffff,4.811616908458611,0.8262339234880054,1.0,1.5041684174202417,5.20903454384411,632.9734784051827,430.5909900985706,100.0,-74.00627005749193,40.728218571906936,9,observed,opendata,"building_density,dist_stream_m,elevation_m,flow_accum_proxy,impervious_frac,land_cover_urban,slope_deg",event_raster,extreme,0.9942526166715492,0.9923753712110632,0.9923753712110632,1
892a1072cd3ffff,6.292136560113138,0.7342474236952051,1.0,2.4087331836363286,4.962699822380107,2833.9356052085463,718.4712811740419,100.0,-74.00220486300994,40.73361567219517,9,observed,opendata,"building_density,dist_stream_m,elevation_m,flow_accum_proxy,impervious_frac,land_cover_urban,slope_deg",event_raster,extreme,1.0139524033907164,0.9949136355994951,0.9949136355994951,1
892a1072cd7ffff,6.3454502793588405,0.6991286779566283,1.0,0.9856376070306059,25.62367491166078,1681.5544272968061,947.1117436838457,100.0,-73.99996336359993,40.731033292204685,9,observed,opendata,"building_density,dist_stream_m,elevation_m,flow_accum_proxy,impervious_frac,land_cover_urban,slope_deg",event_raster,extreme,0.3754866203257763,0.4164363892395431,0.4164363892395431,0
892a1072cdbffff,6.107823018486618,0.7611381993596013,1.0,2.269893973649658,3.374113475177305,2115.9993596634827,358.16223754500106,100.0,-74.00647931174146,40.73349939411639,9,observed,opendata,"building_density,dist_stream_m,elevation_m,flow_accum_proxy,impervious_frac,land_cover_urban,slope_deg",event_raster,extreme,1.0140329503895549,0.9952749536051246,0.9952749536051246,1
892a1072d03ffff,1.590340914608345,0.5288758778914862,1.0,1.0591224808821564,16.853463587921848,283.55149725183156,28.185187013682967,100.0,-73.98610581467901,40.70498104661735,9,observed,opendata,"building_density,dist_stream_m,elevation_m,flow_accum_proxy,impervious_frac,land_cover_urban,slope_deg",event_raster,extreme,0.0877920685679865,0.9945001075457706,0.9945001075457706,1
892a1072d07ffff,10.762117116586536,0.8415288269414124,1.0,1.5970599489907424,10.291666666666666,756.176043143882,344.00014565055346,100.0,-73.98386659396525,40.70239932332069,9,observed,opendata,"building_density,dist_stream_m,elevation_m,flow_accum_proxy,impervious_frac,land_cover_urban,slope_deg",event_raster,extreme,0.40742877296803903,0.07716635051214998,0.07716635051214998,0
892a1072d0bffff,0.7995113048904113,0.35536513017165533,0.0,0.7994096866960058,18.744454303460515,75.61351958299149,6.467186353529706,100.0,-73.99037764474299,40.70486535703891,9,observed,opendata,"building_density,dist_stream_m,elevation_m,flow_accum_proxy,impervious_frac,land_cover_urban,slope_deg",event_raster,extreme,0.9421578052507243,0.9773710436843708,0.9773710436843708,1
892a1072d0fffff,7.928156178783886,0.8402945085450888,1.0,2.3063534880822787,24.872679045092838,472.6086933239451,262.5052892050419,100.0,-73.98813818732994,40.702283715830056,9,observed,opendata,"building_density,dist_stream_m,elevation_m,flow_accum_proxy,impervious_frac,land_cover_urban,slope_deg",event_raster,extreme,0.042412182241065854,0.040491606621142255,0.040491606621142255,0
892a1072d13ffff,0.0,6.206303259953394e-05,0.0,0.0,1.0,0.0,22.319315130246963,100.0,-73.98407321184507,40.7076784287519,9,observed,opendata,"building_density,dist_stream_m,elevation_m,flow_accum_proxy,impervious_frac,land_cover_urban,slope_deg",event_raster,extreme,0.003245212094772012,0.005996574687504146,0.005996574687504146,0
892a1072d17ffff,2.8913749688511006,0.6059435164123214,1.0,1.7026199507535296,16.142477876106195,160.6796359796284,83.96133395857375,100.0,-73.98183397782091,40.705096578515935,9,observed,opendata,"building_density,dist_stream_m,elevation_m,flow_accum_proxy,impervious_frac,land_cover_urban,slope_deg",event_raster,extreme,0.021839995382667347,0.9791944735181491,0.9791944735181491,1
892a1072d1bffff,0.0026818050874574868,0.02727092446126052,0.0,0.012100506389831183,1.245583038869258,0.0,14.319801716433302,100.0,-73.98834528544127,40.70756281476486,9,observed,opendata,"building_density,dist_stream_m,elevation_m,flow_accum_proxy,impervious_frac,land_cover_urban,slope_deg",event_raster,extreme,0.003245212094772012,0.005996574687504146,0.005996574687504146,0
892a1072d43ffff,0.015154459671701303,0.12421828627330582,0.0,0.05606836178538136,7.1154529307282415,0.0,156.69860851443136,100.0,-73.996889412127,40.70733111369415,9,observed,opendata,"building_density,dist_stream_m,elevation_m,flow_accum_proxy,impervious_frac,land_cover_urban,slope_deg",event_raster,extreme,0.007735079840803386,0.00654404147170258,0.00654404147170258,0
892a1072d47ffff,0.2163803129431478,0.24624487726967223,0.0,0.31083533356238874,6.186948853615521,47.25831705776505,50.62651721616155,100.0,-73.99464946796543,40.704749509781685,9,observed,opendata,"building_density,dist_stream_m,elevation_m,flow_accum_proxy,impervious_frac,land_cover_urban,slope_deg",event_raster,extreme,0.007735079840803386,0.006622804025672423,0.006622804025672423,0
892a1072d4bffff,1.1078865746912683,0.6908184865397582,1.0,1.4778256314607159,6.647214854111406,746.6411058045181,40.62466400841475,100.0,-74.0011614651215,40.70721502661259,9,observed,opendata,"building_density,dist_stream_m,elevation_m,flow_accum_proxy,impervious_frac,land_cover_urban,slope_deg",event_raster,extreme,0.18613959676973352,0.9965189029525228,0.9965189029525228,1
892a1072d4fffff,-0.08578551888530687,0.011900022013993816,0.0,0.3114103926546263,1.0887311446317658,0.0,64.25735544530582,100.0,-73.99892128429882,40.704633504846704,9,observed,opendata,"building_density,dist_stream_m,elevation_m,flow_accum_proxy,impervious_frac,land_cover_urban,slope_deg",event_raster,extreme,0.004889406896419291,0.006622804025672423,0.006622804025672423,0
892a1072d53ffff,2.026568944043881,0.6616443984805617,1.0,1.112668475074511,34.433362753751105,189.0144481545402,105.05332840688098,100.0,-73.99485730978921,40.71002877392692,9,observed,opendata,"building_density,dist_stream_m,elevation_m,flow_accum_proxy,impervious_frac,land_cover_urban,slope_deg",event_raster,extreme,0.9135321459657093,0.990469185128147,0.990469185128147,1
892a1072d57ffff,0.0,0.06334868669555467,0.0,0.0,1.0,0.0,50.941442126674765,100.0,-73.99261735221776,40.70744704307861,9,observed,opendata,"building_density,dist_stream_m,elevation_m,flow_accum_proxy,impervious_frac,land_cover_urban,slope_deg",event_raster,extreme,0.004889406896419291,0.005996574687504146,0.005996574687504146,0
892a1072d5bffff,3.007810039511809,0.7162455200145008,1.0,1.1601749286055565,36.18173758865248,122.85904752112582,183.70001333626666,100.0,-73.99912960639843,40.70991276239524,9,observed,opendata,"building_density,dist_stream_m,elevation_m,flow_accum_proxy,impervious_frac,land_cover_urban,slope_deg",event_raster,extreme,0.6627675680329443,0.8830435711049343,0.8830435711049343,1
892a1072d73ffff,7.979015965762401,0.8276944767624193,1.0,2.748658584579693,20.119005328596803,510.41595335163436,220.51159674141527,100.0,-73.99240977387873,40.702167950680035,9,observed,opendata,"building_density,dist_stream_m,elevation_m,flow_accum_proxy,impervious_frac,land_cover_urban,slope_deg",event_raster,extreme,0.2940269615211084,0.0751364108442748,0.0751364108442748,0
892a1072d7bffff,1.6326398657788805,0.6059491303951844,1.0,1.8325589559671047,9.464951197870452,132.32969110095638,62.765209039883715,100.0,-73.99668135356416,40.70205202787162,9,observed,opendata,"building_density,dist_stream_m,elevation_m,flow_accum_proxy,impervious_frac,land_cover_urban,slope_deg",event_raster,extreme,0.06668459560893933,0.08579751612925056,0.08579751612925056,0
892a1072d8bffff,1.5947693510775254,0.5778949076529456,1.0,1.086461727734273,22.517241379310345,94.50802286454055,68.84494370755897,100.0,-73.98204037879414,40.71037586221235,9,observed,opendata,"building_density,dist_stream_m,elevation_m,flow_accum_proxy,impervious_frac,land_cover_urban,slope_deg",event_raster,extreme,0.06010361722573736,0.9858101918247391,0.9858101918247391,1
892a1072d9bffff,5.986115967159051,0.6407863063788986,1.0,1.2271884979271952,11.244010647737356,170.10621520685913,297.5396043603013,100.0,-73.9800073154922,40.7130733469773,9,observed,opendata,"building_density,dist_stream_m,elevation_m,flow_accum_proxy,impervious_frac,land_cover_urban,slope_deg",event_raster,extreme,0.9303616049733063,0.9911308196173383,0.9911308196173383,1
892a1072dc3ffff,6.726418188640049,0.6917151962349444,1.0,1.161625913040453,65.79276895943562,850.5262670621428,320.500832248279,100.0,-73.98855243013952,40.712842263747554,9,observed,opendata,"building_density,dist_stream_m,elevation_m,flow_accum_proxy,impervious_frac,land_cover_urban,slope_deg",event_raster,extreme,0.9737335991647896,0.9922268882265095,0.9922268882265095,1
892a1072dc7ffff,1.8936366838901681,0.7480680548886485,1.0,1.0461909262882876,32.276595744680854,189.01551138888883,102.35585843144328,100.0,-73.98631269593956,40.71026032383652,9,observed,opendata,"building_density,dist_stream_m,elevation_m,flow_accum_proxy,impervious_frac,land_cover_urban,slope_deg",event_raster,extreme,0.9637002924923083,0.990469185128147,0.990469185128147,1
892a1072dcbffff,9.383027314083886,0.7987320002884438,1.0,1.2021544392495371,14.300265721877768,1058.4297108948929,366.80694026443285,100.0,-73.99282497725156,40.712726485523575,9,observed,opendata,"building_density,dist_stream_m,elevation_m,flow_accum_proxy,impervious_frac,land_cover_urban,slope_deg",event_raster,extreme,0.9826377808514086,0.9844087507449518,0.9844087507449518,1
892a1072dcfffff,1.3792245528085765,0.5879472370843917,1.0,1.0244370443035147,45.90860692102928,122.85973626205967,47.359850335553226,100.0,-73.99058500628709,40.71014462774103,9,observed,opendata,"building_density,dist_stream_m,elevation_m,flow_accum_proxy,impervious_frac,land_cover_urban,slope_deg",event_raster,extreme,0.9363510495719142,0.9858101918247391,0.9858101918247391,1
892a1072dd3ffff,9.48738886554789,0.7506617962414962,1.0,0.3977573222860639,10.411712511091393,340.19405522307164,649.9627886040649,100.0,-73.98651962374095,40.71553995107681,9,observed,opendata,"building_density,dist_stream_m,elevation_m,flow_accum_proxy,impervious_frac,land_cover_urban,slope_deg",event_raster,extreme,0.8774934289388061,0.986610591221659,0.986610591221659,1
892a1072dd7ffff,8.263710407419552,0.7102450544102169,1.0,0.7821939603442917,10.377994676131323,378.0127410974218,378.2571282403297,100.0,-73.9842798762039,40.71295788423248,9,observed,opendata,"building_density,dist_stream_m,elevation_m,flow_accum_proxy,impervious_frac,land_cover_urban,slope_deg",event_raster,extreme,0.9538466396290759,0.9734784420997024,0.9734784420997024,1
892a1072ddbffff,11.257507700267947,0.757191937965991,1.0,0.581295365757155,16.19449378330373,2012.809155520331,368.64519734584275,100.0,-73.99079241447993,40.71542424846277,9,observed,opendata,"building_density,dist_stream_m,elevation_m,flow_accum_proxy,impervious_frac,land_cover_urban,slope_deg",event_raster,extreme,1.035721706124722,0.9940668950870011,0.9940668950870011,1
892a1072e97ffff,-1.2826936821376576,0.0,0.0,0.0018903643090058776,1.1141176470588234,0.0,181.9302741509532,100.0,-74.01909191907703,40.72786881053855,9,observed,opendata,"building_density,dist_stream_m,elevation_m,flow_accum_proxy,impervious_frac,land_cover_urban,slope_deg",event_raster,extreme,0.006775271684283938,0.006545600024080351,0.006545600024080351,0
892a1072ea7ffff,-0.9463155338010149,0.04626287022468067,0.0,0.7117445538311593,1.5696465696465696,9.449167154947231,143.86161887124806,100.0,-74.01867066829203,40.717308256083186,9,observed,opendata,"building_density,dist_stream_m,elevation_m,flow_accum_proxy,impervious_frac,land_cover_urban,slope_deg",event_raster,extreme,0.010895685408886425,0.007231061008476332,0.007231061008476332,0
892a1072eb3ffff,-1.2975889788325137,0.0,0.0,0.0022994858362903768,1.1365638766519823,0.0,299.4233973557724,100.0,-74.01888126998958,40.722588358374864,9,observed,opendata,"building_density,dist_stream_m,elevation_m,flow_accum_proxy,impervious_frac,land_cover_urban,slope_deg",event_raster,extreme,0.004259511340704293,0.006545600024080351,0.006545600024080351,0
892a1072eb7ffff,-0.9869655673346828,0.04456879443157004,0.0,1.1383467128588451,1.3174182139699382,0.0,46.91674103018687,100.0,-74.01663935118853,40.72000665061757,9,observed,opendata,"building_density,dist_stream_m,elevation_m,flow_accum_proxy,impervious_frac,land_cover_urban,slope_deg",event_raster,extreme,0.030811081671020712,0.006622804025672423,0.006622804025672423,0
