h3_index,elevation_m,impervious_frac,slope_deg,dem_d8_accum_proxy,land_cover_urban,building_density,building_area_fraction,building_count_per_land_km2,dist_mapped_water_m,rainfall_mm_h,flow_accum_proxy,dist_stream_m,building_area_frac,lon,lat,h3_resolution,feature_source,assembly_mode,observed_feature_cols,rainfall_source,data_mode,synthetic_value_count,null_value_count,scenario,predicted_evidence_susceptibility,susceptibility_score,predicted_class,predicted_risk,flood_probability,rainfall_is_model_input
892a100d04bffff,3.344531323424001,0.7558853682436333,1.0350922583482545,78.36113575865129,1.0,273.8980490778987,0.27309265013500833,273.8980490778987,521.6157660768786,25.0,78.36113575865129,521.6157660768786,0.27309265013500833,-73.97269448397236,40.74498799569922,9,observed,opendata,"building_area_fraction,building_density,dem_d8_accum_proxy,dist_mapped_water_m,elevation_m,impervious_frac,slope_deg",event_raster,production,0,0,moderate,1.025642674524057,0.9820360494529464,1,1.025642674524057,0.9820360494529464,False
892a100d04fffff,0.08845332935802193,0.2004225670025031,0.18623061873043353,39.90820584144645,0.0,18.890486593962265,0.007123729701338743,18.890486593962265,374.55231144544734,25.0,39.90820584144645,374.55231144544734,0.007123729701338743,-73.97045411641287,40.742404696985496,9,observed,opendata,"building_area_fraction,building_density,dem_d8_accum_proxy,dist_mapped_water_m,elevation_m,impervious_frac,slope_deg",event_raster,production,0,0,moderate,0.02686658084703561,0.010885036674472309,0,0.02686658084703561,0.010885036674472309,False
892a100d05bffff,11.09610818531149,0.8317826107163484,4.214213328964444,9.682926829268293,1.0,151.10887057613218,0.2063233276690508,151.10887057613218,625.8958091330022,25.0,9.682926829268293,625.8958091330022,0.2063233276690508,-73.97065939959245,40.747686448906286,9,observed,opendata,"building_area_fraction,building_density,dem_d8_accum_proxy,dist_mapped_water_m,elevation_m,impervious_frac,slope_deg",event_raster,production,0,0,moderate,0.9376252260989348,0.9395879272343638,1,0.9376252260989348,0.9395879272343638,False
892a100d06bffff,0.0,0.006027634415324851,0.0,1.0,0.0,0.0,0.0,0.0,637.8836724983266,25.0,1.0,637.8836724983266,0.0,-73.9702488794359,40.737123294760856,9,observed,opendata,"building_area_fraction,building_density,dem_d8_accum_proxy,dist_mapped_water_m,elevation_m,impervious_frac,slope_deg",event_raster,production,0,0,moderate,0.007662006054822496,0.010762079407125952,0,0.007662006054822496,0.010762079407125952,False
892a100d203ffff,11.634066904948437,0.6190496429419581,0.2990700771824793,8.258605472197706,1.0,358.9151644292976,0.3429204347775612,358.9151644292976,4162.245893261687,25.0,8.258605472197706,4162.245893261687,0.3429204347775612,-73.98755496140967,40.74194333566657,9,observed,opendata,"building_area_fraction,building_density,dem_d8_accum_proxy,dist_mapped_water_m,elevation_m,impervious_frac,slope_deg",event_raster,production,0,0,moderate,0.9701094267802555,0.9572254860953399,1,0.9701094267802555,0.9572254860953399,False
892a100d207ffff,9.353697723953436,0.747485668299363,0.5566738994481663,71.84131205673759,1.0,859.5513113158171,0.4916353037153505,859.5513113158171,3207.400931935863,25.0,71.84131205673759,3207.400931935863,0.4916353037153505,-73.98531389573235,40.73936041044821,9,observed,opendata,"building_area_fraction,building_density,dem_d8_accum_proxy,dist_mapped_water_m,elevation_m,impervious_frac,slope_deg",event_raster,production,0,0,moderate,0.9033484327026429,0.9564202892021102,1,0.9033484327026429,0.9564202892021102,False
892a100d20bffff,11.088975920706698,0.7844965711407278,0.35287129473777784,36.79133510167993,1.0,1086.187567788973,0.606090463293059,1086.187567788973,4793.8690281716235,25.0,36.79133510167993,4793.8690281716235,0.606090463293059,-73.99183015572552,40.74182760043736,9,observed,opendata,"building_area_fraction,building_density,dem_d8_accum_proxy,dist_mapped_water_m,elevation_m,impervious_frac,slope_deg",event_raster,production,0,0,moderate,0.993016470302042,0.9840849949142776,1,0.993016470302042,0.9840849949142776,False
892a100d20fffff,11.934826424314027,0.7935258094138863,0.2738077293655487,7.3294951284322405,1.0,1161.807833088293,0.5484905337657906,1161.807833088293,4332.311094885928,25.0,7.3294951284322405,4332.311094885928,0.5484905337657906,-73.98958885298438,40.73924475745148,9,observed,opendata,"building_area_fraction,building_density,dem_d8_accum_proxy,dist_mapped_water_m,elevation_m,impervious_frac,slope_deg",event_raster,production,0,0,moderate,0.9764000246421851,0.9812223205550161,1,0.9764000246421851,0.9812223205550161,False
892a100d213ffff,11.98053725743526,0.7184812308308084,0.4373890037274696,28.16120460584588,1.0,906.6892580307322,0.5375465244997344,906.6892580307322,3843.515920122065,25.0,28.16120460584588,3843.515920122065,0.5375465244997344,-73.98552083929478,40.744641965067935,9,observed,opendata,"building_area_fraction,building_density,dem_d8_accum_proxy,dist_mapped_water_m,elevation_m,impervious_frac,slope_deg",event_raster,production,0,0,moderate,0.988496392232019,0.9816493709699547,1,0.988496392232019,0.9816493709699547,False
892a100d217ffff,10.582220157761823,0.8032682606664984,0.4630951389168827,20.195748449955712,1.0,1293.9872786212459,0.5182692072713475,1293.9872786212459,3085.6143559569277,25.0,20.195748449955712,3085.6143559569277,0.5182692072713475,-73.98327976027291,40.74205891293701,9,observed,opendata,"building_area_fraction,building_density,dem_d8_accum_proxy,dist_mapped_water_m,elevation_m,impervious_frac,slope_deg",event_raster,production,0,0,moderate,0.9818308626602553,0.9707924458581907,1,0.9818308626602553,0.9707924458581907,False
892a100d21bffff,12.252244896922551,0.7485761337035092,0.28367676767419464,10.429078014184396,1.0,1388.3640064907381,0.5523418396473846,1388.3640064907381,5003.475300223948,25.0,10.429078014184396,5003.475300223948,0.5523418396473846,-73.98979627753427,40.744526305564385,9,observed,opendata,"building_area_fraction,building_density,dem_d8_accum_proxy,dist_mapped_water_m,elevation_m,impervious_frac,slope_deg",event_raster,production,0,0,moderate,0.9681187303516242,0.9825749617155196,1,0.9681187303516242,0.9825749617155196,False
892a100d223ffff,9.008245406735218,0.720816329240693,0.5343374889046218,41.94582593250444,1.0,954.1023724858659,0.3195547874252048,954.1023724858659,2685.56836347554,25.0,41.94582593250444,2685.56836347554,0.3195547874252048,-73.98510699874309,40.73407920554712,9,observed,opendata,"building_area_fraction,building_density,dem_d8_accum_proxy,dist_mapped_water_m,elevation_m,impervious_frac,slope_deg",event_raster,production,0,0,moderate,0.927609307731207,0.9472328962679594,1,0.927609307731207,0.9472328962679594,False
892a100d227ffff,6.7347384026153865,0.8084701029575577,0.6241051619238394,41.89389920424403,1.0,1313.1387398848888,0.43899270108821836,1313.1387398848888,1595.4828672521983,25.0,41.89389920424403,1595.4828672521983,0.43899270108821836,-73.9828664471727,40.73149649667317,9,observed,opendata,"building_area_fraction,building_density,dem_d8_accum_proxy,dist_mapped_water_m,elevation_m,impervious_frac,slope_deg",event_raster,production,0,0,moderate,0.9702146220671469,0.9696519225721935,1,0.9702146220671469,0.9696519225721935,False
892a100d22bffff,11.85943661175721,0.811485444426748,0.2974898859753392,10.518617021276595,1.0,765.1690495389598,0.5174672375702787,765.1690495389598,3286.75856974422,25.0,10.518617021276595,3286.75856974422,0.5174672375702787,-73.98938147511579,40.733963559055724,9,observed,opendata,"building_area_fraction,building_density,dem_d8_accum_proxy,dist_mapped_water_m,elevation_m,impervious_frac,slope_deg",event_raster,production,0,0,moderate,0.9773713569684641,0.9667247719766745,1,0.9773713569684641,0.9667247719766745,False
892a100d22fffff,10.270036309009727,0.7336736165592611,0.5691594506215713,22.56713780918728,1.0,1728.8036682633165,0.43998543557778386,1728.8036682633165,2178.074635817406,25.0,22.56713780918728,2178.074635817406,0.43998543557778386,-73.98714068654695,40.731380932373526,9,observed,opendata,"building_area_fraction,building_density,dem_d8_accum_proxy,dist_mapped_water_m,elevation_m,impervious_frac,slope_deg",event_raster,production,0,0,moderate,0.9923379920375375,0.9757002771268237,1,0.9923379920375375,0.9757002771268237,False
892a100d233ffff,7.547986360014383,0.7718770690889248,0.48086475218960517,66.38795394154118,1.0,982.3945876476226,0.4276351620510366,982.3945876476226,2399.495648238968,25.0,66.38795394154118,2399.495648238968,0.4276351620510366,-73.98307308046714,40.736777529931615,9,observed,opendata,"building_area_fraction,building_density,dem_d8_accum_proxy,dist_mapped_water_m,elevation_m,impervious_frac,slope_deg",event_raster,production,0,0,moderate,0.9366804886593566,0.969676174694973,1,0.9366804886593566,0.969676174694973,False
892a100d237ffff,5.612585460475648,0.7343574503583259,0.5764978990340844,64.6763925729443,1.0,1275.288961743088,0.39949176413161236,1275.288961743088,1818.8336187784814,25.0,64.6763925729443,1818.8336187784814,0.39949176413161236,-73.980832515579,40.73419469413901,9,observed,opendata,"building_area_fraction,building_density,dem_d8_accum_proxy,dist_mapped_water_m,elevation_m,impervious_frac,slope_deg",event_raster,production,0,0,moderate,1.0092041701663808,0.985207111556632,1,1.0092041701663808,0.985207111556632,False
892a100d23bffff,10.783638140685122,0.7322715441106071,0.5472927407999392,20.9181338028169,1.0,1369.6808883055724,0.5015695466267989,1369.6808883055724,3570.1723644306794,25.0,20.9181338028169,3570.1723644306794,0.5015695466267989,-73.98734780066862,40.7366619591473,9,observed,opendata,"building_area_fraction,building_density,dem_d8_accum_proxy,dist_mapped_water_m,elevation_m,impervious_frac,slope_deg",event_raster,production,0,0,moderate,0.988496392232019,0.9815298233551717,1,0.988496392232019,0.9815298233551717,False
892a100d243ffff,6.8762026253621205,0.7748389768116899,0.3972702182277485,126.21781305114638,1.0,2276.1486110477867,0.49544193743332754,2276.1486110477867,2884.9412952283474,25.0,126.21781305114638,2884.9412952283474,0.49544193743332754,-73.99834713342568,40.744294512623796,9,observed,opendata,"building_area_fraction,building_density,dem_d8_accum_proxy,dist_mapped_water_m,elevation_m,impervious_frac,slope_deg",event_raster,production,0,0,moderate,0.9855411697480968,0.9807587519372576,1,0.9855411697480968,0.9807587519372576,False
892a100d247ffff,8.821203896929546,0.7937727434611892,0.412153148040268,34.3469387755102,1.0,1171.1902616116129,0.5649586329161382,1171.1902616116129,3623.2010789147153,25.0,34.3469387755102,3623.2010789147153,0.5649586329161382,-73.99610534317284,40.741711707250445,9,observed,opendata,"building_area_fraction,building_density,dem_d8_accum_proxy,dist_mapped_water_m,elevation_m,impervious_frac,slope_deg",event_raster,production,0,0,moderate,0.904565155654477,0.941605464704658,1,0.904565155654477,0.941605464704658,False
892a100d24bffff,4.700379842133678,0.7691621584445899,2.3811987119978055,6.778172138420586,1.0,1964.4713196446455,0.4187557197142412,1964.4713196446455,1711.4860425111497,25.0,6.778172138420586,1711.4860425111497,0.4187557197142412,-74.00262255098242,40.744178379188874,9,observed,opendata,"building_area_fraction,building_density,dem_d8_accum_proxy,dist_mapped_water_m,elevation_m,impervious_frac,slope_deg",event_raster,production,0,0,moderate,0.9892887329299843,0.9739581788443487,1,0.9892887329299843,0.9739581788443487,False
892a100d24fffff,6.728941166474821,0.7909526805417321,1.0751003553452378,16.488042515500442,1.0,1794.5606999383997,0.527468556318802,1794.5606999383997,2454.429418197212,25.0,16.488042515500442,2454.429418197212,0.527468556318802,-74.00038052370402,40.74159565610689,9,observed,opendata,"building_area_fraction,building_density,dem_d8_accum_proxy,dist_mapped_water_m,elevation_m,impervious_frac,slope_deg",event_raster,production,0,0,moderate,0.9534704150434473,0.9662348972751138,1,0.9534704150434473,0.9662348972751138,False
892a100d253ffff,8.19125848040712,0.7926414025337588,0.4620399600144446,37.9600709849157,1.0,698.8666466924884,0.4951791834438302,698.8666466924884,3525.591197387953,25.0,37.9600709849157,3525.591197387953,0.4951791834438302,-73.99631351262427,40.74699342036505,9,observed,opendata,"building_area_fraction,building_density,dem_d8_accum_proxy,dist_mapped_water_m,elevation_m,impervious_frac,slope_deg",event_raster,production,0,0,moderate,0.3922210358479865,0.3170731978983053,0,0.3922210358479865,0.3170731978983053,False
892a100d257ffff,9.688490660000692,0.8034272127446875,0.547570635655285,71.08761061946903,1.0,1246.6907019885907,0.5819824175144884,1246.6907019885907,4065.341648690927,25.0,71.08761061946903,4065.341648690927,0.5819824175144884,-73.99407170892711,40.74441048808265,9,observed,opendata,"building_area_fraction,building_density,dem_d8_accum_proxy,dist_mapped_water_m,elevation_m,impervious_frac,slope_deg",event_raster,production,0,0,moderate,0.9808082306824087,0.9820478769438036,1,0.9808082306824087,0.9820478769438036,False
892a100d25bffff,5.423203768983352,0.7607371874878892,1.322553680504186,58.7070796460177,1.0,1029.408800485988,0.33086084305369623,1029.408800485988,2370.2155181922126,25.0,58.7070796460177,2370.2155181922126,0.33086084305369623,-74.00058917418733,40.746877362614214,9,observed,opendata,"building_area_fraction,building_density,dem_d8_accum_proxy,dist_mapped_water_m,elevation_m,impervious_frac,slope_deg",event_raster,production,0,0,moderate,0.9930254105377448,0.9762306812708413,1,0.9930254105377448,0.9762306812708413,False
892a100d263ffff,9.154166255436891,0.7820788840399989,0.47000771231374683,38.9281914893617,1.0,1246.8748959355855,0.5359448513579532,1246.8748959355855,4072.621757582235,25.0,38.9281914893617,4072.621757582235,0.5359448513579532,-73.9958972205727,40.736430343823116,9,observed,opendata,"building_area_fraction,building_density,dem_d8_accum_proxy,dist_mapped_water_m,elevation_m,impervious_frac,slope_deg",event_raster,production,0,0,moderate,0.8942878904969139,0.9170920997743953,1,0.8942878904969139,0.9170920997743953,False
892a100d267ffff,10.506262568149197,0.7763419446701305,0.5278553454372933,31.214285714285715,1.0,1501.99427893077,0.5377714965238943,1501.99427893077,4147.713632834725,25.0,31.214285714285715,4147.713632834725,0.5377714965238943,-73.99365594464955,40.7338477546659,9,observed,opendata,"building_area_fraction,building_density,dem_d8_accum_proxy,dist_mapped_water_m,elevation_m,impervious_frac,slope_deg",event_raster,production,0,0,moderate,0.9850326979230326,0.9830883301677638,1,0.9850326979230326,0.9830883301677638,False
892a100d26bffff,7.4298304092366685,0.7336941748672718,1.4907869235938291,18.392382639503985,1.0,2087.565005173888,0.43001370708469105,2087.565005173888,2894.6345337189323,25.0,18.392382639503985,2894.6345337189323,0.43001370708469105,-74.00017192018016,40.7363142992853,9,observed,opendata,"building_area_fraction,building_density,dem_d8_accum_proxy,dist_mapped_water_m,elevation_m,impervious_frac,slope_deg",event_raster,production,0,0,moderate,0.33067143356090695,0.29070715331403735,0,0.33067143356090695,0.29070715331403735,False
892a100d26fffff,7.045459998170429,0.6573402445522902,0.5498938282986092,108.12201591511936,1.0,2456.084387329168,0.4856766111540384,2456.084387329168,3548.4786148292724,25.0,108.12201591511936,3548.4786148292724,0.4856766111540384,-73.9979304072968,40.73373179237872,9,observed,opendata,"building_area_fraction,building_density,dem_d8_accum_proxy,dist_mapped_water_m,elevation_m,impervious_frac,slope_deg",event_raster,production,0,0,moderate,0.8880287637954976,0.9633520358941154,1,0.8880287637954976,0.9633520358941154,False
892a100d273ffff,10.541157568301413,0.8212952520895762,0.41649875312372253,16.70053003533569,1.0,1284.5969165645495,0.6161346097449659,1284.5969165645495,4366.968246712419,25.0,16.70053003533569,4366.968246712419,0.6161346097449659,-73.99386380339365,40.73912894651647,9,observed,opendata,"building_area_fraction,building_density,dem_d8_accum_proxy,dist_mapped_water_m,elevation_m,impervious_frac,slope_deg",event_raster,production,0,0,moderate,0.9865776969425688,0.9851471847060667,1,0.9865776969425688,0.9851471847060667,False
892a100d277ffff,11.808286775837333,0.7810070273013533,0.2974859175316148,11.861824623560674,1.0,859.5904107653606,0.42368563748846455,859.5904107653606,4404.990300114387,25.0,11.861824623560674,4404.990300114387,0.42368563748846455,-73.99162251405302,40.73654623044413,9,observed,opendata,"building_area_fraction,building_density,dem_d8_accum_proxy,dist_mapped_water_m,elevation_m,impervious_frac,slope_deg",event_raster,production,0,0,moderate,0.9684861043725955,0.9658880941624666,1,0.9684861043725955,0.9658880941624666,False
892a100d27bffff,8.604641501979357,0.7988172016063765,0.3405201793886892,8.759717314487633,1.0,1426.2764007331282,0.5158462169877158,1426.2764007331282,3203.700221131711,25.0,8.759717314487633,3203.700221131711,0.5158462169877158,-73.9981387469125,40.739012977644194,9,observed,opendata,"building_area_fraction,building_density,dem_d8_accum_proxy,dist_mapped_water_m,elevation_m,impervious_frac,slope_deg",event_raster,production,0,0,moderate,0.8719750953327854,0.8943426938654235,1,0.8719750953327854,0.8943426938654235,False
892a100d283ffff,16.917748117320418,0.7059835343894233,2.3604242408254525,13.622458001768347,1.0,1728.2978480574743,0.4550787383755099,1728.2978480574743,2537.502510435042,25.0,13.622458001768347,2537.502510435042,0.4550787383755099,-73.97921079764829,40.7474560713926,9,observed,opendata,"building_area_fraction,building_density,dem_d8_accum_proxy,dist_mapped_water_m,elevation_m,impervious_frac,slope_deg",event_raster,production,0,0,moderate,0.9567739676052123,0.9687450656425468,1,0.9567739676052123,0.9687450656425468,False
892a100d287ffff,7.147121550129579,0.8039008917534246,0.9129411541255175,73.5070796460177,1.0,1501.7126066268452,0.4231081166662552,1501.7126066268452,1605.6338935494234,25.0,73.5070796460177,1605.6338935494234,0.4231081166662552,-73.97696994246623,40.744872810136386,9,observed,opendata,"building_area_fraction,building_density,dem_d8_accum_proxy,dist_mapped_water_m,elevation_m,impervious_frac,slope_deg",event_raster,production,0,0,moderate,1.002408673167334,0.9763287207887003,1,1.002408673167334,0.9763287207887003,False
892a100d28bffff,15.509574750760047,0.7257254189152544,1.2605201045795285,25.720106288751108,1.0,840.535912359148,0.529679393222422,840.535912359148,3600.5249055380445,25.0,25.720106288751108,3600.5249055380445,0.529679393222422,-73.98348648660567,40.74734064563417,9,observed,opendata,"building_area_fraction,building_density,dem_d8_accum_proxy,dist_mapped_water_m,elevation_m,impervious_frac,slope_deg",event_raster,production,0,0,moderate,0.9908852887550939,0.9830280069298694,1,0.9908852887550939,0.9830280069298694,False
892a100d28fffff,11.092858950016463,0.7379329336604921,1.111017796915396,21.730803177405118,1.0,1548.9318705468659,0.49838071992841476,1548.9318705468659,2698.2194004843595,25.0,21.730803177405118,2698.2194004843595,0.49838071992841476,-73.98124539425626,40.74475746659229,9,observed,opendata,"building_area_fraction,building_density,dem_d8_accum_proxy,dist_mapped_water_m,elevation_m,impervious_frac,slope_deg",event_raster,production,0,0,moderate,0.9705183437759318,0.9763311139911441,1,0.9705183437759318,0.9763311139911441,False
892a100d293ffff,17.053246227562006,0.7343941558654427,2.0636505864243557,29.944148936170212,1.0,1095.4801784648826,0.4990897964841905,1095.4801784648826,2629.2092584921716,25.0,29.944148936170212,2629.2092584921716,0.4990897964841905,-73.97717597041498,40.75015472731649,9,observed,opendata,"building_area_fraction,building_density,dem_d8_accum_proxy,dist_mapped_water_m,elevation_m,impervious_frac,slope_deg",event_raster,production,0,0,moderate,0.9694669123029857,0.9733787565918265,1,0.9694669123029857,0.9733787565918265,False
892a100d297ffff,9.607814983428577,0.8091243255370076,1.2843576428075667,30.645759717314487,1.0,821.6521362411067,0.3882135448667216,821.6521362411067,1585.104332544806,25.0,30.645759717314487,1585.104332544806,0.3882135448667216,-73.97493510196136,40.747571339150305,9,observed,opendata,"building_area_fraction,building_density,dem_d8_accum_proxy,dist_mapped_water_m,elevation_m,impervious_frac,slope_deg",event_raster,production,0,0,moderate,0.9653431016996518,0.9628730512271942,1,0.9653431016996518,0.9628730512271942,False
892a100d29bffff,22.765609919342175,0.7373028706086364,0.8657436078340471,5.829955947136564,1.0,934.9330117579996,0.534761579845039,934.9330117579996,3551.6861610883225,25.0,5.829955947136564,3551.6861610883225,0.534761579845039,-73.9814519033082,40.75003937734384,9,observed,opendata,"building_area_fraction,building_density,dem_d8_accum_proxy,dist_mapped_water_m,elevation_m,impervious_frac,slope_deg",event_raster,production,0,0,moderate,0.10562002745950917,0.10740994300918463,0,0.10562002745950917,0.10740994300918463,False
892a100d2a3ffff,5.74795115731209,0.7661340586024965,1.2679799992011946,29.223498233215548,1.0,245.58748269415776,0.3818938453196863,245.58748269415776,1142.0937344759552,25.0,29.223498233215548,1142.0937344759552,0.3818938453196863,-73.97676396089017,40.73959124262263,9,observed,opendata,"building_area_fraction,building_density,dem_d8_accum_proxy,dist_mapped_water_m,elevation_m,impervious_frac,slope_deg",event_raster,production,0,0,moderate,0.9583182987167977,0.9591099433543819,1,0.9583182987167977,0.9591099433543819,False
892a100d2a7ffff,0.9807134715443706,0.7893562591271409,0.5174281532803537,102.49024822695036,1.0,113.35386601824062,0.3324400777586228,113.35386601824062,213.42318622230448,25.0,102.49024822695036,213.42318622230448,0.3324400777586228,-73.97452361980322,40.737008197739414,9,observed,opendata,"building_area_fraction,building_density,dem_d8_accum_proxy,dist_mapped_water_m,elevation_m,impervious_frac,slope_deg",event_raster,production,0,0,moderate,0.9825224981955514,0.9807744171736442,1,0.9825224981955514,0.9807744171736442,False
892a100d2abffff,8.566205889091895,0.780882514091768,0.5765698538606084,21.454946996466433,1.0,1209.0426320833733,0.45942555751946984,1209.0426320833733,2148.5677762477494,25.0,21.454946996466433,2148.5677762477494,0.45942555751946984,-73.98103893168508,40.73947590550561,9,observed,opendata,"building_area_fraction,building_density,dem_d8_accum_proxy,dist_mapped_water_m,elevation_m,impervious_frac,slope_deg",event_raster,production,0,0,moderate,0.9249317919809015,0.9493011867836181,1,0.9249317919809015,0.9493011867836181,False
892a100d2afffff,4.456356149193243,0.7479806258904595,0.7418303156126265,85.96719858156028,1.0,661.2290025268504,0.41499988503649543,661.2290025268504,1230.522464932959,25.0,85.96719858156028,1230.522464932959,0.41499988503649543,-73.97879835349616,40.73689294279598,9,observed,opendata,"building_area_fraction,building_density,dem_d8_accum_proxy,dist_mapped_water_m,elevation_m,impervious_frac,slope_deg",event_raster,production,0,0,moderate,0.9637177091352614,0.9857636832205919,1,0.9637177091352614,0.9857636832205919,False
892a100d2b3ffff,4.7459736974102205,0.7524935029381145,1.3542759952819452,50.00265486725664,1.0,415.58951777937176,0.444905357851241,415.58951777937176,753.7806130627465,25.0,50.00265486725664,753.7806130627465,0.444905357851241,-73.97472933772691,40.74228959359751,9,observed,opendata,"building_area_fraction,building_density,dem_d8_accum_proxy,dist_mapped_water_m,elevation_m,impervious_frac,slope_deg",event_raster,production,0,0,moderate,0.984183272840984,0.9806723939608045,1,0.984183272840984,0.9806723939608045,False
892a100d2b7ffff,0.4733200674942577,0.408769081810286,0.39625872512754573,17.273291925465838,0.0,66.11989545174349,0.14559922811940781,66.11989545174349,12.78836189261329,25.0,17.273291925465838,12.78836189261329,0.14559922811940781,-73.97248898339517,40.739706421798246,9,observed,opendata,"building_area_fraction,building_density,dem_d8_accum_proxy,dist_mapped_water_m,elevation_m,impervious_frac,slope_deg",event_raster,production,0,0,moderate,0.15937311536115534,0.18686530457868247,0,0.15937311536115534,0.18686530457868247,False
892a100d2bbffff,9.50822014888902,0.7417094053632923,0.3525986636405608,9.99734278122232,1.0,1681.2437167749674,0.42124082384961103,1681.2437167749674,1919.6963577830002,25.0,9.99734278122232,1919.6963577830002,0.42124082384961103,-73.97900455236277,40.74217433224768,9,observed,opendata,"building_area_fraction,building_density,dem_d8_accum_proxy,dist_mapped_water_m,elevation_m,impervious_frac,slope_deg",event_raster,production,0,0,moderate,0.9603372081723501,0.9584346337607739,1,0.9603372081723501,0.9584346337607739,False
892a100d2c3ffff,12.497188469196887,0.8180809853770209,0.47100020741634335,60.326241134751776,1.0,443.85457562007167,0.5767061989049808,443.85457562007167,5011.318098428111,25.0,60.326241134751776,5011.318098428111,0.5767061989049808,-73.99000374878119,40.74980820333916,9,observed,opendata,"building_area_fraction,building_density,dem_d8_accum_proxy,dist_mapped_water_m,elevation_m,impervious_frac,slope_deg",event_raster,production,0,0,moderate,1.0036645585639083,0.9879012098139331,1,1.0036645585639083,0.9879012098139331,False
892a100d2c7ffff,13.313176553930253,0.7772917157775211,0.3511992797212697,37.63572060123784,1.0,1048.305869617177,0.5359025474333563,1048.305869617177,4695.691982586693,25.0,37.63572060123784,4695.691982586693,0.5359025474333563,-73.98776216878585,40.74722506187607,9,observed,opendata,"building_area_fraction,building_density,dem_d8_accum_proxy,dist_mapped_water_m,elevation_m,impervious_frac,slope_deg",event_raster,production,0,0,moderate,0.988496392232019,0.9816493709699547,1,0.988496392232019,0.9816493709699547,False
892a100d2cbffff,9.850798211899479,0.8231508452280433,0.5050499744433086,110.2424778761062,1.0,953.8124678665314,0.5656380196291919,953.8124678665314,4013.31143684881,25.0,110.2424778761062,4013.31143684881,0.5656380196291919,-73.99427966126574,40.749692379309224,9,observed,opendata,"building_area_fraction,building_density,dem_d8_accum_proxy,dist_mapped_water_m,elevation_m,impervious_frac,slope_deg",event_raster,production,0,0,moderate,0.9808082306824087,0.985389441817972,1,0.9808082306824087,0.985389441817972,False
892a100d2cfffff,11.001076699144948,0.7814383401033211,0.4878055801662795,72.09620476610768,1.0,1378.848878919033,0.5942029208674819,1378.848878919033,4695.9944854395835,25.0,72.09620476610768,4695.9944854395835,0.5942029208674819,-73.99203784414127,40.74710932011937,9,observed,opendata,"building_area_fraction,building_density,dem_d8_accum_proxy,dist_mapped_water_m,elevation_m,impervious_frac,slope_deg",event_raster,production,0,0,moderate,1.0107220784065414,0.9897620356277232,1,1.0107220784065414,0.9897620356277232,False
892a100d2d3ffff,15.342403719638114,0.7389229855950589,0.8534401915275766,22.339522546419097,1.0,670.4713495470615,0.5470736659794311,670.4713495470615,5047.336726256597,25.0,22.339522546419097,5047.336726256597,0.5470736659794311,-73.98796942281288,40.75250713772061,9,observed,opendata,"building_area_fraction,building_density,dem_d8_accum_proxy,dist_mapped_water_m,elevation_m,impervious_frac,slope_deg",event_raster,production,0,0,moderate,0.9941512582451767,0.9870266267475398,1,0.9941512582451767,0.9870266267475398,False
892a100d2d7ffff,16.714672955369526,0.7223252578382998,1.2815157337130698,19.675221238938054,1.0,1142.6926658239488,0.6157606397906804,1142.6926658239488,4554.317617697063,25.0,19.675221238938054,4554.317617697063,0.6157606397906804,-73.98572782944613,40.74992386935104,9,observed,opendata,"building_area_fraction,building_density,dem_d8_accum_proxy,dist_mapped_water_m,elevation_m,impervious_frac,slope_deg",event_raster,production,0,0,moderate,0.9878796806787886,0.9856460218744832,1,0.9878796806787886,0.9856460218744832,False
892a100d2dbffff,11.560635549876928,0.7550748357547665,0.3972029725550707,19.67431597528685,1.0,642.1397641095709,0.5520896956161296,642.1397641095709,3999.353071480036,25.0,19.67431597528685,3999.353071480036,0.5520896956161296,-73.99224557931602,40.75239138943488,9,observed,opendata,"building_area_fraction,building_density,dem_d8_accum_proxy,dist_mapped_water_m,elevation_m,impervious_frac,slope_deg",event_raster,production,0,0,moderate,0.9905741716145717,0.9842422898129833,1,0.9905741716145717,0.9842422898129833,False
892a100d303ffff,0.33006215737380973,0.21603966704284186,0.3201423058466008,12.504638218923933,0.0,28.345554843976227,0.011532903312327435,28.345554843976227,103.3456824195747,25.0,12.504638218923933,103.3456824195747,0.011532903312327435,-73.97187275909451,40.72386379865436,9,observed,opendata,"building_area_fraction,building_density,dem_d8_accum_proxy,dist_mapped_water_m,elevation_m,impervious_frac,slope_deg",event_raster,production,0,0,moderate,0.004923858901319917,0.02049415537872066,0,0.004923858901319917,0.02049415537872066,False
892a100d30bffff,3.070555277812628,0.7373875516747671,0.36311733965126297,12.447971781305114,1.0,963.7461166542417,0.3140560123678027,963.7461166542417,1053.674021046903,25.0,12.447971781305114,1053.674021046903,0.3140560123678027,-73.9761462942413,40.723748638631584,9,observed,opendata,"building_area_fraction,building_density,dem_d8_accum_proxy,dist_mapped_water_m,elevation_m,impervious_frac,slope_deg",event_raster,production,0,0,moderate,0.9237759766600754,0.9450699605644707,1,0.9237759766600754,0.9450699605644707,False
892a100d30fffff,1.018254448630795,0.34075038655669415,0.49561539350429545,34.141082519964506,0.0,66.14282420338893,0.04418538886804371,66.14282420338893,271.69579786090515,25.0,34.141082519964506,271.69579786090515,0.04418538886804371,-73.97390674374046,40.72116610888531,9,observed,opendata,"building_area_fraction,building_density,dem_d8_accum_proxy,dist_mapped_water_m,elevation_m,impervious_frac,slope_deg",event_raster,production,0,0,moderate,0.1364431826142691,0.09881941775564933,0,0.1364431826142691,0.09881941775564933,False
892a100d31bffff,1.9389970005977408,0.8121149652399142,0.49387122405949896,14.87688219663419,1.0,245.64890448835345,0.29583667266157226,245.64890448835345,672.924793108795,25.0,14.87688219663419,672.924793108795,0.29583667266157226,-73.97411232282563,40.72644645532815,9,observed,opendata,"building_area_fraction,building_density,dem_d8_accum_proxy,dist_mapped_water_m,elevation_m,impervious_frac,slope_deg",event_raster,production,0,0,moderate,0.26877191366145275,0.2851130474773687,0,0.26877191366145275,0.2851130474773687,False
892a100d32bffff,0.10926882264773695,0.13018721912098352,0.13627310751167976,63.3114463176575,0.0,0.0,0.0,0.0,232.7837397081825,25.0,63.3114463176575,232.7837397081825,0.0,-73.9737012109036,40.715886112357865,9,observed,opendata,"building_area_fraction,building_density,dem_d8_accum_proxy,dist_mapped_water_m,elevation_m,impervious_frac,slope_deg",event_raster,production,0,0,moderate,0.022725774715727502,0.009376981449580109,0,0.022725774715727502,0.009376981449580109,False
892a100d32fffff,0.0,0.05989910423352652,0.0,1.0,0.0,0.0,0.0,0.0,385.78086472746827,25.0,1.0,385.78086472746827,0.0,-73.97146217393056,40.713303799242574,9,observed,opendata,"building_area_fraction,building_density,dem_d8_accum_proxy,dist_mapped_water_m,elevation_m,impervious_frac,slope_deg",event_raster,production,0,0,moderate,0.007662006054822496,0.010762079407125952,0,0.007662006054822496,0.010762079407125952,False
892a100d33bffff,0.004580221421793894,0.002873535865689686,0.019600106969984515,2.241080038572806,0.0,0.0,0.0,0.0,266.92658207839764,25.0,2.241080038572806,266.92658207839764,0.0,-73.97166744341928,40.71858362397663,9,observed,opendata,"building_area_fraction,building_density,dem_d8_accum_proxy,dist_mapped_water_m,elevation_m,impervious_frac,slope_deg",event_raster,production,0,0,moderate,0.007662006054822496,0.010762079407125952,0,0.007662006054822496,0.010762079407125952,False
892a100d343ffff,5.5866502148523765,0.577020722082668,0.4508326297277065,160.69169611307422,1.0,1405.5556041546433,0.2587702342262963,1405.5556041546433,416.2161517168003,25.0,160.69169611307422,416.2161517168003,0.2587702342262963,-73.98265986037387,40.72621581321689,9,observed,opendata,"building_area_fraction,building_density,dem_d8_accum_proxy,dist_mapped_water_m,elevation_m,impervious_frac,slope_deg",event_raster,production,0,0,moderate,0.9276344166743066,0.9514657990317905,1,0.9276344166743066,0.9514657990317905,False
892a100d347ffff,4.644717354000196,0.8011106262718986,0.39232210838752396,68.01330967169477,1.0,1483.408924758386,0.3893958865556362,1483.408924758386,1241.0130266123258,25.0,68.01330967169477,1241.0130266123258,0.3893958865556362,-73.98041982269943,40.723633320786945,9,observed,opendata,"building_area_fraction,building_density,dem_d8_accum_proxy,dist_mapped_water_m,elevation_m,impervious_frac,slope_deg",event_raster,production,0,0,moderate,1.0167714818211284,0.9859778197644673,1,1.0167714818211284,0.9859778197644673,False
892a100d34bffff,9.015767370252668,0.724463825411337,0.6106587097799746,91.2316534040672,1.0,2059.654053282634,0.38269046511885907,2059.654053282634,1512.0503536288113,25.0,91.2316534040672,1512.0503536288113,0.38269046511885907,-73.98693361902893,40.72610025540042,9,observed,opendata,"building_area_fraction,building_density,dem_d8_accum_proxy,dist_mapped_water_m,elevation_m,impervious_frac,slope_deg",event_raster,production,0,0,moderate,0.9958492962654985,0.9756680215236011,1,0.9958492962654985,0.9756680215236011,False
892a100d34fffff,7.623786851803391,0.7876910353087702,0.6167541903103995,42.08074534161491,1.0,1549.5437875207735,0.41581382654509463,1549.5437875207735,1540.239795018936,25.0,42.08074534161491,1540.239795018936,0.41581382654509463,-73.98469334442134,40.72351784512154,9,observed,opendata,"building_area_fraction,building_density,dem_d8_accum_proxy,dist_mapped_water_m,elevation_m,impervious_frac,slope_deg",event_raster,production,0,0,moderate,0.9114335833283347,0.9570698001180822,1,0.9114335833283347,0.9570698001180822,False
892a100d353ffff,4.521780591095443,0.7922351027484489,0.3845147181005604,163.48849557522124,1.0,2248.5108413934995,0.4655384185022651,2248.5108413934995,648.7489757814568,25.0,163.48849557522124,648.7489757814568,0.4655384185022651,-73.98062614592236,40.728913832547754,9,observed,opendata,"building_area_fraction,building_density,dem_d8_accum_proxy,dist_mapped_water_m,elevation_m,impervious_frac,slope_deg",event_raster,production,0,0,moderate,1.015314068785393,0.9860118417532986,1,1.015314068785393,0.9860118417532986,False
892a100d357ffff,3.1141942793432333,0.7748897211839376,0.36680282423164756,204.97249334516414,1.0,1625.0573574649106,0.40742719514522585,1625.0573574649106,847.9945021272777,25.0,204.97249334516414,847.9945021272777,0.40742719514522585,-73.9783860949569,40.726331213193134,9,observed,opendata,"building_area_fraction,building_density,dem_d8_accum_proxy,dist_mapped_water_m,elevation_m,impervious_frac,slope_deg",event_raster,production,0,0,moderate,1.0022571054799776,0.9880101939395102,1,1.0022571054799776,0.9880101939395102,False
892a100d35bffff,7.43764604587098,0.7497775448087897,0.5960472149587672,67.59272404614019,1.0,2626.4043840731415,0.4663264694575059,2626.4043840731415,1107.8621328484753,25.0,67.59272404614019,1107.8621328484753,0.4663264694575059,-73.98490014831133,40.72879835041982,9,observed,opendata,"building_area_fraction,building_density,dem_d8_accum_proxy,dist_mapped_water_m,elevation_m,impervious_frac,slope_deg",event_raster,production,0,0,moderate,0.9832545012971026,0.9758662504873074,1,0.9832545012971026,0.9758662504873074,False
892a100d363ffff,4.558396402247309,0.6824059780445793,0.47961942054258583,96.99378881987577,1.0,152.73233360501195,0.19209512792462843,152.73233360501195,409.0021997003835,25.0,96.99378881987577,409.0021997003835,0.19209512792462843,-73.98021354589461,40.718353158911775,9,observed,opendata,"building_area_fraction,building_density,dem_d8_accum_proxy,dist_mapped_water_m,elevation_m,impervious_frac,slope_deg",event_raster,production,0,0,moderate,0.9865667652052285,0.9711148472812421,1,0.9865667652052285,0.9711148472812421,False
892a100d367ffff,2.7580655020776312,0.7045963334762702,0.7061705600249228,44.11957484499557,1.0,103.94877229180514,0.11122112618573372,103.94877229180514,871.4361455647529,25.0,44.11957484499557,871.4361455647529,0.11122112618573372,-73.9779740219053,40.71577088302538,9,observed,opendata,"building_area_fraction,building_density,dem_d8_accum_proxy,dist_mapped_water_m,elevation_m,impervious_frac,slope_deg",event_raster,production,0,0,moderate,0.9406983794767477,0.9631901880050436,1,0.9406983794767477,0.9631901880050436,False
892a100d36bffff,7.702208926068976,0.8444553578259252,0.5499126501777705,51.695035460992905,1.0,1152.824113120977,0.38304576013927205,1152.824113120977,1056.5341107824609,25.0,51.695035460992905,1056.5341107824609,0.38304576013927205,-73.98448658705743,40.718237689707394,9,observed,opendata,"building_area_fraction,building_density,dem_d8_accum_proxy,dist_mapped_water_m,elevation_m,impervious_frac,slope_deg",event_raster,production,0,0,moderate,0.889391075821744,0.9569576322977912,1,0.889391075821744,0.9569576322977912,False
892a100d36fffff,7.427478178349197,0.768602399019046,0.9244821037088553,29.728155339805824,1.0,321.29529383217175,0.2004228860315831,321.29529383217175,1471.9406884439734,25.0,29.728155339805824,1471.9406884439734,0.2004228860315831,-73.98224682620025,40.71565549593136,9,observed,opendata,"building_area_fraction,building_density,dem_d8_accum_proxy,dist_mapped_water_m,elevation_m,impervious_frac,slope_deg",event_raster,production,0,0,moderate,0.9043736592677891,0.9184222190384232,1,0.9043736592677891,0.9184222190384232,False
892a100d373ffff,3.7008108685141226,0.7542084921134902,0.34596466896700795,113.31532329495128,1.0,774.8137351400688,0.30167143582508654,774.8137351400688,778.0595702150201,25.0,113.31532329495128,778.0595702150201,0.30167143582508654,-73.97818003525298,40.72105087315231,9,observed,opendata,"building_area_fraction,building_density,dem_d8_accum_proxy,dist_mapped_water_m,elevation_m,impervious_frac,slope_deg",event_raster,production,0,0,moderate,0.9828449070917723,0.9843592598858198,1,0.9828449070917723,0.9843592598858198,False
892a100d377ffff,1.6780312110335243,0.6493918068358154,0.5231083692133742,225.40106007067138,1.0,113.39317906931772,0.09130986122500911,113.39317906931772,621.6312370920012,25.0,225.40106007067138,621.6312370920012,0.09130986122500911,-73.97594049799939,40.718468470335196,9,observed,opendata,"building_area_fraction,building_density,dem_d8_accum_proxy,dist_mapped_water_m,elevation_m,impervious_frac,slope_deg",event_raster,production,0,0,moderate,0.9885619863097219,0.974700752013979,1,0.9885619863097219,0.974700752013979,False
892a100d37bffff,6.074471894135438,0.8143881015933307,0.4704754439240941,124.49955869373345,1.0,1514.6905724665742,0.3773416353762881,1514.6905724665742,527.9499871908369,25.0,124.49955869373345,527.9499871908369,0.3773416353762881,-73.98245332005494,40.7209354796179,9,observed,opendata,"building_area_fraction,building_density,dem_d8_accum_proxy,dist_mapped_water_m,elevation_m,impervious_frac,slope_deg",event_raster,production,0,0,moderate,0.9870529353441502,0.981664271231271,1,0.9870529353441502,0.981664271231271,False
892a100d3c3ffff,0.6128655131696951,0.5629919689043797,0.3475679819685786,57.40832595217006,1.0,56.682569958746576,0.11494009047587837,56.682569958746576,218.70139566870228,25.0,57.40832595217006,218.70139566870228,0.11494009047587837,-73.97431794817466,40.73172715163123,9,observed,opendata,"building_area_fraction,building_density,dem_d8_accum_proxy,dist_mapped_water_m,elevation_m,impervious_frac,slope_deg",event_raster,production,0,0,moderate,0.8350060963765881,0.848621577442111,1,0.8350060963765881,0.848621577442111,False
892a100d3c7ffff,0.75195627715678,0.5162018981679098,0.5022142332503705,4.554659498207886,1.0,75.58062667460685,0.10069092558187379,75.58062667460685,167.14055966195306,25.0,4.554659498207886,167.14055966195306,0.10069092558187379,-73.97207812097184,40.72914432322064,9,observed,opendata,"building_area_fraction,building_density,dem_d8_accum_proxy,dist_mapped_water_m,elevation_m,impervious_frac,slope_deg",event_raster,production,0,0,moderate,0.13153358027785342,0.13616982005272976,0,0.13153358027785342,0.13616982005272976,False
892a100d3cbffff,3.4916955958886424,0.5565334221291923,0.5258604157352109,77.14653641207815,1.0,113.36481717867224,0.2060842381632758,113.36481717867224,1387.790111205094,25.0,77.14653641207815,1387.790111205094,0.2060842381632758,-73.97859220103275,40.73161190309274,9,observed,opendata,"building_area_fraction,building_density,dem_d8_accum_proxy,dist_mapped_water_m,elevation_m,impervious_frac,slope_deg",event_raster,production,0,0,moderate,0.11234960475866995,0.12252106311022147,0,0.11234960475866995,0.12252106311022147,False
892a100d3cfffff,2.3551216452420283,0.7707773270430388,0.4281572353019259,53.17724867724868,1.0,368.4545043532385,0.24100500359050583,368.4545043532385,1154.7055073844572,25.0,53.17724867724868,1154.7055073844572,0.24100500359050583,-73.97635213679334,40.72902915681503,9,observed,opendata,"building_area_fraction,building_density,dem_d8_accum_proxy,dist_mapped_water_m,elevation_m,impervious_frac,slope_deg",event_raster,production,0,0,moderate,0.941896839555284,0.9604207442356946,1,0.941896839555284,0.9604207442356946,False
892a100d3d3ffff,0.015260853109045734,0.10776475645644683,0.05527591807185672,22.217198581560282,0.0,18.89327738137942,0.031172348950599085,18.89327738137942,333.25325186169357,25.0,22.217198581560282,333.25325186169357,0.031172348950599085,-73.97228352906686,40.73442519762032,9,observed,opendata,"building_area_fraction,building_density,dem_d8_accum_proxy,dist_mapped_water_m,elevation_m,impervious_frac,slope_deg",event_raster,production,0,0,moderate,0.026508884836029235,0.010997833938233082,0,0.026508884836029235,0.010997833938233082,False
892a100d3d7ffff,0.0,0.0,0.0,1.0,0.0,0.0,0.0,0.0,839.5136774689454,25.0,1.0,839.5136774689454,0.0,-73.970043688646,40.7318422422876,9,observed,opendata,"building_area_fraction,building_density,dem_d8_accum_proxy,dist_mapped_water_m,elevation_m,impervious_frac,slope_deg",event_raster,production,0,0,moderate,0.007662006054822496,0.010762079407125952,0,0.007662006054822496,0.010762079407125952,False
892a100d3dbffff,1.9969931639230714,0.6234106497292805,0.5685779020953726,159.25706713780917,1.0,188.9322350168775,0.18934958794626555,188.9322350168775,646.6873693039787,25.0,159.25706713780917,646.6873693039787,0.18934958794626555,-73.97655802567105,40.73431002483043,9,observed,opendata,"building_area_fraction,building_density,dem_d8_accum_proxy,dist_mapped_water_m,elevation_m,impervious_frac,slope_deg",event_raster,production,0,0,moderate,0.9823123772223975,0.9759646871797761,1,0.9823123772223975,0.9759646871797761,False
892a100d607ffff,14.020338530513827,0.7112487444664513,1.0015001963969716,39.16536312849162,1.0,302.15768155156775,0.4622610638458984,302.15768155156775,3872.9261737505403,25.0,39.16536312849162,3872.9261737505403,0.4622610638458984,-73.97107010462192,40.75825100161534,9,observed,opendata,"building_area_fraction,building_density,dem_d8_accum_proxy,dist_mapped_water_m,elevation_m,impervious_frac,slope_deg",event_raster,production,0,0,moderate,0.9977582217576956,0.9747844316579216,1,0.9977582217576956,0.9747844316579216,False
892a100d60fffff,19.72242390804879,0.6652081506892973,1.0943608169557757,7.185022026431718,1.0,500.44723006896095,0.5296866072932178,500.44723006896095,4254.890531775295,25.0,7.185022026431718,4254.890531775295,0.5296866072932178,-73.97534676942504,40.75813587911897,9,observed,opendata,"building_area_fraction,building_density,dem_d8_accum_proxy,dist_mapped_water_m,elevation_m,impervious_frac,slope_deg",event_raster,production,0,0,moderate,0.9644819205247499,0.9795112424549893,1,0.9644819205247499,0.9795112424549893,False
892a100d623ffff,13.148497154090345,0.7602584077149666,1.6915548537659133,59.038140643623365,1.0,831.016192876088,0.3945466338293475,831.016192876088,2016.573403672762,25.0,59.038140643623365,2016.573403672762,0.3945466338293475,-73.97086472899026,40.752968550468005,9,observed,opendata,"building_area_fraction,building_density,dem_d8_accum_proxy,dist_mapped_water_m,elevation_m,impervious_frac,slope_deg",event_raster,production,0,0,moderate,1.033642899376225,0.9853096304889395,1,1.033642899376225,0.9853096304889395,False
892a100d62bffff,14.418228563653216,0.7967663634716151,1.2384826880358653,23.111013215859032,1.0,481.6102811513987,0.6467541623718011,481.6102811513987,2682.805490788197,25.0,23.111013215859032,2682.805490788197,0.6467541623718011,-73.97514091252218,40.752853434342555,9,observed,opendata,"building_area_fraction,building_density,dem_d8_accum_proxy,dist_mapped_water_m,elevation_m,impervious_frac,slope_deg",event_raster,production,0,0,moderate,0.9734538332724747,0.9765063924575206,1,0.9734538332724747,0.9765063924575206,False
892a100d62fffff,13.633146318983524,0.8289348363400774,1.4104762458876567,13.285460992907801,1.0,424.97197105742754,0.5062271319643027,424.97197105742754,1612.8375588875404,25.0,13.285460992907801,1612.8375588875404,0.5062271319643027,-73.97290003081406,40.750269919268,9,observed,opendata,"building_area_fraction,building_density,dem_d8_accum_proxy,dist_mapped_water_m,elevation_m,impervious_frac,slope_deg",event_raster,production,0,0,moderate,0.9866308347986044,0.9764585377647712,1,0.9866308347986044,0.9764585377647712,False
892a100d63bffff,14.483056847085344,0.7337768375345156,1.0713072652195363,33.341312056737586,1.0,377.71532593222224,0.542230702668537,377.71532593222224,3132.6754101004144,25.0,33.341312056737586,3132.6754101004144,0.542230702668537,-73.97310562393588,40.75555219244933,9,observed,opendata,"building_area_fraction,building_density,dem_d8_accum_proxy,dist_mapped_water_m,elevation_m,impervious_frac,slope_deg",event_raster,production,0,0,moderate,0.9696619032555645,0.9817893265267585,1,0.9696619032555645,0.9817893265267585,False
892a100d663ffff,19.63950660685365,0.7479781486876539,0.5656640960901502,11.427184466019417,1.0,708.2122024914353,0.5718508842336081,708.2122024914353,4655.209414351158,25.0,11.427184466019417,4655.209414351158,0.5718508842336081,-73.98165845885663,40.75532163770499,9,observed,opendata,"building_area_fraction,building_density,dem_d8_accum_proxy,dist_mapped_water_m,elevation_m,impervious_frac,slope_deg",event_raster,production,0,0,moderate,0.9929982864376299,0.985826078692089,1,0.9929982864376299,0.985826078692089,False
892a100d667ffff,19.985027186526356,0.7309804871823536,1.0679178349056098,22.732506643046943,1.0,481.60890969299186,0.5376792560219663,481.60890969299186,3619.4840244017128,25.0,22.732506643046943,3619.4840244017128,0.5376792560219663,-73.97941708936834,40.7527381601755,9,observed,opendata,"building_area_fraction,building_density,dem_d8_accum_proxy,dist_mapped_water_m,elevation_m,impervious_frac,slope_deg",event_raster,production,0,0,moderate,0.9714003576984368,0.9822039206623884,1,0.9714003576984368,0.9822039206623884,False
892a100d66bffff,17.500070471557024,0.6932226776760516,0.6726049114180075,28.52608311229001,1.0,443.8117227518402,0.5134854723085188,443.8117227518402,5090.952395308951,25.0,28.52608311229001,5090.952395308951,0.5134854723085188,-73.98593486620214,40.75520612324228,9,observed,opendata,"building_area_fraction,building_density,dem_d8_accum_proxy,dist_mapped_water_m,elevation_m,impervious_frac,slope_deg",event_raster,production,0,0,moderate,0.969011461175362,0.9817830616705583,1,0.969011461175362,0.9817830616705583,False
892a100d66fffff,20.715400095527055,0.6178529678071116,0.7742615862227712,14.50709219858156,1.0,802.6792381051476,0.494886293010319,802.6792381051476,4618.788205299972,25.0,14.50709219858156,4618.788205299972,0.494886293010319,-73.98369325948109,40.752622727967825,9,observed,opendata,"building_area_fraction,building_density,dem_d8_accum_proxy,dist_mapped_water_m,elevation_m,impervious_frac,slope_deg",event_raster,production,0,0,moderate,0.0322192211156849,0.047175718134297065,0,0.0322192211156849,0.047175718134297065,False
892a100d673ffff,19.184934780107323,0.7011803364288722,0.7275533722837436,21.55496453900709,1.0,745.9475204764619,0.5557050881611098,745.9475204764619,4900.987272679926,25.0,21.55496453900709,4900.987272679926,0.5557050881611098,-73.97962342753863,40.75802059854109,9,observed,opendata,"building_area_fraction,building_density,dem_d8_accum_proxy,dist_mapped_water_m,elevation_m,impervious_frac,slope_deg",event_raster,production,0,0,moderate,0.9878796806787886,0.9865202935711019,1,0.9878796806787886,0.9865202935711019,False
892a100d677ffff,18.53936629797061,0.7161777546509086,0.582510963887082,11.568523430592396,1.0,500.47137923878313,0.5084463282452338,500.47137923878313,3786.401298019826,25.0,11.568523430592396,3786.401298019826,0.5084463282452338,-73.97738204475199,40.75543699410768,9,observed,opendata,"building_area_fraction,building_density,dem_d8_accum_proxy,dist_mapped_water_m,elevation_m,impervious_frac,slope_deg",event_raster,production,0,0,moderate,0.973421743348511,0.9805793568442965,1,0.973421743348511,0.9805793568442965,False
892a100d67bffff,16.20414668031755,0.7075797802942396,0.6977731895301191,93.25817860300619,1.0,613.7525470184872,0.5599201989171262,613.7525470184872,5229.634515591869,25.0,93.25817860300619,5229.634515591869,0.5599201989171262,-73.98390007891497,40.757905159882704,9,observed,opendata,"building_area_fraction,building_density,dem_d8_accum_proxy,dist_mapped_water_m,elevation_m,impervious_frac,slope_deg",event_raster,production,0,0,moderate,0.9868335848157881,0.9893137760257326,1,0.9868335848157881,0.9893137760257326,False
892a100de4bffff,0.024937975428425272,0.15310505929116933,0.0563516867531057,1.3495762711864407,0.0,13.573827367169645,0.017928297710775552,13.573827367169645,0.0,25.0,1.3495762711864407,0.0,0.017928297710775552,-73.97125695061276,40.70802432450722,9,observed,opendata,"building_area_fraction,building_density,dem_d8_accum_proxy,dist_mapped_water_m,elevation_m,impervious_frac,slope_deg",event_raster,production,0,0,moderate,0.00803997353104912,0.010762079407125952,0,0.00803997353104912,0.010762079407125952,False
892a10720b7ffff,-1.1900991245511503,0.00018630719034623262,0.0006145217988354039,1.026827012025902,0.0,0.0,0.0,0.0,490.3675852178502,25.0,1.026827012025902,490.3675852178502,0.0,-74.0181130416704,40.75697595984327,9,observed,opendata,"building_area_fraction,building_density,dem_d8_accum_proxy,dist_mapped_water_m,elevation_m,impervious_frac,slope_deg",event_raster,production,0,0,moderate,0.007662006054822496,0.010762079407125952,0,0.007662006054822496,0.010762079407125952,False
892a1072103ffff,-1.2399753847266048,0.0,0.00023242917916710228,1.0275066548358474,0.0,0.0,0.0,0.0,142.54900527476912,25.0,1.0275066548358474,142.54900527476912,0.0,-74.01748117571599,40.741129871987226,9,observed,opendata,"building_area_fraction,building_density,dem_d8_accum_proxy,dist_mapped_water_m,elevation_m,impervious_frac,slope_deg",event_raster,production,0,0,moderate,0.007966412580773765,0.010762079407125952,0,0.007966412580773765,0.010762079407125952,False
892a1072107ffff,-1.244210231430539,0.0,0.001968905035169407,1.1139575971731448,0.0,0.0,0.0,0.0,908.3124864144515,25.0,1.1139575971731448,908.3124864144515,0.0,-74.0152384511325,40.73854752280379,9,observed,opendata,"building_area_fraction,building_density,dem_d8_accum_proxy,dist_mapped_water_m,elevation_m,impervious_frac,slope_deg",event_raster,production,0,0,moderate,0.017383980142000294,0.010762079407125952,0,0.017383980142000294,0.010762079407125952,False
892a107210fffff,-1.245603721388455,0.0,0.0024840236519431246,1.1420689655172414,0.0,0.0,0.0,0.0,229.91059413000588,25.0,1.1420689655172414,229.91059413000588,0.0,-74.01951335948576,40.73843076426119,9,observed,opendata,"building_area_fraction,building_density,dem_d8_accum_proxy,dist_mapped_water_m,elevation_m,impervious_frac,slope_deg",event_raster,production,0,0,moderate,0.007662006054822496,0.010762079407125952,0,0.007662006054822496,0.010762079407125952,False
892a1072113ffff,-1.2310538851249386,0.0,0.0020333318153320824,1.102112676056338,0.0,0.0,0.0,0.0,515.0205972291368,25.0,1.102112676056338,515.0205972291368,0.0,-74.01544876152556,40.74382903103832,9,observed,opendata,"building_area_fraction,building_density,dem_d8_accum_proxy,dist_mapped_water_m,elevation_m,impervious_frac,slope_deg",event_raster,production,0,0,moderate,0.007662006054822496,0.010762079407125952,0,0.007662006054822496,0.010762079407125952,False
892a1072117ffff,-1.1877672159961894,0.04511516691964383,0.18150142565476748,1.120353982300885,0.0,9.44497754143648,0.0026408206918432423,9.44497754143648,228.8919870293379,25.0,1.120353982300885,228.8919870293379,0.0026408206918432423,-74.01320602332508,40.741246554946805,9,observed,opendata,"building_area_fraction,building_density,dem_d8_accum_proxy,dist_mapped_water_m,elevation_m,impervious_frac,slope_deg",event_raster,production,0,0,moderate,0.006271180377640408,0.010758911387202048,0,0.006271180377640408,0.010758911387202048,False
892a107211bffff,-1.2316763050842865,0.0,0.00202297376694875,1.1385083713850837,0.0,0.0,0.0,0.0,641.5942185252629,25.0,1.1385083713850837,641.5942185252629,0.0,-74.01972415083898,40.74371226570976,9,observed,opendata,"building_area_fraction,building_density,dem_d8_accum_proxy,dist_mapped_water_m,elevation_m,impervious_frac,slope_deg",event_raster,production,0,0,moderate,0.007662006054822496,0.010762079407125952,0,0.007662006054822496,0.010762079407125952,False
892a1072123ffff,-1.1687535791666106,0.000900871208065346,0.3894691946386747,1.1725663716814159,0.0,0.0,0.0,0.0,281.38269911141,25.0,1.1725663716814159,281.38269911141,0.0,-74.01502818806925,40.73326636427724,9,observed,opendata,"building_area_fraction,building_density,dem_d8_accum_proxy,dist_mapped_water_m,elevation_m,impervious_frac,slope_deg",event_raster,production,0,0,moderate,0.015013885332115017,0.018862383811736286,0,0.015013885332115017,0.018862383811736286,False
892a1072127ffff,0.317415078061613,0.41555844345398874,1.1515371945328723,2.019503546099291,0.0,28.340568616711487,0.2042888420850789,28.340568616711487,35.254682484286064,25.0,2.019503546099291,35.254682484286064,0.2042888420850789,-74.01278597804964,40.73068423115304,9,observed,opendata,"building_area_fraction,building_density,dem_d8_accum_proxy,dist_mapped_water_m,elevation_m,impervious_frac,slope_deg",event_raster,production,0,0,moderate,0.05239276965703156,0.1431365169805771,0,0.05239276965703156,0.1431365169805771,False
892a107212bffff,-1.2623415277333616,0.0,0.0019051260698506435,1.1153358681875791,0.0,0.0,0.0,0.0,181.7454647629229,25.0,1.1153358681875791,181.7454647629229,0.0,-74.01930261557044,40.733149612519036,9,observed,opendata,"building_area_fraction,building_density,dem_d8_accum_proxy,dist_mapped_water_m,elevation_m,impervious_frac,slope_deg",event_raster,production,0,0,moderate,0.007662006054822496,0.010762079407125952,0,0.007662006054822496,0.010762079407125952,False
892a107212fffff,-1.2719176585760563,0.0,0.0020710156741099955,1.1103265666372462,0.0,0.0,0.0,0.0,820.5841911242095,25.0,1.1103265666372462,820.5841911242095,0.0,-74.01706016873243,40.73056756172238,9,observed,opendata,"building_area_fraction,building_density,dem_d8_accum_proxy,dist_mapped_water_m,elevation_m,impervious_frac,slope_deg",event_raster,production,0,0,moderate,0.007662006054822496,0.010762079407125952,0,0.007662006054822496,0.010762079407125952,False
892a1072133ffff,-1.2547325967474188,0.011688449909020519,0.014539379470053638,1.2198581560283688,0.0,0.0,0.0,0.0,627.7938499484179,25.0,1.2198581560283688,627.7938499484179,0.0,-74.01299597705345,40.73596521818175,9,observed,opendata,"building_area_fraction,building_density,dem_d8_accum_proxy,dist_mapped_water_m,elevation_m,impervious_frac,slope_deg",event_raster,production,0,0,moderate,0.007662006054822496,0.010762079407125952,0,0.007662006054822496,0.010762079407125952,False
892a1072137ffff,1.174219126347863,0.5746522394854691,2.5183943415297168,2.621693121693122,1.0,425.0879774447582,0.15357718170244142,425.0879774447582,17.00274128966355,25.0,2.621693121693122,17.00274128966355,0.15357718170244142,-74.01075375344374,40.73338295814338,9,observed,opendata,"building_area_fraction,building_density,dem_d8_accum_proxy,dist_mapped_water_m,elevation_m,impervious_frac,slope_deg",event_raster,production,0,0,moderate,0.898775710048279,0.9292645708874723,1,0.898775710048279,0.9292645708874723,False
892a107213bffff,-1.2532459888838035,0.0,0.0019723898133642112,1.1141592920353982,0.0,0.0,0.0,0.0,554.1994184773952,25.0,1.1141592920353982,554.1994184773952,0.0,-74.01727064853625,40.735848541987394,9,observed,opendata,"building_area_fraction,building_density,dem_d8_accum_proxy,dist_mapped_water_m,elevation_m,impervious_frac,slope_deg",event_raster,production,0,0,moderate,0.007662006054822496,0.010762079407125952,0,0.007662006054822496,0.010762079407125952,False
892a1072183ffff,1.092882147249922,0.7522775878816721,2.5900390582813637,3.022968197879859,1.0,122.77284279812328,0.415366917420803,122.77284279812328,67.41442148510781,25.0,3.022968197879859,67.41442148510781,0.415366917420803,-74.00914047636303,40.74664477312714,9,observed,opendata,"building_area_fraction,building_density,dem_d8_accum_proxy,dist_mapped_water_m,elevation_m,impervious_frac,slope_deg",event_raster,production,0,0,moderate,1.0007196817808386,0.9688528113295625,1,1.0007196817808386,0.9688528113295625,False
892a1072187ffff,2.865856484433288,0.8612008066278733,1.6096148432023738,5.015057573073516,1.0,453.3382727626233,0.4553102934621101,453.3382727626233,544.6378835748991,25.0,5.015057573073516,544.6378835748991,0.4553102934621101,-74.0068979615497,40.74406208777896,9,observed,opendata,"building_area_fraction,building_density,dem_d8_accum_proxy,dist_mapped_water_m,elevation_m,impervious_frac,slope_deg",event_raster,production,0,0,moderate,1.0048172043485575,0.9789267972717878,1,1.0048172043485575,0.9789267972717878,False
892a107218bffff,-1.145717832484408,0.025607253999365923,0.2881564678893018,1.1799645390070923,0.0,0.0,0.004778660597349168,0.0,507.93417928031823,25.0,1.1799645390070923,507.93417928031823,0.004778660597349168,-74.0134161168805,40.74652824139304,9,observed,opendata,"building_area_fraction,building_density,dem_d8_accum_proxy,dist_mapped_water_m,elevation_m,impervious_frac,slope_deg",event_raster,production,0,0,moderate,0.006271180377640408,0.010758911387202048,0,0.006271180377640408,0.010758911387202048,False
892a107218fffff,-0.7697109869887343,0.21370887603029706,1.2654111865971782,1.5761061946902655,0.0,9.444521136991822,0.11109440078555387,9.444521136991822,36.4228806819232,25.0,1.5761061946902655,36.4228806819232,0.11109440078555387,-74.01117336507996,40.74394563839507,9,observed,opendata,"building_area_fraction,building_density,dem_d8_accum_proxy,dist_mapped_water_m,elevation_m,impervious_frac,slope_deg",event_raster,production,0,0,moderate,0.01841324036156803,0.02083319827992102,0,0.01841324036156803,0.02083319827992102,False
892a1072193ffff,2.4733190099759055,0.8853500230424272,1.8663179345042886,5.219663418954827,1.0,254.97743280222926,0.3988971842263096,254.97743280222926,633.4515107749037,25.0,5.219663418954827,633.4515107749037,0.3988971842263096,-74.00710735714024,40.7493439591216,9,observed,opendata,"building_area_fraction,building_density,dem_d8_accum_proxy,dist_mapped_water_m,elevation_m,impervious_frac,slope_deg",event_raster,production,0,0,moderate,0.9457919186730537,0.9658583355071608,1,0.9457919186730537,0.9658583355071608,False
892a1072197ffff,2.7614139460066744,0.7942082141744258,2.312438773104936,3.7453580901856762,1.0,1539.386847311681,0.4748230256733557,1539.386847311681,1210.9521764238982,25.0,3.7453580901856762,1210.9521764238982,0.4748230256733557,-74.00486482878279,40.74676114686789,9,observed,opendata,"building_area_fraction,building_density,dem_d8_accum_proxy,dist_mapped_water_m,elevation_m,impervious_frac,slope_deg",event_raster,production,0,0,moderate,1.0012398694152858,0.9671071039788205,1,1.0012398694152858,0.9671071039788205,False
892a107219bffff,-0.6537524258770736,0.15740812760982117,1.3625826412477078,1.398936170212766,0.0,0.0,0.016734310541106967,0.0,106.67407241875591,25.0,1.398936170212766,106.67407241875591,0.016734310541106967,-74.01138324174666,40.74922750302998,9,observed,opendata,"building_area_fraction,building_density,dem_d8_accum_proxy,dist_mapped_water_m,elevation_m,impervious_frac,slope_deg",event_raster,production,0,0,moderate,0.01841324036156803,0.019861024230509682,0,0.01841324036156803,0.019861024230509682,False
892a10721a3ffff,4.316668988278149,0.810046624022384,1.8137974072890093,3.891843971631206,1.0,1926.8792213874592,0.4708441522544622,1926.8792213874592,1033.4039713707964,25.0,3.891843971631206,1033.4039713707964,0.4708441522544622,-74.00668861308876,40.73878056609214,9,observed,opendata,"building_area_fraction,building_density,dem_d8_accum_proxy,dist_mapped_water_m,elevation_m,impervious_frac,slope_deg",event_raster,production,0,0,moderate,1.025327689672264,0.9688501082442518,1,1.025327689672264,0.9688501082442518,False
892a10721a7ffff,7.052639007568359,0.6748227885903766,2.454879452465389,3.2634361233480176,1.0,3202.1835414914995,0.4416729607220241,3202.1835414914995,1714.533673488606,25.0,3.2634361233480176,1714.533673488606,0.4416729607220241,-74.00444661282785,40.736198096831764,9,observed,opendata,"building_area_fraction,building_density,dem_d8_accum_proxy,dist_mapped_water_m,elevation_m,impervious_frac,slope_deg",event_raster,production,0,0,moderate,0.9580839935839354,0.9703832254590589,1,0.9580839935839354,0.9703832254590589,False
892a10721abffff,0.3745056632132155,0.4531976388452958,1.5648322338357759,2.828470380194518,1.0,85.00914149665785,0.07408183062689527,85.00914149665785,98.89855634795782,25.0,2.828470380194518,98.89855634795782,0.07408183062689527,-74.01096353565099,40.73866412341445,9,observed,opendata,"building_area_fraction,building_density,dem_d8_accum_proxy,dist_mapped_water_m,elevation_m,impervious_frac,slope_deg",event_raster,production,0,0,moderate,0.9226620348243918,0.9236829623359761,1,0.9226620348243918,0.9236829623359761,False
892a10721afffff,3.490323402506515,0.7717079916091334,2.565414321656771,3.836734693877551,1.0,1492.458976622331,0.40173070004169287,1492.458976622331,534.7189358439997,25.0,3.836734693877551,534.7189358439997,0.40173070004169287,-74.00872129846812,40.73608173646356,9,observed,opendata,"building_area_fraction,building_density,dem_d8_accum_proxy,dist_mapped_water_m,elevation_m,impervious_frac,slope_deg",event_raster,production,0,0,moderate,0.9919495269878772,0.9723298111065399,1,0.9919495269878772,0.9723298111065399,False
892a10721b3ffff,4.6818460955493775,0.8373537887298063,1.7626045273354334,4.843171806167401,1.0,906.7228768061028,0.5539595876518945,906.7228768061028,1286.1823862962574,25.0,4.843171806167401,1286.1823862962574,0.5539595876518945,-74.00465569727152,40.74147944700771,9,observed,opendata,"building_area_fraction,building_density,dem_d8_accum_proxy,dist_mapped_water_m,elevation_m,impervious_frac,slope_deg",event_raster,production,0,0,moderate,1.0292100446848216,0.9809754620842978,1,1.0292100446848216,0.9809754620842978,False
892a10721b7ffff,6.6616377350283384,0.7675786899219282,2.2682631296537874,4.209405501330967,1.0,2144.1313790759446,0.469790052908383,2144.1313790759446,2065.7693690166857,25.0,4.209405501330967,2065.7693690166857,0.469790052908383,-74.0024136834934,40.73889685083574,9,observed,opendata,"building_area_fraction,building_density,dem_d8_accum_proxy,dist_mapped_water_m,elevation_m,impervious_frac,slope_deg",event_raster,production,0,0,moderate,0.9839009038141026,0.9631700344108373,1,0.9839009038141026,0.9631700344108373,False
892a10721bbffff,1.6251960534597876,0.737339020209349,1.6491843103812782,3.8576480990274096,1.0,198.34507788339744,0.21933410366825368,198.34507788339744,154.42314862293665,25.0,3.8576480990274096,154.42314862293665,0.21933410366825368,-74.00893086382774,40.74136307995401,9,observed,opendata,"building_area_fraction,building_density,dem_d8_accum_proxy,dist_mapped_water_m,elevation_m,impervious_frac,slope_deg",event_raster,production,0,0,moderate,0.977418971784434,0.9566015896958978,1,0.977418971784434,0.9566015896958978,False
892a10721c3ffff,-1.213900610373008,0.0,0.0019426175712066777,1.1192504258943783,0.0,0.0,0.0,0.0,561.5078005279831,25.0,1.1192504258943783,561.5078005279831,0.0,-74.01993498964616,40.74899411680954,9,observed,opendata,"building_area_fraction,building_density,dem_d8_accum_proxy,dist_mapped_water_m,elevation_m,impervious_frac,slope_deg",event_raster,production,0,0,moderate,0.007662006054822496,0.010762079407125952,0,0.007662006054822496,0.010762079407125952,False
892a10721c7ffff,-1.2224848367729966,0.0,0.0019776401595074516,1.1144631765749777,0.0,0.0,0.0,0.0,269.1289720358571,25.0,1.1144631765749777,269.1289720358571,0.0,-74.01769175028757,40.746411551666675,9,observed,opendata,"building_area_fraction,building_density,dem_d8_accum_proxy,dist_mapped_water_m,elevation_m,impervious_frac,slope_deg",event_raster,production,0,0,moderate,0.007662006054822496,0.010762079407125952,0,0.007662006054822496,0.010762079407125952,False
892a10721d3ffff,-1.2042193791408131,0.0,0.002366620247679832,1.1352313167259787,0.0,0.0,0.0,0.0,687.0238562148079,25.0,1.1352313167259787,687.0238562148079,0.0,-74.01790237226705,40.75169358097044,9,observed,opendata,"building_area_fraction,building_density,dem_d8_accum_proxy,dist_mapped_water_m,elevation_m,impervious_frac,slope_deg",event_raster,production,0,0,moderate,0.007662006054822496,0.010762079407125952,0,0.007662006054822496,0.010762079407125952,False
892a10721d7ffff,-1.211878742114394,0.0,0.0020796632177818423,1.1130742049469964,0.0,0.0,0.0,0.0,103.34826864941482,25.0,1.1130742049469964,103.34826864941482,0.0,-74.0156591192645,40.74911088892559,9,observed,opendata,"building_area_fraction,building_density,dem_d8_accum_proxy,dist_mapped_water_m,elevation_m,impervious_frac,slope_deg",event_raster,production,0,0,moderate,0.008945542458076695,0.010762079407125952,0,0.008945542458076695,0.010762079407125952,False
892a1072507ffff,6.045594998179598,0.8499440136266515,2.9966599605614253,7.914007092198582,1.0,151.0758493684931,0.49267983994626496,151.0758493684931,1059.4494758813394,25.0,7.914007092198582,1059.4494758813394,0.49267983994626496,-74.00100661609572,40.757441824465054,9,observed,opendata,"building_area_fraction,building_density,dem_d8_accum_proxy,dist_mapped_water_m,elevation_m,impervious_frac,slope_deg",event_raster,production,0,0,moderate,0.9274929995830539,0.883995352994609,1,0.9274929995830539,0.883995352994609,False
892a107250bffff,-0.5307645952319742,0.16158879308081148,1.08944669455451,1.6339434276206324,0.0,0.0,0.08417746310418893,0.0,241.62654988603325,25.0,1.6339434276206324,241.62654988603325,0.08417746310418893,-74.0075262897737,40.759908750553265,9,observed,opendata,"building_area_fraction,building_density,dem_d8_accum_proxy,dist_mapped_water_m,elevation_m,impervious_frac,slope_deg",event_raster,production,0,0,moderate,0.01712970395831383,0.021140308612356933,0,0.01712970395831383,0.021140308612356933,False
892a107250fffff,1.0902016293216192,0.5698518082603741,1.3910092545596053,5.543439716312057,1.0,18.884428478775728,0.20389660823197703,18.884428478775728,13.81818404278641,25.0,5.543439716312057,13.81818404278641,0.20389660823197703,-74.00528323307157,40.757325595419836,9,observed,opendata,"building_area_fraction,building_density,dem_d8_accum_proxy,dist_mapped_water_m,elevation_m,impervious_frac,slope_deg",event_raster,production,0,0,moderate,0.0686280130587528,0.09316984450858426,0,0.0686280130587528,0.09316984450858426,False
892a1072523ffff,5.199998814186596,0.8566568510752197,2.6714907944242055,12.481382978723405,1.0,217.19311375770351,0.5660845456008802,217.19311375770351,2023.9337573424632,25.0,12.481382978723405,2023.9337573424632,0.5660845456008802,-74.00079787164594,40.75215941875203,9,observed,opendata,"building_area_fraction,building_density,dem_d8_accum_proxy,dist_mapped_water_m,elevation_m,impervious_frac,slope_deg",event_raster,production,0,0,moderate,0.9602975799112624,0.9643955661270143,1,0.9602975799112624,0.9643955661270143,False
892a1072527ffff,8.02425549040807,0.7638562701609691,0.6979674466733825,21.63964757709251,1.0,557.17601771214,0.29839292987210114,557.17601771214,2893.300120260287,25.0,21.63964757709251,2893.300120260287,0.29839292987210114,-73.99855556685219,40.74957639726228,9,observed,opendata,"building_area_fraction,building_density,dem_d8_accum_proxy,dist_mapped_water_m,elevation_m,impervious_frac,slope_deg",event_raster,production,0,0,moderate,0.1380223188153833,0.17329228893513118,0,0.1380223188153833,0.17329228893513118,False
892a107252bffff,2.9207114511300656,0.8889311911048248,1.0453565587628668,5.62621789193977,1.0,273.8514228478726,0.553203835879108,273.8514228478726,902.344203346888,25.0,5.62621789193977,902.344203346888,0.553203835879108,-74.00507400737747,40.75204319635703,9,observed,opendata,"building_area_fraction,building_density,dem_d8_accum_proxy,dist_mapped_water_m,elevation_m,impervious_frac,slope_deg",event_raster,production,0,0,moderate,0.9983331475710469,0.9834484620887053,1,0.9983331475710469,0.9834484620887053,False
892a107252fffff,3.8310768727292124,0.8015977727650754,1.5455372068379403,8.916961130742049,1.0,916.0325876624108,0.43593495490806683,916.0325876624108,1756.5906074754498,25.0,8.916961130742049,1756.5906074754498,0.43593495490806683,-74.00283146549287,40.749460257199395,9,observed,opendata,"building_area_fraction,building_density,dem_d8_accum_proxy,dist_mapped_water_m,elevation_m,impervious_frac,slope_deg",event_raster,production,0,0,moderate,1.0054919827648594,0.9733757433218576,1,1.0054919827648594,0.9733757433218576,False
892a1072533ffff,10.129730641472982,0.8491542145122373,2.8983374806787987,7.006189213085765,1.0,406.03708434312045,0.3470865266651554,406.03708434312045,1984.3869133261367,25.0,7.006189213085765,1984.3869133261367,0.3470865266651554,-73.99876404720786,40.75485863150437,9,observed,opendata,"building_area_fraction,building_density,dem_d8_accum_proxy,dist_mapped_water_m,elevation_m,impervious_frac,slope_deg",event_raster,production,0,0,moderate,0.04464296187063923,0.10875192942625694,0,0.04464296187063923,0.10875192942625694,False
892a1072537ffff,11.283054737334556,0.8598460360621729,1.0457082915470777,4.88563829787234,1.0,254.96654301127882,0.5607123556657803,254.96654301127882,3015.293148692835,25.0,4.88563829787234,3015.293148692835,0.5607123556657803,-73.9965217289429,40.75227548311166,9,observed,opendata,"building_area_fraction,building_density,dem_d8_accum_proxy,dist_mapped_water_m,elevation_m,impervious_frac,slope_deg",event_raster,production,0,0,moderate,0.9366301937928235,0.956660744694083,1,0.9366301937928235,0.956660744694083,False
892a107253bffff,4.1104191180630405,0.8329470946400176,3.8011720850187793,3.756828193832599,1.0,84.9842684980743,0.13814069671590223,84.9842684980743,1034.9444433461153,25.0,3.756828193832599,1034.9444433461153,0.13814069671590223,-74.0030404270407,40.754742484811985,9,observed,opendata,"building_area_fraction,building_density,dem_d8_accum_proxy,dist_mapped_water_m,elevation_m,impervious_frac,slope_deg",event_raster,production,0,0,moderate,0.9353310732223983,0.9290541820110664,1,0.9353310732223983,0.9290541820110664,False
892a1072547ffff,-1.178356056747261,0.0,0.005834826107068699,1.2239263803680982,0.0,0.0,0.0,0.0,130.8148990769593,25.0,1.2239263803680982,130.8148990769593,0.0,-74.01180313685693,40.759792281041555,9,observed,opendata,"building_area_fraction,building_density,dem_d8_accum_proxy,dist_mapped_water_m,elevation_m,impervious_frac,slope_deg",event_raster,production,0,0,moderate,0.007966412580773765,0.010762079407125952,0,0.007966412580773765,0.010762079407125952,False
892a107254fffff,-1.1820311440099585,0.0,0.00828597985025343,1.2461103253182462,0.0,0.0,0.0,0.0,604.4922967999046,25.0,1.2461103253182462,604.4922967999046,0.0,-74.01607997684373,40.75967565343729,9,observed,opendata,"building_area_fraction,building_density,dem_d8_accum_proxy,dist_mapped_water_m,elevation_m,impervious_frac,slope_deg",event_raster,production,0,0,moderate,0.007662006054822496,0.010762079407125952,0,0.007662006054822496,0.010762079407125952,False
892a1072563ffff,-1.1932794187508575,0.0,0.002330564154317794,1.0904255319148937,0.0,0.0,0.0,0.0,690.5602844475625,25.0,1.0904255319148937,690.5602844475625,0.0,-74.01159316566697,40.75450971726391,9,observed,opendata,"building_area_fraction,building_density,dem_d8_accum_proxy,dist_mapped_water_m,elevation_m,impervious_frac,slope_deg",event_raster,production,0,0,moderate,0.007662006054822496,0.010762079407125952,0,0.007662006054822496,0.010762079407125952,False
892a1072567ffff,-0.1242853432969997,0.30214329224147896,1.713032453055758,2.137323943661972,0.0,28.32937876710304,0.05899207307683578,28.32937876710304,83.20745664399077,25.0,2.137323943661972,83.20745664399077,0.05899207307683578,-74.00935013608994,40.7519268159277,9,observed,opendata,"building_area_fraction,building_density,dem_d8_accum_proxy,dist_mapped_water_m,elevation_m,impervious_frac,slope_deg",event_raster,production,0,0,moderate,0.8790166649218083,0.8744547016600456,1,0.8790166649218083,0.8744547016600456,False
892a107256bffff,-1.197653658516639,0.0,0.0022105233863292805,1.1300884955752213,0.0,0.0,0.0,0.0,329.264096123589,25.0,1.1300884955752213,329.264096123589,0.0,-74.01586952436521,40.75439309641035,9,observed,opendata,"building_area_fraction,building_density,dem_d8_accum_proxy,dist_mapped_water_m,elevation_m,impervious_frac,slope_deg",event_raster,production,0,0,moderate,0.007662006054822496,0.010762079407125952,0,0.007662006054822496,0.010762079407125952,False
892a107256fffff,-1.202068374009259,0.0,0.002294001286845259,1.165486725663717,0.0,0.0,0.0,0.0,465.9720157325707,25.0,1.165486725663717,465.9720157325707,0.0,-74.01362625773565,40.751810277465154,9,observed,opendata,"building_area_fraction,building_density,dem_d8_accum_proxy,dist_mapped_water_m,elevation_m,impervious_frac,slope_deg",event_raster,production,0,0,moderate,0.007662006054822496,0.010762079407125952,0,0.007662006054822496,0.010762079407125952,False
892a1072573ffff,-1.1855190468381593,0.0008654120737408918,0.006012507600381819,1.1888790820829656,0.0,0.0,0.0,0.0,723.5184535278191,25.0,1.1888790820829656,723.5184535278191,0.0,-74.00955984302436,40.75720920830043,9,observed,opendata,"building_area_fraction,building_density,dem_d8_accum_proxy,dist_mapped_water_m,elevation_m,impervious_frac,slope_deg",event_raster,production,0,0,moderate,0.007662006054822496,0.010762079407125952,0,0.007662006054822496,0.010762079407125952,False
892a1072577ffff,0.41871985534486256,0.47677183611410157,1.0049308597834974,2.652212389380531,1.0,84.98403178741441,0.018090767796783296,84.98403178741441,9.194241266331373,25.0,2.652212389380531,9.194241266331373,0.018090767796783296,-74.00731679987626,40.754626180064804,9,observed,opendata,"building_area_fraction,building_density,dem_d8_accum_proxy,dist_mapped_water_m,elevation_m,impervious_frac,slope_deg",event_raster,production,0,0,moderate,0.9150580145958235,0.9280558035809323,1,0.9150580145958235,0.9280558035809323,False
892a107257bffff,-1.189888697209712,0.0,0.000943831426861561,1.0353356890459364,0.0,0.0,0.0,0.0,28.507179842042284,25.0,1.0353356890459364,28.507179842042284,0.0,-74.01383644590652,40.757092663107876,9,observed,opendata,"building_area_fraction,building_density,dem_d8_accum_proxy,dist_mapped_water_m,elevation_m,impervious_frac,slope_deg",event_raster,production,0,0,moderate,0.008945542458076695,0.010762079407125952,0,0.008945542458076695,0.010762079407125952,False
892a10725a3ffff,10.626325219948386,0.844935259419916,0.5170646494820649,33.6784140969163,1.0,915.9024743471946,0.5464894770761424,915.9024743471946,3076.108466429238,25.0,33.6784140969163,3076.108466429238,0.5464894770761424,-73.99245336126558,40.75767380832861,9,observed,opendata,"building_area_fraction,building_density,dem_d8_accum_proxy,dist_mapped_water_m,elevation_m,impervious_frac,slope_deg",event_raster,production,0,0,moderate,0.9530109619793318,0.9532543153981006,1,0.9530109619793318,0.9532543153981006,False
892a10725a7ffff,12.918522387479259,0.696655504260443,0.7987916742772919,21.715929203539822,1.0,878.1781631297371,0.6421428875833701,878.1781631297371,4080.101048456638,25.0,21.715929203539822,4080.101048456638,0.6421428875833701,-73.99021126674094,40.75509045072057,9,observed,opendata,"building_area_fraction,building_density,dem_d8_accum_proxy,dist_mapped_water_m,elevation_m,impervious_frac,slope_deg",event_raster,production,0,0,moderate,0.9878796806787886,0.9865202935711019,1,0.9878796806787886,0.9865202935711019,False
892a10725abffff,8.673706055529225,0.8608100384815751,1.3114629014434633,8.457193292144748,1.0,377.69068089618656,0.300989716824309,377.69068089618656,2069.7222205912094,25.0,8.457193292144748,2069.7222205912094,0.300989716824309,-73.99672999214451,40.75755789543499,9,observed,opendata,"building_area_fraction,building_density,dem_d8_accum_proxy,dist_mapped_water_m,elevation_m,impervious_frac,slope_deg",event_raster,production,0,0,moderate,0.8827478630639276,0.8680565789782683,1,0.8827478630639276,0.8680565789782683,False
892a10725afffff,11.274232937869401,0.7877245025892401,1.2989620250874203,8.009743135518157,1.0,1048.1451805492734,0.48322698510312434,1048.1451805492734,3038.0182955564687,25.0,8.009743135518157,3038.0182955564687,0.48322698510312434,-73.99448766042539,40.75497462014091,9,observed,opendata,"building_area_fraction,building_density,dem_d8_accum_proxy,dist_mapped_water_m,elevation_m,impervious_frac,slope_deg",event_raster,production,0,0,moderate,0.979760253491539,0.9727720589872833,1,0.979760253491539,0.9727720589872833,False
892a10725b7ffff,13.950070532501167,0.7507218808886853,0.6422752661775823,69.50709219858156,1.0,538.2122495894911,0.6078146674352838,538.2122495894911,4123.513365534515,25.0,69.50709219858156,4123.513365534515,0.6078146674352838,-73.98817672350651,40.75778956314487,9,observed,opendata,"building_area_fraction,building_density,dem_d8_accum_proxy,dist_mapped_water_m,elevation_m,impervious_frac,slope_deg",event_raster,production,0,0,moderate,1.0036645585639083,0.9893614340772494,1,1.0036645585639083,0.9893614340772494,False
892a1072803ffff,2.65648701923633,0.5302437733657009,2.270665179584076,5.706927175843695,1.0,85.06378881931099,0.12026353335578142,85.06378881931099,435.79944012047076,25.0,5.706927175843695,435.79944012047076,0.12026353335578142,-74.01600847979246,40.70416790835038,9,observed,opendata,"building_area_fraction,building_density,dem_d8_accum_proxy,dist_mapped_water_m,elevation_m,impervious_frac,slope_deg",event_raster,production,0,0,moderate,0.24935279369499513,0.2480485677219266,0,0.24935279369499513,0.2480485677219266,False
892a1072807ffff,1.6114078660584474,0.5819010166048398,2.046023086208541,5.128456735057984,1.0,174.0781145938322,0.23284750409517188,174.0781145938322,270.6622840841202,25.0,5.128456735057984,270.6622840841202,0.23284750409517188,-74.01376760272268,40.70158676007536,9,observed,opendata,"building_area_fraction,building_density,dem_d8_accum_proxy,dist_mapped_water_m,elevation_m,impervious_frac,slope_deg",event_raster,production,0,0,moderate,0.27809345954098547,0.2851784669701946,0,0.27809345954098547,0.2851784669701946,False
892a107280fffff,-1.3370467938745398,0.028975524272422386,0.5123472929279798,1.525974025974026,0.0,0.0,1.2569138079774822e-07,0.0,0.0,25.0,1.525974025974026,0.0,1.2569138079774822e-07,-74.01803914737917,40.70147004899095,9,observed,opendata,"building_area_fraction,building_density,dem_d8_accum_proxy,dist_mapped_water_m,elevation_m,impervious_frac,slope_deg",event_raster,production,0,0,moderate,0.016024343838493115,0.018862383811736293,0,0.016024343838493115,0.018862383811736293,False
892a1072813ffff,4.757909091482039,0.6756658137056186,2.907952293813123,6.783496007098492,1.0,368.59190874237,0.47651405064040536,368.59190874237,1221.801088392426,25.0,6.783496007098492,1221.801088392426,0.47651405064040536,-74.01397758214198,40.706865819195635,9,observed,opendata,"building_area_fraction,building_density,dem_d8_accum_proxy,dist_mapped_water_m,elevation_m,impervious_frac,slope_deg",event_raster,production,0,0,moderate,0.15432837406044536,0.192768827807194,0,0.15432837406044536,0.192768827807194,False
892a1072817ffff,3.2313881373032927,0.6825446705638835,1.721366807106322,10.882300884955752,1.0,708.8668630260737,0.5122301179142825,708.8668630260737,1037.6063180590177,25.0,10.882300884955752,1037.6063180590177,0.5122301179142825,-74.01173669148999,40.70428454398579,9,observed,opendata,"building_area_fraction,building_density,dem_d8_accum_proxy,dist_mapped_water_m,elevation_m,impervious_frac,slope_deg",event_raster,production,0,0,moderate,0.9954520585694134,0.9728108948043855,1,0.9954520585694134,0.9728108948043855,False
892a107281bffff,2.023151150882589,0.42096411184423616,2.024363885360469,4.380907372400756,0.0,103.96153400976152,0.21218672382246725,103.96153400976152,104.46618886521438,25.0,4.380907372400756,104.46618886521438,0.21218672382246725,-74.0182496070028,40.70674910133614,9,observed,opendata,"building_area_fraction,building_density,dem_d8_accum_proxy,dist_mapped_water_m,elevation_m,impervious_frac,slope_deg",event_raster,production,0,0,moderate,0.8699656691278799,0.8345428756704845,1,0.8699656691278799,0.8345428756704845,False
892a1072883ffff,8.922210955027992,0.7588398242567448,2.3353083899825915,7.2322695035460995,1.0,1030.1201246945654,0.6268258286579557,1030.1201246945654,1908.2737212257196,25.0,7.2322695035460995,1908.2737212257196,0.6268258286579557,-74.0076741787482,40.70968026618339,9,observed,opendata,"building_area_fraction,building_density,dem_d8_accum_proxy,dist_mapped_water_m,elevation_m,impervious_frac,slope_deg",event_raster,production,0,0,moderate,0.9463788168204853,0.9475638970581151,1,0.9463788168204853,0.9475638970581151,False
892a1072887ffff,2.9274467377666884,0.8042919578754976,1.461862499947743,9.070859167404784,1.0,774.9924081772632,0.48129378316132554,774.9924081772632,793.2355722057137,25.0,9.070859167404784,793.2355722057137,0.48129378316132554,-74.00543351115385,40.70709878183493,9,observed,opendata,"building_area_fraction,building_density,dem_d8_accum_proxy,dist_mapped_water_m,elevation_m,impervious_frac,slope_deg",event_raster,production,0,0,moderate,0.9858489119550273,0.9733757433218576,1,0.9858489119550273,0.9733757433218576,False
892a107288bffff,6.8140680247396626,0.6931798278706746,2.661106989432097,5.9602824360105915,1.0,453.62962432025563,0.42818821243157373,453.62962432025563,1628.3838167209121,25.0,5.9602824360105915,1628.3838167209121,0.42818821243157373,-74.01194645439377,40.70956378150536,9,observed,opendata,"building_area_fraction,building_density,dem_d8_accum_proxy,dist_mapped_water_m,elevation_m,impervious_frac,slope_deg",event_raster,production,0,0,moderate,0.9099611283751499,0.9263778987660761,1,0.9099611283751499,0.9263778987660761,False
892a107288fffff,7.188058330153064,0.7173866428712756,2.4025649552963024,9.579928952042629,1.0,359.1418270052105,0.5908046037288702,359.1418270052105,1478.581643912748,25.0,9.579928952042629,1478.581643912748,0.5908046037288702,-74.00970555017649,40.70698237936226,9,observed,opendata,"building_area_fraction,building_density,dem_d8_accum_proxy,dist_mapped_water_m,elevation_m,impervious_frac,slope_deg",event_raster,production,0,0,moderate,0.9730109205379279,0.9658157278346539,1,0.9730109205379279,0.9658157278346539,False
892a1072893ffff,11.262848785343053,0.7263321208279286,1.9915120704881815,6.039787798408488,1.0,151.20297726530683,0.22929261857209637,151.20297726530683,2373.642255505064,25.0,6.039787798408488,2373.642255505064,0.22929261857209637,-74.0056425771711,40.71237820442782,9,observed,opendata,"building_area_fraction,building_density,dem_d8_accum_proxy,dist_mapped_water_m,elevation_m,impervious_frac,slope_deg",event_raster,production,0,0,moderate,0.9645873337881191,0.9592731309972854,1,0.9645873337881191,0.9592731309972854,False
892a1072897ffff,5.569709723511486,0.8555565739565707,2.273207934655857,8.308510638297872,1.0,207.91473139928178,0.30141166074721876,207.91473139928178,1257.0391805084062,25.0,8.308510638297872,1257.0391805084062,0.30141166074721876,-74.00340189606727,40.70979659314705,9,observed,opendata,"building_area_fraction,building_density,dem_d8_accum_proxy,dist_mapped_water_m,elevation_m,impervious_frac,slope_deg",event_raster,production,0,0,moderate,0.25683326559777714,0.22319450584890888,0,0.25683326559777714,0.22319450584890888,False
892a107289bffff,7.712624753620608,0.7764448562359556,2.7475653704031244,9.71808510638298,1.0,292.95495570921935,0.42290810086221514,292.95495570921935,1836.8962375419244,25.0,9.71808510638298,1836.8962375419244,0.42290810086221514,-74.0099150965138,40.712261795258144,9,observed,opendata,"building_area_fraction,building_density,dem_d8_accum_proxy,dist_mapped_water_m,elevation_m,impervious_frac,slope_deg",event_raster,production,0,0,moderate,0.9191914494810504,0.9221831164693268,1,0.9191914494810504,0.9221831164693268,False
892a10728a3ffff,-1.5726857119047322,0.0784251398554947,0.2898379599521831,1.0292812777284828,0.0,0.0,0.0006600623734515546,0.0,240.31371084262034,25.0,1.0292812777284828,240.31371084262034,0.0006600623734515546,-74.00522449215495,40.701819709283896,9,observed,opendata,"building_area_fraction,building_density,dem_d8_accum_proxy,dist_mapped_water_m,elevation_m,impervious_frac,slope_deg",event_raster,production,0,0,moderate,0.006271180377640408,0.010758911387202048,0,0.006271180377640408,0.010758911387202048,False
892a10728abffff,0.22196179265842278,0.3718145575104554,2.5820669820276025,2.298136645962733,0.0,56.71225117899963,0.15509650360276356,56.71225117899963,2.6791627334755694,25.0,2.298136645962733,2.6791627334755694,0.15509650360276356,-74.00949605096544,40.701703313506684,9,observed,opendata,"building_area_fraction,building_density,dem_d8_accum_proxy,dist_mapped_water_m,elevation_m,impervious_frac,slope_deg",event_raster,production,0,0,moderate,0.9307364329824755,0.8909214916005683,1,0.9307364329824755,0.8909214916005683,False
892a10728b3ffff,-0.4870497256223221,0.49567284006766543,2.1712579597957524,1.9165927240461402,1.0,94.51610611127171,0.07964492993126085,94.51610611127171,33.263756082762754,25.0,1.9165927240461402,33.263756082762754,0.07964492993126085,-74.00319309369571,40.704517342235015,9,observed,opendata,"building_area_fraction,building_density,dem_d8_accum_proxy,dist_mapped_water_m,elevation_m,impervious_frac,slope_deg",event_raster,production,0,0,moderate,0.9258911403696471,0.9339860019338533,1,0.9258911403696471,0.9339860019338533,False
892a10728b7ffff,-0.9806179591639616,0.0,0.3161091028360746,1.127208480565371,0.0,0.0,0.0,0.0,187.940619378549,25.0,1.127208480565371,187.940619378549,0.0,-74.00095292633873,40.701935947405886,9,observed,opendata,"building_area_fraction,building_density,dem_d8_accum_proxy,dist_mapped_water_m,elevation_m,impervious_frac,slope_deg",event_raster,production,0,0,moderate,0.01581543811414086,0.018862383811736286,0,0.01581543811414086,0.018862383811736286,False
892a10728bbffff,2.0601404048502445,0.7904088938592282,1.743971494628133,5.03716814159292,1.0,274.095946063168,0.3755866732286734,274.095946063168,354.4756434308953,25.0,5.03716814159292,354.4756434308953,0.3755866732286734,-74.00746489610857,40.70440102194768,9,observed,opendata,"building_area_fraction,building_density,dem_d8_accum_proxy,dist_mapped_water_m,elevation_m,impervious_frac,slope_deg",event_raster,production,0,0,moderate,0.9798716190278964,0.9660296653835571,1,0.9798716190278964,0.9660296653835571,False
892a10728c3ffff,0.05904686971246076,0.13796571541451375,1.5677625111651512,1.9663699307616223,0.0,37.800430795959656,0.04557137700319127,37.800430795959656,144.27620938344825,25.0,1.9663699307616223,144.27620938344825,0.04557137700319127,-74.01846011396843,40.71202850371857,9,observed,opendata,"building_area_fraction,building_density,dem_d8_accum_proxy,dist_mapped_water_m,elevation_m,impervious_frac,slope_deg",event_raster,production,0,0,moderate,0.0174341104842651,0.022867302974541533,0,0.0174341104842651,0.022867302974541533,False
892a10728c7ffff,3.484364738167258,0.7194522560013007,1.499252905388228,4.744454303460515,1.0,170.11063964782056,0.3395036918681957,170.11063964782056,622.4443585802705,25.0,4.744454303460515,622.4443585802705,0.3395036918681957,-74.01621872295645,40.70944713911398,9,observed,opendata,"building_area_fraction,building_density,dem_d8_accum_proxy,dist_mapped_water_m,elevation_m,impervious_frac,slope_deg",event_raster,production,0,0,moderate,0.9687207067667472,0.950385549497164,1,0.9687207067667472,0.950385549497164,False
892a10728d3ffff,2.481532600551573,0.49582678128805785,1.8735272491190325,4.082373782108061,1.0,47.24825197747762,0.2817039961659157,47.24825197747762,278.17109019435117,25.0,4.082373782108061,278.17109019435117,0.2817039961659157,-74.01642901341648,40.71472671988807,9,observed,opendata,"building_area_fraction,building_density,dem_d8_accum_proxy,dist_mapped_water_m,elevation_m,impervious_frac,slope_deg",event_raster,production,0,0,moderate,0.08200708045598283,0.06817142238140707,0,0.08200708045598283,0.06817142238140707,False
892a10728d7ffff,2.931888463690626,0.677911390200363,4.601608386528282,4.339539007092198,1.0,85.05120361476024,0.27805440184510394,85.05120361476024,691.3689141602264,25.0,4.339539007092198,691.3689141602264,0.27805440184510394,-74.01418760879541,40.712145228354714,9,observed,opendata,"building_area_fraction,building_density,dem_d8_accum_proxy,dist_mapped_water_m,elevation_m,impervious_frac,slope_deg",event_raster,production,0,0,moderate,0.9487821709860141,0.9297351915505865,1,0.9487821709860141,0.9297351915505865,False
892a1072c03ffff,4.2932088043778505,0.8583850078548946,2.5051607393613415,6.816489361702128,1.0,1861.321324349496,0.6048223232257783,1861.321324349496,2782.666339843944,25.0,6.816489361702128,2782.666339843944,0.6048223232257783,-74.00178736299634,40.72305436427269,9,observed,opendata,"building_area_fraction,building_density,dem_d8_accum_proxy,dist_mapped_water_m,elevation_m,impervious_frac,slope_deg",event_raster,production,0,0,moderate,0.9771289394219395,0.974847166391341,1,0.9771289394219395,0.974847166391341,False
892a1072c07ffff,6.605340302726368,0.8410216737571427,1.4467327309742806,28.275132275132275,1.0,1285.0388219512045,0.5342494632462716,1285.0388219512045,1847.9708273235867,25.0,28.275132275132275,1847.9708273235867,0.5342494632462716,-73.99954639120696,40.72047232748709,9,observed,opendata,"building_area_fraction,building_density,dem_d8_accum_proxy,dist_mapped_water_m,elevation_m,impervious_frac,slope_deg",event_raster,production,0,0,moderate,0.9456442726917993,0.9728632551044829,1,0.9456442726917993,0.9728632551044829,False
892a1072c0bffff,3.1183968083867177,0.8373021402333735,1.585640136642026,6.713780918727915,1.0,500.76018033234686,0.319339994772299,500.76018033234686,1699.9949706895827,25.0,6.713780918727915,1699.9949706895827,0.319339994772299,-74.00606085032426,40.72293809951893,9,observed,opendata,"building_area_fraction,building_density,dem_d8_accum_proxy,dist_mapped_water_m,elevation_m,impervious_frac,slope_deg",event_raster,production,0,0,moderate,0.8510109711813333,0.9089135995499634,1,0.8510109711813333,0.9089135995499634,False
892a1072c0fffff,3.224952309280006,0.8600292421593112,2.251709377186533,5.191659272404614,1.0,1691.3331441810053,0.519610529670097,1691.3331441810053,2458.353607422636,25.0,5.191659272404614,2458.353607422636,0.519610529670097,-74.00381964174338,40.72035614496131,9,observed,opendata,"building_area_fraction,building_density,dem_d8_accum_proxy,dist_mapped_water_m,elevation_m,impervious_frac,slope_deg",event_raster,production,0,0,moderate,0.9807340221352033,0.9748223516072855,1,0.9807340221352033,0.9748223516072855,False
892a1072c13ffff,7.151620798161465,0.8145879277168705,1.6993922348950463,41.68314210061783,1.0,1549.4514630051679,0.5450730878668726,1549.4514630051679,2635.286042034708,25.0,41.68314210061783,2635.286042034708,0.5450730878668726,-73.99975485394748,40.725752634920234,9,observed,opendata,"building_area_fraction,building_density,dem_d8_accum_proxy,dist_mapped_water_m,elevation_m,impervious_frac,slope_deg",event_raster,production,0,0,moderate,0.34925509700737023,0.23188402194107,0,0.34925509700737023,0.23188402194107,False
892a1072c17ffff,10.198771477168709,0.8244139280272672,0.7360372628220014,28.259094942324754,1.0,1473.943846881449,0.5873087855547748,1473.943846881449,1665.6213694927767,25.0,28.259094942324754,1665.6213694927767,0.5873087855547748,-73.99751386869457,40.723170471210885,9,observed,opendata,"building_area_fraction,building_density,dem_d8_accum_proxy,dist_mapped_water_m,elevation_m,impervious_frac,slope_deg",event_raster,production,0,0,moderate,0.9704494371497001,0.9794571354786262,1,0.9704494371497001,0.9794571354786262,False
892a1072c1bffff,5.673303576802786,0.7975637626595202,2.378304749199774,4.083185840707965,1.0,1464.4165055665303,0.4238435834971092,1464.4165055665303,2108.4392142602424,25.0,4.083185840707965,2108.4392142602424,0.4238435834971092,-74.00402858507962,40.72563644575339,9,observed,opendata,"building_area_fraction,building_density,dem_d8_accum_proxy,dist_mapped_water_m,elevation_m,impervious_frac,slope_deg",event_raster,production,0,0,moderate,0.3664039773962767,0.351406203586064,0,0.3664039773962767,0.351406203586064,False
892a1072c23ffff,7.023031471539239,0.7878730083913744,2.118787463696774,12.99027409372237,1.0,2003.3481158573127,0.47965474475320374,2003.3481158573127,1945.0216392036898,25.0,12.99027409372237,1945.0216392036898,0.47965474475320374,-73.99933797536255,40.7151923699604,9,observed,opendata,"building_area_fraction,building_density,dem_d8_accum_proxy,dist_mapped_water_m,elevation_m,impervious_frac,slope_deg",event_raster,production,0,0,moderate,0.9459067324645447,0.9607800987508299,1,0.9459067324645447,0.9607800987508299,False
892a1072c27ffff,7.723999054774933,0.8048641631647706,1.4267959467682914,23.867673179396093,1.0,1738.8439366532136,0.3611678651784973,1738.8439366532136,1386.3226109430504,25.0,23.867673179396093,1386.3226109430504,0.3611678651784973,-73.99709751749248,40.7126105495616,9,observed,opendata,"building_area_fraction,building_density,dem_d8_accum_proxy,dist_mapped_water_m,elevation_m,impervious_frac,slope_deg",event_raster,production,0,0,moderate,0.9229009981976026,0.9266051158229828,1,0.9229009981976026,0.9266051158229828,False
892a1072c2bffff,7.50795755621968,0.7906457943231952,3.341884759629101,8.311446317657499,1.0,226.79349384865264,0.36498974441731313,226.79349384865264,2830.1834296992247,25.0,8.311446317657499,2830.1834296992247,0.36498974441731313,-74.0036107454112,40.71507619407416,9,observed,opendata,"building_area_fraction,building_density,dem_d8_accum_proxy,dist_mapped_water_m,elevation_m,impervious_frac,slope_deg",event_raster,production,0,0,moderate,0.9037974449371573,0.9161446221748648,1,0.9037974449371573,0.9161446221748648,False
892a1072c2fffff,6.750803836903214,0.7820344690464239,2.8033311240968453,10.878761061946904,1.0,160.65361058257477,0.29368895140019863,160.65361058257477,1709.0596319337824,25.0,10.878761061946904,1709.0596319337824,0.29368895140019863,-74.00137005081483,40.71249445586266,9,observed,opendata,"building_area_fraction,building_density,dem_d8_accum_proxy,dist_mapped_water_m,elevation_m,impervious_frac,slope_deg",event_raster,production,0,0,moderate,0.08316976303991808,0.1366853663173508,0,0.08316976303991808,0.1366853663173508,False
892a1072c33ffff,9.364033672803254,0.8423395209219356,1.273028352695328,58.2058562555457,1.0,2182.7878929295894,0.5518331821225001,2182.7878929295894,1047.5871871839395,25.0,58.2058562555457,1047.5871871839395,0.5518331821225001,-73.99730566967641,40.71789033541887,9,observed,opendata,"building_area_fraction,building_density,dem_d8_accum_proxy,dist_mapped_water_m,elevation_m,impervious_frac,slope_deg",event_raster,production,0,0,moderate,0.11205197771029299,0.1794133660126518,0,0.11205197771029299,0.1794133660126518,False
892a1072c37ffff,12.519163254088005,0.84124259394882,0.4026752741117261,5.199115044247788,1.0,1115.074241468572,0.3620960282449336,1115.074241468572,1136.0790068364988,25.0,5.199115044247788,1136.0790068364988,0.3620960282449336,-73.99506519836963,40.715308388090286,9,observed,opendata,"building_area_fraction,building_density,dem_d8_accum_proxy,dist_mapped_water_m,elevation_m,impervious_frac,slope_deg",event_raster,production,0,0,moderate,0.9381908869844454,0.9516761802977475,1,0.9381908869844454,0.9516761802977475,False
892a1072c3bffff,4.9859451791073415,0.8182168997401464,1.7353437766936404,23.279255319148938,1.0,963.8257276606362,0.4520354336146994,963.8257276606362,2231.2546395703935,25.0,23.279255319148938,2231.2546395703935,0.4520354336146994,-74.00157868343452,40.71777423510105,9,observed,opendata,"building_area_fraction,building_density,dem_d8_accum_proxy,dist_mapped_water_m,elevation_m,impervious_frac,slope_deg",event_raster,production,0,0,moderate,0.9254389571234214,0.959931130227611,1,0.9254389571234214,0.959931130227611,False
892a1072c43ffff,-0.34831464372636434,0.3682826093679828,0.9866996590748839,1.8385093167701863,0.0,56.686775955138536,0.029617553321847425,56.686775955138536,222.1470495534589,25.0,1.8385093167701863,222.1470495534589,0.029617553321847425,-74.01257602629768,40.7254035939159,9,observed,opendata,"building_area_fraction,building_density,dem_d8_accum_proxy,dist_mapped_water_m,elevation_m,impervious_frac,slope_deg",event_raster,production,0,0,moderate,0.8865771724077638,0.8968649660961213,1,0.8865771724077638,0.8968649660961213,False
892a1072c47ffff,2.547894026896777,0.8201735348302367,2.3564876728912667,5.242263483642794,1.0,699.1726514420853,0.42144125201024885,699.1726514420853,535.9204755330229,25.0,5.242263483642794,535.9204755330229,0.42144125201024885,-74.01033433063081,40.722821676950645,9,observed,opendata,"building_area_fraction,building_density,dem_d8_accum_proxy,dist_mapped_water_m,elevation_m,impervious_frac,slope_deg",event_raster,production,0,0,moderate,0.8815987742487248,0.9588248278347206,1,0.8815987742487248,0.9588248278347206,False
892a1072c4bffff,-1.2900021594457947,0.0014763974890152297,5.702596368034891e-05,1.0008818342151675,0.0,0.0,0.0,0.0,609.4549605106303,25.0,1.0008818342151675,609.4549605106303,0.0,-74.0168497362885,40.72528693124739,9,observed,opendata,"building_area_fraction,building_density,dem_d8_accum_proxy,dist_mapped_water_m,elevation_m,impervious_frac,slope_deg",event_raster,production,0,0,moderate,0.007662006054822496,0.010762079407125952,0,0.007662006054822496,0.010762079407125952,False
892a1072c4fffff,-1.161287446890585,0.0447266003459497,0.4596328005417165,1.2608695652173914,0.0,0.0,0.0,0.0,458.8332108682908,25.0,1.2608695652173914,458.8332108682908,0.0,-74.01460780386842,40.722705096568944,9,observed,opendata,"building_area_fraction,building_density,dem_d8_accum_proxy,dist_mapped_water_m,elevation_m,impervious_frac,slope_deg",event_raster,production,0,0,moderate,0.01474080743523892,0.018862383811736293,0,0.01474080743523892,0.018862383811736293,False
892a1072c53ffff,1.9555521175107349,0.7633290490458058,1.1873713692365537,7.075971731448763,1.0,66.13137394165457,0.43050903473406765,66.13137394165457,234.59432210126357,25.0,7.075971731448763,234.59432210126357,0.43050903473406765,-74.01054401844232,40.728102142637056,9,observed,opendata,"building_area_fraction,building_density,dem_d8_accum_proxy,dist_mapped_water_m,elevation_m,impervious_frac,slope_deg",event_raster,production,0,0,moderate,0.9855763163653095,0.9693691252042501,1,0.9855763163653095,0.9693691252042501,False
892a1072c57ffff,3.514800943548076,0.8302934958778513,1.819967707911089,5.66607617360496,1.0,840.8561724537547,0.4751103445706271,840.8561724537547,942.1009649786431,25.0,5.66607617360496,942.1009649786431,0.4751103445706271,-74.00830230921224,40.725520098751595,9,observed,opendata,"building_area_fraction,building_density,dem_d8_accum_proxy,dist_mapped_water_m,elevation_m,impervious_frac,slope_deg",event_raster,production,0,0,moderate,0.9954520585694134,0.976083630875083,1,0.9954520585694134,0.976083630875083,False
892a1072c5bffff,-0.8428097461656303,0.10984742635468382,0.5836362477393608,1.5066430469441985,0.0,9.447313010430442,0.10567234394236154,9.447313010430442,188.22637350404005,25.0,1.5066430469441985,188.22637350404005,0.10567234394236154,-74.01481797231988,40.72798555551391,9,observed,opendata,"building_area_fraction,building_density,dem_d8_accum_proxy,dist_mapped_water_m,elevation_m,impervious_frac,slope_deg",event_raster,production,0,0,moderate,0.01474080743523892,0.018862383811736293,0,0.01474080743523892,0.018862383811736293,False
892a1072c63ffff,4.2673741474430615,0.8219122340942316,2.0084490032737796,5.486702127659575,1.0,1266.1953883358035,0.47782799844410484,1266.1953883358035,901.0638910487115,25.0,5.486702127659575,901.0638910487115,0.47782799844410484,-74.01012468999328,40.717541561139306,9,observed,opendata,"building_area_fraction,building_density,dem_d8_accum_proxy,dist_mapped_water_m,elevation_m,impervious_frac,slope_deg",event_raster,production,0,0,moderate,0.9954520585694134,0.976083630875083,1,0.9954520585694134,0.976083630875083,False
892a1072c67ffff,7.788459052950699,0.8413992756324843,3.907488061053994,5.588287488908607,1.0,1341.857776018282,0.532486366044306,1341.857776018282,1918.049628546675,25.0,5.588287488908607,1918.049628546675,0.532486366044306,-74.0078835084681,40.71495986043266,9,observed,opendata,"building_area_fraction,building_density,dem_d8_accum_proxy,dist_mapped_water_m,elevation_m,impervious_frac,slope_deg",event_raster,production,0,0,moderate,0.190308280108236,0.23821798373244066,0,0.190308280108236,0.23821798373244066,False
892a1072c6bffff,3.2672228431684474,0.5787093077102237,2.1669509367091364,3.8172138420585626,1.0,170.08547742175398,0.2241269311264643,170.08547742175398,367.46669015078135,25.0,3.8172138420585626,367.46669015078135,0.2241269311264643,-74.01439768269891,40.7174249874975,9,observed,opendata,"building_area_fraction,building_density,dem_d8_accum_proxy,dist_mapped_water_m,elevation_m,impervious_frac,slope_deg",event_raster,production,0,0,moderate,0.859826929524573,0.8680825786943737,1,0.859826929524573,0.8680825786943737,False
892a1072c6fffff,3.136374092007357,0.831038793182331,1.5473093555192976,6.80847308031774,1.0,340.18835314908034,0.4232573251791756,340.18835314908034,1281.0482261767302,25.0,6.80847308031774,1281.0482261767302,0.4232573251791756,-74.01215626448567,40.714843369036934,9,observed,opendata,"building_area_fraction,building_density,dem_d8_accum_proxy,dist_mapped_water_m,elevation_m,impervious_frac,slope_deg",event_raster,production,0,0,moderate,0.969481887324502,0.9636122830001435,1,0.969481887324502,0.9636122830001435,False
892a1072c73ffff,4.1967949382300285,0.8333007256824074,2.2879528788909984,4.73758865248227,1.0,982.6712743667451,0.42675292405699716,982.6712743667451,1320.636252011723,25.0,4.73758865248227,1320.636252011723,0.42675292405699716,-74.00809288528414,40.720239804640435,9,observed,opendata,"building_area_fraction,building_density,dem_d8_accum_proxy,dist_mapped_water_m,elevation_m,impervious_frac,slope_deg",event_raster,production,0,0,moderate,0.9654528758773148,0.9517080057748146,1,0.9654528758773148,0.9517080057748146,False
892a1072c77ffff,5.6662136831269905,0.8130936428668007,4.059397831749716,4.3236331569664905,1.0,1096.1124817738614,0.5067033866422149,1096.1124817738614,2052.9751326461646,25.0,4.3236331569664905,2052.9751326461646,0.5067033866422149,-74.00585169022261,40.71765797700752,9,observed,opendata,"building_area_fraction,building_density,dem_d8_accum_proxy,dist_mapped_water_m,elevation_m,impervious_frac,slope_deg",event_raster,production,0,0,moderate,0.9192858248554607,0.9340237981299957,1,0.9192858248554607,0.9340237981299957,False
892a1072c7bffff,1.902728762075437,0.7126534563234278,2.3460006812533294,3.465486725663717,1.0,132.28230515907939,0.2627020085780733,132.28230515907939,192.63029742938662,25.0,3.465486725663717,192.63029742938662,0.2627020085780733,-74.0123661217817,40.72012330652548,9,observed,opendata,"building_area_fraction,building_density,dem_d8_accum_proxy,dist_mapped_water_m,elevation_m,impervious_frac,slope_deg",event_raster,production,0,0,moderate,0.9425943729956915,0.9480999232494168,1,0.9425943729956915,0.9480999232494168,False
892a1072c83ffff,12.20279057820638,0.8469762852582982,0.36826044459105756,7.988536155202822,1.0,888.0597865889866,0.5424224159762752,888.0597865889866,2492.0327075115797,25.0,7.988536155202822,2492.0327075115797,0.5424224159762752,-73.9934481326791,40.72856691258618,9,observed,opendata,"building_area_fraction,building_density,dem_d8_accum_proxy,dist_mapped_water_m,elevation_m,impervious_frac,slope_deg",event_raster,production,0,0,moderate,0.29815837400772516,0.2545851929487259,0,0.29815837400772516,0.2545851929487259,False
892a1072c87ffff,12.264326432371098,0.8152074481971304,0.3394230585807675,17.648624667258208,1.0,1842.3459111202997,0.4477367446125145,1842.3459111202997,1513.8308990012595,25.0,17.648624667258208,1513.8308990012595,0.4477367446125145,-73.9912073708746,40.7259845397448,9,observed,opendata,"building_area_fraction,building_density,dem_d8_accum_proxy,dist_mapped_water_m,elevation_m,impervious_frac,slope_deg",event_raster,production,0,0,moderate,0.9969059693086691,0.9699016145459913,1,0.9969059693086691,0.9699016145459913,False
892a1072c8bffff,9.429328278024146,0.7233460338138942,0.6734564154943887,23.265070921985817,1.0,651.8718455317455,0.424283432678574,651.8718455317455,2919.557075786464,25.0,23.265070921985817,2919.557075786464,0.424283432678574,-73.99772211456276,40.72845095688255,9,observed,opendata,"building_area_fraction,building_density,dem_d8_accum_proxy,dist_mapped_water_m,elevation_m,impervious_frac,slope_deg",event_raster,production,0,0,moderate,0.22838324540184382,0.24111615216790908,0,0.22838324540184382,0.24111615216790908,False
892a1072c8fffff,12.246182042656216,0.8136129879148294,0.5038595598269768,6.734929078014185,1.0,935.3422204325949,0.5083865958259735,935.3422204325949,1792.5463636132715,25.0,6.734929078014185,1792.5463636132715,0.5083865958259735,-73.99548111586327,40.72586866625105,9,observed,opendata,"building_area_fraction,building_density,dem_d8_accum_proxy,dist_mapped_water_m,elevation_m,impervious_frac,slope_deg",event_raster,production,0,0,moderate,0.9845338874283127,0.9724410334666292,1,0.9845338874283127,0.9724410334666292,False
892a1072c93ffff,11.8914575407541,0.8001684291022164,0.28935888200521487,12.048802129547472,1.0,557.372289524358,0.4779330656927953,557.372289524358,3120.8293267169156,25.0,12.048802129547472,3120.8293267169156,0.4779330656927953,-73.99141491910795,40.73126521019487,9,observed,opendata,"building_area_fraction,building_density,dem_d8_accum_proxy,dist_mapped_water_m,elevation_m,impervious_frac,slope_deg",event_raster,production,0,0,moderate,0.9095700283363922,0.945904796187002,1,0.9095700283363922,0.945904796187002,False
892a1072c97ffff,11.265525324998704,0.7905486662830926,0.5516243082743171,13.380530973451327,1.0,1738.334685341918,0.44728094685904846,1738.334685341918,2177.6028995061806,25.0,13.380530973451327,2177.6028995061806,0.44728094685904846,-73.98917414391278,40.72868271043228,9,observed,opendata,"building_area_fraction,building_density,dem_d8_accum_proxy,dist_mapped_water_m,elevation_m,impervious_frac,slope_deg",event_raster,production,0,0,moderate,0.9878784863457463,0.976388443631916,1,0.9878784863457463,0.976388443631916,False
892a1072c9bffff,9.212313166746856,0.6809637688417384,0.6738186129335816,47.548758865248224,1.0,708.5221069563473,0.38172386507069844,708.5221069563473,3559.611989773143,25.0,47.548758865248224,3559.611989773143,0.38172386507069844,-73.99568914480813,40.731149330138244,9,observed,opendata,"building_area_fraction,building_density,dem_d8_accum_proxy,dist_mapped_water_m,elevation_m,impervious_frac,slope_deg",event_raster,production,0,0,moderate,0.25237557991663423,0.15962895863025242,0,0.25237557991663423,0.15962895863025242,False
892a1072ca3ffff,12.025030336659253,0.7556153704555244,0.2940276810476274,12.147293700088731,1.0,1267.4968358187518,0.3326058273050792,1267.4968358187518,277.1465547988807,25.0,12.147293700088731,277.1465547988807,0.3326058273050792,-73.99099986933716,40.720704219149056,9,observed,opendata,"building_area_fraction,building_density,dem_d8_accum_proxy,dist_mapped_water_m,elevation_m,impervious_frac,slope_deg",event_raster,production,0,0,moderate,0.19537641960589608,0.16787802185023037,0,0.19537641960589608,0.16787802185023037,False
892a1072ca7ffff,10.782664090079049,0.8328670469695182,0.45036635661576696,22.157243816254418,1.0,1115.0234541214368,0.4406549942312699,1115.0234541214368,1203.7029361460654,25.0,22.157243816254418,1203.7029361460654,0.4406549942312699,-73.98875962144035,40.71812206272308,9,observed,opendata,"building_area_fraction,building_density,dem_d8_accum_proxy,dist_mapped_water_m,elevation_m,impervious_frac,slope_deg",event_raster,production,0,0,moderate,1.000317446163916,0.9768237355507488,1,1.000317446163916,0.9768237355507488,False
892a1072cabffff,11.095445124420896,0.8427272178727615,0.6464392311204525,31.192205491585472,1.0,1974.8078338372445,0.47587409559970006,1974.8078338372445,891.0707483415646,25.0,31.192205491585472,891.0707483415646,0.47587409559970006,-73.99527313372238,40.72058835221668,9,observed,opendata,"building_area_fraction,building_density,dem_d8_accum_proxy,dist_mapped_water_m,elevation_m,impervious_frac,slope_deg",event_raster,production,0,0,moderate,0.955506972763016,0.9582250483135121,1,0.955506972763016,0.9582250483135121,False
892a1072cafffff,11.994016297095644,0.7322864742933122,0.3086950644923362,8.98141592920354,1.0,1739.3068142440898,0.38358639959766516,1739.3068142440898,91.52482002495204,25.0,8.98141592920354,91.52482002495204,0.38358639959766516,-73.99303264899582,40.71800627795989,9,observed,opendata,"building_area_fraction,building_density,dem_d8_accum_proxy,dist_mapped_water_m,elevation_m,impervious_frac,slope_deg",event_raster,production,0,0,moderate,0.945013240203098,0.9494090188338681,1,0.945013240203098,0.9494090188338681,False
892a1072cb3ffff,11.074704928946707,0.7586122503059101,0.48524120679471344,20.41061946902655,1.0,1294.4323151373221,0.30372948206339484,1294.4323151373221,911.700909008071,25.0,20.41061946902655,911.700909008071,0.30372948206339484,-73.98896685935952,40.72340221163636,9,observed,opendata,"building_area_fraction,building_density,dem_d8_accum_proxy,dist_mapped_water_m,elevation_m,impervious_frac,slope_deg",event_raster,production,0,0,moderate,0.9406652687877316,0.9578544560497336,1,0.9406652687877316,0.9578544560497336,False
892a1072cb7ffff,9.339145336455218,0.8552463919953819,0.5276632916621131,68.20637732506643,1.0,1984.2678383655734,0.4778564148664325,1984.2678383655734,1356.952759502307,25.0,68.20637732506643,1356.952759502307,0.4778564148664325,-73.98672659809884,40.72081992828314,9,observed,opendata,"building_area_fraction,building_density,dem_d8_accum_proxy,dist_mapped_water_m,elevation_m,impervious_frac,slope_deg",event_raster,production,0,0,moderate,0.9580183854060051,0.9596025536118143,1,0.9580183854060051,0.9596025536118143,False
892a1072cbbffff,12.762222649455596,0.8024708801208086,0.2504956266935874,5.0767872903795235,1.0,1558.9834393275216,0.4553742926763508,1558.9834393275216,666.7359458756551,25.0,5.0767872903795235,666.7359458756551,0.4553742926763508,-73.99324036746646,40.72328642033247,9,observed,opendata,"building_area_fraction,building_density,dem_d8_accum_proxy,dist_mapped_water_m,elevation_m,impervious_frac,slope_deg",event_raster,production,0,0,moderate,0.0785970408158439,0.11990603631110804,0,0.0785970408158439,0.11990603631110804,False
892a1072cc3ffff,5.021779360649129,0.7604603626406098,2.5240160441790547,3.646072374227714,1.0,3108.032940700978,0.45818440691710166,3108.032940700978,1904.7097838281377,25.0,3.646072374227714,1904.7097838281377,0.45818440691710166,-74.00423757543585,40.73091709639526,9,observed,opendata,"building_area_fraction,building_density,dem_d8_accum_proxy,dist_mapped_water_m,elevation_m,impervious_frac,slope_deg",event_raster,production,0,0,moderate,0.9766006325345415,0.9653009022748463,1,0.9766006325345415,0.9653009022748463,False
892a1072cc7ffff,6.335099465458105,0.7716762523384805,2.2285172477734427,6.5186170212765955,1.0,2154.0052973235956,0.4059860433100563,2154.0052973235956,2601.155107505047,25.0,6.5186170212765955,2601.155107505047,0.4059860433100563,-74.00199608951623,40.72833484332245,9,observed,opendata,"building_area_fraction,building_density,dem_d8_accum_proxy,dist_mapped_water_m,elevation_m,impervious_frac,slope_deg",event_raster,production,0,0,moderate,0.9011137380439529,0.9490225485640841,1,0.9011137380439529,0.9490225485640841,False
892a1072ccbffff,3.949927084623499,0.8564808873842794,1.44184564673573,6.4361702127659575,1.0,793.5381194635655,0.4412467516375752,793.5381194635655,726.19751917607,25.0,6.4361702127659575,726.19751917607,0.4412467516375752,-74.00851178026825,40.730800742711025,9,observed,opendata,"building_area_fraction,building_density,dem_d8_accum_proxy,dist_mapped_water_m,elevation_m,impervious_frac,slope_deg",event_raster,production,0,0,moderate,0.9921404666633059,0.977148497705293,1,0.9921404666633059,0.977148497705293,False
892a1072ccfffff,4.811616908458611,0.8262339234880054,1.5041684174202417,5.20903454384411,1.0,632.973478406772,0.4993982483084157,632.973478406772,1416.295356996474,25.0,5.20903454384411,1416.295356996474,0.4993982483084157,-74.00627005749193,40.728218571906936,9,observed,opendata,"building_area_fraction,building_density,dem_d8_accum_proxy,dist_mapped_water_m,elevation_m,impervious_frac,slope_deg",event_raster,production,0,0,moderate,0.8937637720850399,0.9642141315307226,1,0.8937637720850399,0.9642141315307226,False
892a1072cd3ffff,6.292136560113138,0.7342474236952051,2.4087331836363286,4.962699822380107,1.0,2833.9356052100884,0.4720169851099448,2833.9356052100884,2363.184528152794,25.0,4.962699822380107,2363.184528152794,0.4720169851099448,-74.00220486300994,40.73361567219517,9,observed,opendata,"building_area_fraction,building_density,dem_d8_accum_proxy,dist_mapped_water_m,elevation_m,impervious_frac,slope_deg",event_raster,production,0,0,moderate,0.957338966897515,0.9668344173184988,1,0.957338966897515,0.9668344173184988,False
892a1072cd7ffff,6.3454502793588405,0.6991286779566283,0.9856376070306059,25.62367491166078,1.0,1681.554427289882,0.3965157209338636,1681.554427289882,3083.219840766563,25.0,25.62367491166078,3083.219840766563,0.3965157209338636,-73.99996336359993,40.731033292204685,9,observed,opendata,"building_area_fraction,building_density,dem_d8_accum_proxy,dist_mapped_water_m,elevation_m,impervious_frac,slope_deg",event_raster,production,0,0,moderate,0.9237347561579679,0.9416830966692992,1,0.9237347561579679,0.9416830966692992,False
892a1072cdbffff,6.107823018486618,0.7611381993596013,2.269893973649658,3.374113475177305,1.0,2115.9993596437303,0.4820556081091447,2115.9993596437303,1178.0634760130265,25.0,3.374113475177305,1178.0634760130265,0.4820556081091447,-74.00647931174146,40.733499394116386,9,observed,opendata,"building_area_fraction,building_density,dem_d8_accum_proxy,dist_mapped_water_m,elevation_m,impervious_frac,slope_deg",event_raster,production,0,0,moderate,0.9795188260981962,0.9583629462804977,1,0.9795188260981962,0.9583629462804977,False
892a1072d03ffff,1.590340914608345,0.5288758778914862,1.0591224808821564,16.853463587921848,1.0,283.5514972507295,0.21470886150338286,283.5514972507295,92.57662086480678,25.0,16.853463587921848,92.57662086480678,0.21470886150338286,-73.98610581467901,40.70498104661735,9,observed,opendata,"building_area_fraction,building_density,dem_d8_accum_proxy,dist_mapped_water_m,elevation_m,impervious_frac,slope_deg",event_raster,production,0,0,moderate,0.9058690037380859,0.9097443890942439,1,0.9058690037380859,0.9097443890942439,False
892a1072d07ffff,10.762117116586536,0.8415288269414124,1.5970599489907424,10.291666666666666,1.0,756.1760431552476,0.5183933909297068,756.1760431552476,1097.9217976415418,25.0,10.291666666666666,1097.9217976415418,0.5183933909297068,-73.98386659396525,40.702399323320684,9,observed,opendata,"building_area_fraction,building_density,dem_d8_accum_proxy,dist_mapped_water_m,elevation_m,impervious_frac,slope_deg",event_raster,production,0,0,moderate,0.9721294987765026,0.9586313969435122,1,0.9721294987765026,0.9586313969435122,False
892a1072d0bffff,0.7995113048904113,0.35536513017165533,0.7994096866960058,18.744454303460515,0.0,75.61351958333834,0.10270724677628974,75.61351958333834,20.542129057403688,25.0,18.744454303460515,20.542129057403688,0.10270724677628974,-73.99037764474299,40.70486535703891,9,observed,opendata,"building_area_fraction,building_density,dem_d8_accum_proxy,dist_mapped_water_m,elevation_m,impervious_frac,slope_deg",event_raster,production,0,0,moderate,0.8653330827165409,0.8591525170893926,1,0.8653330827165409,0.8591525170893926,False
892a1072d0fffff,7.928156178783886,0.8402945085450888,2.3063534880822787,24.872679045092838,1.0,472.6086933262805,0.4225049085151498,472.6086933262805,859.8309417759858,25.0,24.872679045092838,859.8309417759858,0.4225049085151498,-73.98813818732994,40.70228371583007,9,observed,opendata,"building_area_fraction,building_density,dem_d8_accum_proxy,dist_mapped_water_m,elevation_m,impervious_frac,slope_deg",event_raster,production,0,0,moderate,0.2836509464229232,0.24953999171332178,0,0.2836509464229232,0.24953999171332178,False
892a1072d13ffff,0.0,6.206303259953394e-05,0.0,1.0,0.0,0.0,0.0,0.0,73.09344632395387,25.0,1.0,73.09344632395387,0.0,-73.98407321184507,40.7076784287519,9,observed,opendata,"building_area_fraction,building_density,dem_d8_accum_proxy,dist_mapped_water_m,elevation_m,impervious_frac,slope_deg",event_raster,production,0,0,moderate,0.008945542458076695,0.010762079407125952,0,0.008945542458076695,0.010762079407125952,False
892a1072d17ffff,2.8913749688511006,0.6059435164123214,1.7026199507535296,16.142477876106195,1.0,160.6796359791323,0.09111364114000196,160.6796359791323,238.49725177069084,25.0,16.142477876106195,238.49725177069084,0.09111364114000196,-73.98183397782091,40.705096578515935,9,observed,opendata,"building_area_fraction,building_density,dem_d8_accum_proxy,dist_mapped_water_m,elevation_m,impervious_frac,slope_deg",event_raster,production,0,0,moderate,0.15622489227621095,0.15483895669741496,0,0.15622489227621095,0.15483895669741496,False
892a1072d1bffff,0.0026818050874574868,0.02727092446126052,0.012100506389831183,1.245583038869258,0.0,0.0,0.0,0.0,46.76707864209734,25.0,1.245583038869258,46.76707864209734,0.0,-73.98834528544128,40.707562814764856,9,observed,opendata,"building_area_fraction,building_density,dem_d8_accum_proxy,dist_mapped_water_m,elevation_m,impervious_frac,slope_deg",event_raster,production,0,0,moderate,0.008945542458076695,0.010762079407125952,0,0.008945542458076695,0.010762079407125952,False
892a1072d43ffff,0.015154459671701303,0.12421828627330582,0.05606836178538136,7.1154529307282415,0.0,0.0,0.0,0.0,511.76107001064395,25.0,7.1154529307282415,511.76107001064395,0.0,-73.996889412127,40.70733111369416,9,observed,opendata,"building_area_fraction,building_density,dem_d8_accum_proxy,dist_mapped_water_m,elevation_m,impervious_frac,slope_deg",event_raster,production,0,0,moderate,0.006756437127794919,0.010762079407125952,0,0.006756437127794919,0.010762079407125952,False
892a1072d47ffff,0.2163803129431478,0.24624487726967223,0.31083533356238874,6.186948853615521,0.0,47.4303869729334,0.020996159465343174,47.4303869729334,160.33844220431857,25.0,6.186948853615521,160.33844220431857,0.020996159465343174,-73.99464946796543,40.70474950978168,9,observed,opendata,"building_area_fraction,building_density,dem_d8_accum_proxy,dist_mapped_water_m,elevation_m,impervious_frac,slope_deg",event_raster,production,0,0,moderate,0.015542360217264765,0.02049415537872066,0,0.015542360217264765,0.02049415537872066,False
892a1072d4bffff,1.1078865746912683,0.6908184865397582,1.4778256314607159,6.647214854111406,1.0,746.6411058066457,0.24765794359911183,746.6411058066457,129.94166670030523,25.0,6.647214854111406,129.94166670030523,0.24765794359911183,-74.00116146512151,40.70721502661259,9,observed,opendata,"building_area_fraction,building_density,dem_d8_accum_proxy,dist_mapped_water_m,elevation_m,impervious_frac,slope_deg",event_raster,production,0,0,moderate,0.9430349575365136,0.9480969732025032,1,0.9430349575365136,0.9480969732025032,False
892a1072d4fffff,-0.08578551888530687,0.011900022013993816,0.3114103926546263,1.0887311446317658,0.0,0.0,0.0021739091270787506,0.0,205.56222413453773,25.0,1.0887311446317658,205.56222413453773,0.0021739091270787506,-73.99892128429882,40.704633504846704,9,observed,opendata,"building_area_fraction,building_density,dem_d8_accum_proxy,dist_mapped_water_m,elevation_m,impervious_frac,slope_deg",event_raster,production,0,0,moderate,0.01581543811414086,0.018862383811736293,0,0.01581543811414086,0.018862383811736293,False
892a1072d53ffff,2.026568944043881,0.6616443984805617,1.112668475074511,34.433362753751105,1.0,189.01444815554976,0.1474914899675323,189.01444815554976,343.0601406085251,25.0,34.433362753751105,343.0601406085251,0.1474914899675323,-73.99485730978921,40.710028773926915,9,observed,opendata,"building_area_fraction,building_density,dem_d8_accum_proxy,dist_mapped_water_m,elevation_m,impervious_frac,slope_deg",event_raster,production,0,0,moderate,0.9572314738545569,0.9562379671396337,1,0.9572314738545569,0.9562379671396337,False
892a1072d57ffff,0.0,0.06334868669555467,0.0,1.0,0.0,0.0,0.0,0.0,166.6282137294184,25.0,1.0,166.6282137294184,0.0,-73.99261735221776,40.707447043078595,9,observed,opendata,"building_area_fraction,building_density,dem_d8_accum_proxy,dist_mapped_water_m,elevation_m,impervious_frac,slope_deg",event_raster,production,0,0,moderate,0.007662006054822496,0.010762079407125952,0,0.007662006054822496,0.010762079407125952,False
892a1072d5bffff,3.007810039511809,0.7162455200145008,1.1601749286055565,36.18173758865248,1.0,122.85904751982092,0.13528167504006247,122.85904751982092,592.8403571707928,25.0,36.18173758865248,592.8403571707928,0.13528167504006247,-73.99912960639843,40.70991276239524,9,observed,opendata,"building_area_fraction,building_density,dem_d8_accum_proxy,dist_mapped_water_m,elevation_m,impervious_frac,slope_deg",event_raster,production,0,0,moderate,0.9717791810685694,0.953492225589142,1,0.9717791810685694,0.953492225589142,False
892a1072d73ffff,7.979015965762401,0.8276944767624193,2.748658584579693,20.119005328596803,1.0,510.41595335410136,0.349025666159252,510.41595335410136,722.6481804683713,25.0,20.119005328596803,722.6481804683713,0.349025666159252,-73.99240977387873,40.702167950680035,9,observed,opendata,"building_area_fraction,building_density,dem_d8_accum_proxy,dist_mapped_water_m,elevation_m,impervious_frac,slope_deg",event_raster,production,0,0,moderate,0.8464036739602411,0.9042274605064403,1,0.8464036739602411,0.9042274605064403,False
892a1072d7bffff,1.6326398657788805,0.6059491303951844,1.8325589559671047,9.464951197870452,1.0,132.32969110110287,0.1303529473322893,132.32969110110287,198.49645566575234,25.0,9.464951197870452,198.49645566575234,0.1303529473322893,-73.99668135356416,40.70205202787161,9,observed,opendata,"building_area_fraction,building_density,dem_d8_accum_proxy,dist_mapped_water_m,elevation_m,impervious_frac,slope_deg",event_raster,production,0,0,moderate,0.23235032578595102,0.1956840649211069,0,0.23235032578595102,0.1956840649211069,False
892a1072d83ffff,0.47218252622192036,0.1810392372847796,0.4486168528633956,11.403011514614704,0.0,0.0,0.0,0.0,51.873649992356356,25.0,11.403011514614704,51.873649992356356,0.0,-73.97776805489825,40.710491242867484,9,observed,opendata,"building_area_fraction,building_density,dem_d8_accum_proxy,dist_mapped_water_m,elevation_m,impervious_frac,slope_deg",event_raster,production,0,0,moderate,0.016024343838493115,0.018862383811736293,0,0.016024343838493115,0.018862383811736293,False
892a1072d87ffff,0.0076270794464078084,0.014895152899480372,0.021092172924914224,1.1107174490699734,0.0,0.0,0.0,0.0,264.9359210336392,25.0,1.1107174490699734,264.9359210336392,0.0,-73.97552904438331,40.70790918362411,9,observed,opendata,"building_area_fraction,building_density,dem_d8_accum_proxy,dist_mapped_water_m,elevation_m,impervious_frac,slope_deg",event_raster,production,0,0,moderate,0.007662006054822496,0.010762079407125952,0,0.007662006054822496,0.010762079407125952,False
892a1072d8bffff,1.5947693510775254,0.5778949076529456,1.086461727734273,22.517241379310345,1.0,94.50802286404497,0.06467380486628566,94.50802286404497,215.6444179208826,25.0,22.517241379310345,215.6444179208826,0.06467380486628566,-73.98204037879412,40.71037586221235,9,observed,opendata,"building_area_fraction,building_density,dem_d8_accum_proxy,dist_mapped_water_m,elevation_m,impervious_frac,slope_deg",event_raster,production,0,0,moderate,0.9228295436309017,0.9001139865358825,1,0.9228295436309017,0.9001139865358825,False
892a1072d8fffff,0.0,0.0,0.0,1.0,0.0,0.0,0.0,0.0,192.9533605613732,25.0,1.0,192.9533605613732,0.0,-73.97980113147659,40.70779388503865,9,observed,opendata,"building_area_fraction,building_density,dem_d8_accum_proxy,dist_mapped_water_m,elevation_m,impervious_frac,slope_deg",event_raster,production,0,0,moderate,0.007662006054822496,0.010762079407125952,0,0.007662006054822496,0.010762079407125952,False
892a1072d93ffff,0.5813135728721128,0.316011393353378,0.45281462617861357,6.780530973451327,0.0,18.900744283751173,0.01125099965504269,18.900744283751173,25.107392524847253,25.0,6.780530973451327,25.107392524847253,0.01125099965504269,-73.9757347480519,40.713188651981014,9,observed,opendata,"building_area_fraction,building_density,dem_d8_accum_proxy,dist_mapped_water_m,elevation_m,impervious_frac,slope_deg",event_raster,production,0,0,moderate,0.8768780225810935,0.8218961282548858,1,0.8768780225810935,0.8218961282548858,False
892a1072d97ffff,0.0,0.0,0.0,1.0,0.0,0.0,0.0,0.0,265.712549261342,25.0,1.0,265.712549261342,0.0,-73.97349572429943,40.71060646580088,9,observed,opendata,"building_area_fraction,building_density,dem_d8_accum_proxy,dist_mapped_water_m,elevation_m,impervious_frac,slope_deg",event_raster,production,0,0,moderate,0.007662006054822496,0.010762079407125952,0,0.007662006054822496,0.010762079407125952,False
892a1072d9bffff,5.986115967159051,0.6407863063788986,1.2271884979271952,11.244010647737356,1.0,170.10621520656386,0.18342511872877038,170.10621520656386,972.905402506779,25.0,11.244010647737356,972.905402506779,0.18342511872877038,-73.9800073154922,40.7130733469773,9,observed,opendata,"building_area_fraction,building_density,dem_d8_accum_proxy,dist_mapped_water_m,elevation_m,impervious_frac,slope_deg",event_raster,production,0,0,moderate,0.8777113541991087,0.8780541303311254,1,0.8777113541991087,0.8780541303311254,False
892a1072da3ffff,0.09091189657600104,0.24779033823463106,0.17492295432743346,2.394503546099291,0.0,56.71352494499896,0.0477839860146624,56.71352494499896,54.60129578132473,25.0,2.394503546099291,54.60129578132473,0.0477839860146624,-73.97532338697795,40.70263006531952,9,observed,opendata,"building_area_fraction,building_density,dem_d8_accum_proxy,dist_mapped_water_m,elevation_m,impervious_frac,slope_deg",event_raster,production,0,0,moderate,0.018535518870745383,0.01578635723901983,0,0.018535518870745383,0.01578635723901983,False
892a1072da7ffff,0.29518797313352935,0.7732952638590049,0.6618527609645309,2.754295532646048,1.0,75.62190649980953,0.18633193885272728,75.62190649980953,97.43030077661889,25.0,2.754295532646048,97.43030077661889,0.18633193885272728,-73.97308488972679,40.70004822281854,9,observed,opendata,"building_area_fraction,building_density,dem_d8_accum_proxy,dist_mapped_water_m,elevation_m,impervious_frac,slope_deg",event_raster,production,0,0,moderate,0.1273783405899262,0.0982557755785963,0,0.1273783405899262,0.0982557755785963,False
892a1072dabffff,6.37292127657953,0.7760534133252623,2.816085623628518,7.372113676731794,1.0,557.6814108819977,0.20440394327325104,557.6814108819977,636.2416061560339,25.0,7.372113676731794,636.2416061560339,0.20440394327325104,-73.9795949938321,40.702514773150845,9,observed,opendata,"building_area_fraction,building_density,dem_d8_accum_proxy,dist_mapped_water_m,elevation_m,impervious_frac,slope_deg",event_raster,production,0,0,moderate,0.1971156279631478,0.16746074456792176,0,0.1971156279631478,0.16746074456792176,False
892a1072db3ffff,0.0692583368741494,0.301072149001704,0.08996647463005863,1.7959183673469388,0.0,103.96976700907229,0.0668444997632952,103.96976700907229,23.632255801670706,25.0,1.7959183673469388,23.632255801670706,0.0668444997632952,-73.97329028391235,40.705327169269424,9,observed,opendata,"building_area_fraction,building_density,dem_d8_accum_proxy,dist_mapped_water_m,elevation_m,impervious_frac,slope_deg",event_raster,production,0,0,moderate,0.020152833586882517,0.02119936688283328,0,0.020152833586882517,0.02119936688283328,False
892a1072db7ffff,0.11327052593353888,0.6535327224892916,0.19287322274363897,2.419753086419753,1.0,56.71368661609822,0.11163946820684292,56.71368661609822,221.21881446070427,25.0,2.419753086419753,221.21881446070427,0.11163946820684292,-73.97105177345034,40.70274519982567,9,observed,opendata,"building_area_fraction,building_density,dem_d8_accum_proxy,dist_mapped_water_m,elevation_m,impervious_frac,slope_deg",event_raster,production,0,0,moderate,0.045257842163927885,0.04795111037747331,0,0.045257842163927885,0.04795111037747331,False
892a1072dbbffff,0.4020954799531357,0.20221401913621076,0.6068480014450749,3.932743362831858,0.0,47.25885050726129,0.021387196761340887,47.25885050726129,263.74368380487726,25.0,3.932743362831858,263.74368380487726,0.021387196761340887,-73.9775621342162,40.70521195273364,9,observed,opendata,"building_area_fraction,building_density,dem_d8_accum_proxy,dist_mapped_water_m,elevation_m,impervious_frac,slope_deg",event_raster,production,0,0,moderate,0.01474080743523892,0.01800279273048769,0,0.01474080743523892,0.01800279273048769,False
892a1072dc3ffff,6.726418188640049,0.6917151962349444,1.161625913040453,65.79276895943562,1.0,850.5262670592863,0.2856254629511026,850.5262670592863,1050.1496890823282,25.0,65.79276895943562,1050.1496890823282,0.2856254629511026,-73.98855243013952,40.712842263747554,9,observed,opendata,"building_area_fraction,building_density,dem_d8_accum_proxy,dist_mapped_water_m,elevation_m,impervious_frac,slope_deg",event_raster,production,0,0,moderate,0.9993204650921231,0.9773873051371148,1,0.9993204650921231,0.9773873051371148,False
892a1072dc7ffff,1.8936366838901681,0.7480680548886485,1.0461909262882876,32.276595744680854,1.0,189.01551138902076,0.2461623394393243,189.01551138902076,334.8745089693557,25.0,32.276595744680854,334.8745089693557,0.2461623394393243,-73.98631269593956,40.71026032383652,9,observed,opendata,"building_area_fraction,building_density,dem_d8_accum_proxy,dist_mapped_water_m,elevation_m,impervious_frac,slope_deg",event_raster,production,0,0,moderate,0.9610769361512884,0.9616148117877394,1,0.9610769361512884,0.9616148117877394,False
892a1072dcbffff,9.383027314083886,0.7987320002884438,1.2021544392495371,14.300265721877768,1.0,1058.429710891053,0.3133049884299052,1058.429710891053,1197.9093378880139,25.0,14.300265721877768,1197.9093378880139,0.3133049884299052,-73.99282497725156,40.712726485523575,9,observed,opendata,"building_area_fraction,building_density,dem_d8_accum_proxy,dist_mapped_water_m,elevation_m,impervious_frac,slope_deg",event_raster,production,0,0,moderate,0.18528014624393566,0.1967662093628825,0,0.18528014624393566,0.1967662093628825,False
892a1072dcfffff,1.3792245528085765,0.5879472370843917,1.0244370443035147,45.90860692102928,1.0,122.85973626240448,0.09339144383571561,122.85973626240448,154.65124991614533,25.0,45.90860692102928,154.65124991614533,0.09339144383571561,-73.99058500628709,40.71014462774103,9,observed,opendata,"building_area_fraction,building_density,dem_d8_accum_proxy,dist_mapped_water_m,elevation_m,impervious_frac,slope_deg",event_raster,production,0,0,moderate,0.9266587739055565,0.9535837091602927,1,0.9266587739055565,0.9535837091602927,False
892a1072dd3ffff,9.48738886554789,0.7506617962414962,0.3977573222860639,10.411712511091393,1.0,340.19405522319425,0.2787329462109244,340.19405522319425,2108.124644864231,25.0,10.411712511091393,2108.124644864231,0.2787329462109244,-73.98651962374095,40.715539951076806,9,observed,opendata,"building_area_fraction,building_density,dem_d8_accum_proxy,dist_mapped_water_m,elevation_m,impervious_frac,slope_deg",event_raster,production,0,0,moderate,0.9404023998629057,0.9453705814286504,1,0.9404023998629057,0.9453705814286504,False
892a1072dd7ffff,8.263710407419552,0.7102450544102169,0.7821939603442917,10.377994676131323,1.0,378.01274109465237,0.20729887151723964,378.01274109465237,1237.581659697293,25.0,10.377994676131323,1237.581659697293,0.20729887151723964,-73.9842798762039,40.71295788423248,9,observed,opendata,"building_area_fraction,building_density,dem_d8_accum_proxy,dist_mapped_water_m,elevation_m,impervious_frac,slope_deg",event_raster,production,0,0,moderate,0.9565329441248694,0.9169873377068336,1,0.9565329441248694,0.9169873377068336,False
892a1072ddbffff,11.257507700267947,0.757191937965991,0.581295365757155,16.19449378330373,1.0,2012.8091555261021,0.382088394221314,2012.8091555261021,1209.430757786475,25.0,16.19449378330373,1209.430757786475,0.382088394221314,-73.99079241447993,40.71542424846276,9,observed,opendata,"building_area_fraction,building_density,dem_d8_accum_proxy,dist_mapped_water_m,elevation_m,impervious_frac,slope_deg",event_raster,production,0,0,moderate,0.9749395950090133,0.9702694591889528,1,0.9749395950090133,0.9702694591889528,False
892a1072e97ffff,-1.2826936821376576,0.0,0.0018903643090058776,1.1141176470588234,0.0,0.0,0.0,0.0,593.3739578977988,25.0,1.1141176470588234,593.3739578977988,0.0,-74.01909191907703,40.72786881053854,9,observed,opendata,"building_area_fraction,building_density,dem_d8_accum_proxy,dist_mapped_water_m,elevation_m,impervious_frac,slope_deg",event_raster,production,0,0,moderate,0.007662006054822496,0.010762079407125952,0,0.007662006054822496,0.010762079407125952,False
892a1072ea7ffff,-0.9463155338010149,0.04626287022468067,0.7117445538311593,1.5696465696465696,0.0,9.449167155030462,0.0015209200991037168,9.449167155030462,470.58389839249406,25.0,1.5696465696465696,470.58389839249406,0.0015209200991037168,-74.01867066829203,40.717308256083186,9,observed,opendata,"building_area_fraction,building_density,dem_d8_accum_proxy,dist_mapped_water_m,elevation_m,impervious_frac,slope_deg",event_raster,production,0,0,moderate,0.01712970395831383,0.018706611505788624,0,0.01712970395831383,0.018706611505788624,False
892a1072eb3ffff,-1.2975889788325137,0.0,0.0022994858362903768,1.1365638766519823,0.0,0.0,0.0,0.0,979.9541904151224,25.0,1.1365638766519823,979.9541904151224,0.0,-74.01888126998956,40.722588358374864,9,observed,opendata,"building_area_fraction,building_density,dem_d8_accum_proxy,dist_mapped_water_m,elevation_m,impervious_frac,slope_deg",event_raster,production,0,0,moderate,0.017383980142000294,0.010762079407125952,0,0.017383980142000294,0.010762079407125952,False
892a1072eb7ffff,-0.9869655673346828,0.04456879443157004,1.1383467128588451,1.3174182139699382,0.0,0.0,0.0,0.0,153.85227657677956,25.0,1.3174182139699382,153.85227657677956,0.0,-74.01663935118853,40.72000665061756,9,observed,opendata,"building_area_fraction,building_density,dem_d8_accum_proxy,dist_mapped_water_m,elevation_m,impervious_frac,slope_deg",event_raster,production,0,0,moderate,0.0174341104842651,0.019861024230509682,0,0.0174341104842651,0.019861024230509682,False
892a100d04bffff,3.344531323424001,0.7558853682436333,1.0350922583482545,78.36113575865129,1.0,273.8980490778987,0.27309265013500833,273.8980490778987,521.6157660768786,40.0,78.36113575865129,521.6157660768786,0.27309265013500833,-73.97269448397236,40.74498799569922,9,observed,opendata,"building_area_fraction,building_density,dem_d8_accum_proxy,dist_mapped_water_m,elevation_m,impervious_frac,slope_deg",event_raster,production,0,0,heavy,1.025642674524057,0.9820360494529464,1,1.025642674524057,0.9820360494529464,False
892a100d04fffff,0.08845332935802193,0.2004225670025031,0.18623061873043353,39.90820584144645,0.0,18.890486593962265,0.007123729701338743,18.890486593962265,374.55231144544734,40.0,39.90820584144645,374.55231144544734,0.007123729701338743,-73.97045411641287,40.742404696985496,9,observed,opendata,"building_area_fraction,building_density,dem_d8_accum_proxy,dist_mapped_water_m,elevation_m,impervious_frac,slope_deg",event_raster,production,0,0,heavy,0.02686658084703561,0.010885036674472309,0,0.02686658084703561,0.010885036674472309,False
892a100d05bffff,11.09610818531149,0.8317826107163484,4.214213328964444,9.682926829268293,1.0,151.10887057613218,0.2063233276690508,151.10887057613218,625.8958091330022,40.0,9.682926829268293,625.8958091330022,0.2063233276690508,-73.97065939959245,40.747686448906286,9,observed,opendata,"building_area_fraction,building_density,dem_d8_accum_proxy,dist_mapped_water_m,elevation_m,impervious_frac,slope_deg",event_raster,production,0,0,heavy,0.9376252260989348,0.9395879272343638,1,0.9376252260989348,0.9395879272343638,False
892a100d06bffff,0.0,0.006027634415324851,0.0,1.0,0.0,0.0,0.0,0.0,637.8836724983266,40.0,1.0,637.8836724983266,0.0,-73.9702488794359,40.737123294760856,9,observed,opendata,"building_area_fraction,building_density,dem_d8_accum_proxy,dist_mapped_water_m,elevation_m,impervious_frac,slope_deg",event_raster,production,0,0,heavy,0.007662006054822496,0.010762079407125952,0,0.007662006054822496,0.010762079407125952,False
892a100d203ffff,11.634066904948437,0.6190496429419581,0.2990700771824793,8.258605472197706,1.0,358.9151644292976,0.3429204347775612,358.9151644292976,4162.245893261687,40.0,8.258605472197706,4162.245893261687,0.3429204347775612,-73.98755496140967,40.74194333566657,9,observed,opendata,"building_area_fraction,building_density,dem_d8_accum_proxy,dist_mapped_water_m,elevation_m,impervious_frac,slope_deg",event_raster,production,0,0,heavy,0.9701094267802555,0.9572254860953399,1,0.9701094267802555,0.9572254860953399,False
892a100d207ffff,9.353697723953436,0.747485668299363,0.5566738994481663,71.84131205673759,1.0,859.5513113158171,0.4916353037153505,859.5513113158171,3207.400931935863,40.0,71.84131205673759,3207.400931935863,0.4916353037153505,-73.98531389573235,40.73936041044821,9,observed,opendata,"building_area_fraction,building_density,dem_d8_accum_proxy,dist_mapped_water_m,elevation_m,impervious_frac,slope_deg",event_raster,production,0,0,heavy,0.9033484327026429,0.9564202892021102,1,0.9033484327026429,0.9564202892021102,False
892a100d20bffff,11.088975920706698,0.7844965711407278,0.35287129473777784,36.79133510167993,1.0,1086.187567788973,0.606090463293059,1086.187567788973,4793.8690281716235,40.0,36.79133510167993,4793.8690281716235,0.606090463293059,-73.99183015572552,40.74182760043736,9,observed,opendata,"building_area_fraction,building_density,dem_d8_accum_proxy,dist_mapped_water_m,elevation_m,impervious_frac,slope_deg",event_raster,production,0,0,heavy,0.993016470302042,0.9840849949142776,1,0.993016470302042,0.9840849949142776,False
892a100d20fffff,11.934826424314027,0.7935258094138863,0.2738077293655487,7.3294951284322405,1.0,1161.807833088293,0.5484905337657906,1161.807833088293,4332.311094885928,40.0,7.3294951284322405,4332.311094885928,0.5484905337657906,-73.98958885298438,40.73924475745148,9,observed,opendata,"building_area_fraction,building_density,dem_d8_accum_proxy,dist_mapped_water_m,elevation_m,impervious_frac,slope_deg",event_raster,production,0,0,heavy,0.9764000246421851,0.9812223205550161,1,0.9764000246421851,0.9812223205550161,False
892a100d213ffff,11.98053725743526,0.7184812308308084,0.4373890037274696,28.16120460584588,1.0,906.6892580307322,0.5375465244997344,906.6892580307322,3843.515920122065,40.0,28.16120460584588,3843.515920122065,0.5375465244997344,-73.98552083929478,40.744641965067935,9,observed,opendata,"building_area_fraction,building_density,dem_d8_accum_proxy,dist_mapped_water_m,elevation_m,impervious_frac,slope_deg",event_raster,production,0,0,heavy,0.988496392232019,0.9816493709699547,1,0.988496392232019,0.9816493709699547,False
892a100d217ffff,10.582220157761823,0.8032682606664984,0.4630951389168827,20.195748449955712,1.0,1293.9872786212459,0.5182692072713475,1293.9872786212459,3085.6143559569277,40.0,20.195748449955712,3085.6143559569277,0.5182692072713475,-73.98327976027291,40.74205891293701,9,observed,opendata,"building_area_fraction,building_density,dem_d8_accum_proxy,dist_mapped_water_m,elevation_m,impervious_frac,slope_deg",event_raster,production,0,0,heavy,0.9818308626602553,0.9707924458581907,1,0.9818308626602553,0.9707924458581907,False
892a100d21bffff,12.252244896922551,0.7485761337035092,0.28367676767419464,10.429078014184396,1.0,1388.3640064907381,0.5523418396473846,1388.3640064907381,5003.475300223948,40.0,10.429078014184396,5003.475300223948,0.5523418396473846,-73.98979627753427,40.744526305564385,9,observed,opendata,"building_area_fraction,building_density,dem_d8_accum_proxy,dist_mapped_water_m,elevation_m,impervious_frac,slope_deg",event_raster,production,0,0,heavy,0.9681187303516242,0.9825749617155196,1,0.9681187303516242,0.9825749617155196,False
892a100d223ffff,9.008245406735218,0.720816329240693,0.5343374889046218,41.94582593250444,1.0,954.1023724858659,0.3195547874252048,954.1023724858659,2685.56836347554,40.0,41.94582593250444,2685.56836347554,0.3195547874252048,-73.98510699874309,40.73407920554712,9,observed,opendata,"building_area_fraction,building_density,dem_d8_accum_proxy,dist_mapped_water_m,elevation_m,impervious_frac,slope_deg",event_raster,production,0,0,heavy,0.927609307731207,0.9472328962679594,1,0.927609307731207,0.9472328962679594,False
892a100d227ffff,6.7347384026153865,0.8084701029575577,0.6241051619238394,41.89389920424403,1.0,1313.1387398848888,0.43899270108821836,1313.1387398848888,1595.4828672521983,40.0,41.89389920424403,1595.4828672521983,0.43899270108821836,-73.9828664471727,40.73149649667317,9,observed,opendata,"building_area_fraction,building_density,dem_d8_accum_proxy,dist_mapped_water_m,elevation_m,impervious_frac,slope_deg",event_raster,production,0,0,heavy,0.9702146220671469,0.9696519225721935,1,0.9702146220671469,0.9696519225721935,False
892a100d22bffff,11.85943661175721,0.811485444426748,0.2974898859753392,10.518617021276595,1.0,765.1690495389598,0.5174672375702787,765.1690495389598,3286.75856974422,40.0,10.518617021276595,3286.75856974422,0.5174672375702787,-73.98938147511579,40.733963559055724,9,observed,opendata,"building_area_fraction,building_density,dem_d8_accum_proxy,dist_mapped_water_m,elevation_m,impervious_frac,slope_deg",event_raster,production,0,0,heavy,0.9773713569684641,0.9667247719766745,1,0.9773713569684641,0.9667247719766745,False
892a100d22fffff,10.270036309009727,0.7336736165592611,0.5691594506215713,22.56713780918728,1.0,1728.8036682633165,0.43998543557778386,1728.8036682633165,2178.074635817406,40.0,22.56713780918728,2178.074635817406,0.43998543557778386,-73.98714068654695,40.731380932373526,9,observed,opendata,"building_area_fraction,building_density,dem_d8_accum_proxy,dist_mapped_water_m,elevation_m,impervious_frac,slope_deg",event_raster,production,0,0,heavy,0.9923379920375375,0.9757002771268237,1,0.9923379920375375,0.9757002771268237,False
892a100d233ffff,7.547986360014383,0.7718770690889248,0.48086475218960517,66.38795394154118,1.0,982.3945876476226,0.4276351620510366,982.3945876476226,2399.495648238968,40.0,66.38795394154118,2399.495648238968,0.4276351620510366,-73.98307308046714,40.736777529931615,9,observed,opendata,"building_area_fraction,building_density,dem_d8_accum_proxy,dist_mapped_water_m,elevation_m,impervious_frac,slope_deg",event_raster,production,0,0,heavy,0.9366804886593566,0.969676174694973,1,0.9366804886593566,0.969676174694973,False
892a100d237ffff,5.612585460475648,0.7343574503583259,0.5764978990340844,64.6763925729443,1.0,1275.288961743088,0.39949176413161236,1275.288961743088,1818.8336187784814,40.0,64.6763925729443,1818.8336187784814,0.39949176413161236,-73.980832515579,40.73419469413901,9,observed,opendata,"building_area_fraction,building_density,dem_d8_accum_proxy,dist_mapped_water_m,elevation_m,impervious_frac,slope_deg",event_raster,production,0,0,heavy,1.0092041701663808,0.985207111556632,1,1.0092041701663808,0.985207111556632,False
892a100d23bffff,10.783638140685122,0.7322715441106071,0.5472927407999392,20.9181338028169,1.0,1369.6808883055724,0.5015695466267989,1369.6808883055724,3570.1723644306794,40.0,20.9181338028169,3570.1723644306794,0.5015695466267989,-73.98734780066862,40.7366619591473,9,observed,opendata,"building_area_fraction,building_density,dem_d8_accum_proxy,dist_mapped_water_m,elevation_m,impervious_frac,slope_deg",event_raster,production,0,0,heavy,0.988496392232019,0.9815298233551717,1,0.988496392232019,0.9815298233551717,False
892a100d243ffff,6.8762026253621205,0.7748389768116899,0.3972702182277485,126.21781305114638,1.0,2276.1486110477867,0.49544193743332754,2276.1486110477867,2884.9412952283474,40.0,126.21781305114638,2884.9412952283474,0.49544193743332754,-73.99834713342568,40.744294512623796,9,observed,opendata,"building_area_fraction,building_density,dem_d8_accum_proxy,dist_mapped_water_m,elevation_m,impervious_frac,slope_deg",event_raster,production,0,0,heavy,0.9855411697480968,0.9807587519372576,1,0.9855411697480968,0.9807587519372576,False
892a100d247ffff,8.821203896929546,0.7937727434611892,0.412153148040268,34.3469387755102,1.0,1171.1902616116129,0.5649586329161382,1171.1902616116129,3623.2010789147153,40.0,34.3469387755102,3623.2010789147153,0.5649586329161382,-73.99610534317284,40.741711707250445,9,observed,opendata,"building_area_fraction,building_density,dem_d8_accum_proxy,dist_mapped_water_m,elevation_m,impervious_frac,slope_deg",event_raster,production,0,0,heavy,0.904565155654477,0.941605464704658,1,0.904565155654477,0.941605464704658,False
892a100d24bffff,4.700379842133678,0.7691621584445899,2.3811987119978055,6.778172138420586,1.0,1964.4713196446455,0.4187557197142412,1964.4713196446455,1711.4860425111497,40.0,6.778172138420586,1711.4860425111497,0.4187557197142412,-74.00262255098242,40.744178379188874,9,observed,opendata,"building_area_fraction,building_density,dem_d8_accum_proxy,dist_mapped_water_m,elevation_m,impervious_frac,slope_deg",event_raster,production,0,0,heavy,0.9892887329299843,0.9739581788443487,1,0.9892887329299843,0.9739581788443487,False
892a100d24fffff,6.728941166474821,0.7909526805417321,1.0751003553452378,16.488042515500442,1.0,1794.5606999383997,0.527468556318802,1794.5606999383997,2454.429418197212,40.0,16.488042515500442,2454.429418197212,0.527468556318802,-74.00038052370402,40.74159565610689,9,observed,opendata,"building_area_fraction,building_density,dem_d8_accum_proxy,dist_mapped_water_m,elevation_m,impervious_frac,slope_deg",event_raster,production,0,0,heavy,0.9534704150434473,0.9662348972751138,1,0.9534704150434473,0.9662348972751138,False
892a100d253ffff,8.19125848040712,0.7926414025337588,0.4620399600144446,37.9600709849157,1.0,698.8666466924884,0.4951791834438302,698.8666466924884,3525.591197387953,40.0,37.9600709849157,3525.591197387953,0.4951791834438302,-73.99631351262427,40.74699342036505,9,observed,opendata,"building_area_fraction,building_density,dem_d8_accum_proxy,dist_mapped_water_m,elevation_m,impervious_frac,slope_deg",event_raster,production,0,0,heavy,0.3922210358479865,0.3170731978983053,0,0.3922210358479865,0.3170731978983053,False
892a100d257ffff,9.688490660000692,0.8034272127446875,0.547570635655285,71.08761061946903,1.0,1246.6907019885907,0.5819824175144884,1246.6907019885907,4065.341648690927,40.0,71.08761061946903,4065.341648690927,0.5819824175144884,-73.99407170892711,40.74441048808265,9,observed,opendata,"building_area_fraction,building_density,dem_d8_accum_proxy,dist_mapped_water_m,elevation_m,impervious_frac,slope_deg",event_raster,production,0,0,heavy,0.9808082306824087,0.9820478769438036,1,0.9808082306824087,0.9820478769438036,False
892a100d25bffff,5.423203768983352,0.7607371874878892,1.322553680504186,58.7070796460177,1.0,1029.408800485988,0.33086084305369623,1029.408800485988,2370.2155181922126,40.0,58.7070796460177,2370.2155181922126,0.33086084305369623,-74.00058917418733,40.746877362614214,9,observed,opendata,"building_area_fraction,building_density,dem_d8_accum_proxy,dist_mapped_water_m,elevation_m,impervious_frac,slope_deg",event_raster,production,0,0,heavy,0.9930254105377448,0.9762306812708413,1,0.9930254105377448,0.9762306812708413,False
892a100d263ffff,9.154166255436891,0.7820788840399989,0.47000771231374683,38.9281914893617,1.0,1246.8748959355855,0.5359448513579532,1246.8748959355855,4072.621757582235,40.0,38.9281914893617,4072.621757582235,0.5359448513579532,-73.9958972205727,40.736430343823116,9,observed,opendata,"building_area_fraction,building_density,dem_d8_accum_proxy,dist_mapped_water_m,elevation_m,impervious_frac,slope_deg",event_raster,production,0,0,heavy,0.8942878904969139,0.9170920997743953,1,0.8942878904969139,0.9170920997743953,False
892a100d267ffff,10.506262568149197,0.7763419446701305,0.5278553454372933,31.214285714285715,1.0,1501.99427893077,0.5377714965238943,1501.99427893077,4147.713632834725,40.0,31.214285714285715,4147.713632834725,0.5377714965238943,-73.99365594464955,40.7338477546659,9,observed,opendata,"building_area_fraction,building_density,dem_d8_accum_proxy,dist_mapped_water_m,elevation_m,impervious_frac,slope_deg",event_raster,production,0,0,heavy,0.9850326979230326,0.9830883301677638,1,0.9850326979230326,0.9830883301677638,False
892a100d26bffff,7.4298304092366685,0.7336941748672718,1.4907869235938291,18.392382639503985,1.0,2087.565005173888,0.43001370708469105,2087.565005173888,2894.6345337189323,40.0,18.392382639503985,2894.6345337189323,0.43001370708469105,-74.00017192018016,40.7363142992853,9,observed,opendata,"building_area_fraction,building_density,dem_d8_accum_proxy,dist_mapped_water_m,elevation_m,impervious_frac,slope_deg",event_raster,production,0,0,heavy,0.33067143356090695,0.29070715331403735,0,0.33067143356090695,0.29070715331403735,False
892a100d26fffff,7.045459998170429,0.6573402445522902,0.5498938282986092,108.12201591511936,1.0,2456.084387329168,0.4856766111540384,2456.084387329168,3548.4786148292724,40.0,108.12201591511936,3548.4786148292724,0.4856766111540384,-73.9979304072968,40.73373179237872,9,observed,opendata,"building_area_fraction,building_density,dem_d8_accum_proxy,dist_mapped_water_m,elevation_m,impervious_frac,slope_deg",event_raster,production,0,0,heavy,0.8880287637954976,0.9633520358941154,1,0.8880287637954976,0.9633520358941154,False
892a100d273ffff,10.541157568301413,0.8212952520895762,0.41649875312372253,16.70053003533569,1.0,1284.5969165645495,0.6161346097449659,1284.5969165645495,4366.968246712419,40.0,16.70053003533569,4366.968246712419,0.6161346097449659,-73.99386380339365,40.73912894651647,9,observed,opendata,"building_area_fraction,building_density,dem_d8_accum_proxy,dist_mapped_water_m,elevation_m,impervious_frac,slope_deg",event_raster,production,0,0,heavy,0.9865776969425688,0.9851471847060667,1,0.9865776969425688,0.9851471847060667,False
892a100d277ffff,11.808286775837333,0.7810070273013533,0.2974859175316148,11.861824623560674,1.0,859.5904107653606,0.42368563748846455,859.5904107653606,4404.990300114387,40.0,11.861824623560674,4404.990300114387,0.42368563748846455,-73.99162251405302,40.73654623044413,9,observed,opendata,"building_area_fraction,building_density,dem_d8_accum_proxy,dist_mapped_water_m,elevation_m,impervious_frac,slope_deg",event_raster,production,0,0,heavy,0.9684861043725955,0.9658880941624666,1,0.9684861043725955,0.9658880941624666,False
892a100d27bffff,8.604641501979357,0.7988172016063765,0.3405201793886892,8.759717314487633,1.0,1426.2764007331282,0.5158462169877158,1426.2764007331282,3203.700221131711,40.0,8.759717314487633,3203.700221131711,0.5158462169877158,-73.9981387469125,40.739012977644194,9,observed,opendata,"building_area_fraction,building_density,dem_d8_accum_proxy,dist_mapped_water_m,elevation_m,impervious_frac,slope_deg",event_raster,production,0,0,heavy,0.8719750953327854,0.8943426938654235,1,0.8719750953327854,0.8943426938654235,False
892a100d283ffff,16.917748117320418,0.7059835343894233,2.3604242408254525,13.622458001768347,1.0,1728.2978480574743,0.4550787383755099,1728.2978480574743,2537.502510435042,40.0,13.622458001768347,2537.502510435042,0.4550787383755099,-73.97921079764829,40.7474560713926,9,observed,opendata,"building_area_fraction,building_density,dem_d8_accum_proxy,dist_mapped_water_m,elevation_m,impervious_frac,slope_deg",event_raster,production,0,0,heavy,0.9567739676052123,0.9687450656425468,1,0.9567739676052123,0.9687450656425468,False
892a100d287ffff,7.147121550129579,0.8039008917534246,0.9129411541255175,73.5070796460177,1.0,1501.7126066268452,0.4231081166662552,1501.7126066268452,1605.6338935494234,40.0,73.5070796460177,1605.6338935494234,0.4231081166662552,-73.97696994246623,40.744872810136386,9,observed,opendata,"building_area_fraction,building_density,dem_d8_accum_proxy,dist_mapped_water_m,elevation_m,impervious_frac,slope_deg",event_raster,production,0,0,heavy,1.002408673167334,0.9763287207887003,1,1.002408673167334,0.9763287207887003,False
892a100d28bffff,15.509574750760047,0.7257254189152544,1.2605201045795285,25.720106288751108,1.0,840.535912359148,0.529679393222422,840.535912359148,3600.5249055380445,40.0,25.720106288751108,3600.5249055380445,0.529679393222422,-73.98348648660567,40.74734064563417,9,observed,opendata,"building_area_fraction,building_density,dem_d8_accum_proxy,dist_mapped_water_m,elevation_m,impervious_frac,slope_deg",event_raster,production,0,0,heavy,0.9908852887550939,0.9830280069298694,1,0.9908852887550939,0.9830280069298694,False
892a100d28fffff,11.092858950016463,0.7379329336604921,1.111017796915396,21.730803177405118,1.0,1548.9318705468659,0.49838071992841476,1548.9318705468659,2698.2194004843595,40.0,21.730803177405118,2698.2194004843595,0.49838071992841476,-73.98124539425626,40.74475746659229,9,observed,opendata,"building_area_fraction,building_density,dem_d8_accum_proxy,dist_mapped_water_m,elevation_m,impervious_frac,slope_deg",event_raster,production,0,0,heavy,0.9705183437759318,0.9763311139911441,1,0.9705183437759318,0.9763311139911441,False
892a100d293ffff,17.053246227562006,0.7343941558654427,2.0636505864243557,29.944148936170212,1.0,1095.4801784648826,0.4990897964841905,1095.4801784648826,2629.2092584921716,40.0,29.944148936170212,2629.2092584921716,0.4990897964841905,-73.97717597041498,40.75015472731649,9,observed,opendata,"building_area_fraction,building_density,dem_d8_accum_proxy,dist_mapped_water_m,elevation_m,impervious_frac,slope_deg",event_raster,production,0,0,heavy,0.9694669123029857,0.9733787565918265,1,0.9694669123029857,0.9733787565918265,False
892a100d297ffff,9.607814983428577,0.8091243255370076,1.2843576428075667,30.645759717314487,1.0,821.6521362411067,0.3882135448667216,821.6521362411067,1585.104332544806,40.0,30.645759717314487,1585.104332544806,0.3882135448667216,-73.97493510196136,40.747571339150305,9,observed,opendata,"building_area_fraction,building_density,dem_d8_accum_proxy,dist_mapped_water_m,elevation_m,impervious_frac,slope_deg",event_raster,production,0,0,heavy,0.9653431016996518,0.9628730512271942,1,0.9653431016996518,0.9628730512271942,False
892a100d29bffff,22.765609919342175,0.7373028706086364,0.8657436078340471,5.829955947136564,1.0,934.9330117579996,0.534761579845039,934.9330117579996,3551.6861610883225,40.0,5.829955947136564,3551.6861610883225,0.534761579845039,-73.9814519033082,40.75003937734384,9,observed,opendata,"building_area_fraction,building_density,dem_d8_accum_proxy,dist_mapped_water_m,elevation_m,impervious_frac,slope_deg",event_raster,production,0,0,heavy,0.10562002745950917,0.10740994300918463,0,0.10562002745950917,0.10740994300918463,False
892a100d2a3ffff,5.74795115731209,0.7661340586024965,1.2679799992011946,29.223498233215548,1.0,245.58748269415776,0.3818938453196863,245.58748269415776,1142.0937344759552,40.0,29.223498233215548,1142.0937344759552,0.3818938453196863,-73.97676396089017,40.73959124262263,9,observed,opendata,"building_area_fraction,building_density,dem_d8_accum_proxy,dist_mapped_water_m,elevation_m,impervious_frac,slope_deg",event_raster,production,0,0,heavy,0.9583182987167977,0.9591099433543819,1,0.9583182987167977,0.9591099433543819,False
892a100d2a7ffff,0.9807134715443706,0.7893562591271409,0.5174281532803537,102.49024822695036,1.0,113.35386601824062,0.3324400777586228,113.35386601824062,213.42318622230448,40.0,102.49024822695036,213.42318622230448,0.3324400777586228,-73.97452361980322,40.737008197739414,9,observed,opendata,"building_area_fraction,building_density,dem_d8_accum_proxy,dist_mapped_water_m,elevation_m,impervious_frac,slope_deg",event_raster,production,0,0,heavy,0.9825224981955514,0.9807744171736442,1,0.9825224981955514,0.9807744171736442,False
892a100d2abffff,8.566205889091895,0.780882514091768,0.5765698538606084,21.454946996466433,1.0,1209.0426320833733,0.45942555751946984,1209.0426320833733,2148.5677762477494,40.0,21.454946996466433,2148.5677762477494,0.45942555751946984,-73.98103893168508,40.73947590550561,9,observed,opendata,"building_area_fraction,building_density,dem_d8_accum_proxy,dist_mapped_water_m,elevation_m,impervious_frac,slope_deg",event_raster,production,0,0,heavy,0.9249317919809015,0.9493011867836181,1,0.9249317919809015,0.9493011867836181,False
892a100d2afffff,4.456356149193243,0.7479806258904595,0.7418303156126265,85.96719858156028,1.0,661.2290025268504,0.41499988503649543,661.2290025268504,1230.522464932959,40.0,85.96719858156028,1230.522464932959,0.41499988503649543,-73.97879835349616,40.73689294279598,9,observed,opendata,"building_area_fraction,building_density,dem_d8_accum_proxy,dist_mapped_water_m,elevation_m,impervious_frac,slope_deg",event_raster,production,0,0,heavy,0.9637177091352614,0.9857636832205919,1,0.9637177091352614,0.9857636832205919,False
892a100d2b3ffff,4.7459736974102205,0.7524935029381145,1.3542759952819452,50.00265486725664,1.0,415.58951777937176,0.444905357851241,415.58951777937176,753.7806130627465,40.0,50.00265486725664,753.7806130627465,0.444905357851241,-73.97472933772691,40.74228959359751,9,observed,opendata,"building_area_fraction,building_density,dem_d8_accum_proxy,dist_mapped_water_m,elevation_m,impervious_frac,slope_deg",event_raster,production,0,0,heavy,0.984183272840984,0.9806723939608045,1,0.984183272840984,0.9806723939608045,False
892a100d2b7ffff,0.4733200674942577,0.408769081810286,0.39625872512754573,17.273291925465838,0.0,66.11989545174349,0.14559922811940781,66.11989545174349,12.78836189261329,40.0,17.273291925465838,12.78836189261329,0.14559922811940781,-73.97248898339517,40.739706421798246,9,observed,opendata,"building_area_fraction,building_density,dem_d8_accum_proxy,dist_mapped_water_m,elevation_m,impervious_frac,slope_deg",event_raster,production,0,0,heavy,0.15937311536115534,0.18686530457868247,0,0.15937311536115534,0.18686530457868247,False
892a100d2bbffff,9.50822014888902,0.7417094053632923,0.3525986636405608,9.99734278122232,1.0,1681.2437167749674,0.42124082384961103,1681.2437167749674,1919.6963577830002,40.0,9.99734278122232,1919.6963577830002,0.42124082384961103,-73.97900455236277,40.74217433224768,9,observed,opendata,"building_area_fraction,building_density,dem_d8_accum_proxy,dist_mapped_water_m,elevation_m,impervious_frac,slope_deg",event_raster,production,0,0,heavy,0.9603372081723501,0.9584346337607739,1,0.9603372081723501,0.9584346337607739,False
892a100d2c3ffff,12.497188469196887,0.8180809853770209,0.47100020741634335,60.326241134751776,1.0,443.85457562007167,0.5767061989049808,443.85457562007167,5011.318098428111,40.0,60.326241134751776,5011.318098428111,0.5767061989049808,-73.99000374878119,40.74980820333916,9,observed,opendata,"building_area_fraction,building_density,dem_d8_accum_proxy,dist_mapped_water_m,elevation_m,impervious_frac,slope_deg",event_raster,production,0,0,heavy,1.0036645585639083,0.9879012098139331,1,1.0036645585639083,0.9879012098139331,False
892a100d2c7ffff,13.313176553930253,0.7772917157775211,0.3511992797212697,37.63572060123784,1.0,1048.305869617177,0.5359025474333563,1048.305869617177,4695.691982586693,40.0,37.63572060123784,4695.691982586693,0.5359025474333563,-73.98776216878585,40.74722506187607,9,observed,opendata,"building_area_fraction,building_density,dem_d8_accum_proxy,dist_mapped_water_m,elevation_m,impervious_frac,slope_deg",event_raster,production,0,0,heavy,0.988496392232019,0.9816493709699547,1,0.988496392232019,0.9816493709699547,False
892a100d2cbffff,9.850798211899479,0.8231508452280433,0.5050499744433086,110.2424778761062,1.0,953.8124678665314,0.5656380196291919,953.8124678665314,4013.31143684881,40.0,110.2424778761062,4013.31143684881,0.5656380196291919,-73.99427966126574,40.749692379309224,9,observed,opendata,"building_area_fraction,building_density,dem_d8_accum_proxy,dist_mapped_water_m,elevation_m,impervious_frac,slope_deg",event_raster,production,0,0,heavy,0.9808082306824087,0.985389441817972,1,0.9808082306824087,0.985389441817972,False
892a100d2cfffff,11.001076699144948,0.7814383401033211,0.4878055801662795,72.09620476610768,1.0,1378.848878919033,0.5942029208674819,1378.848878919033,4695.9944854395835,40.0,72.09620476610768,4695.9944854395835,0.5942029208674819,-73.99203784414127,40.74710932011937,9,observed,opendata,"building_area_fraction,building_density,dem_d8_accum_proxy,dist_mapped_water_m,elevation_m,impervious_frac,slope_deg",event_raster,production,0,0,heavy,1.0107220784065414,0.9897620356277232,1,1.0107220784065414,0.9897620356277232,False
892a100d2d3ffff,15.342403719638114,0.7389229855950589,0.8534401915275766,22.339522546419097,1.0,670.4713495470615,0.5470736659794311,670.4713495470615,5047.336726256597,40.0,22.339522546419097,5047.336726256597,0.5470736659794311,-73.98796942281288,40.75250713772061,9,observed,opendata,"building_area_fraction,building_density,dem_d8_accum_proxy,dist_mapped_water_m,elevation_m,impervious_frac,slope_deg",event_raster,production,0,0,heavy,0.9941512582451767,0.9870266267475398,1,0.9941512582451767,0.9870266267475398,False
892a100d2d7ffff,16.714672955369526,0.7223252578382998,1.2815157337130698,19.675221238938054,1.0,1142.6926658239488,0.6157606397906804,1142.6926658239488,4554.317617697063,40.0,19.675221238938054,4554.317617697063,0.6157606397906804,-73.98572782944613,40.74992386935104,9,observed,opendata,"building_area_fraction,building_density,dem_d8_accum_proxy,dist_mapped_water_m,elevation_m,impervious_frac,slope_deg",event_raster,production,0,0,heavy,0.9878796806787886,0.9856460218744832,1,0.9878796806787886,0.9856460218744832,False
892a100d2dbffff,11.560635549876928,0.7550748357547665,0.3972029725550707,19.67431597528685,1.0,642.1397641095709,0.5520896956161296,642.1397641095709,3999.353071480036,40.0,19.67431597528685,3999.353071480036,0.5520896956161296,-73.99224557931602,40.75239138943488,9,observed,opendata,"building_area_fraction,building_density,dem_d8_accum_proxy,dist_mapped_water_m,elevation_m,impervious_frac,slope_deg",event_raster,production,0,0,heavy,0.9905741716145717,0.9842422898129833,1,0.9905741716145717,0.9842422898129833,False
892a100d303ffff,0.33006215737380973,0.21603966704284186,0.3201423058466008,12.504638218923933,0.0,28.345554843976227,0.011532903312327435,28.345554843976227,103.3456824195747,40.0,12.504638218923933,103.3456824195747,0.011532903312327435,-73.97187275909451,40.72386379865436,9,observed,opendata,"building_area_fraction,building_density,dem_d8_accum_proxy,dist_mapped_water_m,elevation_m,impervious_frac,slope_deg",event_raster,production,0,0,heavy,0.004923858901319917,0.02049415537872066,0,0.004923858901319917,0.02049415537872066,False
892a100d30bffff,3.070555277812628,0.7373875516747671,0.36311733965126297,12.447971781305114,1.0,963.7461166542417,0.3140560123678027,963.7461166542417,1053.674021046903,40.0,12.447971781305114,1053.674021046903,0.3140560123678027,-73.9761462942413,40.723748638631584,9,observed,opendata,"building_area_fraction,building_density,dem_d8_accum_proxy,dist_mapped_water_m,elevation_m,impervious_frac,slope_deg",event_raster,production,0,0,heavy,0.9237759766600754,0.9450699605644707,1,0.9237759766600754,0.9450699605644707,False
892a100d30fffff,1.018254448630795,0.34075038655669415,0.49561539350429545,34.141082519964506,0.0,66.14282420338893,0.04418538886804371,66.14282420338893,271.69579786090515,40.0,34.141082519964506,271.69579786090515,0.04418538886804371,-73.97390674374046,40.72116610888531,9,observed,opendata,"building_area_fraction,building_density,dem_d8_accum_proxy,dist_mapped_water_m,elevation_m,impervious_frac,slope_deg",event_raster,production,0,0,heavy,0.1364431826142691,0.09881941775564933,0,0.1364431826142691,0.09881941775564933,False
892a100d31bffff,1.9389970005977408,0.8121149652399142,0.49387122405949896,14.87688219663419,1.0,245.64890448835345,0.29583667266157226,245.64890448835345,672.924793108795,40.0,14.87688219663419,672.924793108795,0.29583667266157226,-73.97411232282563,40.72644645532815,9,observed,opendata,"building_area_fraction,building_density,dem_d8_accum_proxy,dist_mapped_water_m,elevation_m,impervious_frac,slope_deg",event_raster,production,0,0,heavy,0.26877191366145275,0.2851130474773687,0,0.26877191366145275,0.2851130474773687,False
892a100d32bffff,0.10926882264773695,0.13018721912098352,0.13627310751167976,63.3114463176575,0.0,0.0,0.0,0.0,232.7837397081825,40.0,63.3114463176575,232.7837397081825,0.0,-73.9737012109036,40.715886112357865,9,observed,opendata,"building_area_fraction,building_density,dem_d8_accum_proxy,dist_mapped_water_m,elevation_m,impervious_frac,slope_deg",event_raster,production,0,0,heavy,0.022725774715727502,0.009376981449580109,0,0.022725774715727502,0.009376981449580109,False
892a100d32fffff,0.0,0.05989910423352652,0.0,1.0,0.0,0.0,0.0,0.0,385.78086472746827,40.0,1.0,385.78086472746827,0.0,-73.97146217393056,40.713303799242574,9,observed,opendata,"building_area_fraction,building_density,dem_d8_accum_proxy,dist_mapped_water_m,elevation_m,impervious_frac,slope_deg",event_raster,production,0,0,heavy,0.007662006054822496,0.010762079407125952,0,0.007662006054822496,0.010762079407125952,False
892a100d33bffff,0.004580221421793894,0.002873535865689686,0.019600106969984515,2.241080038572806,0.0,0.0,0.0,0.0,266.92658207839764,40.0,2.241080038572806,266.92658207839764,0.0,-73.97166744341928,40.71858362397663,9,observed,opendata,"building_area_fraction,building_density,dem_d8_accum_proxy,dist_mapped_water_m,elevation_m,impervious_frac,slope_deg",event_raster,production,0,0,heavy,0.007662006054822496,0.010762079407125952,0,0.007662006054822496,0.010762079407125952,False
892a100d343ffff,5.5866502148523765,0.577020722082668,0.4508326297277065,160.69169611307422,1.0,1405.5556041546433,0.2587702342262963,1405.5556041546433,416.2161517168003,40.0,160.69169611307422,416.2161517168003,0.2587702342262963,-73.98265986037387,40.72621581321689,9,observed,opendata,"building_area_fraction,building_density,dem_d8_accum_proxy,dist_mapped_water_m,elevation_m,impervious_frac,slope_deg",event_raster,production,0,0,heavy,0.9276344166743066,0.9514657990317905,1,0.9276344166743066,0.9514657990317905,False
892a100d347ffff,4.644717354000196,0.8011106262718986,0.39232210838752396,68.01330967169477,1.0,1483.408924758386,0.3893958865556362,1483.408924758386,1241.0130266123258,40.0,68.01330967169477,1241.0130266123258,0.3893958865556362,-73.98041982269943,40.723633320786945,9,observed,opendata,"building_area_fraction,building_density,dem_d8_accum_proxy,dist_mapped_water_m,elevation_m,impervious_frac,slope_deg",event_raster,production,0,0,heavy,1.0167714818211284,0.9859778197644673,1,1.0167714818211284,0.9859778197644673,False
892a100d34bffff,9.015767370252668,0.724463825411337,0.6106587097799746,91.2316534040672,1.0,2059.654053282634,0.38269046511885907,2059.654053282634,1512.0503536288113,40.0,91.2316534040672,1512.0503536288113,0.38269046511885907,-73.98693361902893,40.72610025540042,9,observed,opendata,"building_area_fraction,building_density,dem_d8_accum_proxy,dist_mapped_water_m,elevation_m,impervious_frac,slope_deg",event_raster,production,0,0,heavy,0.9958492962654985,0.9756680215236011,1,0.9958492962654985,0.9756680215236011,False
892a100d34fffff,7.623786851803391,0.7876910353087702,0.6167541903103995,42.08074534161491,1.0,1549.5437875207735,0.41581382654509463,1549.5437875207735,1540.239795018936,40.0,42.08074534161491,1540.239795018936,0.41581382654509463,-73.98469334442134,40.72351784512154,9,observed,opendata,"building_area_fraction,building_density,dem_d8_accum_proxy,dist_mapped_water_m,elevation_m,impervious_frac,slope_deg",event_raster,production,0,0,heavy,0.9114335833283347,0.9570698001180822,1,0.9114335833283347,0.9570698001180822,False
892a100d353ffff,4.521780591095443,0.7922351027484489,0.3845147181005604,163.48849557522124,1.0,2248.5108413934995,0.4655384185022651,2248.5108413934995,648.7489757814568,40.0,163.48849557522124,648.7489757814568,0.4655384185022651,-73.98062614592236,40.728913832547754,9,observed,opendata,"building_area_fraction,building_density,dem_d8_accum_proxy,dist_mapped_water_m,elevation_m,impervious_frac,slope_deg",event_raster,production,0,0,heavy,1.015314068785393,0.9860118417532986,1,1.015314068785393,0.9860118417532986,False
892a100d357ffff,3.1141942793432333,0.7748897211839376,0.36680282423164756,204.97249334516414,1.0,1625.0573574649106,0.40742719514522585,1625.0573574649106,847.9945021272777,40.0,204.97249334516414,847.9945021272777,0.40742719514522585,-73.9783860949569,40.726331213193134,9,observed,opendata,"building_area_fraction,building_density,dem_d8_accum_proxy,dist_mapped_water_m,elevation_m,impervious_frac,slope_deg",event_raster,production,0,0,heavy,1.0022571054799776,0.9880101939395102,1,1.0022571054799776,0.9880101939395102,False
892a100d35bffff,7.43764604587098,0.7497775448087897,0.5960472149587672,67.59272404614019,1.0,2626.4043840731415,0.4663264694575059,2626.4043840731415,1107.8621328484753,40.0,67.59272404614019,1107.8621328484753,0.4663264694575059,-73.98490014831133,40.72879835041982,9,observed,opendata,"building_area_fraction,building_density,dem_d8_accum_proxy,dist_mapped_water_m,elevation_m,impervious_frac,slope_deg",event_raster,production,0,0,heavy,0.9832545012971026,0.9758662504873074,1,0.9832545012971026,0.9758662504873074,False
892a100d363ffff,4.558396402247309,0.6824059780445793,0.47961942054258583,96.99378881987577,1.0,152.73233360501195,0.19209512792462843,152.73233360501195,409.0021997003835,40.0,96.99378881987577,409.0021997003835,0.19209512792462843,-73.98021354589461,40.718353158911775,9,observed,opendata,"building_area_fraction,building_density,dem_d8_accum_proxy,dist_mapped_water_m,elevation_m,impervious_frac,slope_deg",event_raster,production,0,0,heavy,0.9865667652052285,0.9711148472812421,1,0.9865667652052285,0.9711148472812421,False
892a100d367ffff,2.7580655020776312,0.7045963334762702,0.7061705600249228,44.11957484499557,1.0,103.94877229180514,0.11122112618573372,103.94877229180514,871.4361455647529,40.0,44.11957484499557,871.4361455647529,0.11122112618573372,-73.9779740219053,40.71577088302538,9,observed,opendata,"building_area_fraction,building_density,dem_d8_accum_proxy,dist_mapped_water_m,elevation_m,impervious_frac,slope_deg",event_raster,production,0,0,heavy,0.9406983794767477,0.9631901880050436,1,0.9406983794767477,0.9631901880050436,False
892a100d36bffff,7.702208926068976,0.8444553578259252,0.5499126501777705,51.695035460992905,1.0,1152.824113120977,0.38304576013927205,1152.824113120977,1056.5341107824609,40.0,51.695035460992905,1056.5341107824609,0.38304576013927205,-73.98448658705743,40.718237689707394,9,observed,opendata,"building_area_fraction,building_density,dem_d8_accum_proxy,dist_mapped_water_m,elevation_m,impervious_frac,slope_deg",event_raster,production,0,0,heavy,0.889391075821744,0.9569576322977912,1,0.889391075821744,0.9569576322977912,False
892a100d36fffff,7.427478178349197,0.768602399019046,0.9244821037088553,29.728155339805824,1.0,321.29529383217175,0.2004228860315831,321.29529383217175,1471.9406884439734,40.0,29.728155339805824,1471.9406884439734,0.2004228860315831,-73.98224682620025,40.71565549593136,9,observed,opendata,"building_area_fraction,building_density,dem_d8_accum_proxy,dist_mapped_water_m,elevation_m,impervious_frac,slope_deg",event_raster,production,0,0,heavy,0.9043736592677891,0.9184222190384232,1,0.9043736592677891,0.9184222190384232,False
892a100d373ffff,3.7008108685141226,0.7542084921134902,0.34596466896700795,113.31532329495128,1.0,774.8137351400688,0.30167143582508654,774.8137351400688,778.0595702150201,40.0,113.31532329495128,778.0595702150201,0.30167143582508654,-73.97818003525298,40.72105087315231,9,observed,opendata,"building_area_fraction,building_density,dem_d8_accum_proxy,dist_mapped_water_m,elevation_m,impervious_frac,slope_deg",event_raster,production,0,0,heavy,0.9828449070917723,0.9843592598858198,1,0.9828449070917723,0.9843592598858198,False
892a100d377ffff,1.6780312110335243,0.6493918068358154,0.5231083692133742,225.40106007067138,1.0,113.39317906931772,0.09130986122500911,113.39317906931772,621.6312370920012,40.0,225.40106007067138,621.6312370920012,0.09130986122500911,-73.97594049799939,40.718468470335196,9,observed,opendata,"building_area_fraction,building_density,dem_d8_accum_proxy,dist_mapped_water_m,elevation_m,impervious_frac,slope_deg",event_raster,production,0,0,heavy,0.9885619863097219,0.974700752013979,1,0.9885619863097219,0.974700752013979,False
892a100d37bffff,6.074471894135438,0.8143881015933307,0.4704754439240941,124.49955869373345,1.0,1514.6905724665742,0.3773416353762881,1514.6905724665742,527.9499871908369,40.0,124.49955869373345,527.9499871908369,0.3773416353762881,-73.98245332005494,40.7209354796179,9,observed,opendata,"building_area_fraction,building_density,dem_d8_accum_proxy,dist_mapped_water_m,elevation_m,impervious_frac,slope_deg",event_raster,production,0,0,heavy,0.9870529353441502,0.981664271231271,1,0.9870529353441502,0.981664271231271,False
892a100d3c3ffff,0.6128655131696951,0.5629919689043797,0.3475679819685786,57.40832595217006,1.0,56.682569958746576,0.11494009047587837,56.682569958746576,218.70139566870228,40.0,57.40832595217006,218.70139566870228,0.11494009047587837,-73.97431794817466,40.73172715163123,9,observed,opendata,"building_area_fraction,building_density,dem_d8_accum_proxy,dist_mapped_water_m,elevation_m,impervious_frac,slope_deg",event_raster,production,0,0,heavy,0.8350060963765881,0.848621577442111,1,0.8350060963765881,0.848621577442111,False
892a100d3c7ffff,0.75195627715678,0.5162018981679098,0.5022142332503705,4.554659498207886,1.0,75.58062667460685,0.10069092558187379,75.58062667460685,167.14055966195306,40.0,4.554659498207886,167.14055966195306,0.10069092558187379,-73.97207812097184,40.72914432322064,9,observed,opendata,"building_area_fraction,building_density,dem_d8_accum_proxy,dist_mapped_water_m,elevation_m,impervious_frac,slope_deg",event_raster,production,0,0,heavy,0.13153358027785342,0.13616982005272976,0,0.13153358027785342,0.13616982005272976,False
892a100d3cbffff,3.4916955958886424,0.5565334221291923,0.5258604157352109,77.14653641207815,1.0,113.36481717867224,0.2060842381632758,113.36481717867224,1387.790111205094,40.0,77.14653641207815,1387.790111205094,0.2060842381632758,-73.97859220103275,40.73161190309274,9,observed,opendata,"building_area_fraction,building_density,dem_d8_accum_proxy,dist_mapped_water_m,elevation_m,impervious_frac,slope_deg",event_raster,production,0,0,heavy,0.11234960475866995,0.12252106311022147,0,0.11234960475866995,0.12252106311022147,False
892a100d3cfffff,2.3551216452420283,0.7707773270430388,0.4281572353019259,53.17724867724868,1.0,368.4545043532385,0.24100500359050583,368.4545043532385,1154.7055073844572,40.0,53.17724867724868,1154.7055073844572,0.24100500359050583,-73.97635213679334,40.72902915681503,9,observed,opendata,"building_area_fraction,building_density,dem_d8_accum_proxy,dist_mapped_water_m,elevation_m,impervious_frac,slope_deg",event_raster,production,0,0,heavy,0.941896839555284,0.9604207442356946,1,0.941896839555284,0.9604207442356946,False
892a100d3d3ffff,0.015260853109045734,0.10776475645644683,0.05527591807185672,22.217198581560282,0.0,18.89327738137942,0.031172348950599085,18.89327738137942,333.25325186169357,40.0,22.217198581560282,333.25325186169357,0.031172348950599085,-73.97228352906686,40.73442519762032,9,observed,opendata,"building_area_fraction,building_density,dem_d8_accum_proxy,dist_mapped_water_m,elevation_m,impervious_frac,slope_deg",event_raster,production,0,0,heavy,0.026508884836029235,0.010997833938233082,0,0.026508884836029235,0.010997833938233082,False
892a100d3d7ffff,0.0,0.0,0.0,1.0,0.0,0.0,0.0,0.0,839.5136774689454,40.0,1.0,839.5136774689454,0.0,-73.970043688646,40.7318422422876,9,observed,opendata,"building_area_fraction,building_density,dem_d8_accum_proxy,dist_mapped_water_m,elevation_m,impervious_frac,slope_deg",event_raster,production,0,0,heavy,0.007662006054822496,0.010762079407125952,0,0.007662006054822496,0.010762079407125952,False
892a100d3dbffff,1.9969931639230714,0.6234106497292805,0.5685779020953726,159.25706713780917,1.0,188.9322350168775,0.18934958794626555,188.9322350168775,646.6873693039787,40.0,159.25706713780917,646.6873693039787,0.18934958794626555,-73.97655802567105,40.73431002483043,9,observed,opendata,"building_area_fraction,building_density,dem_d8_accum_proxy,dist_mapped_water_m,elevation_m,impervious_frac,slope_deg",event_raster,production,0,0,heavy,0.9823123772223975,0.9759646871797761,1,0.9823123772223975,0.9759646871797761,False
892a100d607ffff,14.020338530513827,0.7112487444664513,1.0015001963969716,39.16536312849162,1.0,302.15768155156775,0.4622610638458984,302.15768155156775,3872.9261737505403,40.0,39.16536312849162,3872.9261737505403,0.4622610638458984,-73.97107010462192,40.75825100161534,9,observed,opendata,"building_area_fraction,building_density,dem_d8_accum_proxy,dist_mapped_water_m,elevation_m,impervious_frac,slope_deg",event_raster,production,0,0,heavy,0.9977582217576956,0.9747844316579216,1,0.9977582217576956,0.9747844316579216,False
892a100d60fffff,19.72242390804879,0.6652081506892973,1.0943608169557757,7.185022026431718,1.0,500.44723006896095,0.5296866072932178,500.44723006896095,4254.890531775295,40.0,7.185022026431718,4254.890531775295,0.5296866072932178,-73.97534676942504,40.75813587911897,9,observed,opendata,"building_area_fraction,building_density,dem_d8_accum_proxy,dist_mapped_water_m,elevation_m,impervious_frac,slope_deg",event_raster,production,0,0,heavy,0.9644819205247499,0.9795112424549893,1,0.9644819205247499,0.9795112424549893,False
892a100d623ffff,13.148497154090345,0.7602584077149666,1.6915548537659133,59.038140643623365,1.0,831.016192876088,0.3945466338293475,831.016192876088,2016.573403672762,40.0,59.038140643623365,2016.573403672762,0.3945466338293475,-73.97086472899026,40.752968550468005,9,observed,opendata,"building_area_fraction,building_density,dem_d8_accum_proxy,dist_mapped_water_m,elevation_m,impervious_frac,slope_deg",event_raster,production,0,0,heavy,1.033642899376225,0.9853096304889395,1,1.033642899376225,0.9853096304889395,False
892a100d62bffff,14.418228563653216,0.7967663634716151,1.2384826880358653,23.111013215859032,1.0,481.6102811513987,0.6467541623718011,481.6102811513987,2682.805490788197,40.0,23.111013215859032,2682.805490788197,0.6467541623718011,-73.97514091252218,40.752853434342555,9,observed,opendata,"building_area_fraction,building_density,dem_d8_accum_proxy,dist_mapped_water_m,elevation_m,impervious_frac,slope_deg",event_raster,production,0,0,heavy,0.9734538332724747,0.9765063924575206,1,0.9734538332724747,0.9765063924575206,False
892a100d62fffff,13.633146318983524,0.8289348363400774,1.4104762458876567,13.285460992907801,1.0,424.97197105742754,0.5062271319643027,424.97197105742754,1612.8375588875404,40.0,13.285460992907801,1612.8375588875404,0.5062271319643027,-73.97290003081406,40.750269919268,9,observed,opendata,"building_area_fraction,building_density,dem_d8_accum_proxy,dist_mapped_water_m,elevation_m,impervious_frac,slope_deg",event_raster,production,0,0,heavy,0.9866308347986044,0.9764585377647712,1,0.9866308347986044,0.9764585377647712,False
892a100d63bffff,14.483056847085344,0.7337768375345156,1.0713072652195363,33.341312056737586,1.0,377.71532593222224,0.542230702668537,377.71532593222224,3132.6754101004144,40.0,33.341312056737586,3132.6754101004144,0.542230702668537,-73.97310562393588,40.75555219244933,9,observed,opendata,"building_area_fraction,building_density,dem_d8_accum_proxy,dist_mapped_water_m,elevation_m,impervious_frac,slope_deg",event_raster,production,0,0,heavy,0.9696619032555645,0.9817893265267585,1,0.9696619032555645,0.9817893265267585,False
892a100d663ffff,19.63950660685365,0.7479781486876539,0.5656640960901502,11.427184466019417,1.0,708.2122024914353,0.5718508842336081,708.2122024914353,4655.209414351158,40.0,11.427184466019417,4655.209414351158,0.5718508842336081,-73.98165845885663,40.75532163770499,9,observed,opendata,"building_area_fraction,building_density,dem_d8_accum_proxy,dist_mapped_water_m,elevation_m,impervious_frac,slope_deg",event_raster,production,0,0,heavy,0.9929982864376299,0.985826078692089,1,0.9929982864376299,0.985826078692089,False
892a100d667ffff,19.985027186526356,0.7309804871823536,1.0679178349056098,22.732506643046943,1.0,481.60890969299186,0.5376792560219663,481.60890969299186,3619.4840244017128,40.0,22.732506643046943,3619.4840244017128,0.5376792560219663,-73.97941708936834,40.7527381601755,9,observed,opendata,"building_area_fraction,building_density,dem_d8_accum_proxy,dist_mapped_water_m,elevation_m,impervious_frac,slope_deg",event_raster,production,0,0,heavy,0.9714003576984368,0.9822039206623884,1,0.9714003576984368,0.9822039206623884,False
892a100d66bffff,17.500070471557024,0.6932226776760516,0.6726049114180075,28.52608311229001,1.0,443.8117227518402,0.5134854723085188,443.8117227518402,5090.952395308951,40.0,28.52608311229001,5090.952395308951,0.5134854723085188,-73.98593486620214,40.75520612324228,9,observed,opendata,"building_area_fraction,building_density,dem_d8_accum_proxy,dist_mapped_water_m,elevation_m,impervious_frac,slope_deg",event_raster,production,0,0,heavy,0.969011461175362,0.9817830616705583,1,0.969011461175362,0.9817830616705583,False
892a100d66fffff,20.715400095527055,0.6178529678071116,0.7742615862227712,14.50709219858156,1.0,802.6792381051476,0.494886293010319,802.6792381051476,4618.788205299972,40.0,14.50709219858156,4618.788205299972,0.494886293010319,-73.98369325948109,40.752622727967825,9,observed,opendata,"building_area_fraction,building_density,dem_d8_accum_proxy,dist_mapped_water_m,elevation_m,impervious_frac,slope_deg",event_raster,production,0,0,heavy,0.0322192211156849,0.047175718134297065,0,0.0322192211156849,0.047175718134297065,False
892a100d673ffff,19.184934780107323,0.7011803364288722,0.7275533722837436,21.55496453900709,1.0,745.9475204764619,0.5557050881611098,745.9475204764619,4900.987272679926,40.0,21.55496453900709,4900.987272679926,0.5557050881611098,-73.97962342753863,40.75802059854109,9,observed,opendata,"building_area_fraction,building_density,dem_d8_accum_proxy,dist_mapped_water_m,elevation_m,impervious_frac,slope_deg",event_raster,production,0,0,heavy,0.9878796806787886,0.9865202935711019,1,0.9878796806787886,0.9865202935711019,False
892a100d677ffff,18.53936629797061,0.7161777546509086,0.582510963887082,11.568523430592396,1.0,500.47137923878313,0.5084463282452338,500.47137923878313,3786.401298019826,40.0,11.568523430592396,3786.401298019826,0.5084463282452338,-73.97738204475199,40.75543699410768,9,observed,opendata,"building_area_fraction,building_density,dem_d8_accum_proxy,dist_mapped_water_m,elevation_m,impervious_frac,slope_deg",event_raster,production,0,0,heavy,0.973421743348511,0.9805793568442965,1,0.973421743348511,0.9805793568442965,False
892a100d67bffff,16.20414668031755,0.7075797802942396,0.6977731895301191,93.25817860300619,1.0,613.7525470184872,0.5599201989171262,613.7525470184872,5229.634515591869,40.0,93.25817860300619,5229.634515591869,0.5599201989171262,-73.98390007891497,40.757905159882704,9,observed,opendata,"building_area_fraction,building_density,dem_d8_accum_proxy,dist_mapped_water_m,elevation_m,impervious_frac,slope_deg",event_raster,production,0,0,heavy,0.9868335848157881,0.9893137760257326,1,0.9868335848157881,0.9893137760257326,False
892a100de4bffff,0.024937975428425272,0.15310505929116933,0.0563516867531057,1.3495762711864407,0.0,13.573827367169645,0.017928297710775552,13.573827367169645,0.0,40.0,1.3495762711864407,0.0,0.017928297710775552,-73.97125695061276,40.70802432450722,9,observed,opendata,"building_area_fraction,building_density,dem_d8_accum_proxy,dist_mapped_water_m,elevation_m,impervious_frac,slope_deg",event_raster,production,0,0,heavy,0.00803997353104912,0.010762079407125952,0,0.00803997353104912,0.010762079407125952,False
892a10720b7ffff,-1.1900991245511503,0.00018630719034623262,0.0006145217988354039,1.026827012025902,0.0,0.0,0.0,0.0,490.3675852178502,40.0,1.026827012025902,490.3675852178502,0.0,-74.0181130416704,40.75697595984327,9,observed,opendata,"building_area_fraction,building_density,dem_d8_accum_proxy,dist_mapped_water_m,elevation_m,impervious_frac,slope_deg",event_raster,production,0,0,heavy,0.007662006054822496,0.010762079407125952,0,0.007662006054822496,0.010762079407125952,False
892a1072103ffff,-1.2399753847266048,0.0,0.00023242917916710228,1.0275066548358474,0.0,0.0,0.0,0.0,142.54900527476912,40.0,1.0275066548358474,142.54900527476912,0.0,-74.01748117571599,40.741129871987226,9,observed,opendata,"building_area_fraction,building_density,dem_d8_accum_proxy,dist_mapped_water_m,elevation_m,impervious_frac,slope_deg",event_raster,production,0,0,heavy,0.007966412580773765,0.010762079407125952,0,0.007966412580773765,0.010762079407125952,False
892a1072107ffff,-1.244210231430539,0.0,0.001968905035169407,1.1139575971731448,0.0,0.0,0.0,0.0,908.3124864144515,40.0,1.1139575971731448,908.3124864144515,0.0,-74.0152384511325,40.73854752280379,9,observed,opendata,"building_area_fraction,building_density,dem_d8_accum_proxy,dist_mapped_water_m,elevation_m,impervious_frac,slope_deg",event_raster,production,0,0,heavy,0.017383980142000294,0.010762079407125952,0,0.017383980142000294,0.010762079407125952,False
892a107210fffff,-1.245603721388455,0.0,0.0024840236519431246,1.1420689655172414,0.0,0.0,0.0,0.0,229.91059413000588,40.0,1.1420689655172414,229.91059413000588,0.0,-74.01951335948576,40.73843076426119,9,observed,opendata,"building_area_fraction,building_density,dem_d8_accum_proxy,dist_mapped_water_m,elevation_m,impervious_frac,slope_deg",event_raster,production,0,0,heavy,0.007662006054822496,0.010762079407125952,0,0.007662006054822496,0.010762079407125952,False
892a1072113ffff,-1.2310538851249386,0.0,0.0020333318153320824,1.102112676056338,0.0,0.0,0.0,0.0,515.0205972291368,40.0,1.102112676056338,515.0205972291368,0.0,-74.01544876152556,40.74382903103832,9,observed,opendata,"building_area_fraction,building_density,dem_d8_accum_proxy,dist_mapped_water_m,elevation_m,impervious_frac,slope_deg",event_raster,production,0,0,heavy,0.007662006054822496,0.010762079407125952,0,0.007662006054822496,0.010762079407125952,False
892a1072117ffff,-1.1877672159961894,0.04511516691964383,0.18150142565476748,1.120353982300885,0.0,9.44497754143648,0.0026408206918432423,9.44497754143648,228.8919870293379,40.0,1.120353982300885,228.8919870293379,0.0026408206918432423,-74.01320602332508,40.741246554946805,9,observed,opendata,"building_area_fraction,building_density,dem_d8_accum_proxy,dist_mapped_water_m,elevation_m,impervious_frac,slope_deg",event_raster,production,0,0,heavy,0.006271180377640408,0.010758911387202048,0,0.006271180377640408,0.010758911387202048,False
892a107211bffff,-1.2316763050842865,0.0,0.00202297376694875,1.1385083713850837,0.0,0.0,0.0,0.0,641.5942185252629,40.0,1.1385083713850837,641.5942185252629,0.0,-74.01972415083898,40.74371226570976,9,observed,opendata,"building_area_fraction,building_density,dem_d8_accum_proxy,dist_mapped_water_m,elevation_m,impervious_frac,slope_deg",event_raster,production,0,0,heavy,0.007662006054822496,0.010762079407125952,0,0.007662006054822496,0.010762079407125952,False
892a1072123ffff,-1.1687535791666106,0.000900871208065346,0.3894691946386747,1.1725663716814159,0.0,0.0,0.0,0.0,281.38269911141,40.0,1.1725663716814159,281.38269911141,0.0,-74.01502818806925,40.73326636427724,9,observed,opendata,"building_area_fraction,building_density,dem_d8_accum_proxy,dist_mapped_water_m,elevation_m,impervious_frac,slope_deg",event_raster,production,0,0,heavy,0.015013885332115017,0.018862383811736286,0,0.015013885332115017,0.018862383811736286,False
892a1072127ffff,0.317415078061613,0.41555844345398874,1.1515371945328723,2.019503546099291,0.0,28.340568616711487,0.2042888420850789,28.340568616711487,35.254682484286064,40.0,2.019503546099291,35.254682484286064,0.2042888420850789,-74.01278597804964,40.73068423115304,9,observed,opendata,"building_area_fraction,building_density,dem_d8_accum_proxy,dist_mapped_water_m,elevation_m,impervious_frac,slope_deg",event_raster,production,0,0,heavy,0.05239276965703156,0.1431365169805771,0,0.05239276965703156,0.1431365169805771,False
892a107212bffff,-1.2623415277333616,0.0,0.0019051260698506435,1.1153358681875791,0.0,0.0,0.0,0.0,181.7454647629229,40.0,1.1153358681875791,181.7454647629229,0.0,-74.01930261557044,40.733149612519036,9,observed,opendata,"building_area_fraction,building_density,dem_d8_accum_proxy,dist_mapped_water_m,elevation_m,impervious_frac,slope_deg",event_raster,production,0,0,heavy,0.007662006054822496,0.010762079407125952,0,0.007662006054822496,0.010762079407125952,False
892a107212fffff,-1.2719176585760563,0.0,0.0020710156741099955,1.1103265666372462,0.0,0.0,0.0,0.0,820.5841911242095,40.0,1.1103265666372462,820.5841911242095,0.0,-74.01706016873243,40.73056756172238,9,observed,opendata,"building_area_fraction,building_density,dem_d8_accum_proxy,dist_mapped_water_m,elevation_m,impervious_frac,slope_deg",event_raster,production,0,0,heavy,0.007662006054822496,0.010762079407125952,0,0.007662006054822496,0.010762079407125952,False
892a1072133ffff,-1.2547325967474188,0.011688449909020519,0.014539379470053638,1.2198581560283688,0.0,0.0,0.0,0.0,627.7938499484179,40.0,1.2198581560283688,627.7938499484179,0.0,-74.01299597705345,40.73596521818175,9,observed,opendata,"building_area_fraction,building_density,dem_d8_accum_proxy,dist_mapped_water_m,elevation_m,impervious_frac,slope_deg",event_raster,production,0,0,heavy,0.007662006054822496,0.010762079407125952,0,0.007662006054822496,0.010762079407125952,False
892a1072137ffff,1.174219126347863,0.5746522394854691,2.5183943415297168,2.621693121693122,1.0,425.0879774447582,0.15357718170244142,425.0879774447582,17.00274128966355,40.0,2.621693121693122,17.00274128966355,0.15357718170244142,-74.01075375344374,40.73338295814338,9,observed,opendata,"building_area_fraction,building_density,dem_d8_accum_proxy,dist_mapped_water_m,elevation_m,impervious_frac,slope_deg",event_raster,production,0,0,heavy,0.898775710048279,0.9292645708874723,1,0.898775710048279,0.9292645708874723,False
892a107213bffff,-1.2532459888838035,0.0,0.0019723898133642112,1.1141592920353982,0.0,0.0,0.0,0.0,554.1994184773952,40.0,1.1141592920353982,554.1994184773952,0.0,-74.01727064853625,40.735848541987394,9,observed,opendata,"building_area_fraction,building_density,dem_d8_accum_proxy,dist_mapped_water_m,elevation_m,impervious_frac,slope_deg",event_raster,production,0,0,heavy,0.007662006054822496,0.010762079407125952,0,0.007662006054822496,0.010762079407125952,False
892a1072183ffff,1.092882147249922,0.7522775878816721,2.5900390582813637,3.022968197879859,1.0,122.77284279812328,0.415366917420803,122.77284279812328,67.41442148510781,40.0,3.022968197879859,67.41442148510781,0.415366917420803,-74.00914047636303,40.74664477312714,9,observed,opendata,"building_area_fraction,building_density,dem_d8_accum_proxy,dist_mapped_water_m,elevation_m,impervious_frac,slope_deg",event_raster,production,0,0,heavy,1.0007196817808386,0.9688528113295625,1,1.0007196817808386,0.9688528113295625,False
892a1072187ffff,2.865856484433288,0.8612008066278733,1.6096148432023738,5.015057573073516,1.0,453.3382727626233,0.4553102934621101,453.3382727626233,544.6378835748991,40.0,5.015057573073516,544.6378835748991,0.4553102934621101,-74.0068979615497,40.74406208777896,9,observed,opendata,"building_area_fraction,building_density,dem_d8_accum_proxy,dist_mapped_water_m,elevation_m,impervious_frac,slope_deg",event_raster,production,0,0,heavy,1.0048172043485575,0.9789267972717878,1,1.0048172043485575,0.9789267972717878,False
892a107218bffff,-1.145717832484408,0.025607253999365923,0.2881564678893018,1.1799645390070923,0.0,0.0,0.004778660597349168,0.0,507.93417928031823,40.0,1.1799645390070923,507.93417928031823,0.004778660597349168,-74.0134161168805,40.74652824139304,9,observed,opendata,"building_area_fraction,building_density,dem_d8_accum_proxy,dist_mapped_water_m,elevation_m,impervious_frac,slope_deg",event_raster,production,0,0,heavy,0.006271180377640408,0.010758911387202048,0,0.006271180377640408,0.010758911387202048,False
892a107218fffff,-0.7697109869887343,0.21370887603029706,1.2654111865971782,1.5761061946902655,0.0,9.444521136991822,0.11109440078555387,9.444521136991822,36.4228806819232,40.0,1.5761061946902655,36.4228806819232,0.11109440078555387,-74.01117336507996,40.74394563839507,9,observed,opendata,"building_area_fraction,building_density,dem_d8_accum_proxy,dist_mapped_water_m,elevation_m,impervious_frac,slope_deg",event_raster,production,0,0,heavy,0.01841324036156803,0.02083319827992102,0,0.01841324036156803,0.02083319827992102,False
892a1072193ffff,2.4733190099759055,0.8853500230424272,1.8663179345042886,5.219663418954827,1.0,254.97743280222926,0.3988971842263096,254.97743280222926,633.4515107749037,40.0,5.219663418954827,633.4515107749037,0.3988971842263096,-74.00710735714024,40.7493439591216,9,observed,opendata,"building_area_fraction,building_density,dem_d8_accum_proxy,dist_mapped_water_m,elevation_m,impervious_frac,slope_deg",event_raster,production,0,0,heavy,0.9457919186730537,0.9658583355071608,1,0.9457919186730537,0.9658583355071608,False
892a1072197ffff,2.7614139460066744,0.7942082141744258,2.312438773104936,3.7453580901856762,1.0,1539.386847311681,0.4748230256733557,1539.386847311681,1210.9521764238982,40.0,3.7453580901856762,1210.9521764238982,0.4748230256733557,-74.00486482878279,40.74676114686789,9,observed,opendata,"building_area_fraction,building_density,dem_d8_accum_proxy,dist_mapped_water_m,elevation_m,impervious_frac,slope_deg",event_raster,production,0,0,heavy,1.0012398694152858,0.9671071039788205,1,1.0012398694152858,0.9671071039788205,False
892a107219bffff,-0.6537524258770736,0.15740812760982117,1.3625826412477078,1.398936170212766,0.0,0.0,0.016734310541106967,0.0,106.67407241875591,40.0,1.398936170212766,106.67407241875591,0.016734310541106967,-74.01138324174666,40.74922750302998,9,observed,opendata,"building_area_fraction,building_density,dem_d8_accum_proxy,dist_mapped_water_m,elevation_m,impervious_frac,slope_deg",event_raster,production,0,0,heavy,0.01841324036156803,0.019861024230509682,0,0.01841324036156803,0.019861024230509682,False
892a10721a3ffff,4.316668988278149,0.810046624022384,1.8137974072890093,3.891843971631206,1.0,1926.8792213874592,0.4708441522544622,1926.8792213874592,1033.4039713707964,40.0,3.891843971631206,1033.4039713707964,0.4708441522544622,-74.00668861308876,40.73878056609214,9,observed,opendata,"building_area_fraction,building_density,dem_d8_accum_proxy,dist_mapped_water_m,elevation_m,impervious_frac,slope_deg",event_raster,production,0,0,heavy,1.025327689672264,0.9688501082442518,1,1.025327689672264,0.9688501082442518,False
892a10721a7ffff,7.052639007568359,0.6748227885903766,2.454879452465389,3.2634361233480176,1.0,3202.1835414914995,0.4416729607220241,3202.1835414914995,1714.533673488606,40.0,3.2634361233480176,1714.533673488606,0.4416729607220241,-74.00444661282785,40.736198096831764,9,observed,opendata,"building_area_fraction,building_density,dem_d8_accum_proxy,dist_mapped_water_m,elevation_m,impervious_frac,slope_deg",event_raster,production,0,0,heavy,0.9580839935839354,0.9703832254590589,1,0.9580839935839354,0.9703832254590589,False
892a10721abffff,0.3745056632132155,0.4531976388452958,1.5648322338357759,2.828470380194518,1.0,85.00914149665785,0.07408183062689527,85.00914149665785,98.89855634795782,40.0,2.828470380194518,98.89855634795782,0.07408183062689527,-74.01096353565099,40.73866412341445,9,observed,opendata,"building_area_fraction,building_density,dem_d8_accum_proxy,dist_mapped_water_m,elevation_m,impervious_frac,slope_deg",event_raster,production,0,0,heavy,0.9226620348243918,0.9236829623359761,1,0.9226620348243918,0.9236829623359761,False
892a10721afffff,3.490323402506515,0.7717079916091334,2.565414321656771,3.836734693877551,1.0,1492.458976622331,0.40173070004169287,1492.458976622331,534.7189358439997,40.0,3.836734693877551,534.7189358439997,0.40173070004169287,-74.00872129846812,40.73608173646356,9,observed,opendata,"building_area_fraction,building_density,dem_d8_accum_proxy,dist_mapped_water_m,elevation_m,impervious_frac,slope_deg",event_raster,production,0,0,heavy,0.9919495269878772,0.9723298111065399,1,0.9919495269878772,0.9723298111065399,False
892a10721b3ffff,4.6818460955493775,0.8373537887298063,1.7626045273354334,4.843171806167401,1.0,906.7228768061028,0.5539595876518945,906.7228768061028,1286.1823862962574,40.0,4.843171806167401,1286.1823862962574,0.5539595876518945,-74.00465569727152,40.74147944700771,9,observed,opendata,"building_area_fraction,building_density,dem_d8_accum_proxy,dist_mapped_water_m,elevation_m,impervious_frac,slope_deg",event_raster,production,0,0,heavy,1.0292100446848216,0.9809754620842978,1,1.0292100446848216,0.9809754620842978,False
892a10721b7ffff,6.6616377350283384,0.7675786899219282,2.2682631296537874,4.209405501330967,1.0,2144.1313790759446,0.469790052908383,2144.1313790759446,2065.7693690166857,40.0,4.209405501330967,2065.7693690166857,0.469790052908383,-74.0024136834934,40.73889685083574,9,observed,opendata,"building_area_fraction,building_density,dem_d8_accum_proxy,dist_mapped_water_m,elevation_m,impervious_frac,slope_deg",event_raster,production,0,0,heavy,0.9839009038141026,0.9631700344108373,1,0.9839009038141026,0.9631700344108373,False
892a10721bbffff,1.6251960534597876,0.737339020209349,1.6491843103812782,3.8576480990274096,1.0,198.34507788339744,0.21933410366825368,198.34507788339744,154.42314862293665,40.0,3.8576480990274096,154.42314862293665,0.21933410366825368,-74.00893086382774,40.74136307995401,9,observed,opendata,"building_area_fraction,building_density,dem_d8_accum_proxy,dist_mapped_water_m,elevation_m,impervious_frac,slope_deg",event_raster,production,0,0,heavy,0.977418971784434,0.9566015896958978,1,0.977418971784434,0.9566015896958978,False
892a10721c3ffff,-1.213900610373008,0.0,0.0019426175712066777,1.1192504258943783,0.0,0.0,0.0,0.0,561.5078005279831,40.0,1.1192504258943783,561.5078005279831,0.0,-74.01993498964616,40.74899411680954,9,observed,opendata,"building_area_fraction,building_density,dem_d8_accum_proxy,dist_mapped_water_m,elevation_m,impervious_frac,slope_deg",event_raster,production,0,0,heavy,0.007662006054822496,0.010762079407125952,0,0.007662006054822496,0.010762079407125952,False
892a10721c7ffff,-1.2224848367729966,0.0,0.0019776401595074516,1.1144631765749777,0.0,0.0,0.0,0.0,269.1289720358571,40.0,1.1144631765749777,269.1289720358571,0.0,-74.01769175028757,40.746411551666675,9,observed,opendata,"building_area_fraction,building_density,dem_d8_accum_proxy,dist_mapped_water_m,elevation_m,impervious_frac,slope_deg",event_raster,production,0,0,heavy,0.007662006054822496,0.010762079407125952,0,0.007662006054822496,0.010762079407125952,False
892a10721d3ffff,-1.2042193791408131,0.0,0.002366620247679832,1.1352313167259787,0.0,0.0,0.0,0.0,687.0238562148079,40.0,1.1352313167259787,687.0238562148079,0.0,-74.01790237226705,40.75169358097044,9,observed,opendata,"building_area_fraction,building_density,dem_d8_accum_proxy,dist_mapped_water_m,elevation_m,impervious_frac,slope_deg",event_raster,production,0,0,heavy,0.007662006054822496,0.010762079407125952,0,0.007662006054822496,0.010762079407125952,False
892a10721d7ffff,-1.211878742114394,0.0,0.0020796632177818423,1.1130742049469964,0.0,0.0,0.0,0.0,103.34826864941482,40.0,1.1130742049469964,103.34826864941482,0.0,-74.0156591192645,40.74911088892559,9,observed,opendata,"building_area_fraction,building_density,dem_d8_accum_proxy,dist_mapped_water_m,elevation_m,impervious_frac,slope_deg",event_raster,production,0,0,heavy,0.008945542458076695,0.010762079407125952,0,0.008945542458076695,0.010762079407125952,False
892a1072507ffff,6.045594998179598,0.8499440136266515,2.9966599605614253,7.914007092198582,1.0,151.0758493684931,0.49267983994626496,151.0758493684931,1059.4494758813394,40.0,7.914007092198582,1059.4494758813394,0.49267983994626496,-74.00100661609572,40.757441824465054,9,observed,opendata,"building_area_fraction,building_density,dem_d8_accum_proxy,dist_mapped_water_m,elevation_m,impervious_frac,slope_deg",event_raster,production,0,0,heavy,0.9274929995830539,0.883995352994609,1,0.9274929995830539,0.883995352994609,False
892a107250bffff,-0.5307645952319742,0.16158879308081148,1.08944669455451,1.6339434276206324,0.0,0.0,0.08417746310418893,0.0,241.62654988603325,40.0,1.6339434276206324,241.62654988603325,0.08417746310418893,-74.0075262897737,40.759908750553265,9,observed,opendata,"building_area_fraction,building_density,dem_d8_accum_proxy,dist_mapped_water_m,elevation_m,impervious_frac,slope_deg",event_raster,production,0,0,heavy,0.01712970395831383,0.021140308612356933,0,0.01712970395831383,0.021140308612356933,False
892a107250fffff,1.0902016293216192,0.5698518082603741,1.3910092545596053,5.543439716312057,1.0,18.884428478775728,0.20389660823197703,18.884428478775728,13.81818404278641,40.0,5.543439716312057,13.81818404278641,0.20389660823197703,-74.00528323307157,40.757325595419836,9,observed,opendata,"building_area_fraction,building_density,dem_d8_accum_proxy,dist_mapped_water_m,elevation_m,impervious_frac,slope_deg",event_raster,production,0,0,heavy,0.0686280130587528,0.09316984450858426,0,0.0686280130587528,0.09316984450858426,False
892a1072523ffff,5.199998814186596,0.8566568510752197,2.6714907944242055,12.481382978723405,1.0,217.19311375770351,0.5660845456008802,217.19311375770351,2023.9337573424632,40.0,12.481382978723405,2023.9337573424632,0.5660845456008802,-74.00079787164594,40.75215941875203,9,observed,opendata,"building_area_fraction,building_density,dem_d8_accum_proxy,dist_mapped_water_m,elevation_m,impervious_frac,slope_deg",event_raster,production,0,0,heavy,0.9602975799112624,0.9643955661270143,1,0.9602975799112624,0.9643955661270143,False
892a1072527ffff,8.02425549040807,0.7638562701609691,0.6979674466733825,21.63964757709251,1.0,557.17601771214,0.29839292987210114,557.17601771214,2893.300120260287,40.0,21.63964757709251,2893.300120260287,0.29839292987210114,-73.99855556685219,40.74957639726228,9,observed,opendata,"building_area_fraction,building_density,dem_d8_accum_proxy,dist_mapped_water_m,elevation_m,impervious_frac,slope_deg",event_raster,production,0,0,heavy,0.1380223188153833,0.17329228893513118,0,0.1380223188153833,0.17329228893513118,False
892a107252bffff,2.9207114511300656,0.8889311911048248,1.0453565587628668,5.62621789193977,1.0,273.8514228478726,0.553203835879108,273.8514228478726,902.344203346888,40.0,5.62621789193977,902.344203346888,0.553203835879108,-74.00507400737747,40.75204319635703,9,observed,opendata,"building_area_fraction,building_density,dem_d8_accum_proxy,dist_mapped_water_m,elevation_m,impervious_frac,slope_deg",event_raster,production,0,0,heavy,0.9983331475710469,0.9834484620887053,1,0.9983331475710469,0.9834484620887053,False
892a107252fffff,3.8310768727292124,0.8015977727650754,1.5455372068379403,8.916961130742049,1.0,916.0325876624108,0.43593495490806683,916.0325876624108,1756.5906074754498,40.0,8.916961130742049,1756.5906074754498,0.43593495490806683,-74.00283146549287,40.749460257199395,9,observed,opendata,"building_area_fraction,building_density,dem_d8_accum_proxy,dist_mapped_water_m,elevation_m,impervious_frac,slope_deg",event_raster,production,0,0,heavy,1.0054919827648594,0.9733757433218576,1,1.0054919827648594,0.9733757433218576,False
892a1072533ffff,10.129730641472982,0.8491542145122373,2.8983374806787987,7.006189213085765,1.0,406.03708434312045,0.3470865266651554,406.03708434312045,1984.3869133261367,40.0,7.006189213085765,1984.3869133261367,0.3470865266651554,-73.99876404720786,40.75485863150437,9,observed,opendata,"building_area_fraction,building_density,dem_d8_accum_proxy,dist_mapped_water_m,elevation_m,impervious_frac,slope_deg",event_raster,production,0,0,heavy,0.04464296187063923,0.10875192942625694,0,0.04464296187063923,0.10875192942625694,False
892a1072537ffff,11.283054737334556,0.8598460360621729,1.0457082915470777,4.88563829787234,1.0,254.96654301127882,0.5607123556657803,254.96654301127882,3015.293148692835,40.0,4.88563829787234,3015.293148692835,0.5607123556657803,-73.9965217289429,40.75227548311166,9,observed,opendata,"building_area_fraction,building_density,dem_d8_accum_proxy,dist_mapped_water_m,elevation_m,impervious_frac,slope_deg",event_raster,production,0,0,heavy,0.9366301937928235,0.956660744694083,1,0.9366301937928235,0.956660744694083,False
892a107253bffff,4.1104191180630405,0.8329470946400176,3.8011720850187793,3.756828193832599,1.0,84.9842684980743,0.13814069671590223,84.9842684980743,1034.9444433461153,40.0,3.756828193832599,1034.9444433461153,0.13814069671590223,-74.0030404270407,40.754742484811985,9,observed,opendata,"building_area_fraction,building_density,dem_d8_accum_proxy,dist_mapped_water_m,elevation_m,impervious_frac,slope_deg",event_raster,production,0,0,heavy,0.9353310732223983,0.9290541820110664,1,0.9353310732223983,0.9290541820110664,False
892a1072547ffff,-1.178356056747261,0.0,0.005834826107068699,1.2239263803680982,0.0,0.0,0.0,0.0,130.8148990769593,40.0,1.2239263803680982,130.8148990769593,0.0,-74.01180313685693,40.759792281041555,9,observed,opendata,"building_area_fraction,building_density,dem_d8_accum_proxy,dist_mapped_water_m,elevation_m,impervious_frac,slope_deg",event_raster,production,0,0,heavy,0.007966412580773765,0.010762079407125952,0,0.007966412580773765,0.010762079407125952,False
892a107254fffff,-1.1820311440099585,0.0,0.00828597985025343,1.2461103253182462,0.0,0.0,0.0,0.0,604.4922967999046,40.0,1.2461103253182462,604.4922967999046,0.0,-74.01607997684373,40.75967565343729,9,observed,opendata,"building_area_fraction,building_density,dem_d8_accum_proxy,dist_mapped_water_m,elevation_m,impervious_frac,slope_deg",event_raster,production,0,0,heavy,0.007662006054822496,0.010762079407125952,0,0.007662006054822496,0.010762079407125952,False
892a1072563ffff,-1.1932794187508575,0.0,0.002330564154317794,1.0904255319148937,0.0,0.0,0.0,0.0,690.5602844475625,40.0,1.0904255319148937,690.5602844475625,0.0,-74.01159316566697,40.75450971726391,9,observed,opendata,"building_area_fraction,building_density,dem_d8_accum_proxy,dist_mapped_water_m,elevation_m,impervious_frac,slope_deg",event_raster,production,0,0,heavy,0.007662006054822496,0.010762079407125952,0,0.007662006054822496,0.010762079407125952,False
892a1072567ffff,-0.1242853432969997,0.30214329224147896,1.713032453055758,2.137323943661972,0.0,28.32937876710304,0.05899207307683578,28.32937876710304,83.20745664399077,40.0,2.137323943661972,83.20745664399077,0.05899207307683578,-74.00935013608994,40.7519268159277,9,observed,opendata,"building_area_fraction,building_density,dem_d8_accum_proxy,dist_mapped_water_m,elevation_m,impervious_frac,slope_deg",event_raster,production,0,0,heavy,0.8790166649218083,0.8744547016600456,1,0.8790166649218083,0.8744547016600456,False
892a107256bffff,-1.197653658516639,0.0,0.0022105233863292805,1.1300884955752213,0.0,0.0,0.0,0.0,329.264096123589,40.0,1.1300884955752213,329.264096123589,0.0,-74.01586952436521,40.75439309641035,9,observed,opendata,"building_area_fraction,building_density,dem_d8_accum_proxy,dist_mapped_water_m,elevation_m,impervious_frac,slope_deg",event_raster,production,0,0,heavy,0.007662006054822496,0.010762079407125952,0,0.007662006054822496,0.010762079407125952,False
892a107256fffff,-1.202068374009259,0.0,0.002294001286845259,1.165486725663717,0.0,0.0,0.0,0.0,465.9720157325707,40.0,1.165486725663717,465.9720157325707,0.0,-74.01362625773565,40.751810277465154,9,observed,opendata,"building_area_fraction,building_density,dem_d8_accum_proxy,dist_mapped_water_m,elevation_m,impervious_frac,slope_deg",event_raster,production,0,0,heavy,0.007662006054822496,0.010762079407125952,0,0.007662006054822496,0.010762079407125952,False
892a1072573ffff,-1.1855190468381593,0.0008654120737408918,0.006012507600381819,1.1888790820829656,0.0,0.0,0.0,0.0,723.5184535278191,40.0,1.1888790820829656,723.5184535278191,0.0,-74.00955984302436,40.75720920830043,9,observed,opendata,"building_area_fraction,building_density,dem_d8_accum_proxy,dist_mapped_water_m,elevation_m,impervious_frac,slope_deg",event_raster,production,0,0,heavy,0.007662006054822496,0.010762079407125952,0,0.007662006054822496,0.010762079407125952,False
892a1072577ffff,0.41871985534486256,0.47677183611410157,1.0049308597834974,2.652212389380531,1.0,84.98403178741441,0.018090767796783296,84.98403178741441,9.194241266331373,40.0,2.652212389380531,9.194241266331373,0.018090767796783296,-74.00731679987626,40.754626180064804,9,observed,opendata,"building_area_fraction,building_density,dem_d8_accum_proxy,dist_mapped_water_m,elevation_m,impervious_frac,slope_deg",event_raster,production,0,0,heavy,0.9150580145958235,0.9280558035809323,1,0.9150580145958235,0.9280558035809323,False
892a107257bffff,-1.189888697209712,0.0,0.000943831426861561,1.0353356890459364,0.0,0.0,0.0,0.0,28.507179842042284,40.0,1.0353356890459364,28.507179842042284,0.0,-74.01383644590652,40.757092663107876,9,observed,opendata,"building_area_fraction,building_density,dem_d8_accum_proxy,dist_mapped_water_m,elevation_m,impervious_frac,slope_deg",event_raster,production,0,0,heavy,0.008945542458076695,0.010762079407125952,0,0.008945542458076695,0.010762079407125952,False
892a10725a3ffff,10.626325219948386,0.844935259419916,0.5170646494820649,33.6784140969163,1.0,915.9024743471946,0.5464894770761424,915.9024743471946,3076.108466429238,40.0,33.6784140969163,3076.108466429238,0.5464894770761424,-73.99245336126558,40.75767380832861,9,observed,opendata,"building_area_fraction,building_density,dem_d8_accum_proxy,dist_mapped_water_m,elevation_m,impervious_frac,slope_deg",event_raster,production,0,0,heavy,0.9530109619793318,0.9532543153981006,1,0.9530109619793318,0.9532543153981006,False
892a10725a7ffff,12.918522387479259,0.696655504260443,0.7987916742772919,21.715929203539822,1.0,878.1781631297371,0.6421428875833701,878.1781631297371,4080.101048456638,40.0,21.715929203539822,4080.101048456638,0.6421428875833701,-73.99021126674094,40.75509045072057,9,observed,opendata,"building_area_fraction,building_density,dem_d8_accum_proxy,dist_mapped_water_m,elevation_m,impervious_frac,slope_deg",event_raster,production,0,0,heavy,0.9878796806787886,0.9865202935711019,1,0.9878796806787886,0.9865202935711019,False
892a10725abffff,8.673706055529225,0.8608100384815751,1.3114629014434633,8.457193292144748,1.0,377.69068089618656,0.300989716824309,377.69068089618656,2069.7222205912094,40.0,8.457193292144748,2069.7222205912094,0.300989716824309,-73.99672999214451,40.75755789543499,9,observed,opendata,"building_area_fraction,building_density,dem_d8_accum_proxy,dist_mapped_water_m,elevation_m,impervious_frac,slope_deg",event_raster,production,0,0,heavy,0.8827478630639276,0.8680565789782683,1,0.8827478630639276,0.8680565789782683,False
892a10725afffff,11.274232937869401,0.7877245025892401,1.2989620250874203,8.009743135518157,1.0,1048.1451805492734,0.48322698510312434,1048.1451805492734,3038.0182955564687,40.0,8.009743135518157,3038.0182955564687,0.48322698510312434,-73.99448766042539,40.75497462014091,9,observed,opendata,"building_area_fraction,building_density,dem_d8_accum_proxy,dist_mapped_water_m,elevation_m,impervious_frac,slope_deg",event_raster,production,0,0,heavy,0.979760253491539,0.9727720589872833,1,0.979760253491539,0.9727720589872833,False
892a10725b7ffff,13.950070532501167,0.7507218808886853,0.6422752661775823,69.50709219858156,1.0,538.2122495894911,0.6078146674352838,538.2122495894911,4123.513365534515,40.0,69.50709219858156,4123.513365534515,0.6078146674352838,-73.98817672350651,40.75778956314487,9,observed,opendata,"building_area_fraction,building_density,dem_d8_accum_proxy,dist_mapped_water_m,elevation_m,impervious_frac,slope_deg",event_raster,production,0,0,heavy,1.0036645585639083,0.9893614340772494,1,1.0036645585639083,0.9893614340772494,False
892a1072803ffff,2.65648701923633,0.5302437733657009,2.270665179584076,5.706927175843695,1.0,85.06378881931099,0.12026353335578142,85.06378881931099,435.79944012047076,40.0,5.706927175843695,435.79944012047076,0.12026353335578142,-74.01600847979246,40.70416790835038,9,observed,opendata,"building_area_fraction,building_density,dem_d8_accum_proxy,dist_mapped_water_m,elevation_m,impervious_frac,slope_deg",event_raster,production,0,0,heavy,0.24935279369499513,0.2480485677219266,0,0.24935279369499513,0.2480485677219266,False
892a1072807ffff,1.6114078660584474,0.5819010166048398,2.046023086208541,5.128456735057984,1.0,174.0781145938322,0.23284750409517188,174.0781145938322,270.6622840841202,40.0,5.128456735057984,270.6622840841202,0.23284750409517188,-74.01376760272268,40.70158676007536,9,observed,opendata,"building_area_fraction,building_density,dem_d8_accum_proxy,dist_mapped_water_m,elevation_m,impervious_frac,slope_deg",event_raster,production,0,0,heavy,0.27809345954098547,0.2851784669701946,0,0.27809345954098547,0.2851784669701946,False
892a107280fffff,-1.3370467938745398,0.028975524272422386,0.5123472929279798,1.525974025974026,0.0,0.0,1.2569138079774822e-07,0.0,0.0,40.0,1.525974025974026,0.0,1.2569138079774822e-07,-74.01803914737917,40.70147004899095,9,observed,opendata,"building_area_fraction,building_density,dem_d8_accum_proxy,dist_mapped_water_m,elevation_m,impervious_frac,slope_deg",event_raster,production,0,0,heavy,0.016024343838493115,0.018862383811736293,0,0.016024343838493115,0.018862383811736293,False
892a1072813ffff,4.757909091482039,0.6756658137056186,2.907952293813123,6.783496007098492,1.0,368.59190874237,0.47651405064040536,368.59190874237,1221.801088392426,40.0,6.783496007098492,1221.801088392426,0.47651405064040536,-74.01397758214198,40.706865819195635,9,observed,opendata,"building_area_fraction,building_density,dem_d8_accum_proxy,dist_mapped_water_m,elevation_m,impervious_frac,slope_deg",event_raster,production,0,0,heavy,0.15432837406044536,0.192768827807194,0,0.15432837406044536,0.192768827807194,False
892a1072817ffff,3.2313881373032927,0.6825446705638835,1.721366807106322,10.882300884955752,1.0,708.8668630260737,0.5122301179142825,708.8668630260737,1037.6063180590177,40.0,10.882300884955752,1037.6063180590177,0.5122301179142825,-74.01173669148999,40.70428454398579,9,observed,opendata,"building_area_fraction,building_density,dem_d8_accum_proxy,dist_mapped_water_m,elevation_m,impervious_frac,slope_deg",event_raster,production,0,0,heavy,0.9954520585694134,0.9728108948043855,1,0.9954520585694134,0.9728108948043855,False
892a107281bffff,2.023151150882589,0.42096411184423616,2.024363885360469,4.380907372400756,0.0,103.96153400976152,0.21218672382246725,103.96153400976152,104.46618886521438,40.0,4.380907372400756,104.46618886521438,0.21218672382246725,-74.0182496070028,40.70674910133614,9,observed,opendata,"building_area_fraction,building_density,dem_d8_accum_proxy,dist_mapped_water_m,elevation_m,impervious_frac,slope_deg",event_raster,production,0,0,heavy,0.8699656691278799,0.8345428756704845,1,0.8699656691278799,0.8345428756704845,False
892a1072883ffff,8.922210955027992,0.7588398242567448,2.3353083899825915,7.2322695035460995,1.0,1030.1201246945654,0.6268258286579557,1030.1201246945654,1908.2737212257196,40.0,7.2322695035460995,1908.2737212257196,0.6268258286579557,-74.0076741787482,40.70968026618339,9,observed,opendata,"building_area_fraction,building_density,dem_d8_accum_proxy,dist_mapped_water_m,elevation_m,impervious_frac,slope_deg",event_raster,production,0,0,heavy,0.9463788168204853,0.9475638970581151,1,0.9463788168204853,0.9475638970581151,False
892a1072887ffff,2.9274467377666884,0.8042919578754976,1.461862499947743,9.070859167404784,1.0,774.9924081772632,0.48129378316132554,774.9924081772632,793.2355722057137,40.0,9.070859167404784,793.2355722057137,0.48129378316132554,-74.00543351115385,40.70709878183493,9,observed,opendata,"building_area_fraction,building_density,dem_d8_accum_proxy,dist_mapped_water_m,elevation_m,impervious_frac,slope_deg",event_raster,production,0,0,heavy,0.9858489119550273,0.9733757433218576,1,0.9858489119550273,0.9733757433218576,False
892a107288bffff,6.8140680247396626,0.6931798278706746,2.661106989432097,5.9602824360105915,1.0,453.62962432025563,0.42818821243157373,453.62962432025563,1628.3838167209121,40.0,5.9602824360105915,1628.3838167209121,0.42818821243157373,-74.01194645439377,40.70956378150536,9,observed,opendata,"building_area_fraction,building_density,dem_d8_accum_proxy,dist_mapped_water_m,elevation_m,impervious_frac,slope_deg",event_raster,production,0,0,heavy,0.9099611283751499,0.9263778987660761,1,0.9099611283751499,0.9263778987660761,False
892a107288fffff,7.188058330153064,0.7173866428712756,2.4025649552963024,9.579928952042629,1.0,359.1418270052105,0.5908046037288702,359.1418270052105,1478.581643912748,40.0,9.579928952042629,1478.581643912748,0.5908046037288702,-74.00970555017649,40.70698237936226,9,observed,opendata,"building_area_fraction,building_density,dem_d8_accum_proxy,dist_mapped_water_m,elevation_m,impervious_frac,slope_deg",event_raster,production,0,0,heavy,0.9730109205379279,0.9658157278346539,1,0.9730109205379279,0.9658157278346539,False
892a1072893ffff,11.262848785343053,0.7263321208279286,1.9915120704881815,6.039787798408488,1.0,151.20297726530683,0.22929261857209637,151.20297726530683,2373.642255505064,40.0,6.039787798408488,2373.642255505064,0.22929261857209637,-74.0056425771711,40.71237820442782,9,observed,opendata,"building_area_fraction,building_density,dem_d8_accum_proxy,dist_mapped_water_m,elevation_m,impervious_frac,slope_deg",event_raster,production,0,0,heavy,0.9645873337881191,0.9592731309972854,1,0.9645873337881191,0.9592731309972854,False
892a1072897ffff,5.569709723511486,0.8555565739565707,2.273207934655857,8.308510638297872,1.0,207.91473139928178,0.30141166074721876,207.91473139928178,1257.0391805084062,40.0,8.308510638297872,1257.0391805084062,0.30141166074721876,-74.00340189606727,40.70979659314705,9,observed,opendata,"building_area_fraction,building_density,dem_d8_accum_proxy,dist_mapped_water_m,elevation_m,impervious_frac,slope_deg",event_raster,production,0,0,heavy,0.25683326559777714,0.22319450584890888,0,0.25683326559777714,0.22319450584890888,False
892a107289bffff,7.712624753620608,0.7764448562359556,2.7475653704031244,9.71808510638298,1.0,292.95495570921935,0.42290810086221514,292.95495570921935,1836.8962375419244,40.0,9.71808510638298,1836.8962375419244,0.42290810086221514,-74.0099150965138,40.712261795258144,9,observed,opendata,"building_area_fraction,building_density,dem_d8_accum_proxy,dist_mapped_water_m,elevation_m,impervious_frac,slope_deg",event_raster,production,0,0,heavy,0.9191914494810504,0.9221831164693268,1,0.9191914494810504,0.9221831164693268,False
892a10728a3ffff,-1.5726857119047322,0.0784251398554947,0.2898379599521831,1.0292812777284828,0.0,0.0,0.0006600623734515546,0.0,240.31371084262034,40.0,1.0292812777284828,240.31371084262034,0.0006600623734515546,-74.00522449215495,40.701819709283896,9,observed,opendata,"building_area_fraction,building_density,dem_d8_accum_proxy,dist_mapped_water_m,elevation_m,impervious_frac,slope_deg",event_raster,production,0,0,heavy,0.006271180377640408,0.010758911387202048,0,0.006271180377640408,0.010758911387202048,False
892a10728abffff,0.22196179265842278,0.3718145575104554,2.5820669820276025,2.298136645962733,0.0,56.71225117899963,0.15509650360276356,56.71225117899963,2.6791627334755694,40.0,2.298136645962733,2.6791627334755694,0.15509650360276356,-74.00949605096544,40.701703313506684,9,observed,opendata,"building_area_fraction,building_density,dem_d8_accum_proxy,dist_mapped_water_m,elevation_m,impervious_frac,slope_deg",event_raster,production,0,0,heavy,0.9307364329824755,0.8909214916005683,1,0.9307364329824755,0.8909214916005683,False
892a10728b3ffff,-0.4870497256223221,0.49567284006766543,2.1712579597957524,1.9165927240461402,1.0,94.51610611127171,0.07964492993126085,94.51610611127171,33.263756082762754,40.0,1.9165927240461402,33.263756082762754,0.07964492993126085,-74.00319309369571,40.704517342235015,9,observed,opendata,"building_area_fraction,building_density,dem_d8_accum_proxy,dist_mapped_water_m,elevation_m,impervious_frac,slope_deg",event_raster,production,0,0,heavy,0.9258911403696471,0.9339860019338533,1,0.9258911403696471,0.9339860019338533,False
892a10728b7ffff,-0.9806179591639616,0.0,0.3161091028360746,1.127208480565371,0.0,0.0,0.0,0.0,187.940619378549,40.0,1.127208480565371,187.940619378549,0.0,-74.00095292633873,40.701935947405886,9,observed,opendata,"building_area_fraction,building_density,dem_d8_accum_proxy,dist_mapped_water_m,elevation_m,impervious_frac,slope_deg",event_raster,production,0,0,heavy,0.01581543811414086,0.018862383811736286,0,0.01581543811414086,0.018862383811736286,False
892a10728bbffff,2.0601404048502445,0.7904088938592282,1.743971494628133,5.03716814159292,1.0,274.095946063168,0.3755866732286734,274.095946063168,354.4756434308953,40.0,5.03716814159292,354.4756434308953,0.3755866732286734,-74.00746489610857,40.70440102194768,9,observed,opendata,"building_area_fraction,building_density,dem_d8_accum_proxy,dist_mapped_water_m,elevation_m,impervious_frac,slope_deg",event_raster,production,0,0,heavy,0.9798716190278964,0.9660296653835571,1,0.9798716190278964,0.9660296653835571,False
892a10728c3ffff,0.05904686971246076,0.13796571541451375,1.5677625111651512,1.9663699307616223,0.0,37.800430795959656,0.04557137700319127,37.800430795959656,144.27620938344825,40.0,1.9663699307616223,144.27620938344825,0.04557137700319127,-74.01846011396843,40.71202850371857,9,observed,opendata,"building_area_fraction,building_density,dem_d8_accum_proxy,dist_mapped_water_m,elevation_m,impervious_frac,slope_deg",event_raster,production,0,0,heavy,0.0174341104842651,0.022867302974541533,0,0.0174341104842651,0.022867302974541533,False
892a10728c7ffff,3.484364738167258,0.7194522560013007,1.499252905388228,4.744454303460515,1.0,170.11063964782056,0.3395036918681957,170.11063964782056,622.4443585802705,40.0,4.744454303460515,622.4443585802705,0.3395036918681957,-74.01621872295645,40.70944713911398,9,observed,opendata,"building_area_fraction,building_density,dem_d8_accum_proxy,dist_mapped_water_m,elevation_m,impervious_frac,slope_deg",event_raster,production,0,0,heavy,0.9687207067667472,0.950385549497164,1,0.9687207067667472,0.950385549497164,False
892a10728d3ffff,2.481532600551573,0.49582678128805785,1.8735272491190325,4.082373782108061,1.0,47.24825197747762,0.2817039961659157,47.24825197747762,278.17109019435117,40.0,4.082373782108061,278.17109019435117,0.2817039961659157,-74.01642901341648,40.71472671988807,9,observed,opendata,"building_area_fraction,building_density,dem_d8_accum_proxy,dist_mapped_water_m,elevation_m,impervious_frac,slope_deg",event_raster,production,0,0,heavy,0.08200708045598283,0.06817142238140707,0,0.08200708045598283,0.06817142238140707,False
892a10728d7ffff,2.931888463690626,0.677911390200363,4.601608386528282,4.339539007092198,1.0,85.05120361476024,0.27805440184510394,85.05120361476024,691.3689141602264,40.0,4.339539007092198,691.3689141602264,0.27805440184510394,-74.01418760879541,40.712145228354714,9,observed,opendata,"building_area_fraction,building_density,dem_d8_accum_proxy,dist_mapped_water_m,elevation_m,impervious_frac,slope_deg",event_raster,production,0,0,heavy,0.9487821709860141,0.9297351915505865,1,0.9487821709860141,0.9297351915505865,False
892a1072c03ffff,4.2932088043778505,0.8583850078548946,2.5051607393613415,6.816489361702128,1.0,1861.321324349496,0.6048223232257783,1861.321324349496,2782.666339843944,40.0,6.816489361702128,2782.666339843944,0.6048223232257783,-74.00178736299634,40.72305436427269,9,observed,opendata,"building_area_fraction,building_density,dem_d8_accum_proxy,dist_mapped_water_m,elevation_m,impervious_frac,slope_deg",event_raster,production,0,0,heavy,0.9771289394219395,0.974847166391341,1,0.9771289394219395,0.974847166391341,False
892a1072c07ffff,6.605340302726368,0.8410216737571427,1.4467327309742806,28.275132275132275,1.0,1285.0388219512045,0.5342494632462716,1285.0388219512045,1847.9708273235867,40.0,28.275132275132275,1847.9708273235867,0.5342494632462716,-73.99954639120696,40.72047232748709,9,observed,opendata,"building_area_fraction,building_density,dem_d8_accum_proxy,dist_mapped_water_m,elevation_m,impervious_frac,slope_deg",event_raster,production,0,0,heavy,0.9456442726917993,0.9728632551044829,1,0.9456442726917993,0.9728632551044829,False
892a1072c0bffff,3.1183968083867177,0.8373021402333735,1.585640136642026,6.713780918727915,1.0,500.76018033234686,0.319339994772299,500.76018033234686,1699.9949706895827,40.0,6.713780918727915,1699.9949706895827,0.319339994772299,-74.00606085032426,40.72293809951893,9,observed,opendata,"building_area_fraction,building_density,dem_d8_accum_proxy,dist_mapped_water_m,elevation_m,impervious_frac,slope_deg",event_raster,production,0,0,heavy,0.8510109711813333,0.9089135995499634,1,0.8510109711813333,0.9089135995499634,False
892a1072c0fffff,3.224952309280006,0.8600292421593112,2.251709377186533,5.191659272404614,1.0,1691.3331441810053,0.519610529670097,1691.3331441810053,2458.353607422636,40.0,5.191659272404614,2458.353607422636,0.519610529670097,-74.00381964174338,40.72035614496131,9,observed,opendata,"building_area_fraction,building_density,dem_d8_accum_proxy,dist_mapped_water_m,elevation_m,impervious_frac,slope_deg",event_raster,production,0,0,heavy,0.9807340221352033,0.9748223516072855,1,0.9807340221352033,0.9748223516072855,False
892a1072c13ffff,7.151620798161465,0.8145879277168705,1.6993922348950463,41.68314210061783,1.0,1549.4514630051679,0.5450730878668726,1549.4514630051679,2635.286042034708,40.0,41.68314210061783,2635.286042034708,0.5450730878668726,-73.99975485394748,40.725752634920234,9,observed,opendata,"building_area_fraction,building_density,dem_d8_accum_proxy,dist_mapped_water_m,elevation_m,impervious_frac,slope_deg",event_raster,production,0,0,heavy,0.34925509700737023,0.23188402194107,0,0.34925509700737023,0.23188402194107,False
892a1072c17ffff,10.198771477168709,0.8244139280272672,0.7360372628220014,28.259094942324754,1.0,1473.943846881449,0.5873087855547748,1473.943846881449,1665.6213694927767,40.0,28.259094942324754,1665.6213694927767,0.5873087855547748,-73.99751386869457,40.723170471210885,9,observed,opendata,"building_area_fraction,building_density,dem_d8_accum_proxy,dist_mapped_water_m,elevation_m,impervious_frac,slope_deg",event_raster,production,0,0,heavy,0.9704494371497001,0.9794571354786262,1,0.9704494371497001,0.9794571354786262,False
892a1072c1bffff,5.673303576802786,0.7975637626595202,2.378304749199774,4.083185840707965,1.0,1464.4165055665303,0.4238435834971092,1464.4165055665303,2108.4392142602424,40.0,4.083185840707965,2108.4392142602424,0.4238435834971092,-74.00402858507962,40.72563644575339,9,observed,opendata,"building_area_fraction,building_density,dem_d8_accum_proxy,dist_mapped_water_m,elevation_m,impervious_frac,slope_deg",event_raster,production,0,0,heavy,0.3664039773962767,0.351406203586064,0,0.3664039773962767,0.351406203586064,False
892a1072c23ffff,7.023031471539239,0.7878730083913744,2.118787463696774,12.99027409372237,1.0,2003.3481158573127,0.47965474475320374,2003.3481158573127,1945.0216392036898,40.0,12.99027409372237,1945.0216392036898,0.47965474475320374,-73.99933797536255,40.7151923699604,9,observed,opendata,"building_area_fraction,building_density,dem_d8_accum_proxy,dist_mapped_water_m,elevation_m,impervious_frac,slope_deg",event_raster,production,0,0,heavy,0.9459067324645447,0.9607800987508299,1,0.9459067324645447,0.9607800987508299,False
892a1072c27ffff,7.723999054774933,0.8048641631647706,1.4267959467682914,23.867673179396093,1.0,1738.8439366532136,0.3611678651784973,1738.8439366532136,1386.3226109430504,40.0,23.867673179396093,1386.3226109430504,0.3611678651784973,-73.99709751749248,40.7126105495616,9,observed,opendata,"building_area_fraction,building_density,dem_d8_accum_proxy,dist_mapped_water_m,elevation_m,impervious_frac,slope_deg",event_raster,production,0,0,heavy,0.9229009981976026,0.9266051158229828,1,0.9229009981976026,0.9266051158229828,False
892a1072c2bffff,7.50795755621968,0.7906457943231952,3.341884759629101,8.311446317657499,1.0,226.79349384865264,0.36498974441731313,226.79349384865264,2830.1834296992247,40.0,8.311446317657499,2830.1834296992247,0.36498974441731313,-74.0036107454112,40.71507619407416,9,observed,opendata,"building_area_fraction,building_density,dem_d8_accum_proxy,dist_mapped_water_m,elevation_m,impervious_frac,slope_deg",event_raster,production,0,0,heavy,0.9037974449371573,0.9161446221748648,1,0.9037974449371573,0.9161446221748648,False
892a1072c2fffff,6.750803836903214,0.7820344690464239,2.8033311240968453,10.878761061946904,1.0,160.65361058257477,0.29368895140019863,160.65361058257477,1709.0596319337824,40.0,10.878761061946904,1709.0596319337824,0.29368895140019863,-74.00137005081483,40.71249445586266,9,observed,opendata,"building_area_fraction,building_density,dem_d8_accum_proxy,dist_mapped_water_m,elevation_m,impervious_frac,slope_deg",event_raster,production,0,0,heavy,0.08316976303991808,0.1366853663173508,0,0.08316976303991808,0.1366853663173508,False
892a1072c33ffff,9.364033672803254,0.8423395209219356,1.273028352695328,58.2058562555457,1.0,2182.7878929295894,0.5518331821225001,2182.7878929295894,1047.5871871839395,40.0,58.2058562555457,1047.5871871839395,0.5518331821225001,-73.99730566967641,40.71789033541887,9,observed,opendata,"building_area_fraction,building_density,dem_d8_accum_proxy,dist_mapped_water_m,elevation_m,impervious_frac,slope_deg",event_raster,production,0,0,heavy,0.11205197771029299,0.1794133660126518,0,0.11205197771029299,0.1794133660126518,False
892a1072c37ffff,12.519163254088005,0.84124259394882,0.4026752741117261,5.199115044247788,1.0,1115.074241468572,0.3620960282449336,1115.074241468572,1136.0790068364988,40.0,5.199115044247788,1136.0790068364988,0.3620960282449336,-73.99506519836963,40.715308388090286,9,observed,opendata,"building_area_fraction,building_density,dem_d8_accum_proxy,dist_mapped_water_m,elevation_m,impervious_frac,slope_deg",event_raster,production,0,0,heavy,0.9381908869844454,0.9516761802977475,1,0.9381908869844454,0.9516761802977475,False
892a1072c3bffff,4.9859451791073415,0.8182168997401464,1.7353437766936404,23.279255319148938,1.0,963.8257276606362,0.4520354336146994,963.8257276606362,2231.2546395703935,40.0,23.279255319148938,2231.2546395703935,0.4520354336146994,-74.00157868343452,40.71777423510105,9,observed,opendata,"building_area_fraction,building_density,dem_d8_accum_proxy,dist_mapped_water_m,elevation_m,impervious_frac,slope_deg",event_raster,production,0,0,heavy,0.9254389571234214,0.959931130227611,1,0.9254389571234214,0.959931130227611,False
892a1072c43ffff,-0.34831464372636434,0.3682826093679828,0.9866996590748839,1.8385093167701863,0.0,56.686775955138536,0.029617553321847425,56.686775955138536,222.1470495534589,40.0,1.8385093167701863,222.1470495534589,0.029617553321847425,-74.01257602629768,40.7254035939159,9,observed,opendata,"building_area_fraction,building_density,dem_d8_accum_proxy,dist_mapped_water_m,elevation_m,impervious_frac,slope_deg",event_raster,production,0,0,heavy,0.8865771724077638,0.8968649660961213,1,0.8865771724077638,0.8968649660961213,False
892a1072c47ffff,2.547894026896777,0.8201735348302367,2.3564876728912667,5.242263483642794,1.0,699.1726514420853,0.42144125201024885,699.1726514420853,535.9204755330229,40.0,5.242263483642794,535.9204755330229,0.42144125201024885,-74.01033433063081,40.722821676950645,9,observed,opendata,"building_area_fraction,building_density,dem_d8_accum_proxy,dist_mapped_water_m,elevation_m,impervious_frac,slope_deg",event_raster,production,0,0,heavy,0.8815987742487248,0.9588248278347206,1,0.8815987742487248,0.9588248278347206,False
892a1072c4bffff,-1.2900021594457947,0.0014763974890152297,5.702596368034891e-05,1.0008818342151675,0.0,0.0,0.0,0.0,609.4549605106303,40.0,1.0008818342151675,609.4549605106303,0.0,-74.0168497362885,40.72528693124739,9,observed,opendata,"building_area_fraction,building_density,dem_d8_accum_proxy,dist_mapped_water_m,elevation_m,impervious_frac,slope_deg",event_raster,production,0,0,heavy,0.007662006054822496,0.010762079407125952,0,0.007662006054822496,0.010762079407125952,False
892a1072c4fffff,-1.161287446890585,0.0447266003459497,0.4596328005417165,1.2608695652173914,0.0,0.0,0.0,0.0,458.8332108682908,40.0,1.2608695652173914,458.8332108682908,0.0,-74.01460780386842,40.722705096568944,9,observed,opendata,"building_area_fraction,building_density,dem_d8_accum_proxy,dist_mapped_water_m,elevation_m,impervious_frac,slope_deg",event_raster,production,0,0,heavy,0.01474080743523892,0.018862383811736293,0,0.01474080743523892,0.018862383811736293,False
892a1072c53ffff,1.9555521175107349,0.7633290490458058,1.1873713692365537,7.075971731448763,1.0,66.13137394165457,0.43050903473406765,66.13137394165457,234.59432210126357,40.0,7.075971731448763,234.59432210126357,0.43050903473406765,-74.01054401844232,40.728102142637056,9,observed,opendata,"building_area_fraction,building_density,dem_d8_accum_proxy,dist_mapped_water_m,elevation_m,impervious_frac,slope_deg",event_raster,production,0,0,heavy,0.9855763163653095,0.9693691252042501,1,0.9855763163653095,0.9693691252042501,False
892a1072c57ffff,3.514800943548076,0.8302934958778513,1.819967707911089,5.66607617360496,1.0,840.8561724537547,0.4751103445706271,840.8561724537547,942.1009649786431,40.0,5.66607617360496,942.1009649786431,0.4751103445706271,-74.00830230921224,40.725520098751595,9,observed,opendata,"building_area_fraction,building_density,dem_d8_accum_proxy,dist_mapped_water_m,elevation_m,impervious_frac,slope_deg",event_raster,production,0,0,heavy,0.9954520585694134,0.976083630875083,1,0.9954520585694134,0.976083630875083,False
892a1072c5bffff,-0.8428097461656303,0.10984742635468382,0.5836362477393608,1.5066430469441985,0.0,9.447313010430442,0.10567234394236154,9.447313010430442,188.22637350404005,40.0,1.5066430469441985,188.22637350404005,0.10567234394236154,-74.01481797231988,40.72798555551391,9,observed,opendata,"building_area_fraction,building_density,dem_d8_accum_proxy,dist_mapped_water_m,elevation_m,impervious_frac,slope_deg",event_raster,production,0,0,heavy,0.01474080743523892,0.018862383811736293,0,0.01474080743523892,0.018862383811736293,False
892a1072c63ffff,4.2673741474430615,0.8219122340942316,2.0084490032737796,5.486702127659575,1.0,1266.1953883358035,0.47782799844410484,1266.1953883358035,901.0638910487115,40.0,5.486702127659575,901.0638910487115,0.47782799844410484,-74.01012468999328,40.717541561139306,9,observed,opendata,"building_area_fraction,building_density,dem_d8_accum_proxy,dist_mapped_water_m,elevation_m,impervious_frac,slope_deg",event_raster,production,0,0,heavy,0.9954520585694134,0.976083630875083,1,0.9954520585694134,0.976083630875083,False
892a1072c67ffff,7.788459052950699,0.8413992756324843,3.907488061053994,5.588287488908607,1.0,1341.857776018282,0.532486366044306,1341.857776018282,1918.049628546675,40.0,5.588287488908607,1918.049628546675,0.532486366044306,-74.0078835084681,40.71495986043266,9,observed,opendata,"building_area_fraction,building_density,dem_d8_accum_proxy,dist_mapped_water_m,elevation_m,impervious_frac,slope_deg",event_raster,production,0,0,heavy,0.190308280108236,0.23821798373244066,0,0.190308280108236,0.23821798373244066,False
892a1072c6bffff,3.2672228431684474,0.5787093077102237,2.1669509367091364,3.8172138420585626,1.0,170.08547742175398,0.2241269311264643,170.08547742175398,367.46669015078135,40.0,3.8172138420585626,367.46669015078135,0.2241269311264643,-74.01439768269891,40.7174249874975,9,observed,opendata,"building_area_fraction,building_density,dem_d8_accum_proxy,dist_mapped_water_m,elevation_m,impervious_frac,slope_deg",event_raster,production,0,0,heavy,0.859826929524573,0.8680825786943737,1,0.859826929524573,0.8680825786943737,False
892a1072c6fffff,3.136374092007357,0.831038793182331,1.5473093555192976,6.80847308031774,1.0,340.18835314908034,0.4232573251791756,340.18835314908034,1281.0482261767302,40.0,6.80847308031774,1281.0482261767302,0.4232573251791756,-74.01215626448567,40.714843369036934,9,observed,opendata,"building_area_fraction,building_density,dem_d8_accum_proxy,dist_mapped_water_m,elevation_m,impervious_frac,slope_deg",event_raster,production,0,0,heavy,0.969481887324502,0.9636122830001435,1,0.969481887324502,0.9636122830001435,False
892a1072c73ffff,4.1967949382300285,0.8333007256824074,2.2879528788909984,4.73758865248227,1.0,982.6712743667451,0.42675292405699716,982.6712743667451,1320.636252011723,40.0,4.73758865248227,1320.636252011723,0.42675292405699716,-74.00809288528414,40.720239804640435,9,observed,opendata,"building_area_fraction,building_density,dem_d8_accum_proxy,dist_mapped_water_m,elevation_m,impervious_frac,slope_deg",event_raster,production,0,0,heavy,0.9654528758773148,0.9517080057748146,1,0.9654528758773148,0.9517080057748146,False
892a1072c77ffff,5.6662136831269905,0.8130936428668007,4.059397831749716,4.3236331569664905,1.0,1096.1124817738614,0.5067033866422149,1096.1124817738614,2052.9751326461646,40.0,4.3236331569664905,2052.9751326461646,0.5067033866422149,-74.00585169022261,40.71765797700752,9,observed,opendata,"building_area_fraction,building_density,dem_d8_accum_proxy,dist_mapped_water_m,elevation_m,impervious_frac,slope_deg",event_raster,production,0,0,heavy,0.9192858248554607,0.9340237981299957,1,0.9192858248554607,0.9340237981299957,False
892a1072c7bffff,1.902728762075437,0.7126534563234278,2.3460006812533294,3.465486725663717,1.0,132.28230515907939,0.2627020085780733,132.28230515907939,192.63029742938662,40.0,3.465486725663717,192.63029742938662,0.2627020085780733,-74.0123661217817,40.72012330652548,9,observed,opendata,"building_area_fraction,building_density,dem_d8_accum_proxy,dist_mapped_water_m,elevation_m,impervious_frac,slope_deg",event_raster,production,0,0,heavy,0.9425943729956915,0.9480999232494168,1,0.9425943729956915,0.9480999232494168,False
892a1072c83ffff,12.20279057820638,0.8469762852582982,0.36826044459105756,7.988536155202822,1.0,888.0597865889866,0.5424224159762752,888.0597865889866,2492.0327075115797,40.0,7.988536155202822,2492.0327075115797,0.5424224159762752,-73.9934481326791,40.72856691258618,9,observed,opendata,"building_area_fraction,building_density,dem_d8_accum_proxy,dist_mapped_water_m,elevation_m,impervious_frac,slope_deg",event_raster,production,0,0,heavy,0.29815837400772516,0.2545851929487259,0,0.29815837400772516,0.2545851929487259,False
892a1072c87ffff,12.264326432371098,0.8152074481971304,0.3394230585807675,17.648624667258208,1.0,1842.3459111202997,0.4477367446125145,1842.3459111202997,1513.8308990012595,40.0,17.648624667258208,1513.8308990012595,0.4477367446125145,-73.9912073708746,40.7259845397448,9,observed,opendata,"building_area_fraction,building_density,dem_d8_accum_proxy,dist_mapped_water_m,elevation_m,impervious_frac,slope_deg",event_raster,production,0,0,heavy,0.9969059693086691,0.9699016145459913,1,0.9969059693086691,0.9699016145459913,False
892a1072c8bffff,9.429328278024146,0.7233460338138942,0.6734564154943887,23.265070921985817,1.0,651.8718455317455,0.424283432678574,651.8718455317455,2919.557075786464,40.0,23.265070921985817,2919.557075786464,0.424283432678574,-73.99772211456276,40.72845095688255,9,observed,opendata,"building_area_fraction,building_density,dem_d8_accum_proxy,dist_mapped_water_m,elevation_m,impervious_frac,slope_deg",event_raster,production,0,0,heavy,0.22838324540184382,0.24111615216790908,0,0.22838324540184382,0.24111615216790908,False
892a1072c8fffff,12.246182042656216,0.8136129879148294,0.5038595598269768,6.734929078014185,1.0,935.3422204325949,0.5083865958259735,935.3422204325949,1792.5463636132715,40.0,6.734929078014185,1792.5463636132715,0.5083865958259735,-73.99548111586327,40.72586866625105,9,observed,opendata,"building_area_fraction,building_density,dem_d8_accum_proxy,dist_mapped_water_m,elevation_m,impervious_frac,slope_deg",event_raster,production,0,0,heavy,0.9845338874283127,0.9724410334666292,1,0.9845338874283127,0.9724410334666292,False
892a1072c93ffff,11.8914575407541,0.8001684291022164,0.28935888200521487,12.048802129547472,1.0,557.372289524358,0.4779330656927953,557.372289524358,3120.8293267169156,40.0,12.048802129547472,3120.8293267169156,0.4779330656927953,-73.99141491910795,40.73126521019487,9,observed,opendata,"building_area_fraction,building_density,dem_d8_accum_proxy,dist_mapped_water_m,elevation_m,impervious_frac,slope_deg",event_raster,production,0,0,heavy,0.9095700283363922,0.945904796187002,1,0.9095700283363922,0.945904796187002,False
892a1072c97ffff,11.265525324998704,0.7905486662830926,0.5516243082743171,13.380530973451327,1.0,1738.334685341918,0.44728094685904846,1738.334685341918,2177.6028995061806,40.0,13.380530973451327,2177.6028995061806,0.44728094685904846,-73.98917414391278,40.72868271043228,9,observed,opendata,"building_area_fraction,building_density,dem_d8_accum_proxy,dist_mapped_water_m,elevation_m,impervious_frac,slope_deg",event_raster,production,0,0,heavy,0.9878784863457463,0.976388443631916,1,0.9878784863457463,0.976388443631916,False
892a1072c9bffff,9.212313166746856,0.6809637688417384,0.6738186129335816,47.548758865248224,1.0,708.5221069563473,0.38172386507069844,708.5221069563473,3559.611989773143,40.0,47.548758865248224,3559.611989773143,0.38172386507069844,-73.99568914480813,40.731149330138244,9,observed,opendata,"building_area_fraction,building_density,dem_d8_accum_proxy,dist_mapped_water_m,elevation_m,impervious_frac,slope_deg",event_raster,production,0,0,heavy,0.25237557991663423,0.15962895863025242,0,0.25237557991663423,0.15962895863025242,False
892a1072ca3ffff,12.025030336659253,0.7556153704555244,0.2940276810476274,12.147293700088731,1.0,1267.4968358187518,0.3326058273050792,1267.4968358187518,277.1465547988807,40.0,12.147293700088731,277.1465547988807,0.3326058273050792,-73.99099986933716,40.720704219149056,9,observed,opendata,"building_area_fraction,building_density,dem_d8_accum_proxy,dist_mapped_water_m,elevation_m,impervious_frac,slope_deg",event_raster,production,0,0,heavy,0.19537641960589608,0.16787802185023037,0,0.19537641960589608,0.16787802185023037,False
892a1072ca7ffff,10.782664090079049,0.8328670469695182,0.45036635661576696,22.157243816254418,1.0,1115.0234541214368,0.4406549942312699,1115.0234541214368,1203.7029361460654,40.0,22.157243816254418,1203.7029361460654,0.4406549942312699,-73.98875962144035,40.71812206272308,9,observed,opendata,"building_area_fraction,building_density,dem_d8_accum_proxy,dist_mapped_water_m,elevation_m,impervious_frac,slope_deg",event_raster,production,0,0,heavy,1.000317446163916,0.9768237355507488,1,1.000317446163916,0.9768237355507488,False
892a1072cabffff,11.095445124420896,0.8427272178727615,0.6464392311204525,31.192205491585472,1.0,1974.8078338372445,0.47587409559970006,1974.8078338372445,891.0707483415646,40.0,31.192205491585472,891.0707483415646,0.47587409559970006,-73.99527313372238,40.72058835221668,9,observed,opendata,"building_area_fraction,building_density,dem_d8_accum_proxy,dist_mapped_water_m,elevation_m,impervious_frac,slope_deg",event_raster,production,0,0,heavy,0.955506972763016,0.9582250483135121,1,0.955506972763016,0.9582250483135121,False
892a1072cafffff,11.994016297095644,0.7322864742933122,0.3086950644923362,8.98141592920354,1.0,1739.3068142440898,0.38358639959766516,1739.3068142440898,91.52482002495204,40.0,8.98141592920354,91.52482002495204,0.38358639959766516,-73.99303264899582,40.71800627795989,9,observed,opendata,"building_area_fraction,building_density,dem_d8_accum_proxy,dist_mapped_water_m,elevation_m,impervious_frac,slope_deg",event_raster,production,0,0,heavy,0.945013240203098,0.9494090188338681,1,0.945013240203098,0.9494090188338681,False
892a1072cb3ffff,11.074704928946707,0.7586122503059101,0.48524120679471344,20.41061946902655,1.0,1294.4323151373221,0.30372948206339484,1294.4323151373221,911.700909008071,40.0,20.41061946902655,911.700909008071,0.30372948206339484,-73.98896685935952,40.72340221163636,9,observed,opendata,"building_area_fraction,building_density,dem_d8_accum_proxy,dist_mapped_water_m,elevation_m,impervious_frac,slope_deg",event_raster,production,0,0,heavy,0.9406652687877316,0.9578544560497336,1,0.9406652687877316,0.9578544560497336,False
892a1072cb7ffff,9.339145336455218,0.8552463919953819,0.5276632916621131,68.20637732506643,1.0,1984.2678383655734,0.4778564148664325,1984.2678383655734,1356.952759502307,40.0,68.20637732506643,1356.952759502307,0.4778564148664325,-73.98672659809884,40.72081992828314,9,observed,opendata,"building_area_fraction,building_density,dem_d8_accum_proxy,dist_mapped_water_m,elevation_m,impervious_frac,slope_deg",event_raster,production,0,0,heavy,0.9580183854060051,0.9596025536118143,1,0.9580183854060051,0.9596025536118143,False
892a1072cbbffff,12.762222649455596,0.8024708801208086,0.2504956266935874,5.0767872903795235,1.0,1558.9834393275216,0.4553742926763508,1558.9834393275216,666.7359458756551,40.0,5.0767872903795235,666.7359458756551,0.4553742926763508,-73.99324036746646,40.72328642033247,9,observed,opendata,"building_area_fraction,building_density,dem_d8_accum_proxy,dist_mapped_water_m,elevation_m,impervious_frac,slope_deg",event_raster,production,0,0,heavy,0.0785970408158439,0.11990603631110804,0,0.0785970408158439,0.11990603631110804,False
892a1072cc3ffff,5.021779360649129,0.7604603626406098,2.5240160441790547,3.646072374227714,1.0,3108.032940700978,0.45818440691710166,3108.032940700978,1904.7097838281377,40.0,3.646072374227714,1904.7097838281377,0.45818440691710166,-74.00423757543585,40.73091709639526,9,observed,opendata,"building_area_fraction,building_density,dem_d8_accum_proxy,dist_mapped_water_m,elevation_m,impervious_frac,slope_deg",event_raster,production,0,0,heavy,0.9766006325345415,0.9653009022748463,1,0.9766006325345415,0.9653009022748463,False
892a1072cc7ffff,6.335099465458105,0.7716762523384805,2.2285172477734427,6.5186170212765955,1.0,2154.0052973235956,0.4059860433100563,2154.0052973235956,2601.155107505047,40.0,6.5186170212765955,2601.155107505047,0.4059860433100563,-74.00199608951623,40.72833484332245,9,observed,opendata,"building_area_fraction,building_density,dem_d8_accum_proxy,dist_mapped_water_m,elevation_m,impervious_frac,slope_deg",event_raster,production,0,0,heavy,0.9011137380439529,0.9490225485640841,1,0.9011137380439529,0.9490225485640841,False
892a1072ccbffff,3.949927084623499,0.8564808873842794,1.44184564673573,6.4361702127659575,1.0,793.5381194635655,0.4412467516375752,793.5381194635655,726.19751917607,40.0,6.4361702127659575,726.19751917607,0.4412467516375752,-74.00851178026825,40.730800742711025,9,observed,opendata,"building_area_fraction,building_density,dem_d8_accum_proxy,dist_mapped_water_m,elevation_m,impervious_frac,slope_deg",event_raster,production,0,0,heavy,0.9921404666633059,0.977148497705293,1,0.9921404666633059,0.977148497705293,False
892a1072ccfffff,4.811616908458611,0.8262339234880054,1.5041684174202417,5.20903454384411,1.0,632.973478406772,0.4993982483084157,632.973478406772,1416.295356996474,40.0,5.20903454384411,1416.295356996474,0.4993982483084157,-74.00627005749193,40.728218571906936,9,observed,opendata,"building_area_fraction,building_density,dem_d8_accum_proxy,dist_mapped_water_m,elevation_m,impervious_frac,slope_deg",event_raster,production,0,0,heavy,0.8937637720850399,0.9642141315307226,1,0.8937637720850399,0.9642141315307226,False
892a1072cd3ffff,6.292136560113138,0.7342474236952051,2.4087331836363286,4.962699822380107,1.0,2833.9356052100884,0.4720169851099448,2833.9356052100884,2363.184528152794,40.0,4.962699822380107,2363.184528152794,0.4720169851099448,-74.00220486300994,40.73361567219517,9,observed,opendata,"building_area_fraction,building_density,dem_d8_accum_proxy,dist_mapped_water_m,elevation_m,impervious_frac,slope_deg",event_raster,production,0,0,heavy,0.957338966897515,0.9668344173184988,1,0.957338966897515,0.9668344173184988,False
892a1072cd7ffff,6.3454502793588405,0.6991286779566283,0.9856376070306059,25.62367491166078,1.0,1681.554427289882,0.3965157209338636,1681.554427289882,3083.219840766563,40.0,25.62367491166078,3083.219840766563,0.3965157209338636,-73.99996336359993,40.731033292204685,9,observed,opendata,"building_area_fraction,building_density,dem_d8_accum_proxy,dist_mapped_water_m,elevation_m,impervious_frac,slope_deg",event_raster,production,0,0,heavy,0.9237347561579679,0.9416830966692992,1,0.9237347561579679,0.9416830966692992,False
892a1072cdbffff,6.107823018486618,0.7611381993596013,2.269893973649658,3.374113475177305,1.0,2115.9993596437303,0.4820556081091447,2115.9993596437303,1178.0634760130265,40.0,3.374113475177305,1178.0634760130265,0.4820556081091447,-74.00647931174146,40.733499394116386,9,observed,opendata,"building_area_fraction,building_density,dem_d8_accum_proxy,dist_mapped_water_m,elevation_m,impervious_frac,slope_deg",event_raster,production,0,0,heavy,0.9795188260981962,0.9583629462804977,1,0.9795188260981962,0.9583629462804977,False
892a1072d03ffff,1.590340914608345,0.5288758778914862,1.0591224808821564,16.853463587921848,1.0,283.5514972507295,0.21470886150338286,283.5514972507295,92.57662086480678,40.0,16.853463587921848,92.57662086480678,0.21470886150338286,-73.98610581467901,40.70498104661735,9,observed,opendata,"building_area_fraction,building_density,dem_d8_accum_proxy,dist_mapped_water_m,elevation_m,impervious_frac,slope_deg",event_raster,production,0,0,heavy,0.9058690037380859,0.9097443890942439,1,0.9058690037380859,0.9097443890942439,False
892a1072d07ffff,10.762117116586536,0.8415288269414124,1.5970599489907424,10.291666666666666,1.0,756.1760431552476,0.5183933909297068,756.1760431552476,1097.9217976415418,40.0,10.291666666666666,1097.9217976415418,0.5183933909297068,-73.98386659396525,40.702399323320684,9,observed,opendata,"building_area_fraction,building_density,dem_d8_accum_proxy,dist_mapped_water_m,elevation_m,impervious_frac,slope_deg",event_raster,production,0,0,heavy,0.9721294987765026,0.9586313969435122,1,0.9721294987765026,0.9586313969435122,False
892a1072d0bffff,0.7995113048904113,0.35536513017165533,0.7994096866960058,18.744454303460515,0.0,75.61351958333834,0.10270724677628974,75.61351958333834,20.542129057403688,40.0,18.744454303460515,20.542129057403688,0.10270724677628974,-73.99037764474299,40.70486535703891,9,observed,opendata,"building_area_fraction,building_density,dem_d8_accum_proxy,dist_mapped_water_m,elevation_m,impervious_frac,slope_deg",event_raster,production,0,0,heavy,0.8653330827165409,0.8591525170893926,1,0.8653330827165409,0.8591525170893926,False
892a1072d0fffff,7.928156178783886,0.8402945085450888,2.3063534880822787,24.872679045092838,1.0,472.6086933262805,0.4225049085151498,472.6086933262805,859.8309417759858,40.0,24.872679045092838,859.8309417759858,0.4225049085151498,-73.98813818732994,40.70228371583007,9,observed,opendata,"building_area_fraction,building_density,dem_d8_accum_proxy,dist_mapped_water_m,elevation_m,impervious_frac,slope_deg",event_raster,production,0,0,heavy,0.2836509464229232,0.24953999171332178,0,0.2836509464229232,0.24953999171332178,False
892a1072d13ffff,0.0,6.206303259953394e-05,0.0,1.0,0.0,0.0,0.0,0.0,73.09344632395387,40.0,1.0,73.09344632395387,0.0,-73.98407321184507,40.7076784287519,9,observed,opendata,"building_area_fraction,building_density,dem_d8_accum_proxy,dist_mapped_water_m,elevation_m,impervious_frac,slope_deg",event_raster,production,0,0,heavy,0.008945542458076695,0.010762079407125952,0,0.008945542458076695,0.010762079407125952,False
892a1072d17ffff,2.8913749688511006,0.6059435164123214,1.7026199507535296,16.142477876106195,1.0,160.6796359791323,0.09111364114000196,160.6796359791323,238.49725177069084,40.0,16.142477876106195,238.49725177069084,0.09111364114000196,-73.98183397782091,40.705096578515935,9,observed,opendata,"building_area_fraction,building_density,dem_d8_accum_proxy,dist_mapped_water_m,elevation_m,impervious_frac,slope_deg",event_raster,production,0,0,heavy,0.15622489227621095,0.15483895669741496,0,0.15622489227621095,0.15483895669741496,False
892a1072d1bffff,0.0026818050874574868,0.02727092446126052,0.012100506389831183,1.245583038869258,0.0,0.0,0.0,0.0,46.76707864209734,40.0,1.245583038869258,46.76707864209734,0.0,-73.98834528544128,40.707562814764856,9,observed,opendata,"building_area_fraction,building_density,dem_d8_accum_proxy,dist_mapped_water_m,elevation_m,impervious_frac,slope_deg",event_raster,production,0,0,heavy,0.008945542458076695,0.010762079407125952,0,0.008945542458076695,0.010762079407125952,False
892a1072d43ffff,0.015154459671701303,0.12421828627330582,0.05606836178538136,7.1154529307282415,0.0,0.0,0.0,0.0,511.76107001064395,40.0,7.1154529307282415,511.76107001064395,0.0,-73.996889412127,40.70733111369416,9,observed,opendata,"building_area_fraction,building_density,dem_d8_accum_proxy,dist_mapped_water_m,elevation_m,impervious_frac,slope_deg",event_raster,production,0,0,heavy,0.006756437127794919,0.010762079407125952,0,0.006756437127794919,0.010762079407125952,False
892a1072d47ffff,0.2163803129431478,0.24624487726967223,0.31083533356238874,6.186948853615521,0.0,47.4303869729334,0.020996159465343174,47.4303869729334,160.33844220431857,40.0,6.186948853615521,160.33844220431857,0.020996159465343174,-73.99464946796543,40.70474950978168,9,observed,opendata,"building_area_fraction,building_density,dem_d8_accum_proxy,dist_mapped_water_m,elevation_m,impervious_frac,slope_deg",event_raster,production,0,0,heavy,0.015542360217264765,0.02049415537872066,0,0.015542360217264765,0.02049415537872066,False
892a1072d4bffff,1.1078865746912683,0.6908184865397582,1.4778256314607159,6.647214854111406,1.0,746.6411058066457,0.24765794359911183,746.6411058066457,129.94166670030523,40.0,6.647214854111406,129.94166670030523,0.24765794359911183,-74.00116146512151,40.70721502661259,9,observed,opendata,"building_area_fraction,building_density,dem_d8_accum_proxy,dist_mapped_water_m,elevation_m,impervious_frac,slope_deg",event_raster,production,0,0,heavy,0.9430349575365136,0.9480969732025032,1,0.9430349575365136,0.9480969732025032,False
892a1072d4fffff,-0.08578551888530687,0.011900022013993816,0.3114103926546263,1.0887311446317658,0.0,0.0,0.0021739091270787506,0.0,205.56222413453773,40.0,1.0887311446317658,205.56222413453773,0.0021739091270787506,-73.99892128429882,40.704633504846704,9,observed,opendata,"building_area_fraction,building_density,dem_d8_accum_proxy,dist_mapped_water_m,elevation_m,impervious_frac,slope_deg",event_raster,production,0,0,heavy,0.01581543811414086,0.018862383811736293,0,0.01581543811414086,0.018862383811736293,False
892a1072d53ffff,2.026568944043881,0.6616443984805617,1.112668475074511,34.433362753751105,1.0,189.01444815554976,0.1474914899675323,189.01444815554976,343.0601406085251,40.0,34.433362753751105,343.0601406085251,0.1474914899675323,-73.99485730978921,40.710028773926915,9,observed,opendata,"building_area_fraction,building_density,dem_d8_accum_proxy,dist_mapped_water_m,elevation_m,impervious_frac,slope_deg",event_raster,production,0,0,heavy,0.9572314738545569,0.9562379671396337,1,0.9572314738545569,0.9562379671396337,False
892a1072d57ffff,0.0,0.06334868669555467,0.0,1.0,0.0,0.0,0.0,0.0,166.6282137294184,40.0,1.0,166.6282137294184,0.0,-73.99261735221776,40.707447043078595,9,observed,opendata,"building_area_fraction,building_density,dem_d8_accum_proxy,dist_mapped_water_m,elevation_m,impervious_frac,slope_deg",event_raster,production,0,0,heavy,0.007662006054822496,0.010762079407125952,0,0.007662006054822496,0.010762079407125952,False
892a1072d5bffff,3.007810039511809,0.7162455200145008,1.1601749286055565,36.18173758865248,1.0,122.85904751982092,0.13528167504006247,122.85904751982092,592.8403571707928,40.0,36.18173758865248,592.8403571707928,0.13528167504006247,-73.99912960639843,40.70991276239524,9,observed,opendata,"building_area_fraction,building_density,dem_d8_accum_proxy,dist_mapped_water_m,elevation_m,impervious_frac,slope_deg",event_raster,production,0,0,heavy,0.9717791810685694,0.953492225589142,1,0.9717791810685694,0.953492225589142,False
892a1072d73ffff,7.979015965762401,0.8276944767624193,2.748658584579693,20.119005328596803,1.0,510.41595335410136,0.349025666159252,510.41595335410136,722.6481804683713,40.0,20.119005328596803,722.6481804683713,0.349025666159252,-73.99240977387873,40.702167950680035,9,observed,opendata,"building_area_fraction,building_density,dem_d8_accum_proxy,dist_mapped_water_m,elevation_m,impervious_frac,slope_deg",event_raster,production,0,0,heavy,0.8464036739602411,0.9042274605064403,1,0.8464036739602411,0.9042274605064403,False
892a1072d7bffff,1.6326398657788805,0.6059491303951844,1.8325589559671047,9.464951197870452,1.0,132.32969110110287,0.1303529473322893,132.32969110110287,198.49645566575234,40.0,9.464951197870452,198.49645566575234,0.1303529473322893,-73.99668135356416,40.70205202787161,9,observed,opendata,"building_area_fraction,building_density,dem_d8_accum_proxy,dist_mapped_water_m,elevation_m,impervious_frac,slope_deg",event_raster,production,0,0,heavy,0.23235032578595102,0.1956840649211069,0,0.23235032578595102,0.1956840649211069,False
892a1072d83ffff,0.47218252622192036,0.1810392372847796,0.4486168528633956,11.403011514614704,0.0,0.0,0.0,0.0,51.873649992356356,40.0,11.403011514614704,51.873649992356356,0.0,-73.97776805489825,40.710491242867484,9,observed,opendata,"building_area_fraction,building_density,dem_d8_accum_proxy,dist_mapped_water_m,elevation_m,impervious_frac,slope_deg",event_raster,production,0,0,heavy,0.016024343838493115,0.018862383811736293,0,0.016024343838493115,0.018862383811736293,False
892a1072d87ffff,0.0076270794464078084,0.014895152899480372,0.021092172924914224,1.1107174490699734,0.0,0.0,0.0,0.0,264.9359210336392,40.0,1.1107174490699734,264.9359210336392,0.0,-73.97552904438331,40.70790918362411,9,observed,opendata,"building_area_fraction,building_density,dem_d8_accum_proxy,dist_mapped_water_m,elevation_m,impervious_frac,slope_deg",event_raster,production,0,0,heavy,0.007662006054822496,0.010762079407125952,0,0.007662006054822496,0.010762079407125952,False
892a1072d8bffff,1.5947693510775254,0.5778949076529456,1.086461727734273,22.517241379310345,1.0,94.50802286404497,0.06467380486628566,94.50802286404497,215.6444179208826,40.0,22.517241379310345,215.6444179208826,0.06467380486628566,-73.98204037879412,40.71037586221235,9,observed,opendata,"building_area_fraction,building_density,dem_d8_accum_proxy,dist_mapped_water_m,elevation_m,impervious_frac,slope_deg",event_raster,production,0,0,heavy,0.9228295436309017,0.9001139865358825,1,0.9228295436309017,0.9001139865358825,False
892a1072d8fffff,0.0,0.0,0.0,1.0,0.0,0.0,0.0,0.0,192.9533605613732,40.0,1.0,192.9533605613732,0.0,-73.97980113147659,40.70779388503865,9,observed,opendata,"building_area_fraction,building_density,dem_d8_accum_proxy,dist_mapped_water_m,elevation_m,impervious_frac,slope_deg",event_raster,production,0,0,heavy,0.007662006054822496,0.010762079407125952,0,0.007662006054822496,0.010762079407125952,False
892a1072d93ffff,0.5813135728721128,0.316011393353378,0.45281462617861357,6.780530973451327,0.0,18.900744283751173,0.01125099965504269,18.900744283751173,25.107392524847253,40.0,6.780530973451327,25.107392524847253,0.01125099965504269,-73.9757347480519,40.713188651981014,9,observed,opendata,"building_area_fraction,building_density,dem_d8_accum_proxy,dist_mapped_water_m,elevation_m,impervious_frac,slope_deg",event_raster,production,0,0,heavy,0.8768780225810935,0.8218961282548858,1,0.8768780225810935,0.8218961282548858,False
892a1072d97ffff,0.0,0.0,0.0,1.0,0.0,0.0,0.0,0.0,265.712549261342,40.0,1.0,265.712549261342,0.0,-73.97349572429943,40.71060646580088,9,observed,opendata,"building_area_fraction,building_density,dem_d8_accum_proxy,dist_mapped_water_m,elevation_m,impervious_frac,slope_deg",event_raster,production,0,0,heavy,0.007662006054822496,0.010762079407125952,0,0.007662006054822496,0.010762079407125952,False
892a1072d9bffff,5.986115967159051,0.6407863063788986,1.2271884979271952,11.244010647737356,1.0,170.10621520656386,0.18342511872877038,170.10621520656386,972.905402506779,40.0,11.244010647737356,972.905402506779,0.18342511872877038,-73.9800073154922,40.7130733469773,9,observed,opendata,"building_area_fraction,building_density,dem_d8_accum_proxy,dist_mapped_water_m,elevation_m,impervious_frac,slope_deg",event_raster,production,0,0,heavy,0.8777113541991087,0.8780541303311254,1,0.8777113541991087,0.8780541303311254,False
892a1072da3ffff,0.09091189657600104,0.24779033823463106,0.17492295432743346,2.394503546099291,0.0,56.71352494499896,0.0477839860146624,56.71352494499896,54.60129578132473,40.0,2.394503546099291,54.60129578132473,0.0477839860146624,-73.97532338697795,40.70263006531952,9,observed,opendata,"building_area_fraction,building_density,dem_d8_accum_proxy,dist_mapped_water_m,elevation_m,impervious_frac,slope_deg",event_raster,production,0,0,heavy,0.018535518870745383,0.01578635723901983,0,0.018535518870745383,0.01578635723901983,False
892a1072da7ffff,0.29518797313352935,0.7732952638590049,0.6618527609645309,2.754295532646048,1.0,75.62190649980953,0.18633193885272728,75.62190649980953,97.43030077661889,40.0,2.754295532646048,97.43030077661889,0.18633193885272728,-73.97308488972679,40.70004822281854,9,observed,opendata,"building_area_fraction,building_density,dem_d8_accum_proxy,dist_mapped_water_m,elevation_m,impervious_frac,slope_deg",event_raster,production,0,0,heavy,0.1273783405899262,0.0982557755785963,0,0.1273783405899262,0.0982557755785963,False
892a1072dabffff,6.37292127657953,0.7760534133252623,2.816085623628518,7.372113676731794,1.0,557.6814108819977,0.20440394327325104,557.6814108819977,636.2416061560339,40.0,7.372113676731794,636.2416061560339,0.20440394327325104,-73.9795949938321,40.702514773150845,9,observed,opendata,"building_area_fraction,building_density,dem_d8_accum_proxy,dist_mapped_water_m,elevation_m,impervious_frac,slope_deg",event_raster,production,0,0,heavy,0.1971156279631478,0.16746074456792176,0,0.1971156279631478,0.16746074456792176,False
892a1072db3ffff,0.0692583368741494,0.301072149001704,0.08996647463005863,1.7959183673469388,0.0,103.96976700907229,0.0668444997632952,103.96976700907229,23.632255801670706,40.0,1.7959183673469388,23.632255801670706,0.0668444997632952,-73.97329028391235,40.705327169269424,9,observed,opendata,"building_area_fraction,building_density,dem_d8_accum_proxy,dist_mapped_water_m,elevation_m,impervious_frac,slope_deg",event_raster,production,0,0,heavy,0.020152833586882517,0.02119936688283328,0,0.020152833586882517,0.02119936688283328,False
892a1072db7ffff,0.11327052593353888,0.6535327224892916,0.19287322274363897,2.419753086419753,1.0,56.71368661609822,0.11163946820684292,56.71368661609822,221.21881446070427,40.0,2.419753086419753,221.21881446070427,0.11163946820684292,-73.97105177345034,40.70274519982567,9,observed,opendata,"building_area_fraction,building_density,dem_d8_accum_proxy,dist_mapped_water_m,elevation_m,impervious_frac,slope_deg",event_raster,production,0,0,heavy,0.045257842163927885,0.04795111037747331,0,0.045257842163927885,0.04795111037747331,False
892a1072dbbffff,0.4020954799531357,0.20221401913621076,0.6068480014450749,3.932743362831858,0.0,47.25885050726129,0.021387196761340887,47.25885050726129,263.74368380487726,40.0,3.932743362831858,263.74368380487726,0.021387196761340887,-73.9775621342162,40.70521195273364,9,observed,opendata,"building_area_fraction,building_density,dem_d8_accum_proxy,dist_mapped_water_m,elevation_m,impervious_frac,slope_deg",event_raster,production,0,0,heavy,0.01474080743523892,0.01800279273048769,0,0.01474080743523892,0.01800279273048769,False
892a1072dc3ffff,6.726418188640049,0.6917151962349444,1.161625913040453,65.79276895943562,1.0,850.5262670592863,0.2856254629511026,850.5262670592863,1050.1496890823282,40.0,65.79276895943562,1050.1496890823282,0.2856254629511026,-73.98855243013952,40.712842263747554,9,observed,opendata,"building_area_fraction,building_density,dem_d8_accum_proxy,dist_mapped_water_m,elevation_m,impervious_frac,slope_deg",event_raster,production,0,0,heavy,0.9993204650921231,0.9773873051371148,1,0.9993204650921231,0.9773873051371148,False
892a1072dc7ffff,1.8936366838901681,0.7480680548886485,1.0461909262882876,32.276595744680854,1.0,189.01551138902076,0.2461623394393243,189.01551138902076,334.8745089693557,40.0,32.276595744680854,334.8745089693557,0.2461623394393243,-73.98631269593956,40.71026032383652,9,observed,opendata,"building_area_fraction,building_density,dem_d8_accum_proxy,dist_mapped_water_m,elevation_m,impervious_frac,slope_deg",event_raster,production,0,0,heavy,0.9610769361512884,0.9616148117877394,1,0.9610769361512884,0.9616148117877394,False
892a1072dcbffff,9.383027314083886,0.7987320002884438,1.2021544392495371,14.300265721877768,1.0,1058.429710891053,0.3133049884299052,1058.429710891053,1197.9093378880139,40.0,14.300265721877768,1197.9093378880139,0.3133049884299052,-73.99282497725156,40.712726485523575,9,observed,opendata,"building_area_fraction,building_density,dem_d8_accum_proxy,dist_mapped_water_m,elevation_m,impervious_frac,slope_deg",event_raster,production,0,0,heavy,0.18528014624393566,0.1967662093628825,0,0.18528014624393566,0.1967662093628825,False
892a1072dcfffff,1.3792245528085765,0.5879472370843917,1.0244370443035147,45.90860692102928,1.0,122.85973626240448,0.09339144383571561,122.85973626240448,154.65124991614533,40.0,45.90860692102928,154.65124991614533,0.09339144383571561,-73.99058500628709,40.71014462774103,9,observed,opendata,"building_area_fraction,building_density,dem_d8_accum_proxy,dist_mapped_water_m,elevation_m,impervious_frac,slope_deg",event_raster,production,0,0,heavy,0.9266587739055565,0.9535837091602927,1,0.9266587739055565,0.9535837091602927,False
892a1072dd3ffff,9.48738886554789,0.7506617962414962,0.3977573222860639,10.411712511091393,1.0,340.19405522319425,0.2787329462109244,340.19405522319425,2108.124644864231,40.0,10.411712511091393,2108.124644864231,0.2787329462109244,-73.98651962374095,40.715539951076806,9,observed,opendata,"building_area_fraction,building_density,dem_d8_accum_proxy,dist_mapped_water_m,elevation_m,impervious_frac,slope_deg",event_raster,production,0,0,heavy,0.9404023998629057,0.9453705814286504,1,0.9404023998629057,0.9453705814286504,False
892a1072dd7ffff,8.263710407419552,0.7102450544102169,0.7821939603442917,10.377994676131323,1.0,378.01274109465237,0.20729887151723964,378.01274109465237,1237.581659697293,40.0,10.377994676131323,1237.581659697293,0.20729887151723964,-73.9842798762039,40.71295788423248,9,observed,opendata,"building_area_fraction,building_density,dem_d8_accum_proxy,dist_mapped_water_m,elevation_m,impervious_frac,slope_deg",event_raster,production,0,0,heavy,0.9565329441248694,0.9169873377068336,1,0.9565329441248694,0.9169873377068336,False
892a1072ddbffff,11.257507700267947,0.757191937965991,0.581295365757155,16.19449378330373,1.0,2012.8091555261021,0.382088394221314,2012.8091555261021,1209.430757786475,40.0,16.19449378330373,1209.430757786475,0.382088394221314,-73.99079241447993,40.71542424846276,9,observed,opendata,"building_area_fraction,building_density,dem_d8_accum_proxy,dist_mapped_water_m,elevation_m,impervious_frac,slope_deg",event_raster,production,0,0,heavy,0.9749395950090133,0.9702694591889528,1,0.9749395950090133,0.9702694591889528,False
892a1072e97ffff,-1.2826936821376576,0.0,0.0018903643090058776,1.1141176470588234,0.0,0.0,0.0,0.0,593.3739578977988,40.0,1.1141176470588234,593.3739578977988,0.0,-74.01909191907703,40.72786881053854,9,observed,opendata,"building_area_fraction,building_density,dem_d8_accum_proxy,dist_mapped_water_m,elevation_m,impervious_frac,slope_deg",event_raster,production,0,0,heavy,0.007662006054822496,0.010762079407125952,0,0.007662006054822496,0.010762079407125952,False
892a1072ea7ffff,-0.9463155338010149,0.04626287022468067,0.7117445538311593,1.5696465696465696,0.0,9.449167155030462,0.0015209200991037168,9.449167155030462,470.58389839249406,40.0,1.5696465696465696,470.58389839249406,0.0015209200991037168,-74.01867066829203,40.717308256083186,9,observed,opendata,"building_area_fraction,building_density,dem_d8_accum_proxy,dist_mapped_water_m,elevation_m,impervious_frac,slope_deg",event_raster,production,0,0,heavy,0.01712970395831383,0.018706611505788624,0,0.01712970395831383,0.018706611505788624,False
892a1072eb3ffff,-1.2975889788325137,0.0,0.0022994858362903768,1.1365638766519823,0.0,0.0,0.0,0.0,979.9541904151224,40.0,1.1365638766519823,979.9541904151224,0.0,-74.01888126998956,40.722588358374864,9,observed,opendata,"building_area_fraction,building_density,dem_d8_accum_proxy,dist_mapped_water_m,elevation_m,impervious_frac,slope_deg",event_raster,production,0,0,heavy,0.017383980142000294,0.010762079407125952,0,0.017383980142000294,0.010762079407125952,False
892a1072eb7ffff,-0.9869655673346828,0.04456879443157004,1.1383467128588451,1.3174182139699382,0.0,0.0,0.0,0.0,153.85227657677956,40.0,1.3174182139699382,153.85227657677956,0.0,-74.01663935118853,40.72000665061756,9,observed,opendata,"building_area_fraction,building_density,dem_d8_accum_proxy,dist_mapped_water_m,elevation_m,impervious_frac,slope_deg",event_raster,production,0,0,heavy,0.0174341104842651,0.019861024230509682,0,0.0174341104842651,0.019861024230509682,False
892a100d04bffff,3.344531323424001,0.7558853682436333,1.0350922583482545,78.36113575865129,1.0,273.8980490778987,0.27309265013500833,273.8980490778987,521.6157660768786,75.0,78.36113575865129,521.6157660768786,0.27309265013500833,-73.97269448397236,40.74498799569922,9,observed,opendata,"building_area_fraction,building_density,dem_d8_accum_proxy,dist_mapped_water_m,elevation_m,impervious_frac,slope_deg",event_raster,production,0,0,ida_like,1.025642674524057,0.9820360494529464,1,1.025642674524057,0.9820360494529464,False
892a100d04fffff,0.08845332935802193,0.2004225670025031,0.18623061873043353,39.90820584144645,0.0,18.890486593962265,0.007123729701338743,18.890486593962265,374.55231144544734,75.0,39.90820584144645,374.55231144544734,0.007123729701338743,-73.97045411641287,40.742404696985496,9,observed,opendata,"building_area_fraction,building_density,dem_d8_accum_proxy,dist_mapped_water_m,elevation_m,impervious_frac,slope_deg",event_raster,production,0,0,ida_like,0.02686658084703561,0.010885036674472309,0,0.02686658084703561,0.010885036674472309,False
892a100d05bffff,11.09610818531149,0.8317826107163484,4.214213328964444,9.682926829268293,1.0,151.10887057613218,0.2063233276690508,151.10887057613218,625.8958091330022,75.0,9.682926829268293,625.8958091330022,0.2063233276690508,-73.97065939959245,40.747686448906286,9,observed,opendata,"building_area_fraction,building_density,dem_d8_accum_proxy,dist_mapped_water_m,elevation_m,impervious_frac,slope_deg",event_raster,production,0,0,ida_like,0.9376252260989348,0.9395879272343638,1,0.9376252260989348,0.9395879272343638,False
892a100d06bffff,0.0,0.006027634415324851,0.0,1.0,0.0,0.0,0.0,0.0,637.8836724983266,75.0,1.0,637.8836724983266,0.0,-73.9702488794359,40.737123294760856,9,observed,opendata,"building_area_fraction,building_density,dem_d8_accum_proxy,dist_mapped_water_m,elevation_m,impervious_frac,slope_deg",event_raster,production,0,0,ida_like,0.007662006054822496,0.010762079407125952,0,0.007662006054822496,0.010762079407125952,False
892a100d203ffff,11.634066904948437,0.6190496429419581,0.2990700771824793,8.258605472197706,1.0,358.9151644292976,0.3429204347775612,358.9151644292976,4162.245893261687,75.0,8.258605472197706,4162.245893261687,0.3429204347775612,-73.98755496140967,40.74194333566657,9,observed,opendata,"building_area_fraction,building_density,dem_d8_accum_proxy,dist_mapped_water_m,elevation_m,impervious_frac,slope_deg",event_raster,production,0,0,ida_like,0.9701094267802555,0.9572254860953399,1,0.9701094267802555,0.9572254860953399,False
892a100d207ffff,9.353697723953436,0.747485668299363,0.5566738994481663,71.84131205673759,1.0,859.5513113158171,0.4916353037153505,859.5513113158171,3207.400931935863,75.0,71.84131205673759,3207.400931935863,0.4916353037153505,-73.98531389573235,40.73936041044821,9,observed,opendata,"building_area_fraction,building_density,dem_d8_accum_proxy,dist_mapped_water_m,elevation_m,impervious_frac,slope_deg",event_raster,production,0,0,ida_like,0.9033484327026429,0.9564202892021102,1,0.9033484327026429,0.9564202892021102,False
892a100d20bffff,11.088975920706698,0.7844965711407278,0.35287129473777784,36.79133510167993,1.0,1086.187567788973,0.606090463293059,1086.187567788973,4793.8690281716235,75.0,36.79133510167993,4793.8690281716235,0.606090463293059,-73.99183015572552,40.74182760043736,9,observed,opendata,"building_area_fraction,building_density,dem_d8_accum_proxy,dist_mapped_water_m,elevation_m,impervious_frac,slope_deg",event_raster,production,0,0,ida_like,0.993016470302042,0.9840849949142776,1,0.993016470302042,0.9840849949142776,False
892a100d20fffff,11.934826424314027,0.7935258094138863,0.2738077293655487,7.3294951284322405,1.0,1161.807833088293,0.5484905337657906,1161.807833088293,4332.311094885928,75.0,7.3294951284322405,4332.311094885928,0.5484905337657906,-73.98958885298438,40.73924475745148,9,observed,opendata,"building_area_fraction,building_density,dem_d8_accum_proxy,dist_mapped_water_m,elevation_m,impervious_frac,slope_deg",event_raster,production,0,0,ida_like,0.9764000246421851,0.9812223205550161,1,0.9764000246421851,0.9812223205550161,False
892a100d213ffff,11.98053725743526,0.7184812308308084,0.4373890037274696,28.16120460584588,1.0,906.6892580307322,0.5375465244997344,906.6892580307322,3843.515920122065,75.0,28.16120460584588,3843.515920122065,0.5375465244997344,-73.98552083929478,40.744641965067935,9,observed,opendata,"building_area_fraction,building_density,dem_d8_accum_proxy,dist_mapped_water_m,elevation_m,impervious_frac,slope_deg",event_raster,production,0,0,ida_like,0.988496392232019,0.9816493709699547,1,0.988496392232019,0.9816493709699547,False
892a100d217ffff,10.582220157761823,0.8032682606664984,0.4630951389168827,20.195748449955712,1.0,1293.9872786212459,0.5182692072713475,1293.9872786212459,3085.6143559569277,75.0,20.195748449955712,3085.6143559569277,0.5182692072713475,-73.98327976027291,40.74205891293701,9,observed,opendata,"building_area_fraction,building_density,dem_d8_accum_proxy,dist_mapped_water_m,elevation_m,impervious_frac,slope_deg",event_raster,production,0,0,ida_like,0.9818308626602553,0.9707924458581907,1,0.9818308626602553,0.9707924458581907,False
892a100d21bffff,12.252244896922551,0.7485761337035092,0.28367676767419464,10.429078014184396,1.0,1388.3640064907381,0.5523418396473846,1388.3640064907381,5003.475300223948,75.0,10.429078014184396,5003.475300223948,0.5523418396473846,-73.98979627753427,40.744526305564385,9,observed,opendata,"building_area_fraction,building_density,dem_d8_accum_proxy,dist_mapped_water_m,elevation_m,impervious_frac,slope_deg",event_raster,production,0,0,ida_like,0.9681187303516242,0.9825749617155196,1,0.9681187303516242,0.9825749617155196,False
892a100d223ffff,9.008245406735218,0.720816329240693,0.5343374889046218,41.94582593250444,1.0,954.1023724858659,0.3195547874252048,954.1023724858659,2685.56836347554,75.0,41.94582593250444,2685.56836347554,0.3195547874252048,-73.98510699874309,40.73407920554712,9,observed,opendata,"building_area_fraction,building_density,dem_d8_accum_proxy,dist_mapped_water_m,elevation_m,impervious_frac,slope_deg",event_raster,production,0,0,ida_like,0.927609307731207,0.9472328962679594,1,0.927609307731207,0.9472328962679594,False
892a100d227ffff,6.7347384026153865,0.8084701029575577,0.6241051619238394,41.89389920424403,1.0,1313.1387398848888,0.43899270108821836,1313.1387398848888,1595.4828672521983,75.0,41.89389920424403,1595.4828672521983,0.43899270108821836,-73.9828664471727,40.73149649667317,9,observed,opendata,"building_area_fraction,building_density,dem_d8_accum_proxy,dist_mapped_water_m,elevation_m,impervious_frac,slope_deg",event_raster,production,0,0,ida_like,0.9702146220671469,0.9696519225721935,1,0.9702146220671469,0.9696519225721935,False
892a100d22bffff,11.85943661175721,0.811485444426748,0.2974898859753392,10.518617021276595,1.0,765.1690495389598,0.5174672375702787,765.1690495389598,3286.75856974422,75.0,10.518617021276595,3286.75856974422,0.5174672375702787,-73.98938147511579,40.733963559055724,9,observed,opendata,"building_area_fraction,building_density,dem_d8_accum_proxy,dist_mapped_water_m,elevation_m,impervious_frac,slope_deg",event_raster,production,0,0,ida_like,0.9773713569684641,0.9667247719766745,1,0.9773713569684641,0.9667247719766745,False
892a100d22fffff,10.270036309009727,0.7336736165592611,0.5691594506215713,22.56713780918728,1.0,1728.8036682633165,0.43998543557778386,1728.8036682633165,2178.074635817406,75.0,22.56713780918728,2178.074635817406,0.43998543557778386,-73.98714068654695,40.731380932373526,9,observed,opendata,"building_area_fraction,building_density,dem_d8_accum_proxy,dist_mapped_water_m,elevation_m,impervious_frac,slope_deg",event_raster,production,0,0,ida_like,0.9923379920375375,0.9757002771268237,1,0.9923379920375375,0.9757002771268237,False
892a100d233ffff,7.547986360014383,0.7718770690889248,0.48086475218960517,66.38795394154118,1.0,982.3945876476226,0.4276351620510366,982.3945876476226,2399.495648238968,75.0,66.38795394154118,2399.495648238968,0.4276351620510366,-73.98307308046714,40.736777529931615,9,observed,opendata,"building_area_fraction,building_density,dem_d8_accum_proxy,dist_mapped_water_m,elevation_m,impervious_frac,slope_deg",event_raster,production,0,0,ida_like,0.9366804886593566,0.969676174694973,1,0.9366804886593566,0.969676174694973,False
892a100d237ffff,5.612585460475648,0.7343574503583259,0.5764978990340844,64.6763925729443,1.0,1275.288961743088,0.39949176413161236,1275.288961743088,1818.8336187784814,75.0,64.6763925729443,1818.8336187784814,0.39949176413161236,-73.980832515579,40.73419469413901,9,observed,opendata,"building_area_fraction,building_density,dem_d8_accum_proxy,dist_mapped_water_m,elevation_m,impervious_frac,slope_deg",event_raster,production,0,0,ida_like,1.0092041701663808,0.985207111556632,1,1.0092041701663808,0.985207111556632,False
892a100d23bffff,10.783638140685122,0.7322715441106071,0.5472927407999392,20.9181338028169,1.0,1369.6808883055724,0.5015695466267989,1369.6808883055724,3570.1723644306794,75.0,20.9181338028169,3570.1723644306794,0.5015695466267989,-73.98734780066862,40.7366619591473,9,observed,opendata,"building_area_fraction,building_density,dem_d8_accum_proxy,dist_mapped_water_m,elevation_m,impervious_frac,slope_deg",event_raster,production,0,0,ida_like,0.988496392232019,0.9815298233551717,1,0.988496392232019,0.9815298233551717,False
892a100d243ffff,6.8762026253621205,0.7748389768116899,0.3972702182277485,126.21781305114638,1.0,2276.1486110477867,0.49544193743332754,2276.1486110477867,2884.9412952283474,75.0,126.21781305114638,2884.9412952283474,0.49544193743332754,-73.99834713342568,40.744294512623796,9,observed,opendata,"building_area_fraction,building_density,dem_d8_accum_proxy,dist_mapped_water_m,elevation_m,impervious_frac,slope_deg",event_raster,production,0,0,ida_like,0.9855411697480968,0.9807587519372576,1,0.9855411697480968,0.9807587519372576,False
892a100d247ffff,8.821203896929546,0.7937727434611892,0.412153148040268,34.3469387755102,1.0,1171.1902616116129,0.5649586329161382,1171.1902616116129,3623.2010789147153,75.0,34.3469387755102,3623.2010789147153,0.5649586329161382,-73.99610534317284,40.741711707250445,9,observed,opendata,"building_area_fraction,building_density,dem_d8_accum_proxy,dist_mapped_water_m,elevation_m,impervious_frac,slope_deg",event_raster,production,0,0,ida_like,0.904565155654477,0.941605464704658,1,0.904565155654477,0.941605464704658,False
892a100d24bffff,4.700379842133678,0.7691621584445899,2.3811987119978055,6.778172138420586,1.0,1964.4713196446455,0.4187557197142412,1964.4713196446455,1711.4860425111497,75.0,6.778172138420586,1711.4860425111497,0.4187557197142412,-74.00262255098242,40.744178379188874,9,observed,opendata,"building_area_fraction,building_density,dem_d8_accum_proxy,dist_mapped_water_m,elevation_m,impervious_frac,slope_deg",event_raster,production,0,0,ida_like,0.9892887329299843,0.9739581788443487,1,0.9892887329299843,0.9739581788443487,False
892a100d24fffff,6.728941166474821,0.7909526805417321,1.0751003553452378,16.488042515500442,1.0,1794.5606999383997,0.527468556318802,1794.5606999383997,2454.429418197212,75.0,16.488042515500442,2454.429418197212,0.527468556318802,-74.00038052370402,40.74159565610689,9,observed,opendata,"building_area_fraction,building_density,dem_d8_accum_proxy,dist_mapped_water_m,elevation_m,impervious_frac,slope_deg",event_raster,production,0,0,ida_like,0.9534704150434473,0.9662348972751138,1,0.9534704150434473,0.9662348972751138,False
892a100d253ffff,8.19125848040712,0.7926414025337588,0.4620399600144446,37.9600709849157,1.0,698.8666466924884,0.4951791834438302,698.8666466924884,3525.591197387953,75.0,37.9600709849157,3525.591197387953,0.4951791834438302,-73.99631351262427,40.74699342036505,9,observed,opendata,"building_area_fraction,building_density,dem_d8_accum_proxy,dist_mapped_water_m,elevation_m,impervious_frac,slope_deg",event_raster,production,0,0,ida_like,0.3922210358479865,0.3170731978983053,0,0.3922210358479865,0.3170731978983053,False
892a100d257ffff,9.688490660000692,0.8034272127446875,0.547570635655285,71.08761061946903,1.0,1246.6907019885907,0.5819824175144884,1246.6907019885907,4065.341648690927,75.0,71.08761061946903,4065.341648690927,0.5819824175144884,-73.99407170892711,40.74441048808265,9,observed,opendata,"building_area_fraction,building_density,dem_d8_accum_proxy,dist_mapped_water_m,elevation_m,impervious_frac,slope_deg",event_raster,production,0,0,ida_like,0.9808082306824087,0.9820478769438036,1,0.9808082306824087,0.9820478769438036,False
892a100d25bffff,5.423203768983352,0.7607371874878892,1.322553680504186,58.7070796460177,1.0,1029.408800485988,0.33086084305369623,1029.408800485988,2370.2155181922126,75.0,58.7070796460177,2370.2155181922126,0.33086084305369623,-74.00058917418733,40.746877362614214,9,observed,opendata,"building_area_fraction,building_density,dem_d8_accum_proxy,dist_mapped_water_m,elevation_m,impervious_frac,slope_deg",event_raster,production,0,0,ida_like,0.9930254105377448,0.9762306812708413,1,0.9930254105377448,0.9762306812708413,False
892a100d263ffff,9.154166255436891,0.7820788840399989,0.47000771231374683,38.9281914893617,1.0,1246.8748959355855,0.5359448513579532,1246.8748959355855,4072.621757582235,75.0,38.9281914893617,4072.621757582235,0.5359448513579532,-73.9958972205727,40.736430343823116,9,observed,opendata,"building_area_fraction,building_density,dem_d8_accum_proxy,dist_mapped_water_m,elevation_m,impervious_frac,slope_deg",event_raster,production,0,0,ida_like,0.8942878904969139,0.9170920997743953,1,0.8942878904969139,0.9170920997743953,False
892a100d267ffff,10.506262568149197,0.7763419446701305,0.5278553454372933,31.214285714285715,1.0,1501.99427893077,0.5377714965238943,1501.99427893077,4147.713632834725,75.0,31.214285714285715,4147.713632834725,0.5377714965238943,-73.99365594464955,40.7338477546659,9,observed,opendata,"building_area_fraction,building_density,dem_d8_accum_proxy,dist_mapped_water_m,elevation_m,impervious_frac,slope_deg",event_raster,production,0,0,ida_like,0.9850326979230326,0.9830883301677638,1,0.9850326979230326,0.9830883301677638,False
892a100d26bffff,7.4298304092366685,0.7336941748672718,1.4907869235938291,18.392382639503985,1.0,2087.565005173888,0.43001370708469105,2087.565005173888,2894.6345337189323,75.0,18.392382639503985,2894.6345337189323,0.43001370708469105,-74.00017192018016,40.7363142992853,9,observed,opendata,"building_area_fraction,building_density,dem_d8_accum_proxy,dist_mapped_water_m,elevation_m,impervious_frac,slope_deg",event_raster,production,0,0,ida_like,0.33067143356090695,0.29070715331403735,0,0.33067143356090695,0.29070715331403735,False
892a100d26fffff,7.045459998170429,0.6573402445522902,0.5498938282986092,108.12201591511936,1.0,2456.084387329168,0.4856766111540384,2456.084387329168,3548.4786148292724,75.0,108.12201591511936,3548.4786148292724,0.4856766111540384,-73.9979304072968,40.73373179237872,9,observed,opendata,"building_area_fraction,building_density,dem_d8_accum_proxy,dist_mapped_water_m,elevation_m,impervious_frac,slope_deg",event_raster,production,0,0,ida_like,0.8880287637954976,0.9633520358941154,1,0.8880287637954976,0.9633520358941154,False
892a100d273ffff,10.541157568301413,0.8212952520895762,0.41649875312372253,16.70053003533569,1.0,1284.5969165645495,0.6161346097449659,1284.5969165645495,4366.968246712419,75.0,16.70053003533569,4366.968246712419,0.6161346097449659,-73.99386380339365,40.73912894651647,9,observed,opendata,"building_area_fraction,building_density,dem_d8_accum_proxy,dist_mapped_water_m,elevation_m,impervious_frac,slope_deg",event_raster,production,0,0,ida_like,0.9865776969425688,0.9851471847060667,1,0.9865776969425688,0.9851471847060667,False
892a100d277ffff,11.808286775837333,0.7810070273013533,0.2974859175316148,11.861824623560674,1.0,859.5904107653606,0.42368563748846455,859.5904107653606,4404.990300114387,75.0,11.861824623560674,4404.990300114387,0.42368563748846455,-73.99162251405302,40.73654623044413,9,observed,opendata,"building_area_fraction,building_density,dem_d8_accum_proxy,dist_mapped_water_m,elevation_m,impervious_frac,slope_deg",event_raster,production,0,0,ida_like,0.9684861043725955,0.9658880941624666,1,0.9684861043725955,0.9658880941624666,False
892a100d27bffff,8.604641501979357,0.7988172016063765,0.3405201793886892,8.759717314487633,1.0,1426.2764007331282,0.5158462169877158,1426.2764007331282,3203.700221131711,75.0,8.759717314487633,3203.700221131711,0.5158462169877158,-73.9981387469125,40.739012977644194,9,observed,opendata,"building_area_fraction,building_density,dem_d8_accum_proxy,dist_mapped_water_m,elevation_m,impervious_frac,slope_deg",event_raster,production,0,0,ida_like,0.8719750953327854,0.8943426938654235,1,0.8719750953327854,0.8943426938654235,False
892a100d283ffff,16.917748117320418,0.7059835343894233,2.3604242408254525,13.622458001768347,1.0,1728.2978480574743,0.4550787383755099,1728.2978480574743,2537.502510435042,75.0,13.622458001768347,2537.502510435042,0.4550787383755099,-73.97921079764829,40.7474560713926,9,observed,opendata,"building_area_fraction,building_density,dem_d8_accum_proxy,dist_mapped_water_m,elevation_m,impervious_frac,slope_deg",event_raster,production,0,0,ida_like,0.9567739676052123,0.9687450656425468,1,0.9567739676052123,0.9687450656425468,False
892a100d287ffff,7.147121550129579,0.8039008917534246,0.9129411541255175,73.5070796460177,1.0,1501.7126066268452,0.4231081166662552,1501.7126066268452,1605.6338935494234,75.0,73.5070796460177,1605.6338935494234,0.4231081166662552,-73.97696994246623,40.744872810136386,9,observed,opendata,"building_area_fraction,building_density,dem_d8_accum_proxy,dist_mapped_water_m,elevation_m,impervious_frac,slope_deg",event_raster,production,0,0,ida_like,1.002408673167334,0.9763287207887003,1,1.002408673167334,0.9763287207887003,False
892a100d28bffff,15.509574750760047,0.7257254189152544,1.2605201045795285,25.720106288751108,1.0,840.535912359148,0.529679393222422,840.535912359148,3600.5249055380445,75.0,25.720106288751108,3600.5249055380445,0.529679393222422,-73.98348648660567,40.74734064563417,9,observed,opendata,"building_area_fraction,building_density,dem_d8_accum_proxy,dist_mapped_water_m,elevation_m,impervious_frac,slope_deg",event_raster,production,0,0,ida_like,0.9908852887550939,0.9830280069298694,1,0.9908852887550939,0.9830280069298694,False
892a100d28fffff,11.092858950016463,0.7379329336604921,1.111017796915396,21.730803177405118,1.0,1548.9318705468659,0.49838071992841476,1548.9318705468659,2698.2194004843595,75.0,21.730803177405118,2698.2194004843595,0.49838071992841476,-73.98124539425626,40.74475746659229,9,observed,opendata,"building_area_fraction,building_density,dem_d8_accum_proxy,dist_mapped_water_m,elevation_m,impervious_frac,slope_deg",event_raster,production,0,0,ida_like,0.9705183437759318,0.9763311139911441,1,0.9705183437759318,0.9763311139911441,False
892a100d293ffff,17.053246227562006,0.7343941558654427,2.0636505864243557,29.944148936170212,1.0,1095.4801784648826,0.4990897964841905,1095.4801784648826,2629.2092584921716,75.0,29.944148936170212,2629.2092584921716,0.4990897964841905,-73.97717597041498,40.75015472731649,9,observed,opendata,"building_area_fraction,building_density,dem_d8_accum_proxy,dist_mapped_water_m,elevation_m,impervious_frac,slope_deg",event_raster,production,0,0,ida_like,0.9694669123029857,0.9733787565918265,1,0.9694669123029857,0.9733787565918265,False
892a100d297ffff,9.607814983428577,0.8091243255370076,1.2843576428075667,30.645759717314487,1.0,821.6521362411067,0.3882135448667216,821.6521362411067,1585.104332544806,75.0,30.645759717314487,1585.104332544806,0.3882135448667216,-73.97493510196136,40.747571339150305,9,observed,opendata,"building_area_fraction,building_density,dem_d8_accum_proxy,dist_mapped_water_m,elevation_m,impervious_frac,slope_deg",event_raster,production,0,0,ida_like,0.9653431016996518,0.9628730512271942,1,0.9653431016996518,0.9628730512271942,False
892a100d29bffff,22.765609919342175,0.7373028706086364,0.8657436078340471,5.829955947136564,1.0,934.9330117579996,0.534761579845039,934.9330117579996,3551.6861610883225,75.0,5.829955947136564,3551.6861610883225,0.534761579845039,-73.9814519033082,40.75003937734384,9,observed,opendata,"building_area_fraction,building_density,dem_d8_accum_proxy,dist_mapped_water_m,elevation_m,impervious_frac,slope_deg",event_raster,production,0,0,ida_like,0.10562002745950917,0.10740994300918463,0,0.10562002745950917,0.10740994300918463,False
892a100d2a3ffff,5.74795115731209,0.7661340586024965,1.2679799992011946,29.223498233215548,1.0,245.58748269415776,0.3818938453196863,245.58748269415776,1142.0937344759552,75.0,29.223498233215548,1142.0937344759552,0.3818938453196863,-73.97676396089017,40.73959124262263,9,observed,opendata,"building_area_fraction,building_density,dem_d8_accum_proxy,dist_mapped_water_m,elevation_m,impervious_frac,slope_deg",event_raster,production,0,0,ida_like,0.9583182987167977,0.9591099433543819,1,0.9583182987167977,0.9591099433543819,False
892a100d2a7ffff,0.9807134715443706,0.7893562591271409,0.5174281532803537,102.49024822695036,1.0,113.35386601824062,0.3324400777586228,113.35386601824062,213.42318622230448,75.0,102.49024822695036,213.42318622230448,0.3324400777586228,-73.97452361980322,40.737008197739414,9,observed,opendata,"building_area_fraction,building_density,dem_d8_accum_proxy,dist_mapped_water_m,elevation_m,impervious_frac,slope_deg",event_raster,production,0,0,ida_like,0.9825224981955514,0.9807744171736442,1,0.9825224981955514,0.9807744171736442,False
892a100d2abffff,8.566205889091895,0.780882514091768,0.5765698538606084,21.454946996466433,1.0,1209.0426320833733,0.45942555751946984,1209.0426320833733,2148.5677762477494,75.0,21.454946996466433,2148.5677762477494,0.45942555751946984,-73.98103893168508,40.73947590550561,9,observed,opendata,"building_area_fraction,building_density,dem_d8_accum_proxy,dist_mapped_water_m,elevation_m,impervious_frac,slope_deg",event_raster,production,0,0,ida_like,0.9249317919809015,0.9493011867836181,1,0.9249317919809015,0.9493011867836181,False
892a100d2afffff,4.456356149193243,0.7479806258904595,0.7418303156126265,85.96719858156028,1.0,661.2290025268504,0.41499988503649543,661.2290025268504,1230.522464932959,75.0,85.96719858156028,1230.522464932959,0.41499988503649543,-73.97879835349616,40.73689294279598,9,observed,opendata,"building_area_fraction,building_density,dem_d8_accum_proxy,dist_mapped_water_m,elevation_m,impervious_frac,slope_deg",event_raster,production,0,0,ida_like,0.9637177091352614,0.9857636832205919,1,0.9637177091352614,0.9857636832205919,False
892a100d2b3ffff,4.7459736974102205,0.7524935029381145,1.3542759952819452,50.00265486725664,1.0,415.58951777937176,0.444905357851241,415.58951777937176,753.7806130627465,75.0,50.00265486725664,753.7806130627465,0.444905357851241,-73.97472933772691,40.74228959359751,9,observed,opendata,"building_area_fraction,building_density,dem_d8_accum_proxy,dist_mapped_water_m,elevation_m,impervious_frac,slope_deg",event_raster,production,0,0,ida_like,0.984183272840984,0.9806723939608045,1,0.984183272840984,0.9806723939608045,False
892a100d2b7ffff,0.4733200674942577,0.408769081810286,0.39625872512754573,17.273291925465838,0.0,66.11989545174349,0.14559922811940781,66.11989545174349,12.78836189261329,75.0,17.273291925465838,12.78836189261329,0.14559922811940781,-73.97248898339517,40.739706421798246,9,observed,opendata,"building_area_fraction,building_density,dem_d8_accum_proxy,dist_mapped_water_m,elevation_m,impervious_frac,slope_deg",event_raster,production,0,0,ida_like,0.15937311536115534,0.18686530457868247,0,0.15937311536115534,0.18686530457868247,False
892a100d2bbffff,9.50822014888902,0.7417094053632923,0.3525986636405608,9.99734278122232,1.0,1681.2437167749674,0.42124082384961103,1681.2437167749674,1919.6963577830002,75.0,9.99734278122232,1919.6963577830002,0.42124082384961103,-73.97900455236277,40.74217433224768,9,observed,opendata,"building_area_fraction,building_density,dem_d8_accum_proxy,dist_mapped_water_m,elevation_m,impervious_frac,slope_deg",event_raster,production,0,0,ida_like,0.9603372081723501,0.9584346337607739,1,0.9603372081723501,0.9584346337607739,False
892a100d2c3ffff,12.497188469196887,0.8180809853770209,0.47100020741634335,60.326241134751776,1.0,443.85457562007167,0.5767061989049808,443.85457562007167,5011.318098428111,75.0,60.326241134751776,5011.318098428111,0.5767061989049808,-73.99000374878119,40.74980820333916,9,observed,opendata,"building_area_fraction,building_density,dem_d8_accum_proxy,dist_mapped_water_m,elevation_m,impervious_frac,slope_deg",event_raster,production,0,0,ida_like,1.0036645585639083,0.9879012098139331,1,1.0036645585639083,0.9879012098139331,False
892a100d2c7ffff,13.313176553930253,0.7772917157775211,0.3511992797212697,37.63572060123784,1.0,1048.305869617177,0.5359025474333563,1048.305869617177,4695.691982586693,75.0,37.63572060123784,4695.691982586693,0.5359025474333563,-73.98776216878585,40.74722506187607,9,observed,opendata,"building_area_fraction,building_density,dem_d8_accum_proxy,dist_mapped_water_m,elevation_m,impervious_frac,slope_deg",event_raster,production,0,0,ida_like,0.988496392232019,0.9816493709699547,1,0.988496392232019,0.9816493709699547,False
892a100d2cbffff,9.850798211899479,0.8231508452280433,0.5050499744433086,110.2424778761062,1.0,953.8124678665314,0.5656380196291919,953.8124678665314,4013.31143684881,75.0,110.2424778761062,4013.31143684881,0.5656380196291919,-73.99427966126574,40.749692379309224,9,observed,opendata,"building_area_fraction,building_density,dem_d8_accum_proxy,dist_mapped_water_m,elevation_m,impervious_frac,slope_deg",event_raster,production,0,0,ida_like,0.9808082306824087,0.985389441817972,1,0.9808082306824087,0.985389441817972,False
892a100d2cfffff,11.001076699144948,0.7814383401033211,0.4878055801662795,72.09620476610768,1.0,1378.848878919033,0.5942029208674819,1378.848878919033,4695.9944854395835,75.0,72.09620476610768,4695.9944854395835,0.5942029208674819,-73.99203784414127,40.74710932011937,9,observed,opendata,"building_area_fraction,building_density,dem_d8_accum_proxy,dist_mapped_water_m,elevation_m,impervious_frac,slope_deg",event_raster,production,0,0,ida_like,1.0107220784065414,0.9897620356277232,1,1.0107220784065414,0.9897620356277232,False
892a100d2d3ffff,15.342403719638114,0.7389229855950589,0.8534401915275766,22.339522546419097,1.0,670.4713495470615,0.5470736659794311,670.4713495470615,5047.336726256597,75.0,22.339522546419097,5047.336726256597,0.5470736659794311,-73.98796942281288,40.75250713772061,9,observed,opendata,"building_area_fraction,building_density,dem_d8_accum_proxy,dist_mapped_water_m,elevation_m,impervious_frac,slope_deg",event_raster,production,0,0,ida_like,0.9941512582451767,0.9870266267475398,1,0.9941512582451767,0.9870266267475398,False
892a100d2d7ffff,16.714672955369526,0.7223252578382998,1.2815157337130698,19.675221238938054,1.0,1142.6926658239488,0.6157606397906804,1142.6926658239488,4554.317617697063,75.0,19.675221238938054,4554.317617697063,0.6157606397906804,-73.98572782944613,40.74992386935104,9,observed,opendata,"building_area_fraction,building_density,dem_d8_accum_proxy,dist_mapped_water_m,elevation_m,impervious_frac,slope_deg",event_raster,production,0,0,ida_like,0.9878796806787886,0.9856460218744832,1,0.9878796806787886,0.9856460218744832,False
892a100d2dbffff,11.560635549876928,0.7550748357547665,0.3972029725550707,19.67431597528685,1.0,642.1397641095709,0.5520896956161296,642.1397641095709,3999.353071480036,75.0,19.67431597528685,3999.353071480036,0.5520896956161296,-73.99224557931602,40.75239138943488,9,observed,opendata,"building_area_fraction,building_density,dem_d8_accum_proxy,dist_mapped_water_m,elevation_m,impervious_frac,slope_deg",event_raster,production,0,0,ida_like,0.9905741716145717,0.9842422898129833,1,0.9905741716145717,0.9842422898129833,False
892a100d303ffff,0.33006215737380973,0.21603966704284186,0.3201423058466008,12.504638218923933,0.0,28.345554843976227,0.011532903312327435,28.345554843976227,103.3456824195747,75.0,12.504638218923933,103.3456824195747,0.011532903312327435,-73.97187275909451,40.72386379865436,9,observed,opendata,"building_area_fraction,building_density,dem_d8_accum_proxy,dist_mapped_water_m,elevation_m,impervious_frac,slope_deg",event_raster,production,0,0,ida_like,0.004923858901319917,0.02049415537872066,0,0.004923858901319917,0.02049415537872066,False
892a100d30bffff,3.070555277812628,0.7373875516747671,0.36311733965126297,12.447971781305114,1.0,963.7461166542417,0.3140560123678027,963.7461166542417,1053.674021046903,75.0,12.447971781305114,1053.674021046903,0.3140560123678027,-73.9761462942413,40.723748638631584,9,observed,opendata,"building_area_fraction,building_density,dem_d8_accum_proxy,dist_mapped_water_m,elevation_m,impervious_frac,slope_deg",event_raster,production,0,0,ida_like,0.9237759766600754,0.9450699605644707,1,0.9237759766600754,0.9450699605644707,False
892a100d30fffff,1.018254448630795,0.34075038655669415,0.49561539350429545,34.141082519964506,0.0,66.14282420338893,0.04418538886804371,66.14282420338893,271.69579786090515,75.0,34.141082519964506,271.69579786090515,0.04418538886804371,-73.97390674374046,40.72116610888531,9,observed,opendata,"building_area_fraction,building_density,dem_d8_accum_proxy,dist_mapped_water_m,elevation_m,impervious_frac,slope_deg",event_raster,production,0,0,ida_like,0.1364431826142691,0.09881941775564933,0,0.1364431826142691,0.09881941775564933,False
892a100d31bffff,1.9389970005977408,0.8121149652399142,0.49387122405949896,14.87688219663419,1.0,245.64890448835345,0.29583667266157226,245.64890448835345,672.924793108795,75.0,14.87688219663419,672.924793108795,0.29583667266157226,-73.97411232282563,40.72644645532815,9,observed,opendata,"building_area_fraction,building_density,dem_d8_accum_proxy,dist_mapped_water_m,elevation_m,impervious_frac,slope_deg",event_raster,production,0,0,ida_like,0.26877191366145275,0.2851130474773687,0,0.26877191366145275,0.2851130474773687,False
892a100d32bffff,0.10926882264773695,0.13018721912098352,0.13627310751167976,63.3114463176575,0.0,0.0,0.0,0.0,232.7837397081825,75.0,63.3114463176575,232.7837397081825,0.0,-73.9737012109036,40.715886112357865,9,observed,opendata,"building_area_fraction,building_density,dem_d8_accum_proxy,dist_mapped_water_m,elevation_m,impervious_frac,slope_deg",event_raster,production,0,0,ida_like,0.022725774715727502,0.009376981449580109,0,0.022725774715727502,0.009376981449580109,False
892a100d32fffff,0.0,0.05989910423352652,0.0,1.0,0.0,0.0,0.0,0.0,385.78086472746827,75.0,1.0,385.78086472746827,0.0,-73.97146217393056,40.713303799242574,9,observed,opendata,"building_area_fraction,building_density,dem_d8_accum_proxy,dist_mapped_water_m,elevation_m,impervious_frac,slope_deg",event_raster,production,0,0,ida_like,0.007662006054822496,0.010762079407125952,0,0.007662006054822496,0.010762079407125952,False
892a100d33bffff,0.004580221421793894,0.002873535865689686,0.019600106969984515,2.241080038572806,0.0,0.0,0.0,0.0,266.92658207839764,75.0,2.241080038572806,266.92658207839764,0.0,-73.97166744341928,40.71858362397663,9,observed,opendata,"building_area_fraction,building_density,dem_d8_accum_proxy,dist_mapped_water_m,elevation_m,impervious_frac,slope_deg",event_raster,production,0,0,ida_like,0.007662006054822496,0.010762079407125952,0,0.007662006054822496,0.010762079407125952,False
892a100d343ffff,5.5866502148523765,0.577020722082668,0.4508326297277065,160.69169611307422,1.0,1405.5556041546433,0.2587702342262963,1405.5556041546433,416.2161517168003,75.0,160.69169611307422,416.2161517168003,0.2587702342262963,-73.98265986037387,40.72621581321689,9,observed,opendata,"building_area_fraction,building_density,dem_d8_accum_proxy,dist_mapped_water_m,elevation_m,impervious_frac,slope_deg",event_raster,production,0,0,ida_like,0.9276344166743066,0.9514657990317905,1,0.9276344166743066,0.9514657990317905,False
892a100d347ffff,4.644717354000196,0.8011106262718986,0.39232210838752396,68.01330967169477,1.0,1483.408924758386,0.3893958865556362,1483.408924758386,1241.0130266123258,75.0,68.01330967169477,1241.0130266123258,0.3893958865556362,-73.98041982269943,40.723633320786945,9,observed,opendata,"building_area_fraction,building_density,dem_d8_accum_proxy,dist_mapped_water_m,elevation_m,impervious_frac,slope_deg",event_raster,production,0,0,ida_like,1.0167714818211284,0.9859778197644673,1,1.0167714818211284,0.9859778197644673,False
892a100d34bffff,9.015767370252668,0.724463825411337,0.6106587097799746,91.2316534040672,1.0,2059.654053282634,0.38269046511885907,2059.654053282634,1512.0503536288113,75.0,91.2316534040672,1512.0503536288113,0.38269046511885907,-73.98693361902893,40.72610025540042,9,observed,opendata,"building_area_fraction,building_density,dem_d8_accum_proxy,dist_mapped_water_m,elevation_m,impervious_frac,slope_deg",event_raster,production,0,0,ida_like,0.9958492962654985,0.9756680215236011,1,0.9958492962654985,0.9756680215236011,False
892a100d34fffff,7.623786851803391,0.7876910353087702,0.6167541903103995,42.08074534161491,1.0,1549.5437875207735,0.41581382654509463,1549.5437875207735,1540.239795018936,75.0,42.08074534161491,1540.239795018936,0.41581382654509463,-73.98469334442134,40.72351784512154,9,observed,opendata,"building_area_fraction,building_density,dem_d8_accum_proxy,dist_mapped_water_m,elevation_m,impervious_frac,slope_deg",event_raster,production,0,0,ida_like,0.9114335833283347,0.9570698001180822,1,0.9114335833283347,0.9570698001180822,False
892a100d353ffff,4.521780591095443,0.7922351027484489,0.3845147181005604,163.48849557522124,1.0,2248.5108413934995,0.4655384185022651,2248.5108413934995,648.7489757814568,75.0,163.48849557522124,648.7489757814568,0.4655384185022651,-73.98062614592236,40.728913832547754,9,observed,opendata,"building_area_fraction,building_density,dem_d8_accum_proxy,dist_mapped_water_m,elevation_m,impervious_frac,slope_deg",event_raster,production,0,0,ida_like,1.015314068785393,0.9860118417532986,1,1.015314068785393,0.9860118417532986,False
892a100d357ffff,3.1141942793432333,0.7748897211839376,0.36680282423164756,204.97249334516414,1.0,1625.0573574649106,0.40742719514522585,1625.0573574649106,847.9945021272777,75.0,204.97249334516414,847.9945021272777,0.40742719514522585,-73.9783860949569,40.726331213193134,9,observed,opendata,"building_area_fraction,building_density,dem_d8_accum_proxy,dist_mapped_water_m,elevation_m,impervious_frac,slope_deg",event_raster,production,0,0,ida_like,1.0022571054799776,0.9880101939395102,1,1.0022571054799776,0.9880101939395102,False
892a100d35bffff,7.43764604587098,0.7497775448087897,0.5960472149587672,67.59272404614019,1.0,2626.4043840731415,0.4663264694575059,2626.4043840731415,1107.8621328484753,75.0,67.59272404614019,1107.8621328484753,0.4663264694575059,-73.98490014831133,40.72879835041982,9,observed,opendata,"building_area_fraction,building_density,dem_d8_accum_proxy,dist_mapped_water_m,elevation_m,impervious_frac,slope_deg",event_raster,production,0,0,ida_like,0.9832545012971026,0.9758662504873074,1,0.9832545012971026,0.9758662504873074,False
892a100d363ffff,4.558396402247309,0.6824059780445793,0.47961942054258583,96.99378881987577,1.0,152.73233360501195,0.19209512792462843,152.73233360501195,409.0021997003835,75.0,96.99378881987577,409.0021997003835,0.19209512792462843,-73.98021354589461,40.718353158911775,9,observed,opendata,"building_area_fraction,building_density,dem_d8_accum_proxy,dist_mapped_water_m,elevation_m,impervious_frac,slope_deg",event_raster,production,0,0,ida_like,0.9865667652052285,0.9711148472812421,1,0.9865667652052285,0.9711148472812421,False
892a100d367ffff,2.7580655020776312,0.7045963334762702,0.7061705600249228,44.11957484499557,1.0,103.94877229180514,0.11122112618573372,103.94877229180514,871.4361455647529,75.0,44.11957484499557,871.4361455647529,0.11122112618573372,-73.9779740219053,40.71577088302538,9,observed,opendata,"building_area_fraction,building_density,dem_d8_accum_proxy,dist_mapped_water_m,elevation_m,impervious_frac,slope_deg",event_raster,production,0,0,ida_like,0.9406983794767477,0.9631901880050436,1,0.9406983794767477,0.9631901880050436,False
892a100d36bffff,7.702208926068976,0.8444553578259252,0.5499126501777705,51.695035460992905,1.0,1152.824113120977,0.38304576013927205,1152.824113120977,1056.5341107824609,75.0,51.695035460992905,1056.5341107824609,0.38304576013927205,-73.98448658705743,40.718237689707394,9,observed,opendata,"building_area_fraction,building_density,dem_d8_accum_proxy,dist_mapped_water_m,elevation_m,impervious_frac,slope_deg",event_raster,production,0,0,ida_like,0.889391075821744,0.9569576322977912,1,0.889391075821744,0.9569576322977912,False
892a100d36fffff,7.427478178349197,0.768602399019046,0.9244821037088553,29.728155339805824,1.0,321.29529383217175,0.2004228860315831,321.29529383217175,1471.9406884439734,75.0,29.728155339805824,1471.9406884439734,0.2004228860315831,-73.98224682620025,40.71565549593136,9,observed,opendata,"building_area_fraction,building_density,dem_d8_accum_proxy,dist_mapped_water_m,elevation_m,impervious_frac,slope_deg",event_raster,production,0,0,ida_like,0.9043736592677891,0.9184222190384232,1,0.9043736592677891,0.9184222190384232,False
892a100d373ffff,3.7008108685141226,0.7542084921134902,0.34596466896700795,113.31532329495128,1.0,774.8137351400688,0.30167143582508654,774.8137351400688,778.0595702150201,75.0,113.31532329495128,778.0595702150201,0.30167143582508654,-73.97818003525298,40.72105087315231,9,observed,opendata,"building_area_fraction,building_density,dem_d8_accum_proxy,dist_mapped_water_m,elevation_m,impervious_frac,slope_deg",event_raster,production,0,0,ida_like,0.9828449070917723,0.9843592598858198,1,0.9828449070917723,0.9843592598858198,False
892a100d377ffff,1.6780312110335243,0.6493918068358154,0.5231083692133742,225.40106007067138,1.0,113.39317906931772,0.09130986122500911,113.39317906931772,621.6312370920012,75.0,225.40106007067138,621.6312370920012,0.09130986122500911,-73.97594049799939,40.718468470335196,9,observed,opendata,"building_area_fraction,building_density,dem_d8_accum_proxy,dist_mapped_water_m,elevation_m,impervious_frac,slope_deg",event_raster,production,0,0,ida_like,0.9885619863097219,0.974700752013979,1,0.9885619863097219,0.974700752013979,False
892a100d37bffff,6.074471894135438,0.8143881015933307,0.4704754439240941,124.49955869373345,1.0,1514.6905724665742,0.3773416353762881,1514.6905724665742,527.9499871908369,75.0,124.49955869373345,527.9499871908369,0.3773416353762881,-73.98245332005494,40.7209354796179,9,observed,opendata,"building_area_fraction,building_density,dem_d8_accum_proxy,dist_mapped_water_m,elevation_m,impervious_frac,slope_deg",event_raster,production,0,0,ida_like,0.9870529353441502,0.981664271231271,1,0.9870529353441502,0.981664271231271,False
892a100d3c3ffff,0.6128655131696951,0.5629919689043797,0.3475679819685786,57.40832595217006,1.0,56.682569958746576,0.11494009047587837,56.682569958746576,218.70139566870228,75.0,57.40832595217006,218.70139566870228,0.11494009047587837,-73.97431794817466,40.73172715163123,9,observed,opendata,"building_area_fraction,building_density,dem_d8_accum_proxy,dist_mapped_water_m,elevation_m,impervious_frac,slope_deg",event_raster,production,0,0,ida_like,0.8350060963765881,0.848621577442111,1,0.8350060963765881,0.848621577442111,False
892a100d3c7ffff,0.75195627715678,0.5162018981679098,0.5022142332503705,4.554659498207886,1.0,75.58062667460685,0.10069092558187379,75.58062667460685,167.14055966195306,75.0,4.554659498207886,167.14055966195306,0.10069092558187379,-73.97207812097184,40.72914432322064,9,observed,opendata,"building_area_fraction,building_density,dem_d8_accum_proxy,dist_mapped_water_m,elevation_m,impervious_frac,slope_deg",event_raster,production,0,0,ida_like,0.13153358027785342,0.13616982005272976,0,0.13153358027785342,0.13616982005272976,False
892a100d3cbffff,3.4916955958886424,0.5565334221291923,0.5258604157352109,77.14653641207815,1.0,113.36481717867224,0.2060842381632758,113.36481717867224,1387.790111205094,75.0,77.14653641207815,1387.790111205094,0.2060842381632758,-73.97859220103275,40.73161190309274,9,observed,opendata,"building_area_fraction,building_density,dem_d8_accum_proxy,dist_mapped_water_m,elevation_m,impervious_frac,slope_deg",event_raster,production,0,0,ida_like,0.11234960475866995,0.12252106311022147,0,0.11234960475866995,0.12252106311022147,False
892a100d3cfffff,2.3551216452420283,0.7707773270430388,0.4281572353019259,53.17724867724868,1.0,368.4545043532385,0.24100500359050583,368.4545043532385,1154.7055073844572,75.0,53.17724867724868,1154.7055073844572,0.24100500359050583,-73.97635213679334,40.72902915681503,9,observed,opendata,"building_area_fraction,building_density,dem_d8_accum_proxy,dist_mapped_water_m,elevation_m,impervious_frac,slope_deg",event_raster,production,0,0,ida_like,0.941896839555284,0.9604207442356946,1,0.941896839555284,0.9604207442356946,False
892a100d3d3ffff,0.015260853109045734,0.10776475645644683,0.05527591807185672,22.217198581560282,0.0,18.89327738137942,0.031172348950599085,18.89327738137942,333.25325186169357,75.0,22.217198581560282,333.25325186169357,0.031172348950599085,-73.97228352906686,40.73442519762032,9,observed,opendata,"building_area_fraction,building_density,dem_d8_accum_proxy,dist_mapped_water_m,elevation_m,impervious_frac,slope_deg",event_raster,production,0,0,ida_like,0.026508884836029235,0.010997833938233082,0,0.026508884836029235,0.010997833938233082,False
892a100d3d7ffff,0.0,0.0,0.0,1.0,0.0,0.0,0.0,0.0,839.5136774689454,75.0,1.0,839.5136774689454,0.0,-73.970043688646,40.7318422422876,9,observed,opendata,"building_area_fraction,building_density,dem_d8_accum_proxy,dist_mapped_water_m,elevation_m,impervious_frac,slope_deg",event_raster,production,0,0,ida_like,0.007662006054822496,0.010762079407125952,0,0.007662006054822496,0.010762079407125952,False
892a100d3dbffff,1.9969931639230714,0.6234106497292805,0.5685779020953726,159.25706713780917,1.0,188.9322350168775,0.18934958794626555,188.9322350168775,646.6873693039787,75.0,159.25706713780917,646.6873693039787,0.18934958794626555,-73.97655802567105,40.73431002483043,9,observed,opendata,"building_area_fraction,building_density,dem_d8_accum_proxy,dist_mapped_water_m,elevation_m,impervious_frac,slope_deg",event_raster,production,0,0,ida_like,0.9823123772223975,0.9759646871797761,1,0.9823123772223975,0.9759646871797761,False
892a100d607ffff,14.020338530513827,0.7112487444664513,1.0015001963969716,39.16536312849162,1.0,302.15768155156775,0.4622610638458984,302.15768155156775,3872.9261737505403,75.0,39.16536312849162,3872.9261737505403,0.4622610638458984,-73.97107010462192,40.75825100161534,9,observed,opendata,"building_area_fraction,building_density,dem_d8_accum_proxy,dist_mapped_water_m,elevation_m,impervious_frac,slope_deg",event_raster,production,0,0,ida_like,0.9977582217576956,0.9747844316579216,1,0.9977582217576956,0.9747844316579216,False
892a100d60fffff,19.72242390804879,0.6652081506892973,1.0943608169557757,7.185022026431718,1.0,500.44723006896095,0.5296866072932178,500.44723006896095,4254.890531775295,75.0,7.185022026431718,4254.890531775295,0.5296866072932178,-73.97534676942504,40.75813587911897,9,observed,opendata,"building_area_fraction,building_density,dem_d8_accum_proxy,dist_mapped_water_m,elevation_m,impervious_frac,slope_deg",event_raster,production,0,0,ida_like,0.9644819205247499,0.9795112424549893,1,0.9644819205247499,0.9795112424549893,False
892a100d623ffff,13.148497154090345,0.7602584077149666,1.6915548537659133,59.038140643623365,1.0,831.016192876088,0.3945466338293475,831.016192876088,2016.573403672762,75.0,59.038140643623365,2016.573403672762,0.3945466338293475,-73.97086472899026,40.752968550468005,9,observed,opendata,"building_area_fraction,building_density,dem_d8_accum_proxy,dist_mapped_water_m,elevation_m,impervious_frac,slope_deg",event_raster,production,0,0,ida_like,1.033642899376225,0.9853096304889395,1,1.033642899376225,0.9853096304889395,False
892a100d62bffff,14.418228563653216,0.7967663634716151,1.2384826880358653,23.111013215859032,1.0,481.6102811513987,0.6467541623718011,481.6102811513987,2682.805490788197,75.0,23.111013215859032,2682.805490788197,0.6467541623718011,-73.97514091252218,40.752853434342555,9,observed,opendata,"building_area_fraction,building_density,dem_d8_accum_proxy,dist_mapped_water_m,elevation_m,impervious_frac,slope_deg",event_raster,production,0,0,ida_like,0.9734538332724747,0.9765063924575206,1,0.9734538332724747,0.9765063924575206,False
892a100d62fffff,13.633146318983524,0.8289348363400774,1.4104762458876567,13.285460992907801,1.0,424.97197105742754,0.5062271319643027,424.97197105742754,1612.8375588875404,75.0,13.285460992907801,1612.8375588875404,0.5062271319643027,-73.97290003081406,40.750269919268,9,observed,opendata,"building_area_fraction,building_density,dem_d8_accum_proxy,dist_mapped_water_m,elevation_m,impervious_frac,slope_deg",event_raster,production,0,0,ida_like,0.9866308347986044,0.9764585377647712,1,0.9866308347986044,0.9764585377647712,False
892a100d63bffff,14.483056847085344,0.7337768375345156,1.0713072652195363,33.341312056737586,1.0,377.71532593222224,0.542230702668537,377.71532593222224,3132.6754101004144,75.0,33.341312056737586,3132.6754101004144,0.542230702668537,-73.97310562393588,40.75555219244933,9,observed,opendata,"building_area_fraction,building_density,dem_d8_accum_proxy,dist_mapped_water_m,elevation_m,impervious_frac,slope_deg",event_raster,production,0,0,ida_like,0.9696619032555645,0.9817893265267585,1,0.9696619032555645,0.9817893265267585,False
892a100d663ffff,19.63950660685365,0.7479781486876539,0.5656640960901502,11.427184466019417,1.0,708.2122024914353,0.5718508842336081,708.2122024914353,4655.209414351158,75.0,11.427184466019417,4655.209414351158,0.5718508842336081,-73.98165845885663,40.75532163770499,9,observed,opendata,"building_area_fraction,building_density,dem_d8_accum_proxy,dist_mapped_water_m,elevation_m,impervious_frac,slope_deg",event_raster,production,0,0,ida_like,0.9929982864376299,0.985826078692089,1,0.9929982864376299,0.985826078692089,False
892a100d667ffff,19.985027186526356,0.7309804871823536,1.0679178349056098,22.732506643046943,1.0,481.60890969299186,0.5376792560219663,481.60890969299186,3619.4840244017128,75.0,22.732506643046943,3619.4840244017128,0.5376792560219663,-73.97941708936834,40.7527381601755,9,observed,opendata,"building_area_fraction,building_density,dem_d8_accum_proxy,dist_mapped_water_m,elevation_m,impervious_frac,slope_deg",event_raster,production,0,0,ida_like,0.9714003576984368,0.9822039206623884,1,0.9714003576984368,0.9822039206623884,False
892a100d66bffff,17.500070471557024,0.6932226776760516,0.6726049114180075,28.52608311229001,1.0,443.8117227518402,0.5134854723085188,443.8117227518402,5090.952395308951,75.0,28.52608311229001,5090.952395308951,0.5134854723085188,-73.98593486620214,40.75520612324228,9,observed,opendata,"building_area_fraction,building_density,dem_d8_accum_proxy,dist_mapped_water_m,elevation_m,impervious_frac,slope_deg",event_raster,production,0,0,ida_like,0.969011461175362,0.9817830616705583,1,0.969011461175362,0.9817830616705583,False
892a100d66fffff,20.715400095527055,0.6178529678071116,0.7742615862227712,14.50709219858156,1.0,802.6792381051476,0.494886293010319,802.6792381051476,4618.788205299972,75.0,14.50709219858156,4618.788205299972,0.494886293010319,-73.98369325948109,40.752622727967825,9,observed,opendata,"building_area_fraction,building_density,dem_d8_accum_proxy,dist_mapped_water_m,elevation_m,impervious_frac,slope_deg",event_raster,production,0,0,ida_like,0.0322192211156849,0.047175718134297065,0,0.0322192211156849,0.047175718134297065,False
892a100d673ffff,19.184934780107323,0.7011803364288722,0.7275533722837436,21.55496453900709,1.0,745.9475204764619,0.5557050881611098,745.9475204764619,4900.987272679926,75.0,21.55496453900709,4900.987272679926,0.5557050881611098,-73.97962342753863,40.75802059854109,9,observed,opendata,"building_area_fraction,building_density,dem_d8_accum_proxy,dist_mapped_water_m,elevation_m,impervious_frac,slope_deg",event_raster,production,0,0,ida_like,0.9878796806787886,0.9865202935711019,1,0.9878796806787886,0.9865202935711019,False
892a100d677ffff,18.53936629797061,0.7161777546509086,0.582510963887082,11.568523430592396,1.0,500.47137923878313,0.5084463282452338,500.47137923878313,3786.401298019826,75.0,11.568523430592396,3786.401298019826,0.5084463282452338,-73.97738204475199,40.75543699410768,9,observed,opendata,"building_area_fraction,building_density,dem_d8_accum_proxy,dist_mapped_water_m,elevation_m,impervious_frac,slope_deg",event_raster,production,0,0,ida_like,0.973421743348511,0.9805793568442965,1,0.973421743348511,0.9805793568442965,False
892a100d67bffff,16.20414668031755,0.7075797802942396,0.6977731895301191,93.25817860300619,1.0,613.7525470184872,0.5599201989171262,613.7525470184872,5229.634515591869,75.0,93.25817860300619,5229.634515591869,0.5599201989171262,-73.98390007891497,40.757905159882704,9,observed,opendata,"building_area_fraction,building_density,dem_d8_accum_proxy,dist_mapped_water_m,elevation_m,impervious_frac,slope_deg",event_raster,production,0,0,ida_like,0.9868335848157881,0.9893137760257326,1,0.9868335848157881,0.9893137760257326,False
892a100de4bffff,0.024937975428425272,0.15310505929116933,0.0563516867531057,1.3495762711864407,0.0,13.573827367169645,0.017928297710775552,13.573827367169645,0.0,75.0,1.3495762711864407,0.0,0.017928297710775552,-73.97125695061276,40.70802432450722,9,observed,opendata,"building_area_fraction,building_density,dem_d8_accum_proxy,dist_mapped_water_m,elevation_m,impervious_frac,slope_deg",event_raster,production,0,0,ida_like,0.00803997353104912,0.010762079407125952,0,0.00803997353104912,0.010762079407125952,False
892a10720b7ffff,-1.1900991245511503,0.00018630719034623262,0.0006145217988354039,1.026827012025902,0.0,0.0,0.0,0.0,490.3675852178502,75.0,1.026827012025902,490.3675852178502,0.0,-74.0181130416704,40.75697595984327,9,observed,opendata,"building_area_fraction,building_density,dem_d8_accum_proxy,dist_mapped_water_m,elevation_m,impervious_frac,slope_deg",event_raster,production,0,0,ida_like,0.007662006054822496,0.010762079407125952,0,0.007662006054822496,0.010762079407125952,False
892a1072103ffff,-1.2399753847266048,0.0,0.00023242917916710228,1.0275066548358474,0.0,0.0,0.0,0.0,142.54900527476912,75.0,1.0275066548358474,142.54900527476912,0.0,-74.01748117571599,40.741129871987226,9,observed,opendata,"building_area_fraction,building_density,dem_d8_accum_proxy,dist_mapped_water_m,elevation_m,impervious_frac,slope_deg",event_raster,production,0,0,ida_like,0.007966412580773765,0.010762079407125952,0,0.007966412580773765,0.010762079407125952,False
892a1072107ffff,-1.244210231430539,0.0,0.001968905035169407,1.1139575971731448,0.0,0.0,0.0,0.0,908.3124864144515,75.0,1.1139575971731448,908.3124864144515,0.0,-74.0152384511325,40.73854752280379,9,observed,opendata,"building_area_fraction,building_density,dem_d8_accum_proxy,dist_mapped_water_m,elevation_m,impervious_frac,slope_deg",event_raster,production,0,0,ida_like,0.017383980142000294,0.010762079407125952,0,0.017383980142000294,0.010762079407125952,False
892a107210fffff,-1.245603721388455,0.0,0.0024840236519431246,1.1420689655172414,0.0,0.0,0.0,0.0,229.91059413000588,75.0,1.1420689655172414,229.91059413000588,0.0,-74.01951335948576,40.73843076426119,9,observed,opendata,"building_area_fraction,building_density,dem_d8_accum_proxy,dist_mapped_water_m,elevation_m,impervious_frac,slope_deg",event_raster,production,0,0,ida_like,0.007662006054822496,0.010762079407125952,0,0.007662006054822496,0.010762079407125952,False
892a1072113ffff,-1.2310538851249386,0.0,0.0020333318153320824,1.102112676056338,0.0,0.0,0.0,0.0,515.0205972291368,75.0,1.102112676056338,515.0205972291368,0.0,-74.01544876152556,40.74382903103832,9,observed,opendata,"building_area_fraction,building_density,dem_d8_accum_proxy,dist_mapped_water_m,elevation_m,impervious_frac,slope_deg",event_raster,production,0,0,ida_like,0.007662006054822496,0.010762079407125952,0,0.007662006054822496,0.010762079407125952,False
892a1072117ffff,-1.1877672159961894,0.04511516691964383,0.18150142565476748,1.120353982300885,0.0,9.44497754143648,0.0026408206918432423,9.44497754143648,228.8919870293379,75.0,1.120353982300885,228.8919870293379,0.0026408206918432423,-74.01320602332508,40.741246554946805,9,observed,opendata,"building_area_fraction,building_density,dem_d8_accum_proxy,dist_mapped_water_m,elevation_m,impervious_frac,slope_deg",event_raster,production,0,0,ida_like,0.006271180377640408,0.010758911387202048,0,0.006271180377640408,0.010758911387202048,False
892a107211bffff,-1.2316763050842865,0.0,0.00202297376694875,1.1385083713850837,0.0,0.0,0.0,0.0,641.5942185252629,75.0,1.1385083713850837,641.5942185252629,0.0,-74.01972415083898,40.74371226570976,9,observed,opendata,"building_area_fraction,building_density,dem_d8_accum_proxy,dist_mapped_water_m,elevation_m,impervious_frac,slope_deg",event_raster,production,0,0,ida_like,0.007662006054822496,0.010762079407125952,0,0.007662006054822496,0.010762079407125952,False
892a1072123ffff,-1.1687535791666106,0.000900871208065346,0.3894691946386747,1.1725663716814159,0.0,0.0,0.0,0.0,281.38269911141,75.0,1.1725663716814159,281.38269911141,0.0,-74.01502818806925,40.73326636427724,9,observed,opendata,"building_area_fraction,building_density,dem_d8_accum_proxy,dist_mapped_water_m,elevation_m,impervious_frac,slope_deg",event_raster,production,0,0,ida_like,0.015013885332115017,0.018862383811736286,0,0.015013885332115017,0.018862383811736286,False
892a1072127ffff,0.317415078061613,0.41555844345398874,1.1515371945328723,2.019503546099291,0.0,28.340568616711487,0.2042888420850789,28.340568616711487,35.254682484286064,75.0,2.019503546099291,35.254682484286064,0.2042888420850789,-74.01278597804964,40.73068423115304,9,observed,opendata,"building_area_fraction,building_density,dem_d8_accum_proxy,dist_mapped_water_m,elevation_m,impervious_frac,slope_deg",event_raster,production,0,0,ida_like,0.05239276965703156,0.1431365169805771,0,0.05239276965703156,0.1431365169805771,False
892a107212bffff,-1.2623415277333616,0.0,0.0019051260698506435,1.1153358681875791,0.0,0.0,0.0,0.0,181.7454647629229,75.0,1.1153358681875791,181.7454647629229,0.0,-74.01930261557044,40.733149612519036,9,observed,opendata,"building_area_fraction,building_density,dem_d8_accum_proxy,dist_mapped_water_m,elevation_m,impervious_frac,slope_deg",event_raster,production,0,0,ida_like,0.007662006054822496,0.010762079407125952,0,0.007662006054822496,0.010762079407125952,False
892a107212fffff,-1.2719176585760563,0.0,0.0020710156741099955,1.1103265666372462,0.0,0.0,0.0,0.0,820.5841911242095,75.0,1.1103265666372462,820.5841911242095,0.0,-74.01706016873243,40.73056756172238,9,observed,opendata,"building_area_fraction,building_density,dem_d8_accum_proxy,dist_mapped_water_m,elevation_m,impervious_frac,slope_deg",event_raster,production,0,0,ida_like,0.007662006054822496,0.010762079407125952,0,0.007662006054822496,0.010762079407125952,False
892a1072133ffff,-1.2547325967474188,0.011688449909020519,0.014539379470053638,1.2198581560283688,0.0,0.0,0.0,0.0,627.7938499484179,75.0,1.2198581560283688,627.7938499484179,0.0,-74.01299597705345,40.73596521818175,9,observed,opendata,"building_area_fraction,building_density,dem_d8_accum_proxy,dist_mapped_water_m,elevation_m,impervious_frac,slope_deg",event_raster,production,0,0,ida_like,0.007662006054822496,0.010762079407125952,0,0.007662006054822496,0.010762079407125952,False
892a1072137ffff,1.174219126347863,0.5746522394854691,2.5183943415297168,2.621693121693122,1.0,425.0879774447582,0.15357718170244142,425.0879774447582,17.00274128966355,75.0,2.621693121693122,17.00274128966355,0.15357718170244142,-74.01075375344374,40.73338295814338,9,observed,opendata,"building_area_fraction,building_density,dem_d8_accum_proxy,dist_mapped_water_m,elevation_m,impervious_frac,slope_deg",event_raster,production,0,0,ida_like,0.898775710048279,0.9292645708874723,1,0.898775710048279,0.9292645708874723,False
892a107213bffff,-1.2532459888838035,0.0,0.0019723898133642112,1.1141592920353982,0.0,0.0,0.0,0.0,554.1994184773952,75.0,1.1141592920353982,554.1994184773952,0.0,-74.01727064853625,40.735848541987394,9,observed,opendata,"building_area_fraction,building_density,dem_d8_accum_proxy,dist_mapped_water_m,elevation_m,impervious_frac,slope_deg",event_raster,production,0,0,ida_like,0.007662006054822496,0.010762079407125952,0,0.007662006054822496,0.010762079407125952,False
892a1072183ffff,1.092882147249922,0.7522775878816721,2.5900390582813637,3.022968197879859,1.0,122.77284279812328,0.415366917420803,122.77284279812328,67.41442148510781,75.0,3.022968197879859,67.41442148510781,0.415366917420803,-74.00914047636303,40.74664477312714,9,observed,opendata,"building_area_fraction,building_density,dem_d8_accum_proxy,dist_mapped_water_m,elevation_m,impervious_frac,slope_deg",event_raster,production,0,0,ida_like,1.0007196817808386,0.9688528113295625,1,1.0007196817808386,0.9688528113295625,False
892a1072187ffff,2.865856484433288,0.8612008066278733,1.6096148432023738,5.015057573073516,1.0,453.3382727626233,0.4553102934621101,453.3382727626233,544.6378835748991,75.0,5.015057573073516,544.6378835748991,0.4553102934621101,-74.0068979615497,40.74406208777896,9,observed,opendata,"building_area_fraction,building_density,dem_d8_accum_proxy,dist_mapped_water_m,elevation_m,impervious_frac,slope_deg",event_raster,production,0,0,ida_like,1.0048172043485575,0.9789267972717878,1,1.0048172043485575,0.9789267972717878,False
892a107218bffff,-1.145717832484408,0.025607253999365923,0.2881564678893018,1.1799645390070923,0.0,0.0,0.004778660597349168,0.0,507.93417928031823,75.0,1.1799645390070923,507.93417928031823,0.004778660597349168,-74.0134161168805,40.74652824139304,9,observed,opendata,"building_area_fraction,building_density,dem_d8_accum_proxy,dist_mapped_water_m,elevation_m,impervious_frac,slope_deg",event_raster,production,0,0,ida_like,0.006271180377640408,0.010758911387202048,0,0.006271180377640408,0.010758911387202048,False
892a107218fffff,-0.7697109869887343,0.21370887603029706,1.2654111865971782,1.5761061946902655,0.0,9.444521136991822,0.11109440078555387,9.444521136991822,36.4228806819232,75.0,1.5761061946902655,36.4228806819232,0.11109440078555387,-74.01117336507996,40.74394563839507,9,observed,opendata,"building_area_fraction,building_density,dem_d8_accum_proxy,dist_mapped_water_m,elevation_m,impervious_frac,slope_deg",event_raster,production,0,0,ida_like,0.01841324036156803,0.02083319827992102,0,0.01841324036156803,0.02083319827992102,False
892a1072193ffff,2.4733190099759055,0.8853500230424272,1.8663179345042886,5.219663418954827,1.0,254.97743280222926,0.3988971842263096,254.97743280222926,633.4515107749037,75.0,5.219663418954827,633.4515107749037,0.3988971842263096,-74.00710735714024,40.7493439591216,9,observed,opendata,"building_area_fraction,building_density,dem_d8_accum_proxy,dist_mapped_water_m,elevation_m,impervious_frac,slope_deg",event_raster,production,0,0,ida_like,0.9457919186730537,0.9658583355071608,1,0.9457919186730537,0.9658583355071608,False
892a1072197ffff,2.7614139460066744,0.7942082141744258,2.312438773104936,3.7453580901856762,1.0,1539.386847311681,0.4748230256733557,1539.386847311681,1210.9521764238982,75.0,3.7453580901856762,1210.9521764238982,0.4748230256733557,-74.00486482878279,40.74676114686789,9,observed,opendata,"building_area_fraction,building_density,dem_d8_accum_proxy,dist_mapped_water_m,elevation_m,impervious_frac,slope_deg",event_raster,production,0,0,ida_like,1.0012398694152858,0.9671071039788205,1,1.0012398694152858,0.9671071039788205,False
892a107219bffff,-0.6537524258770736,0.15740812760982117,1.3625826412477078,1.398936170212766,0.0,0.0,0.016734310541106967,0.0,106.67407241875591,75.0,1.398936170212766,106.67407241875591,0.016734310541106967,-74.01138324174666,40.74922750302998,9,observed,opendata,"building_area_fraction,building_density,dem_d8_accum_proxy,dist_mapped_water_m,elevation_m,impervious_frac,slope_deg",event_raster,production,0,0,ida_like,0.01841324036156803,0.019861024230509682,0,0.01841324036156803,0.019861024230509682,False
892a10721a3ffff,4.316668988278149,0.810046624022384,1.8137974072890093,3.891843971631206,1.0,1926.8792213874592,0.4708441522544622,1926.8792213874592,1033.4039713707964,75.0,3.891843971631206,1033.4039713707964,0.4708441522544622,-74.00668861308876,40.73878056609214,9,observed,opendata,"building_area_fraction,building_density,dem_d8_accum_proxy,dist_mapped_water_m,elevation_m,impervious_frac,slope_deg",event_raster,production,0,0,ida_like,1.025327689672264,0.9688501082442518,1,1.025327689672264,0.9688501082442518,False
892a10721a7ffff,7.052639007568359,0.6748227885903766,2.454879452465389,3.2634361233480176,1.0,3202.1835414914995,0.4416729607220241,3202.1835414914995,1714.533673488606,75.0,3.2634361233480176,1714.533673488606,0.4416729607220241,-74.00444661282785,40.736198096831764,9,observed,opendata,"building_area_fraction,building_density,dem_d8_accum_proxy,dist_mapped_water_m,elevation_m,impervious_frac,slope_deg",event_raster,production,0,0,ida_like,0.9580839935839354,0.9703832254590589,1,0.9580839935839354,0.9703832254590589,False
892a10721abffff,0.3745056632132155,0.4531976388452958,1.5648322338357759,2.828470380194518,1.0,85.00914149665785,0.07408183062689527,85.00914149665785,98.89855634795782,75.0,2.828470380194518,98.89855634795782,0.07408183062689527,-74.01096353565099,40.73866412341445,9,observed,opendata,"building_area_fraction,building_density,dem_d8_accum_proxy,dist_mapped_water_m,elevation_m,impervious_frac,slope_deg",event_raster,production,0,0,ida_like,0.9226620348243918,0.9236829623359761,1,0.9226620348243918,0.9236829623359761,False
892a10721afffff,3.490323402506515,0.7717079916091334,2.565414321656771,3.836734693877551,1.0,1492.458976622331,0.40173070004169287,1492.458976622331,534.7189358439997,75.0,3.836734693877551,534.7189358439997,0.40173070004169287,-74.00872129846812,40.73608173646356,9,observed,opendata,"building_area_fraction,building_density,dem_d8_accum_proxy,dist_mapped_water_m,elevation_m,impervious_frac,slope_deg",event_raster,production,0,0,ida_like,0.9919495269878772,0.9723298111065399,1,0.9919495269878772,0.9723298111065399,False
892a10721b3ffff,4.6818460955493775,0.8373537887298063,1.7626045273354334,4.843171806167401,1.0,906.7228768061028,0.5539595876518945,906.7228768061028,1286.1823862962574,75.0,4.843171806167401,1286.1823862962574,0.5539595876518945,-74.00465569727152,40.74147944700771,9,observed,opendata,"building_area_fraction,building_density,dem_d8_accum_proxy,dist_mapped_water_m,elevation_m,impervious_frac,slope_deg",event_raster,production,0,0,ida_like,1.0292100446848216,0.9809754620842978,1,1.0292100446848216,0.9809754620842978,False
892a10721b7ffff,6.6616377350283384,0.7675786899219282,2.2682631296537874,4.209405501330967,1.0,2144.1313790759446,0.469790052908383,2144.1313790759446,2065.7693690166857,75.0,4.209405501330967,2065.7693690166857,0.469790052908383,-74.0024136834934,40.73889685083574,9,observed,opendata,"building_area_fraction,building_density,dem_d8_accum_proxy,dist_mapped_water_m,elevation_m,impervious_frac,slope_deg",event_raster,production,0,0,ida_like,0.9839009038141026,0.9631700344108373,1,0.9839009038141026,0.9631700344108373,False
892a10721bbffff,1.6251960534597876,0.737339020209349,1.6491843103812782,3.8576480990274096,1.0,198.34507788339744,0.21933410366825368,198.34507788339744,154.42314862293665,75.0,3.8576480990274096,154.42314862293665,0.21933410366825368,-74.00893086382774,40.74136307995401,9,observed,opendata,"building_area_fraction,building_density,dem_d8_accum_proxy,dist_mapped_water_m,elevation_m,impervious_frac,slope_deg",event_raster,production,0,0,ida_like,0.977418971784434,0.9566015896958978,1,0.977418971784434,0.9566015896958978,False
892a10721c3ffff,-1.213900610373008,0.0,0.0019426175712066777,1.1192504258943783,0.0,0.0,0.0,0.0,561.5078005279831,75.0,1.1192504258943783,561.5078005279831,0.0,-74.01993498964616,40.74899411680954,9,observed,opendata,"building_area_fraction,building_density,dem_d8_accum_proxy,dist_mapped_water_m,elevation_m,impervious_frac,slope_deg",event_raster,production,0,0,ida_like,0.007662006054822496,0.010762079407125952,0,0.007662006054822496,0.010762079407125952,False
892a10721c7ffff,-1.2224848367729966,0.0,0.0019776401595074516,1.1144631765749777,0.0,0.0,0.0,0.0,269.1289720358571,75.0,1.1144631765749777,269.1289720358571,0.0,-74.01769175028757,40.746411551666675,9,observed,opendata,"building_area_fraction,building_density,dem_d8_accum_proxy,dist_mapped_water_m,elevation_m,impervious_frac,slope_deg",event_raster,production,0,0,ida_like,0.007662006054822496,0.010762079407125952,0,0.007662006054822496,0.010762079407125952,False
892a10721d3ffff,-1.2042193791408131,0.0,0.002366620247679832,1.1352313167259787,0.0,0.0,0.0,0.0,687.0238562148079,75.0,1.1352313167259787,687.0238562148079,0.0,-74.01790237226705,40.75169358097044,9,observed,opendata,"building_area_fraction,building_density,dem_d8_accum_proxy,dist_mapped_water_m,elevation_m,impervious_frac,slope_deg",event_raster,production,0,0,ida_like,0.007662006054822496,0.010762079407125952,0,0.007662006054822496,0.010762079407125952,False
892a10721d7ffff,-1.211878742114394,0.0,0.0020796632177818423,1.1130742049469964,0.0,0.0,0.0,0.0,103.34826864941482,75.0,1.1130742049469964,103.34826864941482,0.0,-74.0156591192645,40.74911088892559,9,observed,opendata,"building_area_fraction,building_density,dem_d8_accum_proxy,dist_mapped_water_m,elevation_m,impervious_frac,slope_deg",event_raster,production,0,0,ida_like,0.008945542458076695,0.010762079407125952,0,0.008945542458076695,0.010762079407125952,False
892a1072507ffff,6.045594998179598,0.8499440136266515,2.9966599605614253,7.914007092198582,1.0,151.0758493684931,0.49267983994626496,151.0758493684931,1059.4494758813394,75.0,7.914007092198582,1059.4494758813394,0.49267983994626496,-74.00100661609572,40.757441824465054,9,observed,opendata,"building_area_fraction,building_density,dem_d8_accum_proxy,dist_mapped_water_m,elevation_m,impervious_frac,slope_deg",event_raster,production,0,0,ida_like,0.9274929995830539,0.883995352994609,1,0.9274929995830539,0.883995352994609,False
892a107250bffff,-0.5307645952319742,0.16158879308081148,1.08944669455451,1.6339434276206324,0.0,0.0,0.08417746310418893,0.0,241.62654988603325,75.0,1.6339434276206324,241.62654988603325,0.08417746310418893,-74.0075262897737,40.759908750553265,9,observed,opendata,"building_area_fraction,building_density,dem_d8_accum_proxy,dist_mapped_water_m,elevation_m,impervious_frac,slope_deg",event_raster,production,0,0,ida_like,0.01712970395831383,0.021140308612356933,0,0.01712970395831383,0.021140308612356933,False
892a107250fffff,1.0902016293216192,0.5698518082603741,1.3910092545596053,5.543439716312057,1.0,18.884428478775728,0.20389660823197703,18.884428478775728,13.81818404278641,75.0,5.543439716312057,13.81818404278641,0.20389660823197703,-74.00528323307157,40.757325595419836,9,observed,opendata,"building_area_fraction,building_density,dem_d8_accum_proxy,dist_mapped_water_m,elevation_m,impervious_frac,slope_deg",event_raster,production,0,0,ida_like,0.0686280130587528,0.09316984450858426,0,0.0686280130587528,0.09316984450858426,False
892a1072523ffff,5.199998814186596,0.8566568510752197,2.6714907944242055,12.481382978723405,1.0,217.19311375770351,0.5660845456008802,217.19311375770351,2023.9337573424632,75.0,12.481382978723405,2023.9337573424632,0.5660845456008802,-74.00079787164594,40.75215941875203,9,observed,opendata,"building_area_fraction,building_density,dem_d8_accum_proxy,dist_mapped_water_m,elevation_m,impervious_frac,slope_deg",event_raster,production,0,0,ida_like,0.9602975799112624,0.9643955661270143,1,0.9602975799112624,0.9643955661270143,False
892a1072527ffff,8.02425549040807,0.7638562701609691,0.6979674466733825,21.63964757709251,1.0,557.17601771214,0.29839292987210114,557.17601771214,2893.300120260287,75.0,21.63964757709251,2893.300120260287,0.29839292987210114,-73.99855556685219,40.74957639726228,9,observed,opendata,"building_area_fraction,building_density,dem_d8_accum_proxy,dist_mapped_water_m,elevation_m,impervious_frac,slope_deg",event_raster,production,0,0,ida_like,0.1380223188153833,0.17329228893513118,0,0.1380223188153833,0.17329228893513118,False
892a107252bffff,2.9207114511300656,0.8889311911048248,1.0453565587628668,5.62621789193977,1.0,273.8514228478726,0.553203835879108,273.8514228478726,902.344203346888,75.0,5.62621789193977,902.344203346888,0.553203835879108,-74.00507400737747,40.75204319635703,9,observed,opendata,"building_area_fraction,building_density,dem_d8_accum_proxy,dist_mapped_water_m,elevation_m,impervious_frac,slope_deg",event_raster,production,0,0,ida_like,0.9983331475710469,0.9834484620887053,1,0.9983331475710469,0.9834484620887053,False
892a107252fffff,3.8310768727292124,0.8015977727650754,1.5455372068379403,8.916961130742049,1.0,916.0325876624108,0.43593495490806683,916.0325876624108,1756.5906074754498,75.0,8.916961130742049,1756.5906074754498,0.43593495490806683,-74.00283146549287,40.749460257199395,9,observed,opendata,"building_area_fraction,building_density,dem_d8_accum_proxy,dist_mapped_water_m,elevation_m,impervious_frac,slope_deg",event_raster,production,0,0,ida_like,1.0054919827648594,0.9733757433218576,1,1.0054919827648594,0.9733757433218576,False
892a1072533ffff,10.129730641472982,0.8491542145122373,2.8983374806787987,7.006189213085765,1.0,406.03708434312045,0.3470865266651554,406.03708434312045,1984.3869133261367,75.0,7.006189213085765,1984.3869133261367,0.3470865266651554,-73.99876404720786,40.75485863150437,9,observed,opendata,"building_area_fraction,building_density,dem_d8_accum_proxy,dist_mapped_water_m,elevation_m,impervious_frac,slope_deg",event_raster,production,0,0,ida_like,0.04464296187063923,0.10875192942625694,0,0.04464296187063923,0.10875192942625694,False
892a1072537ffff,11.283054737334556,0.8598460360621729,1.0457082915470777,4.88563829787234,1.0,254.96654301127882,0.5607123556657803,254.96654301127882,3015.293148692835,75.0,4.88563829787234,3015.293148692835,0.5607123556657803,-73.9965217289429,40.75227548311166,9,observed,opendata,"building_area_fraction,building_density,dem_d8_accum_proxy,dist_mapped_water_m,elevation_m,impervious_frac,slope_deg",event_raster,production,0,0,ida_like,0.9366301937928235,0.956660744694083,1,0.9366301937928235,0.956660744694083,False
892a107253bffff,4.1104191180630405,0.8329470946400176,3.8011720850187793,3.756828193832599,1.0,84.9842684980743,0.13814069671590223,84.9842684980743,1034.9444433461153,75.0,3.756828193832599,1034.9444433461153,0.13814069671590223,-74.0030404270407,40.754742484811985,9,observed,opendata,"building_area_fraction,building_density,dem_d8_accum_proxy,dist_mapped_water_m,elevation_m,impervious_frac,slope_deg",event_raster,production,0,0,ida_like,0.9353310732223983,0.9290541820110664,1,0.9353310732223983,0.9290541820110664,False
892a1072547ffff,-1.178356056747261,0.0,0.005834826107068699,1.2239263803680982,0.0,0.0,0.0,0.0,130.8148990769593,75.0,1.2239263803680982,130.8148990769593,0.0,-74.01180313685693,40.759792281041555,9,observed,opendata,"building_area_fraction,building_density,dem_d8_accum_proxy,dist_mapped_water_m,elevation_m,impervious_frac,slope_deg",event_raster,production,0,0,ida_like,0.007966412580773765,0.010762079407125952,0,0.007966412580773765,0.010762079407125952,False
892a107254fffff,-1.1820311440099585,0.0,0.00828597985025343,1.2461103253182462,0.0,0.0,0.0,0.0,604.4922967999046,75.0,1.2461103253182462,604.4922967999046,0.0,-74.01607997684373,40.75967565343729,9,observed,opendata,"building_area_fraction,building_density,dem_d8_accum_proxy,dist_mapped_water_m,elevation_m,impervious_frac,slope_deg",event_raster,production,0,0,ida_like,0.007662006054822496,0.010762079407125952,0,0.007662006054822496,0.010762079407125952,False
892a1072563ffff,-1.1932794187508575,0.0,0.002330564154317794,1.0904255319148937,0.0,0.0,0.0,0.0,690.5602844475625,75.0,1.0904255319148937,690.5602844475625,0.0,-74.01159316566697,40.75450971726391,9,observed,opendata,"building_area_fraction,building_density,dem_d8_accum_proxy,dist_mapped_water_m,elevation_m,impervious_frac,slope_deg",event_raster,production,0,0,ida_like,0.007662006054822496,0.010762079407125952,0,0.007662006054822496,0.010762079407125952,False
892a1072567ffff,-0.1242853432969997,0.30214329224147896,1.713032453055758,2.137323943661972,0.0,28.32937876710304,0.05899207307683578,28.32937876710304,83.20745664399077,75.0,2.137323943661972,83.20745664399077,0.05899207307683578,-74.00935013608994,40.7519268159277,9,observed,opendata,"building_area_fraction,building_density,dem_d8_accum_proxy,dist_mapped_water_m,elevation_m,impervious_frac,slope_deg",event_raster,production,0,0,ida_like,0.8790166649218083,0.8744547016600456,1,0.8790166649218083,0.8744547016600456,False
892a107256bffff,-1.197653658516639,0.0,0.0022105233863292805,1.1300884955752213,0.0,0.0,0.0,0.0,329.264096123589,75.0,1.1300884955752213,329.264096123589,0.0,-74.01586952436521,40.75439309641035,9,observed,opendata,"building_area_fraction,building_density,dem_d8_accum_proxy,dist_mapped_water_m,elevation_m,impervious_frac,slope_deg",event_raster,production,0,0,ida_like,0.007662006054822496,0.010762079407125952,0,0.007662006054822496,0.010762079407125952,False
892a107256fffff,-1.202068374009259,0.0,0.002294001286845259,1.165486725663717,0.0,0.0,0.0,0.0,465.9720157325707,75.0,1.165486725663717,465.9720157325707,0.0,-74.01362625773565,40.751810277465154,9,observed,opendata,"building_area_fraction,building_density,dem_d8_accum_proxy,dist_mapped_water_m,elevation_m,impervious_frac,slope_deg",event_raster,production,0,0,ida_like,0.007662006054822496,0.010762079407125952,0,0.007662006054822496,0.010762079407125952,False
892a1072573ffff,-1.1855190468381593,0.0008654120737408918,0.006012507600381819,1.1888790820829656,0.0,0.0,0.0,0.0,723.5184535278191,75.0,1.1888790820829656,723.5184535278191,0.0,-74.00955984302436,40.75720920830043,9,observed,opendata,"building_area_fraction,building_density,dem_d8_accum_proxy,dist_mapped_water_m,elevation_m,impervious_frac,slope_deg",event_raster,production,0,0,ida_like,0.007662006054822496,0.010762079407125952,0,0.007662006054822496,0.010762079407125952,False
892a1072577ffff,0.41871985534486256,0.47677183611410157,1.0049308597834974,2.652212389380531,1.0,84.98403178741441,0.018090767796783296,84.98403178741441,9.194241266331373,75.0,2.652212389380531,9.194241266331373,0.018090767796783296,-74.00731679987626,40.754626180064804,9,observed,opendata,"building_area_fraction,building_density,dem_d8_accum_proxy,dist_mapped_water_m,elevation_m,impervious_frac,slope_deg",event_raster,production,0,0,ida_like,0.9150580145958235,0.9280558035809323,1,0.9150580145958235,0.9280558035809323,False
892a107257bffff,-1.189888697209712,0.0,0.000943831426861561,1.0353356890459364,0.0,0.0,0.0,0.0,28.507179842042284,75.0,1.0353356890459364,28.507179842042284,0.0,-74.01383644590652,40.757092663107876,9,observed,opendata,"building_area_fraction,building_density,dem_d8_accum_proxy,dist_mapped_water_m,elevation_m,impervious_frac,slope_deg",event_raster,production,0,0,ida_like,0.008945542458076695,0.010762079407125952,0,0.008945542458076695,0.010762079407125952,False
892a10725a3ffff,10.626325219948386,0.844935259419916,0.5170646494820649,33.6784140969163,1.0,915.9024743471946,0.5464894770761424,915.9024743471946,3076.108466429238,75.0,33.6784140969163,3076.108466429238,0.5464894770761424,-73.99245336126558,40.75767380832861,9,observed,opendata,"building_area_fraction,building_density,dem_d8_accum_proxy,dist_mapped_water_m,elevation_m,impervious_frac,slope_deg",event_raster,production,0,0,ida_like,0.9530109619793318,0.9532543153981006,1,0.9530109619793318,0.9532543153981006,False
892a10725a7ffff,12.918522387479259,0.696655504260443,0.7987916742772919,21.715929203539822,1.0,878.1781631297371,0.6421428875833701,878.1781631297371,4080.101048456638,75.0,21.715929203539822,4080.101048456638,0.6421428875833701,-73.99021126674094,40.75509045072057,9,observed,opendata,"building_area_fraction,building_density,dem_d8_accum_proxy,dist_mapped_water_m,elevation_m,impervious_frac,slope_deg",event_raster,production,0,0,ida_like,0.9878796806787886,0.9865202935711019,1,0.9878796806787886,0.9865202935711019,False
892a10725abffff,8.673706055529225,0.8608100384815751,1.3114629014434633,8.457193292144748,1.0,377.69068089618656,0.300989716824309,377.69068089618656,2069.7222205912094,75.0,8.457193292144748,2069.7222205912094,0.300989716824309,-73.99672999214451,40.75755789543499,9,observed,opendata,"building_area_fraction,building_density,dem_d8_accum_proxy,dist_mapped_water_m,elevation_m,impervious_frac,slope_deg",event_raster,production,0,0,ida_like,0.8827478630639276,0.8680565789782683,1,0.8827478630639276,0.8680565789782683,False
892a10725afffff,11.274232937869401,0.7877245025892401,1.2989620250874203,8.009743135518157,1.0,1048.1451805492734,0.48322698510312434,1048.1451805492734,3038.0182955564687,75.0,8.009743135518157,3038.0182955564687,0.48322698510312434,-73.99448766042539,40.75497462014091,9,observed,opendata,"building_area_fraction,building_density,dem_d8_accum_proxy,dist_mapped_water_m,elevation_m,impervious_frac,slope_deg",event_raster,production,0,0,ida_like,0.979760253491539,0.9727720589872833,1,0.979760253491539,0.9727720589872833,False
892a10725b7ffff,13.950070532501167,0.7507218808886853,0.6422752661775823,69.50709219858156,1.0,538.2122495894911,0.6078146674352838,538.2122495894911,4123.513365534515,75.0,69.50709219858156,4123.513365534515,0.6078146674352838,-73.98817672350651,40.75778956314487,9,observed,opendata,"building_area_fraction,building_density,dem_d8_accum_proxy,dist_mapped_water_m,elevation_m,impervious_frac,slope_deg",event_raster,production,0,0,ida_like,1.0036645585639083,0.9893614340772494,1,1.0036645585639083,0.9893614340772494,False
892a1072803ffff,2.65648701923633,0.5302437733657009,2.270665179584076,5.706927175843695,1.0,85.06378881931099,0.12026353335578142,85.06378881931099,435.79944012047076,75.0,5.706927175843695,435.79944012047076,0.12026353335578142,-74.01600847979246,40.70416790835038,9,observed,opendata,"building_area_fraction,building_density,dem_d8_accum_proxy,dist_mapped_water_m,elevation_m,impervious_frac,slope_deg",event_raster,production,0,0,ida_like,0.24935279369499513,0.2480485677219266,0,0.24935279369499513,0.2480485677219266,False
892a1072807ffff,1.6114078660584474,0.5819010166048398,2.046023086208541,5.128456735057984,1.0,174.0781145938322,0.23284750409517188,174.0781145938322,270.6622840841202,75.0,5.128456735057984,270.6622840841202,0.23284750409517188,-74.01376760272268,40.70158676007536,9,observed,opendata,"building_area_fraction,building_density,dem_d8_accum_proxy,dist_mapped_water_m,elevation_m,impervious_frac,slope_deg",event_raster,production,0,0,ida_like,0.27809345954098547,0.2851784669701946,0,0.27809345954098547,0.2851784669701946,False
892a107280fffff,-1.3370467938745398,0.028975524272422386,0.5123472929279798,1.525974025974026,0.0,0.0,1.2569138079774822e-07,0.0,0.0,75.0,1.525974025974026,0.0,1.2569138079774822e-07,-74.01803914737917,40.70147004899095,9,observed,opendata,"building_area_fraction,building_density,dem_d8_accum_proxy,dist_mapped_water_m,elevation_m,impervious_frac,slope_deg",event_raster,production,0,0,ida_like,0.016024343838493115,0.018862383811736293,0,0.016024343838493115,0.018862383811736293,False
892a1072813ffff,4.757909091482039,0.6756658137056186,2.907952293813123,6.783496007098492,1.0,368.59190874237,0.47651405064040536,368.59190874237,1221.801088392426,75.0,6.783496007098492,1221.801088392426,0.47651405064040536,-74.01397758214198,40.706865819195635,9,observed,opendata,"building_area_fraction,building_density,dem_d8_accum_proxy,dist_mapped_water_m,elevation_m,impervious_frac,slope_deg",event_raster,production,0,0,ida_like,0.15432837406044536,0.192768827807194,0,0.15432837406044536,0.192768827807194,False
892a1072817ffff,3.2313881373032927,0.6825446705638835,1.721366807106322,10.882300884955752,1.0,708.8668630260737,0.5122301179142825,708.8668630260737,1037.6063180590177,75.0,10.882300884955752,1037.6063180590177,0.5122301179142825,-74.01173669148999,40.70428454398579,9,observed,opendata,"building_area_fraction,building_density,dem_d8_accum_proxy,dist_mapped_water_m,elevation_m,impervious_frac,slope_deg",event_raster,production,0,0,ida_like,0.9954520585694134,0.9728108948043855,1,0.9954520585694134,0.9728108948043855,False
892a107281bffff,2.023151150882589,0.42096411184423616,2.024363885360469,4.380907372400756,0.0,103.96153400976152,0.21218672382246725,103.96153400976152,104.46618886521438,75.0,4.380907372400756,104.46618886521438,0.21218672382246725,-74.0182496070028,40.70674910133614,9,observed,opendata,"building_area_fraction,building_density,dem_d8_accum_proxy,dist_mapped_water_m,elevation_m,impervious_frac,slope_deg",event_raster,production,0,0,ida_like,0.8699656691278799,0.8345428756704845,1,0.8699656691278799,0.8345428756704845,False
892a1072883ffff,8.922210955027992,0.7588398242567448,2.3353083899825915,7.2322695035460995,1.0,1030.1201246945654,0.6268258286579557,1030.1201246945654,1908.2737212257196,75.0,7.2322695035460995,1908.2737212257196,0.6268258286579557,-74.0076741787482,40.70968026618339,9,observed,opendata,"building_area_fraction,building_density,dem_d8_accum_proxy,dist_mapped_water_m,elevation_m,impervious_frac,slope_deg",event_raster,production,0,0,ida_like,0.9463788168204853,0.9475638970581151,1,0.9463788168204853,0.9475638970581151,False
892a1072887ffff,2.9274467377666884,0.8042919578754976,1.461862499947743,9.070859167404784,1.0,774.9924081772632,0.48129378316132554,774.9924081772632,793.2355722057137,75.0,9.070859167404784,793.2355722057137,0.48129378316132554,-74.00543351115385,40.70709878183493,9,observed,opendata,"building_area_fraction,building_density,dem_d8_accum_proxy,dist_mapped_water_m,elevation_m,impervious_frac,slope_deg",event_raster,production,0,0,ida_like,0.9858489119550273,0.9733757433218576,1,0.9858489119550273,0.9733757433218576,False
892a107288bffff,6.8140680247396626,0.6931798278706746,2.661106989432097,5.9602824360105915,1.0,453.62962432025563,0.42818821243157373,453.62962432025563,1628.3838167209121,75.0,5.9602824360105915,1628.3838167209121,0.42818821243157373,-74.01194645439377,40.70956378150536,9,observed,opendata,"building_area_fraction,building_density,dem_d8_accum_proxy,dist_mapped_water_m,elevation_m,impervious_frac,slope_deg",event_raster,production,0,0,ida_like,0.9099611283751499,0.9263778987660761,1,0.9099611283751499,0.9263778987660761,False
892a107288fffff,7.188058330153064,0.7173866428712756,2.4025649552963024,9.579928952042629,1.0,359.1418270052105,0.5908046037288702,359.1418270052105,1478.581643912748,75.0,9.579928952042629,1478.581643912748,0.5908046037288702,-74.00970555017649,40.70698237936226,9,observed,opendata,"building_area_fraction,building_density,dem_d8_accum_proxy,dist_mapped_water_m,elevation_m,impervious_frac,slope_deg",event_raster,production,0,0,ida_like,0.9730109205379279,0.9658157278346539,1,0.9730109205379279,0.9658157278346539,False
892a1072893ffff,11.262848785343053,0.7263321208279286,1.9915120704881815,6.039787798408488,1.0,151.20297726530683,0.22929261857209637,151.20297726530683,2373.642255505064,75.0,6.039787798408488,2373.642255505064,0.22929261857209637,-74.0056425771711,40.71237820442782,9,observed,opendata,"building_area_fraction,building_density,dem_d8_accum_proxy,dist_mapped_water_m,elevation_m,impervious_frac,slope_deg",event_raster,production,0,0,ida_like,0.9645873337881191,0.9592731309972854,1,0.9645873337881191,0.9592731309972854,False
892a1072897ffff,5.569709723511486,0.8555565739565707,2.273207934655857,8.308510638297872,1.0,207.91473139928178,0.30141166074721876,207.91473139928178,1257.0391805084062,75.0,8.308510638297872,1257.0391805084062,0.30141166074721876,-74.00340189606727,40.70979659314705,9,observed,opendata,"building_area_fraction,building_density,dem_d8_accum_proxy,dist_mapped_water_m,elevation_m,impervious_frac,slope_deg",event_raster,production,0,0,ida_like,0.25683326559777714,0.22319450584890888,0,0.25683326559777714,0.22319450584890888,False
892a107289bffff,7.712624753620608,0.7764448562359556,2.7475653704031244,9.71808510638298,1.0,292.95495570921935,0.42290810086221514,292.95495570921935,1836.8962375419244,75.0,9.71808510638298,1836.8962375419244,0.42290810086221514,-74.0099150965138,40.712261795258144,9,observed,opendata,"building_area_fraction,building_density,dem_d8_accum_proxy,dist_mapped_water_m,elevation_m,impervious_frac,slope_deg",event_raster,production,0,0,ida_like,0.9191914494810504,0.9221831164693268,1,0.9191914494810504,0.9221831164693268,False
892a10728a3ffff,-1.5726857119047322,0.0784251398554947,0.2898379599521831,1.0292812777284828,0.0,0.0,0.0006600623734515546,0.0,240.31371084262034,75.0,1.0292812777284828,240.31371084262034,0.0006600623734515546,-74.00522449215495,40.701819709283896,9,observed,opendata,"building_area_fraction,building_density,dem_d8_accum_proxy,dist_mapped_water_m,elevation_m,impervious_frac,slope_deg",event_raster,production,0,0,ida_like,0.006271180377640408,0.010758911387202048,0,0.006271180377640408,0.010758911387202048,False
892a10728abffff,0.22196179265842278,0.3718145575104554,2.5820669820276025,2.298136645962733,0.0,56.71225117899963,0.15509650360276356,56.71225117899963,2.6791627334755694,75.0,2.298136645962733,2.6791627334755694,0.15509650360276356,-74.00949605096544,40.701703313506684,9,observed,opendata,"building_area_fraction,building_density,dem_d8_accum_proxy,dist_mapped_water_m,elevation_m,impervious_frac,slope_deg",event_raster,production,0,0,ida_like,0.9307364329824755,0.8909214916005683,1,0.9307364329824755,0.8909214916005683,False
892a10728b3ffff,-0.4870497256223221,0.49567284006766543,2.1712579597957524,1.9165927240461402,1.0,94.51610611127171,0.07964492993126085,94.51610611127171,33.263756082762754,75.0,1.9165927240461402,33.263756082762754,0.07964492993126085,-74.00319309369571,40.704517342235015,9,observed,opendata,"building_area_fraction,building_density,dem_d8_accum_proxy,dist_mapped_water_m,elevation_m,impervious_frac,slope_deg",event_raster,production,0,0,ida_like,0.9258911403696471,0.9339860019338533,1,0.9258911403696471,0.9339860019338533,False
892a10728b7ffff,-0.9806179591639616,0.0,0.3161091028360746,1.127208480565371,0.0,0.0,0.0,0.0,187.940619378549,75.0,1.127208480565371,187.940619378549,0.0,-74.00095292633873,40.701935947405886,9,observed,opendata,"building_area_fraction,building_density,dem_d8_accum_proxy,dist_mapped_water_m,elevation_m,impervious_frac,slope_deg",event_raster,production,0,0,ida_like,0.01581543811414086,0.018862383811736286,0,0.01581543811414086,0.018862383811736286,False
892a10728bbffff,2.0601404048502445,0.7904088938592282,1.743971494628133,5.03716814159292,1.0,274.095946063168,0.3755866732286734,274.095946063168,354.4756434308953,75.0,5.03716814159292,354.4756434308953,0.3755866732286734,-74.00746489610857,40.70440102194768,9,observed,opendata,"building_area_fraction,building_density,dem_d8_accum_proxy,dist_mapped_water_m,elevation_m,impervious_frac,slope_deg",event_raster,production,0,0,ida_like,0.9798716190278964,0.9660296653835571,1,0.9798716190278964,0.9660296653835571,False
892a10728c3ffff,0.05904686971246076,0.13796571541451375,1.5677625111651512,1.9663699307616223,0.0,37.800430795959656,0.04557137700319127,37.800430795959656,144.27620938344825,75.0,1.9663699307616223,144.27620938344825,0.04557137700319127,-74.01846011396843,40.71202850371857,9,observed,opendata,"building_area_fraction,building_density,dem_d8_accum_proxy,dist_mapped_water_m,elevation_m,impervious_frac,slope_deg",event_raster,production,0,0,ida_like,0.0174341104842651,0.022867302974541533,0,0.0174341104842651,0.022867302974541533,False
892a10728c7ffff,3.484364738167258,0.7194522560013007,1.499252905388228,4.744454303460515,1.0,170.11063964782056,0.3395036918681957,170.11063964782056,622.4443585802705,75.0,4.744454303460515,622.4443585802705,0.3395036918681957,-74.01621872295645,40.70944713911398,9,observed,opendata,"building_area_fraction,building_density,dem_d8_accum_proxy,dist_mapped_water_m,elevation_m,impervious_frac,slope_deg",event_raster,production,0,0,ida_like,0.9687207067667472,0.950385549497164,1,0.9687207067667472,0.950385549497164,False
892a10728d3ffff,2.481532600551573,0.49582678128805785,1.8735272491190325,4.082373782108061,1.0,47.24825197747762,0.2817039961659157,47.24825197747762,278.17109019435117,75.0,4.082373782108061,278.17109019435117,0.2817039961659157,-74.01642901341648,40.71472671988807,9,observed,opendata,"building_area_fraction,building_density,dem_d8_accum_proxy,dist_mapped_water_m,elevation_m,impervious_frac,slope_deg",event_raster,production,0,0,ida_like,0.08200708045598283,0.06817142238140707,0,0.08200708045598283,0.06817142238140707,False
892a10728d7ffff,2.931888463690626,0.677911390200363,4.601608386528282,4.339539007092198,1.0,85.05120361476024,0.27805440184510394,85.05120361476024,691.3689141602264,75.0,4.339539007092198,691.3689141602264,0.27805440184510394,-74.01418760879541,40.712145228354714,9,observed,opendata,"building_area_fraction,building_density,dem_d8_accum_proxy,dist_mapped_water_m,elevation_m,impervious_frac,slope_deg",event_raster,production,0,0,ida_like,0.9487821709860141,0.9297351915505865,1,0.9487821709860141,0.9297351915505865,False
892a1072c03ffff,4.2932088043778505,0.8583850078548946,2.5051607393613415,6.816489361702128,1.0,1861.321324349496,0.6048223232257783,1861.321324349496,2782.666339843944,75.0,6.816489361702128,2782.666339843944,0.6048223232257783,-74.00178736299634,40.72305436427269,9,observed,opendata,"building_area_fraction,building_density,dem_d8_accum_proxy,dist_mapped_water_m,elevation_m,impervious_frac,slope_deg",event_raster,production,0,0,ida_like,0.9771289394219395,0.974847166391341,1,0.9771289394219395,0.974847166391341,False
892a1072c07ffff,6.605340302726368,0.8410216737571427,1.4467327309742806,28.275132275132275,1.0,1285.0388219512045,0.5342494632462716,1285.0388219512045,1847.9708273235867,75.0,28.275132275132275,1847.9708273235867,0.5342494632462716,-73.99954639120696,40.72047232748709,9,observed,opendata,"building_area_fraction,building_density,dem_d8_accum_proxy,dist_mapped_water_m,elevation_m,impervious_frac,slope_deg",event_raster,production,0,0,ida_like,0.9456442726917993,0.9728632551044829,1,0.9456442726917993,0.9728632551044829,False
892a1072c0bffff,3.1183968083867177,0.8373021402333735,1.585640136642026,6.713780918727915,1.0,500.76018033234686,0.319339994772299,500.76018033234686,1699.9949706895827,75.0,6.713780918727915,1699.9949706895827,0.319339994772299,-74.00606085032426,40.72293809951893,9,observed,opendata,"building_area_fraction,building_density,dem_d8_accum_proxy,dist_mapped_water_m,elevation_m,impervious_frac,slope_deg",event_raster,production,0,0,ida_like,0.8510109711813333,0.9089135995499634,1,0.8510109711813333,0.9089135995499634,False
892a1072c0fffff,3.224952309280006,0.8600292421593112,2.251709377186533,5.191659272404614,1.0,1691.3331441810053,0.519610529670097,1691.3331441810053,2458.353607422636,75.0,5.191659272404614,2458.353607422636,0.519610529670097,-74.00381964174338,40.72035614496131,9,observed,opendata,"building_area_fraction,building_density,dem_d8_accum_proxy,dist_mapped_water_m,elevation_m,impervious_frac,slope_deg",event_raster,production,0,0,ida_like,0.9807340221352033,0.9748223516072855,1,0.9807340221352033,0.9748223516072855,False
892a1072c13ffff,7.151620798161465,0.8145879277168705,1.6993922348950463,41.68314210061783,1.0,1549.4514630051679,0.5450730878668726,1549.4514630051679,2635.286042034708,75.0,41.68314210061783,2635.286042034708,0.5450730878668726,-73.99975485394748,40.725752634920234,9,observed,opendata,"building_area_fraction,building_density,dem_d8_accum_proxy,dist_mapped_water_m,elevation_m,impervious_frac,slope_deg",event_raster,production,0,0,ida_like,0.34925509700737023,0.23188402194107,0,0.34925509700737023,0.23188402194107,False
892a1072c17ffff,10.198771477168709,0.8244139280272672,0.7360372628220014,28.259094942324754,1.0,1473.943846881449,0.5873087855547748,1473.943846881449,1665.6213694927767,75.0,28.259094942324754,1665.6213694927767,0.5873087855547748,-73.99751386869457,40.723170471210885,9,observed,opendata,"building_area_fraction,building_density,dem_d8_accum_proxy,dist_mapped_water_m,elevation_m,impervious_frac,slope_deg",event_raster,production,0,0,ida_like,0.9704494371497001,0.9794571354786262,1,0.9704494371497001,0.9794571354786262,False
892a1072c1bffff,5.673303576802786,0.7975637626595202,2.378304749199774,4.083185840707965,1.0,1464.4165055665303,0.4238435834971092,1464.4165055665303,2108.4392142602424,75.0,4.083185840707965,2108.4392142602424,0.4238435834971092,-74.00402858507962,40.72563644575339,9,observed,opendata,"building_area_fraction,building_density,dem_d8_accum_proxy,dist_mapped_water_m,elevation_m,impervious_frac,slope_deg",event_raster,production,0,0,ida_like,0.3664039773962767,0.351406203586064,0,0.3664039773962767,0.351406203586064,False
892a1072c23ffff,7.023031471539239,0.7878730083913744,2.118787463696774,12.99027409372237,1.0,2003.3481158573127,0.47965474475320374,2003.3481158573127,1945.0216392036898,75.0,12.99027409372237,1945.0216392036898,0.47965474475320374,-73.99933797536255,40.7151923699604,9,observed,opendata,"building_area_fraction,building_density,dem_d8_accum_proxy,dist_mapped_water_m,elevation_m,impervious_frac,slope_deg",event_raster,production,0,0,ida_like,0.9459067324645447,0.9607800987508299,1,0.9459067324645447,0.9607800987508299,False
892a1072c27ffff,7.723999054774933,0.8048641631647706,1.4267959467682914,23.867673179396093,1.0,1738.8439366532136,0.3611678651784973,1738.8439366532136,1386.3226109430504,75.0,23.867673179396093,1386.3226109430504,0.3611678651784973,-73.99709751749248,40.7126105495616,9,observed,opendata,"building_area_fraction,building_density,dem_d8_accum_proxy,dist_mapped_water_m,elevation_m,impervious_frac,slope_deg",event_raster,production,0,0,ida_like,0.9229009981976026,0.9266051158229828,1,0.9229009981976026,0.9266051158229828,False
892a1072c2bffff,7.50795755621968,0.7906457943231952,3.341884759629101,8.311446317657499,1.0,226.79349384865264,0.36498974441731313,226.79349384865264,2830.1834296992247,75.0,8.311446317657499,2830.1834296992247,0.36498974441731313,-74.0036107454112,40.71507619407416,9,observed,opendata,"building_area_fraction,building_density,dem_d8_accum_proxy,dist_mapped_water_m,elevation_m,impervious_frac,slope_deg",event_raster,production,0,0,ida_like,0.9037974449371573,0.9161446221748648,1,0.9037974449371573,0.9161446221748648,False
892a1072c2fffff,6.750803836903214,0.7820344690464239,2.8033311240968453,10.878761061946904,1.0,160.65361058257477,0.29368895140019863,160.65361058257477,1709.0596319337824,75.0,10.878761061946904,1709.0596319337824,0.29368895140019863,-74.00137005081483,40.71249445586266,9,observed,opendata,"building_area_fraction,building_density,dem_d8_accum_proxy,dist_mapped_water_m,elevation_m,impervious_frac,slope_deg",event_raster,production,0,0,ida_like,0.08316976303991808,0.1366853663173508,0,0.08316976303991808,0.1366853663173508,False
892a1072c33ffff,9.364033672803254,0.8423395209219356,1.273028352695328,58.2058562555457,1.0,2182.7878929295894,0.5518331821225001,2182.7878929295894,1047.5871871839395,75.0,58.2058562555457,1047.5871871839395,0.5518331821225001,-73.99730566967641,40.71789033541887,9,observed,opendata,"building_area_fraction,building_density,dem_d8_accum_proxy,dist_mapped_water_m,elevation_m,impervious_frac,slope_deg",event_raster,production,0,0,ida_like,0.11205197771029299,0.1794133660126518,0,0.11205197771029299,0.1794133660126518,False
892a1072c37ffff,12.519163254088005,0.84124259394882,0.4026752741117261,5.199115044247788,1.0,1115.074241468572,0.3620960282449336,1115.074241468572,1136.0790068364988,75.0,5.199115044247788,1136.0790068364988,0.3620960282449336,-73.99506519836963,40.715308388090286,9,observed,opendata,"building_area_fraction,building_density,dem_d8_accum_proxy,dist_mapped_water_m,elevation_m,impervious_frac,slope_deg",event_raster,production,0,0,ida_like,0.9381908869844454,0.9516761802977475,1,0.9381908869844454,0.9516761802977475,False
892a1072c3bffff,4.9859451791073415,0.8182168997401464,1.7353437766936404,23.279255319148938,1.0,963.8257276606362,0.4520354336146994,963.8257276606362,2231.2546395703935,75.0,23.279255319148938,2231.2546395703935,0.4520354336146994,-74.00157868343452,40.71777423510105,9,observed,opendata,"building_area_fraction,building_density,dem_d8_accum_proxy,dist_mapped_water_m,elevation_m,impervious_frac,slope_deg",event_raster,production,0,0,ida_like,0.9254389571234214,0.959931130227611,1,0.9254389571234214,0.959931130227611,False
892a1072c43ffff,-0.34831464372636434,0.3682826093679828,0.9866996590748839,1.8385093167701863,0.0,56.686775955138536,0.029617553321847425,56.686775955138536,222.1470495534589,75.0,1.8385093167701863,222.1470495534589,0.029617553321847425,-74.01257602629768,40.7254035939159,9,observed,opendata,"building_area_fraction,building_density,dem_d8_accum_proxy,dist_mapped_water_m,elevation_m,impervious_frac,slope_deg",event_raster,production,0,0,ida_like,0.8865771724077638,0.8968649660961213,1,0.8865771724077638,0.8968649660961213,False
892a1072c47ffff,2.547894026896777,0.8201735348302367,2.3564876728912667,5.242263483642794,1.0,699.1726514420853,0.42144125201024885,699.1726514420853,535.9204755330229,75.0,5.242263483642794,535.9204755330229,0.42144125201024885,-74.01033433063081,40.722821676950645,9,observed,opendata,"building_area_fraction,building_density,dem_d8_accum_proxy,dist_mapped_water_m,elevation_m,impervious_frac,slope_deg",event_raster,production,0,0,ida_like,0.8815987742487248,0.9588248278347206,1,0.8815987742487248,0.9588248278347206,False
892a1072c4bffff,-1.2900021594457947,0.0014763974890152297,5.702596368034891e-05,1.0008818342151675,0.0,0.0,0.0,0.0,609.4549605106303,75.0,1.0008818342151675,609.4549605106303,0.0,-74.0168497362885,40.72528693124739,9,observed,opendata,"building_area_fraction,building_density,dem_d8_accum_proxy,dist_mapped_water_m,elevation_m,impervious_frac,slope_deg",event_raster,production,0,0,ida_like,0.007662006054822496,0.010762079407125952,0,0.007662006054822496,0.010762079407125952,False
892a1072c4fffff,-1.161287446890585,0.0447266003459497,0.4596328005417165,1.2608695652173914,0.0,0.0,0.0,0.0,458.8332108682908,75.0,1.2608695652173914,458.8332108682908,0.0,-74.01460780386842,40.722705096568944,9,observed,opendata,"building_area_fraction,building_density,dem_d8_accum_proxy,dist_mapped_water_m,elevation_m,impervious_frac,slope_deg",event_raster,production,0,0,ida_like,0.01474080743523892,0.018862383811736293,0,0.01474080743523892,0.018862383811736293,False
892a1072c53ffff,1.9555521175107349,0.7633290490458058,1.1873713692365537,7.075971731448763,1.0,66.13137394165457,0.43050903473406765,66.13137394165457,234.59432210126357,75.0,7.075971731448763,234.59432210126357,0.43050903473406765,-74.01054401844232,40.728102142637056,9,observed,opendata,"building_area_fraction,building_density,dem_d8_accum_proxy,dist_mapped_water_m,elevation_m,impervious_frac,slope_deg",event_raster,production,0,0,ida_like,0.9855763163653095,0.9693691252042501,1,0.9855763163653095,0.9693691252042501,False
892a1072c57ffff,3.514800943548076,0.8302934958778513,1.819967707911089,5.66607617360496,1.0,840.8561724537547,0.4751103445706271,840.8561724537547,942.1009649786431,75.0,5.66607617360496,942.1009649786431,0.4751103445706271,-74.00830230921224,40.725520098751595,9,observed,opendata,"building_area_fraction,building_density,dem_d8_accum_proxy,dist_mapped_water_m,elevation_m,impervious_frac,slope_deg",event_raster,production,0,0,ida_like,0.9954520585694134,0.976083630875083,1,0.9954520585694134,0.976083630875083,False
892a1072c5bffff,-0.8428097461656303,0.10984742635468382,0.5836362477393608,1.5066430469441985,0.0,9.447313010430442,0.10567234394236154,9.447313010430442,188.22637350404005,75.0,1.5066430469441985,188.22637350404005,0.10567234394236154,-74.01481797231988,40.72798555551391,9,observed,opendata,"building_area_fraction,building_density,dem_d8_accum_proxy,dist_mapped_water_m,elevation_m,impervious_frac,slope_deg",event_raster,production,0,0,ida_like,0.01474080743523892,0.018862383811736293,0,0.01474080743523892,0.018862383811736293,False
892a1072c63ffff,4.2673741474430615,0.8219122340942316,2.0084490032737796,5.486702127659575,1.0,1266.1953883358035,0.47782799844410484,1266.1953883358035,901.0638910487115,75.0,5.486702127659575,901.0638910487115,0.47782799844410484,-74.01012468999328,40.717541561139306,9,observed,opendata,"building_area_fraction,building_density,dem_d8_accum_proxy,dist_mapped_water_m,elevation_m,impervious_frac,slope_deg",event_raster,production,0,0,ida_like,0.9954520585694134,0.976083630875083,1,0.9954520585694134,0.976083630875083,False
892a1072c67ffff,7.788459052950699,0.8413992756324843,3.907488061053994,5.588287488908607,1.0,1341.857776018282,0.532486366044306,1341.857776018282,1918.049628546675,75.0,5.588287488908607,1918.049628546675,0.532486366044306,-74.0078835084681,40.71495986043266,9,observed,opendata,"building_area_fraction,building_density,dem_d8_accum_proxy,dist_mapped_water_m,elevation_m,impervious_frac,slope_deg",event_raster,production,0,0,ida_like,0.190308280108236,0.23821798373244066,0,0.190308280108236,0.23821798373244066,False
892a1072c6bffff,3.2672228431684474,0.5787093077102237,2.1669509367091364,3.8172138420585626,1.0,170.08547742175398,0.2241269311264643,170.08547742175398,367.46669015078135,75.0,3.8172138420585626,367.46669015078135,0.2241269311264643,-74.01439768269891,40.7174249874975,9,observed,opendata,"building_area_fraction,building_density,dem_d8_accum_proxy,dist_mapped_water_m,elevation_m,impervious_frac,slope_deg",event_raster,production,0,0,ida_like,0.859826929524573,0.8680825786943737,1,0.859826929524573,0.8680825786943737,False
892a1072c6fffff,3.136374092007357,0.831038793182331,1.5473093555192976,6.80847308031774,1.0,340.18835314908034,0.4232573251791756,340.18835314908034,1281.0482261767302,75.0,6.80847308031774,1281.0482261767302,0.4232573251791756,-74.01215626448567,40.714843369036934,9,observed,opendata,"building_area_fraction,building_density,dem_d8_accum_proxy,dist_mapped_water_m,elevation_m,impervious_frac,slope_deg",event_raster,production,0,0,ida_like,0.969481887324502,0.9636122830001435,1,0.969481887324502,0.9636122830001435,False
892a1072c73ffff,4.1967949382300285,0.8333007256824074,2.2879528788909984,4.73758865248227,1.0,982.6712743667451,0.42675292405699716,982.6712743667451,1320.636252011723,75.0,4.73758865248227,1320.636252011723,0.42675292405699716,-74.00809288528414,40.720239804640435,9,observed,opendata,"building_area_fraction,building_density,dem_d8_accum_proxy,dist_mapped_water_m,elevation_m,impervious_frac,slope_deg",event_raster,production,0,0,ida_like,0.9654528758773148,0.9517080057748146,1,0.9654528758773148,0.9517080057748146,False
892a1072c77ffff,5.6662136831269905,0.8130936428668007,4.059397831749716,4.3236331569664905,1.0,1096.1124817738614,0.5067033866422149,1096.1124817738614,2052.9751326461646,75.0,4.3236331569664905,2052.9751326461646,0.5067033866422149,-74.00585169022261,40.71765797700752,9,observed,opendata,"building_area_fraction,building_density,dem_d8_accum_proxy,dist_mapped_water_m,elevation_m,impervious_frac,slope_deg",event_raster,production,0,0,ida_like,0.9192858248554607,0.9340237981299957,1,0.9192858248554607,0.9340237981299957,False
892a1072c7bffff,1.902728762075437,0.7126534563234278,2.3460006812533294,3.465486725663717,1.0,132.28230515907939,0.2627020085780733,132.28230515907939,192.63029742938662,75.0,3.465486725663717,192.63029742938662,0.2627020085780733,-74.0123661217817,40.72012330652548,9,observed,opendata,"building_area_fraction,building_density,dem_d8_accum_proxy,dist_mapped_water_m,elevation_m,impervious_frac,slope_deg",event_raster,production,0,0,ida_like,0.9425943729956915,0.9480999232494168,1,0.9425943729956915,0.9480999232494168,False
892a1072c83ffff,12.20279057820638,0.8469762852582982,0.36826044459105756,7.988536155202822,1.0,888.0597865889866,0.5424224159762752,888.0597865889866,2492.0327075115797,75.0,7.988536155202822,2492.0327075115797,0.5424224159762752,-73.9934481326791,40.72856691258618,9,observed,opendata,"building_area_fraction,building_density,dem_d8_accum_proxy,dist_mapped_water_m,elevation_m,impervious_frac,slope_deg",event_raster,production,0,0,ida_like,0.29815837400772516,0.2545851929487259,0,0.29815837400772516,0.2545851929487259,False
892a1072c87ffff,12.264326432371098,0.8152074481971304,0.3394230585807675,17.648624667258208,1.0,1842.3459111202997,0.4477367446125145,1842.3459111202997,1513.8308990012595,75.0,17.648624667258208,1513.8308990012595,0.4477367446125145,-73.9912073708746,40.7259845397448,9,observed,opendata,"building_area_fraction,building_density,dem_d8_accum_proxy,dist_mapped_water_m,elevation_m,impervious_frac,slope_deg",event_raster,production,0,0,ida_like,0.9969059693086691,0.9699016145459913,1,0.9969059693086691,0.9699016145459913,False
892a1072c8bffff,9.429328278024146,0.7233460338138942,0.6734564154943887,23.265070921985817,1.0,651.8718455317455,0.424283432678574,651.8718455317455,2919.557075786464,75.0,23.265070921985817,2919.557075786464,0.424283432678574,-73.99772211456276,40.72845095688255,9,observed,opendata,"building_area_fraction,building_density,dem_d8_accum_proxy,dist_mapped_water_m,elevation_m,impervious_frac,slope_deg",event_raster,production,0,0,ida_like,0.22838324540184382,0.24111615216790908,0,0.22838324540184382,0.24111615216790908,False
892a1072c8fffff,12.246182042656216,0.8136129879148294,0.5038595598269768,6.734929078014185,1.0,935.3422204325949,0.5083865958259735,935.3422204325949,1792.5463636132715,75.0,6.734929078014185,1792.5463636132715,0.5083865958259735,-73.99548111586327,40.72586866625105,9,observed,opendata,"building_area_fraction,building_density,dem_d8_accum_proxy,dist_mapped_water_m,elevation_m,impervious_frac,slope_deg",event_raster,production,0,0,ida_like,0.9845338874283127,0.9724410334666292,1,0.9845338874283127,0.9724410334666292,False
892a1072c93ffff,11.8914575407541,0.8001684291022164,0.28935888200521487,12.048802129547472,1.0,557.372289524358,0.4779330656927953,557.372289524358,3120.8293267169156,75.0,12.048802129547472,3120.8293267169156,0.4779330656927953,-73.99141491910795,40.73126521019487,9,observed,opendata,"building_area_fraction,building_density,dem_d8_accum_proxy,dist_mapped_water_m,elevation_m,impervious_frac,slope_deg",event_raster,production,0,0,ida_like,0.9095700283363922,0.945904796187002,1,0.9095700283363922,0.945904796187002,False
892a1072c97ffff,11.265525324998704,0.7905486662830926,0.5516243082743171,13.380530973451327,1.0,1738.334685341918,0.44728094685904846,1738.334685341918,2177.6028995061806,75.0,13.380530973451327,2177.6028995061806,0.44728094685904846,-73.98917414391278,40.72868271043228,9,observed,opendata,"building_area_fraction,building_density,dem_d8_accum_proxy,dist_mapped_water_m,elevation_m,impervious_frac,slope_deg",event_raster,production,0,0,ida_like,0.9878784863457463,0.976388443631916,1,0.9878784863457463,0.976388443631916,False
892a1072c9bffff,9.212313166746856,0.6809637688417384,0.6738186129335816,47.548758865248224,1.0,708.5221069563473,0.38172386507069844,708.5221069563473,3559.611989773143,75.0,47.548758865248224,3559.611989773143,0.38172386507069844,-73.99568914480813,40.731149330138244,9,observed,opendata,"building_area_fraction,building_density,dem_d8_accum_proxy,dist_mapped_water_m,elevation_m,impervious_frac,slope_deg",event_raster,production,0,0,ida_like,0.25237557991663423,0.15962895863025242,0,0.25237557991663423,0.15962895863025242,False
892a1072ca3ffff,12.025030336659253,0.7556153704555244,0.2940276810476274,12.147293700088731,1.0,1267.4968358187518,0.3326058273050792,1267.4968358187518,277.1465547988807,75.0,12.147293700088731,277.1465547988807,0.3326058273050792,-73.99099986933716,40.720704219149056,9,observed,opendata,"building_area_fraction,building_density,dem_d8_accum_proxy,dist_mapped_water_m,elevation_m,impervious_frac,slope_deg",event_raster,production,0,0,ida_like,0.19537641960589608,0.16787802185023037,0,0.19537641960589608,0.16787802185023037,False
892a1072ca7ffff,10.782664090079049,0.8328670469695182,0.45036635661576696,22.157243816254418,1.0,1115.0234541214368,0.4406549942312699,1115.0234541214368,1203.7029361460654,75.0,22.157243816254418,1203.7029361460654,0.4406549942312699,-73.98875962144035,40.71812206272308,9,observed,opendata,"building_area_fraction,building_density,dem_d8_accum_proxy,dist_mapped_water_m,elevation_m,impervious_frac,slope_deg",event_raster,production,0,0,ida_like,1.000317446163916,0.9768237355507488,1,1.000317446163916,0.9768237355507488,False
892a1072cabffff,11.095445124420896,0.8427272178727615,0.6464392311204525,31.192205491585472,1.0,1974.8078338372445,0.47587409559970006,1974.8078338372445,891.0707483415646,75.0,31.192205491585472,891.0707483415646,0.47587409559970006,-73.99527313372238,40.72058835221668,9,observed,opendata,"building_area_fraction,building_density,dem_d8_accum_proxy,dist_mapped_water_m,elevation_m,impervious_frac,slope_deg",event_raster,production,0,0,ida_like,0.955506972763016,0.9582250483135121,1,0.955506972763016,0.9582250483135121,False
892a1072cafffff,11.994016297095644,0.7322864742933122,0.3086950644923362,8.98141592920354,1.0,1739.3068142440898,0.38358639959766516,1739.3068142440898,91.52482002495204,75.0,8.98141592920354,91.52482002495204,0.38358639959766516,-73.99303264899582,40.71800627795989,9,observed,opendata,"building_area_fraction,building_density,dem_d8_accum_proxy,dist_mapped_water_m,elevation_m,impervious_frac,slope_deg",event_raster,production,0,0,ida_like,0.945013240203098,0.9494090188338681,1,0.945013240203098,0.9494090188338681,False
892a1072cb3ffff,11.074704928946707,0.7586122503059101,0.48524120679471344,20.41061946902655,1.0,1294.4323151373221,0.30372948206339484,1294.4323151373221,911.700909008071,75.0,20.41061946902655,911.700909008071,0.30372948206339484,-73.98896685935952,40.72340221163636,9,observed,opendata,"building_area_fraction,building_density,dem_d8_accum_proxy,dist_mapped_water_m,elevation_m,impervious_frac,slope_deg",event_raster,production,0,0,ida_like,0.9406652687877316,0.9578544560497336,1,0.9406652687877316,0.9578544560497336,False
892a1072cb7ffff,9.339145336455218,0.8552463919953819,0.5276632916621131,68.20637732506643,1.0,1984.2678383655734,0.4778564148664325,1984.2678383655734,1356.952759502307,75.0,68.20637732506643,1356.952759502307,0.4778564148664325,-73.98672659809884,40.72081992828314,9,observed,opendata,"building_area_fraction,building_density,dem_d8_accum_proxy,dist_mapped_water_m,elevation_m,impervious_frac,slope_deg",event_raster,production,0,0,ida_like,0.9580183854060051,0.9596025536118143,1,0.9580183854060051,0.9596025536118143,False
892a1072cbbffff,12.762222649455596,0.8024708801208086,0.2504956266935874,5.0767872903795235,1.0,1558.9834393275216,0.4553742926763508,1558.9834393275216,666.7359458756551,75.0,5.0767872903795235,666.7359458756551,0.4553742926763508,-73.99324036746646,40.72328642033247,9,observed,opendata,"building_area_fraction,building_density,dem_d8_accum_proxy,dist_mapped_water_m,elevation_m,impervious_frac,slope_deg",event_raster,production,0,0,ida_like,0.0785970408158439,0.11990603631110804,0,0.0785970408158439,0.11990603631110804,False
892a1072cc3ffff,5.021779360649129,0.7604603626406098,2.5240160441790547,3.646072374227714,1.0,3108.032940700978,0.45818440691710166,3108.032940700978,1904.7097838281377,75.0,3.646072374227714,1904.7097838281377,0.45818440691710166,-74.00423757543585,40.73091709639526,9,observed,opendata,"building_area_fraction,building_density,dem_d8_accum_proxy,dist_mapped_water_m,elevation_m,impervious_frac,slope_deg",event_raster,production,0,0,ida_like,0.9766006325345415,0.9653009022748463,1,0.9766006325345415,0.9653009022748463,False
892a1072cc7ffff,6.335099465458105,0.7716762523384805,2.2285172477734427,6.5186170212765955,1.0,2154.0052973235956,0.4059860433100563,2154.0052973235956,2601.155107505047,75.0,6.5186170212765955,2601.155107505047,0.4059860433100563,-74.00199608951623,40.72833484332245,9,observed,opendata,"building_area_fraction,building_density,dem_d8_accum_proxy,dist_mapped_water_m,elevation_m,impervious_frac,slope_deg",event_raster,production,0,0,ida_like,0.9011137380439529,0.9490225485640841,1,0.9011137380439529,0.9490225485640841,False
892a1072ccbffff,3.949927084623499,0.8564808873842794,1.44184564673573,6.4361702127659575,1.0,793.5381194635655,0.4412467516375752,793.5381194635655,726.19751917607,75.0,6.4361702127659575,726.19751917607,0.4412467516375752,-74.00851178026825,40.730800742711025,9,observed,opendata,"building_area_fraction,building_density,dem_d8_accum_proxy,dist_mapped_water_m,elevation_m,impervious_frac,slope_deg",event_raster,production,0,0,ida_like,0.9921404666633059,0.977148497705293,1,0.9921404666633059,0.977148497705293,False
892a1072ccfffff,4.811616908458611,0.8262339234880054,1.5041684174202417,5.20903454384411,1.0,632.973478406772,0.4993982483084157,632.973478406772,1416.295356996474,75.0,5.20903454384411,1416.295356996474,0.4993982483084157,-74.00627005749193,40.728218571906936,9,observed,opendata,"building_area_fraction,building_density,dem_d8_accum_proxy,dist_mapped_water_m,elevation_m,impervious_frac,slope_deg",event_raster,production,0,0,ida_like,0.8937637720850399,0.9642141315307226,1,0.8937637720850399,0.9642141315307226,False
892a1072cd3ffff,6.292136560113138,0.7342474236952051,2.4087331836363286,4.962699822380107,1.0,2833.9356052100884,0.4720169851099448,2833.9356052100884,2363.184528152794,75.0,4.962699822380107,2363.184528152794,0.4720169851099448,-74.00220486300994,40.73361567219517,9,observed,opendata,"building_area_fraction,building_density,dem_d8_accum_proxy,dist_mapped_water_m,elevation_m,impervious_frac,slope_deg",event_raster,production,0,0,ida_like,0.957338966897515,0.9668344173184988,1,0.957338966897515,0.9668344173184988,False
892a1072cd7ffff,6.3454502793588405,0.6991286779566283,0.9856376070306059,25.62367491166078,1.0,1681.554427289882,0.3965157209338636,1681.554427289882,3083.219840766563,75.0,25.62367491166078,3083.219840766563,0.3965157209338636,-73.99996336359993,40.731033292204685,9,observed,opendata,"building_area_fraction,building_density,dem_d8_accum_proxy,dist_mapped_water_m,elevation_m,impervious_frac,slope_deg",event_raster,production,0,0,ida_like,0.9237347561579679,0.9416830966692992,1,0.9237347561579679,0.9416830966692992,False
892a1072cdbffff,6.107823018486618,0.7611381993596013,2.269893973649658,3.374113475177305,1.0,2115.9993596437303,0.4820556081091447,2115.9993596437303,1178.0634760130265,75.0,3.374113475177305,1178.0634760130265,0.4820556081091447,-74.00647931174146,40.733499394116386,9,observed,opendata,"building_area_fraction,building_density,dem_d8_accum_proxy,dist_mapped_water_m,elevation_m,impervious_frac,slope_deg",event_raster,production,0,0,ida_like,0.9795188260981962,0.9583629462804977,1,0.9795188260981962,0.9583629462804977,False
892a1072d03ffff,1.590340914608345,0.5288758778914862,1.0591224808821564,16.853463587921848,1.0,283.5514972507295,0.21470886150338286,283.5514972507295,92.57662086480678,75.0,16.853463587921848,92.57662086480678,0.21470886150338286,-73.98610581467901,40.70498104661735,9,observed,opendata,"building_area_fraction,building_density,dem_d8_accum_proxy,dist_mapped_water_m,elevation_m,impervious_frac,slope_deg",event_raster,production,0,0,ida_like,0.9058690037380859,0.9097443890942439,1,0.9058690037380859,0.9097443890942439,False
892a1072d07ffff,10.762117116586536,0.8415288269414124,1.5970599489907424,10.291666666666666,1.0,756.1760431552476,0.5183933909297068,756.1760431552476,1097.9217976415418,75.0,10.291666666666666,1097.9217976415418,0.5183933909297068,-73.98386659396525,40.702399323320684,9,observed,opendata,"building_area_fraction,building_density,dem_d8_accum_proxy,dist_mapped_water_m,elevation_m,impervious_frac,slope_deg",event_raster,production,0,0,ida_like,0.9721294987765026,0.9586313969435122,1,0.9721294987765026,0.9586313969435122,False
892a1072d0bffff,0.7995113048904113,0.35536513017165533,0.7994096866960058,18.744454303460515,0.0,75.61351958333834,0.10270724677628974,75.61351958333834,20.542129057403688,75.0,18.744454303460515,20.542129057403688,0.10270724677628974,-73.99037764474299,40.70486535703891,9,observed,opendata,"building_area_fraction,building_density,dem_d8_accum_proxy,dist_mapped_water_m,elevation_m,impervious_frac,slope_deg",event_raster,production,0,0,ida_like,0.8653330827165409,0.8591525170893926,1,0.8653330827165409,0.8591525170893926,False
892a1072d0fffff,7.928156178783886,0.8402945085450888,2.3063534880822787,24.872679045092838,1.0,472.6086933262805,0.4225049085151498,472.6086933262805,859.8309417759858,75.0,24.872679045092838,859.8309417759858,0.4225049085151498,-73.98813818732994,40.70228371583007,9,observed,opendata,"building_area_fraction,building_density,dem_d8_accum_proxy,dist_mapped_water_m,elevation_m,impervious_frac,slope_deg",event_raster,production,0,0,ida_like,0.2836509464229232,0.24953999171332178,0,0.2836509464229232,0.24953999171332178,False
892a1072d13ffff,0.0,6.206303259953394e-05,0.0,1.0,0.0,0.0,0.0,0.0,73.09344632395387,75.0,1.0,73.09344632395387,0.0,-73.98407321184507,40.7076784287519,9,observed,opendata,"building_area_fraction,building_density,dem_d8_accum_proxy,dist_mapped_water_m,elevation_m,impervious_frac,slope_deg",event_raster,production,0,0,ida_like,0.008945542458076695,0.010762079407125952,0,0.008945542458076695,0.010762079407125952,False
892a1072d17ffff,2.8913749688511006,0.6059435164123214,1.7026199507535296,16.142477876106195,1.0,160.6796359791323,0.09111364114000196,160.6796359791323,238.49725177069084,75.0,16.142477876106195,238.49725177069084,0.09111364114000196,-73.98183397782091,40.705096578515935,9,observed,opendata,"building_area_fraction,building_density,dem_d8_accum_proxy,dist_mapped_water_m,elevation_m,impervious_frac,slope_deg",event_raster,production,0,0,ida_like,0.15622489227621095,0.15483895669741496,0,0.15622489227621095,0.15483895669741496,False
892a1072d1bffff,0.0026818050874574868,0.02727092446126052,0.012100506389831183,1.245583038869258,0.0,0.0,0.0,0.0,46.76707864209734,75.0,1.245583038869258,46.76707864209734,0.0,-73.98834528544128,40.707562814764856,9,observed,opendata,"building_area_fraction,building_density,dem_d8_accum_proxy,dist_mapped_water_m,elevation_m,impervious_frac,slope_deg",event_raster,production,0,0,ida_like,0.008945542458076695,0.010762079407125952,0,0.008945542458076695,0.010762079407125952,False
892a1072d43ffff,0.015154459671701303,0.12421828627330582,0.05606836178538136,7.1154529307282415,0.0,0.0,0.0,0.0,511.76107001064395,75.0,7.1154529307282415,511.76107001064395,0.0,-73.996889412127,40.70733111369416,9,observed,opendata,"building_area_fraction,building_density,dem_d8_accum_proxy,dist_mapped_water_m,elevation_m,impervious_frac,slope_deg",event_raster,production,0,0,ida_like,0.006756437127794919,0.010762079407125952,0,0.006756437127794919,0.010762079407125952,False
892a1072d47ffff,0.2163803129431478,0.24624487726967223,0.31083533356238874,6.186948853615521,0.0,47.4303869729334,0.020996159465343174,47.4303869729334,160.33844220431857,75.0,6.186948853615521,160.33844220431857,0.020996159465343174,-73.99464946796543,40.70474950978168,9,observed,opendata,"building_area_fraction,building_density,dem_d8_accum_proxy,dist_mapped_water_m,elevation_m,impervious_frac,slope_deg",event_raster,production,0,0,ida_like,0.015542360217264765,0.02049415537872066,0,0.015542360217264765,0.02049415537872066,False
892a1072d4bffff,1.1078865746912683,0.6908184865397582,1.4778256314607159,6.647214854111406,1.0,746.6411058066457,0.24765794359911183,746.6411058066457,129.94166670030523,75.0,6.647214854111406,129.94166670030523,0.24765794359911183,-74.00116146512151,40.70721502661259,9,observed,opendata,"building_area_fraction,building_density,dem_d8_accum_proxy,dist_mapped_water_m,elevation_m,impervious_frac,slope_deg",event_raster,production,0,0,ida_like,0.9430349575365136,0.9480969732025032,1,0.9430349575365136,0.9480969732025032,False
892a1072d4fffff,-0.08578551888530687,0.011900022013993816,0.3114103926546263,1.0887311446317658,0.0,0.0,0.0021739091270787506,0.0,205.56222413453773,75.0,1.0887311446317658,205.56222413453773,0.0021739091270787506,-73.99892128429882,40.704633504846704,9,observed,opendata,"building_area_fraction,building_density,dem_d8_accum_proxy,dist_mapped_water_m,elevation_m,impervious_frac,slope_deg",event_raster,production,0,0,ida_like,0.01581543811414086,0.018862383811736293,0,0.01581543811414086,0.018862383811736293,False
892a1072d53ffff,2.026568944043881,0.6616443984805617,1.112668475074511,34.433362753751105,1.0,189.01444815554976,0.1474914899675323,189.01444815554976,343.0601406085251,75.0,34.433362753751105,343.0601406085251,0.1474914899675323,-73.99485730978921,40.710028773926915,9,observed,opendata,"building_area_fraction,building_density,dem_d8_accum_proxy,dist_mapped_water_m,elevation_m,impervious_frac,slope_deg",event_raster,production,0,0,ida_like,0.9572314738545569,0.9562379671396337,1,0.9572314738545569,0.9562379671396337,False
892a1072d57ffff,0.0,0.06334868669555467,0.0,1.0,0.0,0.0,0.0,0.0,166.6282137294184,75.0,1.0,166.6282137294184,0.0,-73.99261735221776,40.707447043078595,9,observed,opendata,"building_area_fraction,building_density,dem_d8_accum_proxy,dist_mapped_water_m,elevation_m,impervious_frac,slope_deg",event_raster,production,0,0,ida_like,0.007662006054822496,0.010762079407125952,0,0.007662006054822496,0.010762079407125952,False
892a1072d5bffff,3.007810039511809,0.7162455200145008,1.1601749286055565,36.18173758865248,1.0,122.85904751982092,0.13528167504006247,122.85904751982092,592.8403571707928,75.0,36.18173758865248,592.8403571707928,0.13528167504006247,-73.99912960639843,40.70991276239524,9,observed,opendata,"building_area_fraction,building_density,dem_d8_accum_proxy,dist_mapped_water_m,elevation_m,impervious_frac,slope_deg",event_raster,production,0,0,ida_like,0.9717791810685694,0.953492225589142,1,0.9717791810685694,0.953492225589142,False
892a1072d73ffff,7.979015965762401,0.8276944767624193,2.748658584579693,20.119005328596803,1.0,510.41595335410136,0.349025666159252,510.41595335410136,722.6481804683713,75.0,20.119005328596803,722.6481804683713,0.349025666159252,-73.99240977387873,40.702167950680035,9,observed,opendata,"building_area_fraction,building_density,dem_d8_accum_proxy,dist_mapped_water_m,elevation_m,impervious_frac,slope_deg",event_raster,production,0,0,ida_like,0.8464036739602411,0.9042274605064403,1,0.8464036739602411,0.9042274605064403,False
892a1072d7bffff,1.6326398657788805,0.6059491303951844,1.8325589559671047,9.464951197870452,1.0,132.32969110110287,0.1303529473322893,132.32969110110287,198.49645566575234,75.0,9.464951197870452,198.49645566575234,0.1303529473322893,-73.99668135356416,40.70205202787161,9,observed,opendata,"building_area_fraction,building_density,dem_d8_accum_proxy,dist_mapped_water_m,elevation_m,impervious_frac,slope_deg",event_raster,production,0,0,ida_like,0.23235032578595102,0.1956840649211069,0,0.23235032578595102,0.1956840649211069,False
892a1072d83ffff,0.47218252622192036,0.1810392372847796,0.4486168528633956,11.403011514614704,0.0,0.0,0.0,0.0,51.873649992356356,75.0,11.403011514614704,51.873649992356356,0.0,-73.97776805489825,40.710491242867484,9,observed,opendata,"building_area_fraction,building_density,dem_d8_accum_proxy,dist_mapped_water_m,elevation_m,impervious_frac,slope_deg",event_raster,production,0,0,ida_like,0.016024343838493115,0.018862383811736293,0,0.016024343838493115,0.018862383811736293,False
892a1072d87ffff,0.0076270794464078084,0.014895152899480372,0.021092172924914224,1.1107174490699734,0.0,0.0,0.0,0.0,264.9359210336392,75.0,1.1107174490699734,264.9359210336392,0.0,-73.97552904438331,40.70790918362411,9,observed,opendata,"building_area_fraction,building_density,dem_d8_accum_proxy,dist_mapped_water_m,elevation_m,impervious_frac,slope_deg",event_raster,production,0,0,ida_like,0.007662006054822496,0.010762079407125952,0,0.007662006054822496,0.010762079407125952,False
892a1072d8bffff,1.5947693510775254,0.5778949076529456,1.086461727734273,22.517241379310345,1.0,94.50802286404497,0.06467380486628566,94.50802286404497,215.6444179208826,75.0,22.517241379310345,215.6444179208826,0.06467380486628566,-73.98204037879412,40.71037586221235,9,observed,opendata,"building_area_fraction,building_density,dem_d8_accum_proxy,dist_mapped_water_m,elevation_m,impervious_frac,slope_deg",event_raster,production,0,0,ida_like,0.9228295436309017,0.9001139865358825,1,0.9228295436309017,0.9001139865358825,False
892a1072d8fffff,0.0,0.0,0.0,1.0,0.0,0.0,0.0,0.0,192.9533605613732,75.0,1.0,192.9533605613732,0.0,-73.97980113147659,40.70779388503865,9,observed,opendata,"building_area_fraction,building_density,dem_d8_accum_proxy,dist_mapped_water_m,elevation_m,impervious_frac,slope_deg",event_raster,production,0,0,ida_like,0.007662006054822496,0.010762079407125952,0,0.007662006054822496,0.010762079407125952,False
892a1072d93ffff,0.5813135728721128,0.316011393353378,0.45281462617861357,6.780530973451327,0.0,18.900744283751173,0.01125099965504269,18.900744283751173,25.107392524847253,75.0,6.780530973451327,25.107392524847253,0.01125099965504269,-73.9757347480519,40.713188651981014,9,observed,opendata,"building_area_fraction,building_density,dem_d8_accum_proxy,dist_mapped_water_m,elevation_m,impervious_frac,slope_deg",event_raster,production,0,0,ida_like,0.8768780225810935,0.8218961282548858,1,0.8768780225810935,0.8218961282548858,False
892a1072d97ffff,0.0,0.0,0.0,1.0,0.0,0.0,0.0,0.0,265.712549261342,75.0,1.0,265.712549261342,0.0,-73.97349572429943,40.71060646580088,9,observed,opendata,"building_area_fraction,building_density,dem_d8_accum_proxy,dist_mapped_water_m,elevation_m,impervious_frac,slope_deg",event_raster,production,0,0,ida_like,0.007662006054822496,0.010762079407125952,0,0.007662006054822496,0.010762079407125952,False
892a1072d9bffff,5.986115967159051,0.6407863063788986,1.2271884979271952,11.244010647737356,1.0,170.10621520656386,0.18342511872877038,170.10621520656386,972.905402506779,75.0,11.244010647737356,972.905402506779,0.18342511872877038,-73.9800073154922,40.7130733469773,9,observed,opendata,"building_area_fraction,building_density,dem_d8_accum_proxy,dist_mapped_water_m,elevation_m,impervious_frac,slope_deg",event_raster,production,0,0,ida_like,0.8777113541991087,0.8780541303311254,1,0.8777113541991087,0.8780541303311254,False
892a1072da3ffff,0.09091189657600104,0.24779033823463106,0.17492295432743346,2.394503546099291,0.0,56.71352494499896,0.0477839860146624,56.71352494499896,54.60129578132473,75.0,2.394503546099291,54.60129578132473,0.0477839860146624,-73.97532338697795,40.70263006531952,9,observed,opendata,"building_area_fraction,building_density,dem_d8_accum_proxy,dist_mapped_water_m,elevation_m,impervious_frac,slope_deg",event_raster,production,0,0,ida_like,0.018535518870745383,0.01578635723901983,0,0.018535518870745383,0.01578635723901983,False
892a1072da7ffff,0.29518797313352935,0.7732952638590049,0.6618527609645309,2.754295532646048,1.0,75.62190649980953,0.18633193885272728,75.62190649980953,97.43030077661889,75.0,2.754295532646048,97.43030077661889,0.18633193885272728,-73.97308488972679,40.70004822281854,9,observed,opendata,"building_area_fraction,building_density,dem_d8_accum_proxy,dist_mapped_water_m,elevation_m,impervious_frac,slope_deg",event_raster,production,0,0,ida_like,0.1273783405899262,0.0982557755785963,0,0.1273783405899262,0.0982557755785963,False
892a1072dabffff,6.37292127657953,0.7760534133252623,2.816085623628518,7.372113676731794,1.0,557.6814108819977,0.20440394327325104,557.6814108819977,636.2416061560339,75.0,7.372113676731794,636.2416061560339,0.20440394327325104,-73.9795949938321,40.702514773150845,9,observed,opendata,"building_area_fraction,building_density,dem_d8_accum_proxy,dist_mapped_water_m,elevation_m,impervious_frac,slope_deg",event_raster,production,0,0,ida_like,0.1971156279631478,0.16746074456792176,0,0.1971156279631478,0.16746074456792176,False
892a1072db3ffff,0.0692583368741494,0.301072149001704,0.08996647463005863,1.7959183673469388,0.0,103.96976700907229,0.0668444997632952,103.96976700907229,23.632255801670706,75.0,1.7959183673469388,23.632255801670706,0.0668444997632952,-73.97329028391235,40.705327169269424,9,observed,opendata,"building_area_fraction,building_density,dem_d8_accum_proxy,dist_mapped_water_m,elevation_m,impervious_frac,slope_deg",event_raster,production,0,0,ida_like,0.020152833586882517,0.02119936688283328,0,0.020152833586882517,0.02119936688283328,False
892a1072db7ffff,0.11327052593353888,0.6535327224892916,0.19287322274363897,2.419753086419753,1.0,56.71368661609822,0.11163946820684292,56.71368661609822,221.21881446070427,75.0,2.419753086419753,221.21881446070427,0.11163946820684292,-73.97105177345034,40.70274519982567,9,observed,opendata,"building_area_fraction,building_density,dem_d8_accum_proxy,dist_mapped_water_m,elevation_m,impervious_frac,slope_deg",event_raster,production,0,0,ida_like,0.045257842163927885,0.04795111037747331,0,0.045257842163927885,0.04795111037747331,False
892a1072dbbffff,0.4020954799531357,0.20221401913621076,0.6068480014450749,3.932743362831858,0.0,47.25885050726129,0.021387196761340887,47.25885050726129,263.74368380487726,75.0,3.932743362831858,263.74368380487726,0.021387196761340887,-73.9775621342162,40.70521195273364,9,observed,opendata,"building_area_fraction,building_density,dem_d8_accum_proxy,dist_mapped_water_m,elevation_m,impervious_frac,slope_deg",event_raster,production,0,0,ida_like,0.01474080743523892,0.01800279273048769,0,0.01474080743523892,0.01800279273048769,False
892a1072dc3ffff,6.726418188640049,0.6917151962349444,1.161625913040453,65.79276895943562,1.0,850.5262670592863,0.2856254629511026,850.5262670592863,1050.1496890823282,75.0,65.79276895943562,1050.1496890823282,0.2856254629511026,-73.98855243013952,40.712842263747554,9,observed,opendata,"building_area_fraction,building_density,dem_d8_accum_proxy,dist_mapped_water_m,elevation_m,impervious_frac,slope_deg",event_raster,production,0,0,ida_like,0.9993204650921231,0.9773873051371148,1,0.9993204650921231,0.9773873051371148,False
892a1072dc7ffff,1.8936366838901681,0.7480680548886485,1.0461909262882876,32.276595744680854,1.0,189.01551138902076,0.2461623394393243,189.01551138902076,334.8745089693557,75.0,32.276595744680854,334.8745089693557,0.2461623394393243,-73.98631269593956,40.71026032383652,9,observed,opendata,"building_area_fraction,building_density,dem_d8_accum_proxy,dist_mapped_water_m,elevation_m,impervious_frac,slope_deg",event_raster,production,0,0,ida_like,0.9610769361512884,0.9616148117877394,1,0.9610769361512884,0.9616148117877394,False
892a1072dcbffff,9.383027314083886,0.7987320002884438,1.2021544392495371,14.300265721877768,1.0,1058.429710891053,0.3133049884299052,1058.429710891053,1197.9093378880139,75.0,14.300265721877768,1197.9093378880139,0.3133049884299052,-73.99282497725156,40.712726485523575,9,observed,opendata,"building_area_fraction,building_density,dem_d8_accum_proxy,dist_mapped_water_m,elevation_m,impervious_frac,slope_deg",event_raster,production,0,0,ida_like,0.18528014624393566,0.1967662093628825,0,0.18528014624393566,0.1967662093628825,False
892a1072dcfffff,1.3792245528085765,0.5879472370843917,1.0244370443035147,45.90860692102928,1.0,122.85973626240448,0.09339144383571561,122.85973626240448,154.65124991614533,75.0,45.90860692102928,154.65124991614533,0.09339144383571561,-73.99058500628709,40.71014462774103,9,observed,opendata,"building_area_fraction,building_density,dem_d8_accum_proxy,dist_mapped_water_m,elevation_m,impervious_frac,slope_deg",event_raster,production,0,0,ida_like,0.9266587739055565,0.9535837091602927,1,0.9266587739055565,0.9535837091602927,False
892a1072dd3ffff,9.48738886554789,0.7506617962414962,0.3977573222860639,10.411712511091393,1.0,340.19405522319425,0.2787329462109244,340.19405522319425,2108.124644864231,75.0,10.411712511091393,2108.124644864231,0.2787329462109244,-73.98651962374095,40.715539951076806,9,observed,opendata,"building_area_fraction,building_density,dem_d8_accum_proxy,dist_mapped_water_m,elevation_m,impervious_frac,slope_deg",event_raster,production,0,0,ida_like,0.9404023998629057,0.9453705814286504,1,0.9404023998629057,0.9453705814286504,False
892a1072dd7ffff,8.263710407419552,0.7102450544102169,0.7821939603442917,10.377994676131323,1.0,378.01274109465237,0.20729887151723964,378.01274109465237,1237.581659697293,75.0,10.377994676131323,1237.581659697293,0.20729887151723964,-73.9842798762039,40.71295788423248,9,observed,opendata,"building_area_fraction,building_density,dem_d8_accum_proxy,dist_mapped_water_m,elevation_m,impervious_frac,slope_deg",event_raster,production,0,0,ida_like,0.9565329441248694,0.9169873377068336,1,0.9565329441248694,0.9169873377068336,False
892a1072ddbffff,11.257507700267947,0.757191937965991,0.581295365757155,16.19449378330373,1.0,2012.8091555261021,0.382088394221314,2012.8091555261021,1209.430757786475,75.0,16.19449378330373,1209.430757786475,0.382088394221314,-73.99079241447993,40.71542424846276,9,observed,opendata,"building_area_fraction,building_density,dem_d8_accum_proxy,dist_mapped_water_m,elevation_m,impervious_frac,slope_deg",event_raster,production,0,0,ida_like,0.9749395950090133,0.9702694591889528,1,0.9749395950090133,0.9702694591889528,False
892a1072e97ffff,-1.2826936821376576,0.0,0.0018903643090058776,1.1141176470588234,0.0,0.0,0.0,0.0,593.3739578977988,75.0,1.1141176470588234,593.3739578977988,0.0,-74.01909191907703,40.72786881053854,9,observed,opendata,"building_area_fraction,building_density,dem_d8_accum_proxy,dist_mapped_water_m,elevation_m,impervious_frac,slope_deg",event_raster,production,0,0,ida_like,0.007662006054822496,0.010762079407125952,0,0.007662006054822496,0.010762079407125952,False
892a1072ea7ffff,-0.9463155338010149,0.04626287022468067,0.7117445538311593,1.5696465696465696,0.0,9.449167155030462,0.0015209200991037168,9.449167155030462,470.58389839249406,75.0,1.5696465696465696,470.58389839249406,0.0015209200991037168,-74.01867066829203,40.717308256083186,9,observed,opendata,"building_area_fraction,building_density,dem_d8_accum_proxy,dist_mapped_water_m,elevation_m,impervious_frac,slope_deg",event_raster,production,0,0,ida_like,0.01712970395831383,0.018706611505788624,0,0.01712970395831383,0.018706611505788624,False
892a1072eb3ffff,-1.2975889788325137,0.0,0.0022994858362903768,1.1365638766519823,0.0,0.0,0.0,0.0,979.9541904151224,75.0,1.1365638766519823,979.9541904151224,0.0,-74.01888126998956,40.722588358374864,9,observed,opendata,"building_area_fraction,building_density,dem_d8_accum_proxy,dist_mapped_water_m,elevation_m,impervious_frac,slope_deg",event_raster,production,0,0,ida_like,0.017383980142000294,0.010762079407125952,0,0.017383980142000294,0.010762079407125952,False
892a1072eb7ffff,-0.9869655673346828,0.04456879443157004,1.1383467128588451,1.3174182139699382,0.0,0.0,0.0,0.0,153.85227657677956,75.0,1.3174182139699382,153.85227657677956,0.0,-74.01663935118853,40.72000665061756,9,observed,opendata,"building_area_fraction,building_density,dem_d8_accum_proxy,dist_mapped_water_m,elevation_m,impervious_frac,slope_deg",event_raster,production,0,0,ida_like,0.0174341104842651,0.019861024230509682,0,0.0174341104842651,0.019861024230509682,False
892a100d04bffff,3.344531323424001,0.7558853682436333,1.0350922583482545,78.36113575865129,1.0,273.8980490778987,0.27309265013500833,273.8980490778987,521.6157660768786,100.0,78.36113575865129,521.6157660768786,0.27309265013500833,-73.97269448397236,40.74498799569922,9,observed,opendata,"building_area_fraction,building_density,dem_d8_accum_proxy,dist_mapped_water_m,elevation_m,impervious_frac,slope_deg",event_raster,production,0,0,extreme,1.025642674524057,0.9820360494529464,1,1.025642674524057,0.9820360494529464,False
892a100d04fffff,0.08845332935802193,0.2004225670025031,0.18623061873043353,39.90820584144645,0.0,18.890486593962265,0.007123729701338743,18.890486593962265,374.55231144544734,100.0,39.90820584144645,374.55231144544734,0.007123729701338743,-73.97045411641287,40.742404696985496,9,observed,opendata,"building_area_fraction,building_density,dem_d8_accum_proxy,dist_mapped_water_m,elevation_m,impervious_frac,slope_deg",event_raster,production,0,0,extreme,0.02686658084703561,0.010885036674472309,0,0.02686658084703561,0.010885036674472309,False
892a100d05bffff,11.09610818531149,0.8317826107163484,4.214213328964444,9.682926829268293,1.0,151.10887057613218,0.2063233276690508,151.10887057613218,625.8958091330022,100.0,9.682926829268293,625.8958091330022,0.2063233276690508,-73.97065939959245,40.747686448906286,9,observed,opendata,"building_area_fraction,building_density,dem_d8_accum_proxy,dist_mapped_water_m,elevation_m,impervious_frac,slope_deg",event_raster,production,0,0,extreme,0.9376252260989348,0.9395879272343638,1,0.9376252260989348,0.9395879272343638,False
892a100d06bffff,0.0,0.006027634415324851,0.0,1.0,0.0,0.0,0.0,0.0,637.8836724983266,100.0,1.0,637.8836724983266,0.0,-73.9702488794359,40.737123294760856,9,observed,opendata,"building_area_fraction,building_density,dem_d8_accum_proxy,dist_mapped_water_m,elevation_m,impervious_frac,slope_deg",event_raster,production,0,0,extreme,0.007662006054822496,0.010762079407125952,0,0.007662006054822496,0.010762079407125952,False
892a100d203ffff,11.634066904948437,0.6190496429419581,0.2990700771824793,8.258605472197706,1.0,358.9151644292976,0.3429204347775612,358.9151644292976,4162.245893261687,100.0,8.258605472197706,4162.245893261687,0.3429204347775612,-73.98755496140967,40.74194333566657,9,observed,opendata,"building_area_fraction,building_density,dem_d8_accum_proxy,dist_mapped_water_m,elevation_m,impervious_frac,slope_deg",event_raster,production,0,0,extreme,0.9701094267802555,0.9572254860953399,1,0.9701094267802555,0.9572254860953399,False
892a100d207ffff,9.353697723953436,0.747485668299363,0.5566738994481663,71.84131205673759,1.0,859.5513113158171,0.4916353037153505,859.5513113158171,3207.400931935863,100.0,71.84131205673759,3207.400931935863,0.4916353037153505,-73.98531389573235,40.73936041044821,9,observed,opendata,"building_area_fraction,building_density,dem_d8_accum_proxy,dist_mapped_water_m,elevation_m,impervious_frac,slope_deg",event_raster,production,0,0,extreme,0.9033484327026429,0.9564202892021102,1,0.9033484327026429,0.9564202892021102,False
892a100d20bffff,11.088975920706698,0.7844965711407278,0.35287129473777784,36.79133510167993,1.0,1086.187567788973,0.606090463293059,1086.187567788973,4793.8690281716235,100.0,36.79133510167993,4793.8690281716235,0.606090463293059,-73.99183015572552,40.74182760043736,9,observed,opendata,"building_area_fraction,building_density,dem_d8_accum_proxy,dist_mapped_water_m,elevation_m,impervious_frac,slope_deg",event_raster,production,0,0,extreme,0.993016470302042,0.9840849949142776,1,0.993016470302042,0.9840849949142776,False
892a100d20fffff,11.934826424314027,0.7935258094138863,0.2738077293655487,7.3294951284322405,1.0,1161.807833088293,0.5484905337657906,1161.807833088293,4332.311094885928,100.0,7.3294951284322405,4332.311094885928,0.5484905337657906,-73.98958885298438,40.73924475745148,9,observed,opendata,"building_area_fraction,building_density,dem_d8_accum_proxy,dist_mapped_water_m,elevation_m,impervious_frac,slope_deg",event_raster,production,0,0,extreme,0.9764000246421851,0.9812223205550161,1,0.9764000246421851,0.9812223205550161,False
892a100d213ffff,11.98053725743526,0.7184812308308084,0.4373890037274696,28.16120460584588,1.0,906.6892580307322,0.5375465244997344,906.6892580307322,3843.515920122065,100.0,28.16120460584588,3843.515920122065,0.5375465244997344,-73.98552083929478,40.744641965067935,9,observed,opendata,"building_area_fraction,building_density,dem_d8_accum_proxy,dist_mapped_water_m,elevation_m,impervious_frac,slope_deg",event_raster,production,0,0,extreme,0.988496392232019,0.9816493709699547,1,0.988496392232019,0.9816493709699547,False
892a100d217ffff,10.582220157761823,0.8032682606664984,0.4630951389168827,20.195748449955712,1.0,1293.9872786212459,0.5182692072713475,1293.9872786212459,3085.6143559569277,100.0,20.195748449955712,3085.6143559569277,0.5182692072713475,-73.98327976027291,40.74205891293701,9,observed,opendata,"building_area_fraction,building_density,dem_d8_accum_proxy,dist_mapped_water_m,elevation_m,impervious_frac,slope_deg",event_raster,production,0,0,extreme,0.9818308626602553,0.9707924458581907,1,0.9818308626602553,0.9707924458581907,False
892a100d21bffff,12.252244896922551,0.7485761337035092,0.28367676767419464,10.429078014184396,1.0,1388.3640064907381,0.5523418396473846,1388.3640064907381,5003.475300223948,100.0,10.429078014184396,5003.475300223948,0.5523418396473846,-73.98979627753427,40.744526305564385,9,observed,opendata,"building_area_fraction,building_density,dem_d8_accum_proxy,dist_mapped_water_m,elevation_m,impervious_frac,slope_deg",event_raster,production,0,0,extreme,0.9681187303516242,0.9825749617155196,1,0.9681187303516242,0.9825749617155196,False
892a100d223ffff,9.008245406735218,0.720816329240693,0.5343374889046218,41.94582593250444,1.0,954.1023724858659,0.3195547874252048,954.1023724858659,2685.56836347554,100.0,41.94582593250444,2685.56836347554,0.3195547874252048,-73.98510699874309,40.73407920554712,9,observed,opendata,"building_area_fraction,building_density,dem_d8_accum_proxy,dist_mapped_water_m,elevation_m,impervious_frac,slope_deg",event_raster,production,0,0,extreme,0.927609307731207,0.9472328962679594,1,0.927609307731207,0.9472328962679594,False
892a100d227ffff,6.7347384026153865,0.8084701029575577,0.6241051619238394,41.89389920424403,1.0,1313.1387398848888,0.43899270108821836,1313.1387398848888,1595.4828672521983,100.0,41.89389920424403,1595.4828672521983,0.43899270108821836,-73.9828664471727,40.73149649667317,9,observed,opendata,"building_area_fraction,building_density,dem_d8_accum_proxy,dist_mapped_water_m,elevation_m,impervious_frac,slope_deg",event_raster,production,0,0,extreme,0.9702146220671469,0.9696519225721935,1,0.9702146220671469,0.9696519225721935,False
892a100d22bffff,11.85943661175721,0.811485444426748,0.2974898859753392,10.518617021276595,1.0,765.1690495389598,0.5174672375702787,765.1690495389598,3286.75856974422,100.0,10.518617021276595,3286.75856974422,0.5174672375702787,-73.98938147511579,40.733963559055724,9,observed,opendata,"building_area_fraction,building_density,dem_d8_accum_proxy,dist_mapped_water_m,elevation_m,impervious_frac,slope_deg",event_raster,production,0,0,extreme,0.9773713569684641,0.9667247719766745,1,0.9773713569684641,0.9667247719766745,False
892a100d22fffff,10.270036309009727,0.7336736165592611,0.5691594506215713,22.56713780918728,1.0,1728.8036682633165,0.43998543557778386,1728.8036682633165,2178.074635817406,100.0,22.56713780918728,2178.074635817406,0.43998543557778386,-73.98714068654695,40.731380932373526,9,observed,opendata,"building_area_fraction,building_density,dem_d8_accum_proxy,dist_mapped_water_m,elevation_m,impervious_frac,slope_deg",event_raster,production,0,0,extreme,0.9923379920375375,0.9757002771268237,1,0.9923379920375375,0.9757002771268237,False
892a100d233ffff,7.547986360014383,0.7718770690889248,0.48086475218960517,66.38795394154118,1.0,982.3945876476226,0.4276351620510366,982.3945876476226,2399.495648238968,100.0,66.38795394154118,2399.495648238968,0.4276351620510366,-73.98307308046714,40.736777529931615,9,observed,opendata,"building_area_fraction,building_density,dem_d8_accum_proxy,dist_mapped_water_m,elevation_m,impervious_frac,slope_deg",event_raster,production,0,0,extreme,0.9366804886593566,0.969676174694973,1,0.9366804886593566,0.969676174694973,False
892a100d237ffff,5.612585460475648,0.7343574503583259,0.5764978990340844,64.6763925729443,1.0,1275.288961743088,0.39949176413161236,1275.288961743088,1818.8336187784814,100.0,64.6763925729443,1818.8336187784814,0.39949176413161236,-73.980832515579,40.73419469413901,9,observed,opendata,"building_area_fraction,building_density,dem_d8_accum_proxy,dist_mapped_water_m,elevation_m,impervious_frac,slope_deg",event_raster,production,0,0,extreme,1.0092041701663808,0.985207111556632,1,1.0092041701663808,0.985207111556632,False
892a100d23bffff,10.783638140685122,0.7322715441106071,0.5472927407999392,20.9181338028169,1.0,1369.6808883055724,0.5015695466267989,1369.6808883055724,3570.1723644306794,100.0,20.9181338028169,3570.1723644306794,0.5015695466267989,-73.98734780066862,40.7366619591473,9,observed,opendata,"building_area_fraction,building_density,dem_d8_accum_proxy,dist_mapped_water_m,elevation_m,impervious_frac,slope_deg",event_raster,production,0,0,extreme,0.988496392232019,0.9815298233551717,1,0.988496392232019,0.9815298233551717,False
892a100d243ffff,6.8762026253621205,0.7748389768116899,0.3972702182277485,126.21781305114638,1.0,2276.1486110477867,0.49544193743332754,2276.1486110477867,2884.9412952283474,100.0,126.21781305114638,2884.9412952283474,0.49544193743332754,-73.99834713342568,40.744294512623796,9,observed,opendata,"building_area_fraction,building_density,dem_d8_accum_proxy,dist_mapped_water_m,elevation_m,impervious_frac,slope_deg",event_raster,production,0,0,extreme,0.9855411697480968,0.9807587519372576,1,0.9855411697480968,0.9807587519372576,False
892a100d247ffff,8.821203896929546,0.7937727434611892,0.412153148040268,34.3469387755102,1.0,1171.1902616116129,0.5649586329161382,1171.1902616116129,3623.2010789147153,100.0,34.3469387755102,3623.2010789147153,0.5649586329161382,-73.99610534317284,40.741711707250445,9,observed,opendata,"building_area_fraction,building_density,dem_d8_accum_proxy,dist_mapped_water_m,elevation_m,impervious_frac,slope_deg",event_raster,production,0,0,extreme,0.904565155654477,0.941605464704658,1,0.904565155654477,0.941605464704658,False
892a100d24bffff,4.700379842133678,0.7691621584445899,2.3811987119978055,6.778172138420586,1.0,1964.4713196446455,0.4187557197142412,1964.4713196446455,1711.4860425111497,100.0,6.778172138420586,1711.4860425111497,0.4187557197142412,-74.00262255098242,40.744178379188874,9,observed,opendata,"building_area_fraction,building_density,dem_d8_accum_proxy,dist_mapped_water_m,elevation_m,impervious_frac,slope_deg",event_raster,production,0,0,extreme,0.9892887329299843,0.9739581788443487,1,0.9892887329299843,0.9739581788443487,False
892a100d24fffff,6.728941166474821,0.7909526805417321,1.0751003553452378,16.488042515500442,1.0,1794.5606999383997,0.527468556318802,1794.5606999383997,2454.429418197212,100.0,16.488042515500442,2454.429418197212,0.527468556318802,-74.00038052370402,40.74159565610689,9,observed,opendata,"building_area_fraction,building_density,dem_d8_accum_proxy,dist_mapped_water_m,elevation_m,impervious_frac,slope_deg",event_raster,production,0,0,extreme,0.9534704150434473,0.9662348972751138,1,0.9534704150434473,0.9662348972751138,False
892a100d253ffff,8.19125848040712,0.7926414025337588,0.4620399600144446,37.9600709849157,1.0,698.8666466924884,0.4951791834438302,698.8666466924884,3525.591197387953,100.0,37.9600709849157,3525.591197387953,0.4951791834438302,-73.99631351262427,40.74699342036505,9,observed,opendata,"building_area_fraction,building_density,dem_d8_accum_proxy,dist_mapped_water_m,elevation_m,impervious_frac,slope_deg",event_raster,production,0,0,extreme,0.3922210358479865,0.3170731978983053,0,0.3922210358479865,0.3170731978983053,False
892a100d257ffff,9.688490660000692,0.8034272127446875,0.547570635655285,71.08761061946903,1.0,1246.6907019885907,0.5819824175144884,1246.6907019885907,4065.341648690927,100.0,71.08761061946903,4065.341648690927,0.5819824175144884,-73.99407170892711,40.74441048808265,9,observed,opendata,"building_area_fraction,building_density,dem_d8_accum_proxy,dist_mapped_water_m,elevation_m,impervious_frac,slope_deg",event_raster,production,0,0,extreme,0.9808082306824087,0.9820478769438036,1,0.9808082306824087,0.9820478769438036,False
892a100d25bffff,5.423203768983352,0.7607371874878892,1.322553680504186,58.7070796460177,1.0,1029.408800485988,0.33086084305369623,1029.408800485988,2370.2155181922126,100.0,58.7070796460177,2370.2155181922126,0.33086084305369623,-74.00058917418733,40.746877362614214,9,observed,opendata,"building_area_fraction,building_density,dem_d8_accum_proxy,dist_mapped_water_m,elevation_m,impervious_frac,slope_deg",event_raster,production,0,0,extreme,0.9930254105377448,0.9762306812708413,1,0.9930254105377448,0.9762306812708413,False
892a100d263ffff,9.154166255436891,0.7820788840399989,0.47000771231374683,38.9281914893617,1.0,1246.8748959355855,0.5359448513579532,1246.8748959355855,4072.621757582235,100.0,38.9281914893617,4072.621757582235,0.5359448513579532,-73.9958972205727,40.736430343823116,9,observed,opendata,"building_area_fraction,building_density,dem_d8_accum_proxy,dist_mapped_water_m,elevation_m,impervious_frac,slope_deg",event_raster,production,0,0,extreme,0.8942878904969139,0.9170920997743953,1,0.8942878904969139,0.9170920997743953,False
892a100d267ffff,10.506262568149197,0.7763419446701305,0.5278553454372933,31.214285714285715,1.0,1501.99427893077,0.5377714965238943,1501.99427893077,4147.713632834725,100.0,31.214285714285715,4147.713632834725,0.5377714965238943,-73.99365594464955,40.7338477546659,9,observed,opendata,"building_area_fraction,building_density,dem_d8_accum_proxy,dist_mapped_water_m,elevation_m,impervious_frac,slope_deg",event_raster,production,0,0,extreme,0.9850326979230326,0.9830883301677638,1,0.9850326979230326,0.9830883301677638,False
892a100d26bffff,7.4298304092366685,0.7336941748672718,1.4907869235938291,18.392382639503985,1.0,2087.565005173888,0.43001370708469105,2087.565005173888,2894.6345337189323,100.0,18.392382639503985,2894.6345337189323,0.43001370708469105,-74.00017192018016,40.7363142992853,9,observed,opendata,"building_area_fraction,building_density,dem_d8_accum_proxy,dist_mapped_water_m,elevation_m,impervious_frac,slope_deg",event_raster,production,0,0,extreme,0.33067143356090695,0.29070715331403735,0,0.33067143356090695,0.29070715331403735,False
892a100d26fffff,7.045459998170429,0.6573402445522902,0.5498938282986092,108.12201591511936,1.0,2456.084387329168,0.4856766111540384,2456.084387329168,3548.4786148292724,100.0,108.12201591511936,3548.4786148292724,0.4856766111540384,-73.9979304072968,40.73373179237872,9,observed,opendata,"building_area_fraction,building_density,dem_d8_accum_proxy,dist_mapped_water_m,elevation_m,impervious_frac,slope_deg",event_raster,production,0,0,extreme,0.8880287637954976,0.9633520358941154,1,0.8880287637954976,0.9633520358941154,False
892a100d273ffff,10.541157568301413,0.8212952520895762,0.41649875312372253,16.70053003533569,1.0,1284.5969165645495,0.6161346097449659,1284.5969165645495,4366.968246712419,100.0,16.70053003533569,4366.968246712419,0.6161346097449659,-73.99386380339365,40.73912894651647,9,observed,opendata,"building_area_fraction,building_density,dem_d8_accum_proxy,dist_mapped_water_m,elevation_m,impervious_frac,slope_deg",event_raster,production,0,0,extreme,0.9865776969425688,0.9851471847060667,1,0.9865776969425688,0.9851471847060667,False
892a100d277ffff,11.808286775837333,0.7810070273013533,0.2974859175316148,11.861824623560674,1.0,859.5904107653606,0.42368563748846455,859.5904107653606,4404.990300114387,100.0,11.861824623560674,4404.990300114387,0.42368563748846455,-73.99162251405302,40.73654623044413,9,observed,opendata,"building_area_fraction,building_density,dem_d8_accum_proxy,dist_mapped_water_m,elevation_m,impervious_frac,slope_deg",event_raster,production,0,0,extreme,0.9684861043725955,0.9658880941624666,1,0.9684861043725955,0.9658880941624666,False
892a100d27bffff,8.604641501979357,0.7988172016063765,0.3405201793886892,8.759717314487633,1.0,1426.2764007331282,0.5158462169877158,1426.2764007331282,3203.700221131711,100.0,8.759717314487633,3203.700221131711,0.5158462169877158,-73.9981387469125,40.739012977644194,9,observed,opendata,"building_area_fraction,building_density,dem_d8_accum_proxy,dist_mapped_water_m,elevation_m,impervious_frac,slope_deg",event_raster,production,0,0,extreme,0.8719750953327854,0.8943426938654235,1,0.8719750953327854,0.8943426938654235,False
892a100d283ffff,16.917748117320418,0.7059835343894233,2.3604242408254525,13.622458001768347,1.0,1728.2978480574743,0.4550787383755099,1728.2978480574743,2537.502510435042,100.0,13.622458001768347,2537.502510435042,0.4550787383755099,-73.97921079764829,40.7474560713926,9,observed,opendata,"building_area_fraction,building_density,dem_d8_accum_proxy,dist_mapped_water_m,elevation_m,impervious_frac,slope_deg",event_raster,production,0,0,extreme,0.9567739676052123,0.9687450656425468,1,0.9567739676052123,0.9687450656425468,False
892a100d287ffff,7.147121550129579,0.8039008917534246,0.9129411541255175,73.5070796460177,1.0,1501.7126066268452,0.4231081166662552,1501.7126066268452,1605.6338935494234,100.0,73.5070796460177,1605.6338935494234,0.4231081166662552,-73.97696994246623,40.744872810136386,9,observed,opendata,"building_area_fraction,building_density,dem_d8_accum_proxy,dist_mapped_water_m,elevation_m,impervious_frac,slope_deg",event_raster,production,0,0,extreme,1.002408673167334,0.9763287207887003,1,1.002408673167334,0.9763287207887003,False
892a100d28bffff,15.509574750760047,0.7257254189152544,1.2605201045795285,25.720106288751108,1.0,840.535912359148,0.529679393222422,840.535912359148,3600.5249055380445,100.0,25.720106288751108,3600.5249055380445,0.529679393222422,-73.98348648660567,40.74734064563417,9,observed,opendata,"building_area_fraction,building_density,dem_d8_accum_proxy,dist_mapped_water_m,elevation_m,impervious_frac,slope_deg",event_raster,production,0,0,extreme,0.9908852887550939,0.9830280069298694,1,0.9908852887550939,0.9830280069298694,False
892a100d28fffff,11.092858950016463,0.7379329336604921,1.111017796915396,21.730803177405118,1.0,1548.9318705468659,0.49838071992841476,1548.9318705468659,2698.2194004843595,100.0,21.730803177405118,2698.2194004843595,0.49838071992841476,-73.98124539425626,40.74475746659229,9,observed,opendata,"building_area_fraction,building_density,dem_d8_accum_proxy,dist_mapped_water_m,elevation_m,impervious_frac,slope_deg",event_raster,production,0,0,extreme,0.9705183437759318,0.9763311139911441,1,0.9705183437759318,0.9763311139911441,False
892a100d293ffff,17.053246227562006,0.7343941558654427,2.0636505864243557,29.944148936170212,1.0,1095.4801784648826,0.4990897964841905,1095.4801784648826,2629.2092584921716,100.0,29.944148936170212,2629.2092584921716,0.4990897964841905,-73.97717597041498,40.75015472731649,9,observed,opendata,"building_area_fraction,building_density,dem_d8_accum_proxy,dist_mapped_water_m,elevation_m,impervious_frac,slope_deg",event_raster,production,0,0,extreme,0.9694669123029857,0.9733787565918265,1,0.9694669123029857,0.9733787565918265,False
892a100d297ffff,9.607814983428577,0.8091243255370076,1.2843576428075667,30.645759717314487,1.0,821.6521362411067,0.3882135448667216,821.6521362411067,1585.104332544806,100.0,30.645759717314487,1585.104332544806,0.3882135448667216,-73.97493510196136,40.747571339150305,9,observed,opendata,"building_area_fraction,building_density,dem_d8_accum_proxy,dist_mapped_water_m,elevation_m,impervious_frac,slope_deg",event_raster,production,0,0,extreme,0.9653431016996518,0.9628730512271942,1,0.9653431016996518,0.9628730512271942,False
892a100d29bffff,22.765609919342175,0.7373028706086364,0.8657436078340471,5.829955947136564,1.0,934.9330117579996,0.534761579845039,934.9330117579996,3551.6861610883225,100.0,5.829955947136564,3551.6861610883225,0.534761579845039,-73.9814519033082,40.75003937734384,9,observed,opendata,"building_area_fraction,building_density,dem_d8_accum_proxy,dist_mapped_water_m,elevation_m,impervious_frac,slope_deg",event_raster,production,0,0,extreme,0.10562002745950917,0.10740994300918463,0,0.10562002745950917,0.10740994300918463,False
892a100d2a3ffff,5.74795115731209,0.7661340586024965,1.2679799992011946,29.223498233215548,1.0,245.58748269415776,0.3818938453196863,245.58748269415776,1142.0937344759552,100.0,29.223498233215548,1142.0937344759552,0.3818938453196863,-73.97676396089017,40.73959124262263,9,observed,opendata,"building_area_fraction,building_density,dem_d8_accum_proxy,dist_mapped_water_m,elevation_m,impervious_frac,slope_deg",event_raster,production,0,0,extreme,0.9583182987167977,0.9591099433543819,1,0.9583182987167977,0.9591099433543819,False
892a100d2a7ffff,0.9807134715443706,0.7893562591271409,0.5174281532803537,102.49024822695036,1.0,113.35386601824062,0.3324400777586228,113.35386601824062,213.42318622230448,100.0,102.49024822695036,213.42318622230448,0.3324400777586228,-73.97452361980322,40.737008197739414,9,observed,opendata,"building_area_fraction,building_density,dem_d8_accum_proxy,dist_mapped_water_m,elevation_m,impervious_frac,slope_deg",event_raster,production,0,0,extreme,0.9825224981955514,0.9807744171736442,1,0.9825224981955514,0.9807744171736442,False
892a100d2abffff,8.566205889091895,0.780882514091768,0.5765698538606084,21.454946996466433,1.0,1209.0426320833733,0.45942555751946984,1209.0426320833733,2148.5677762477494,100.0,21.454946996466433,2148.5677762477494,0.45942555751946984,-73.98103893168508,40.73947590550561,9,observed,opendata,"building_area_fraction,building_density,dem_d8_accum_proxy,dist_mapped_water_m,elevation_m,impervious_frac,slope_deg",event_raster,production,0,0,extreme,0.9249317919809015,0.9493011867836181,1,0.9249317919809015,0.9493011867836181,False
892a100d2afffff,4.456356149193243,0.7479806258904595,0.7418303156126265,85.96719858156028,1.0,661.2290025268504,0.41499988503649543,661.2290025268504,1230.522464932959,100.0,85.96719858156028,1230.522464932959,0.41499988503649543,-73.97879835349616,40.73689294279598,9,observed,opendata,"building_area_fraction,building_density,dem_d8_accum_proxy,dist_mapped_water_m,elevation_m,impervious_frac,slope_deg",event_raster,production,0,0,extreme,0.9637177091352614,0.9857636832205919,1,0.9637177091352614,0.9857636832205919,False
892a100d2b3ffff,4.7459736974102205,0.7524935029381145,1.3542759952819452,50.00265486725664,1.0,415.58951777937176,0.444905357851241,415.58951777937176,753.7806130627465,100.0,50.00265486725664,753.7806130627465,0.444905357851241,-73.97472933772691,40.74228959359751,9,observed,opendata,"building_area_fraction,building_density,dem_d8_accum_proxy,dist_mapped_water_m,elevation_m,impervious_frac,slope_deg",event_raster,production,0,0,extreme,0.984183272840984,0.9806723939608045,1,0.984183272840984,0.9806723939608045,False
892a100d2b7ffff,0.4733200674942577,0.408769081810286,0.39625872512754573,17.273291925465838,0.0,66.11989545174349,0.14559922811940781,66.11989545174349,12.78836189261329,100.0,17.273291925465838,12.78836189261329,0.14559922811940781,-73.97248898339517,40.739706421798246,9,observed,opendata,"building_area_fraction,building_density,dem_d8_accum_proxy,dist_mapped_water_m,elevation_m,impervious_frac,slope_deg",event_raster,production,0,0,extreme,0.15937311536115534,0.18686530457868247,0,0.15937311536115534,0.18686530457868247,False
892a100d2bbffff,9.50822014888902,0.7417094053632923,0.3525986636405608,9.99734278122232,1.0,1681.2437167749674,0.42124082384961103,1681.2437167749674,1919.6963577830002,100.0,9.99734278122232,1919.6963577830002,0.42124082384961103,-73.97900455236277,40.74217433224768,9,observed,opendata,"building_area_fraction,building_density,dem_d8_accum_proxy,dist_mapped_water_m,elevation_m,impervious_frac,slope_deg",event_raster,production,0,0,extreme,0.9603372081723501,0.9584346337607739,1,0.9603372081723501,0.9584346337607739,False
892a100d2c3ffff,12.497188469196887,0.8180809853770209,0.47100020741634335,60.326241134751776,1.0,443.85457562007167,0.5767061989049808,443.85457562007167,5011.318098428111,100.0,60.326241134751776,5011.318098428111,0.5767061989049808,-73.99000374878119,40.74980820333916,9,observed,opendata,"building_area_fraction,building_density,dem_d8_accum_proxy,dist_mapped_water_m,elevation_m,impervious_frac,slope_deg",event_raster,production,0,0,extreme,1.0036645585639083,0.9879012098139331,1,1.0036645585639083,0.9879012098139331,False
892a100d2c7ffff,13.313176553930253,0.7772917157775211,0.3511992797212697,37.63572060123784,1.0,1048.305869617177,0.5359025474333563,1048.305869617177,4695.691982586693,100.0,37.63572060123784,4695.691982586693,0.5359025474333563,-73.98776216878585,40.74722506187607,9,observed,opendata,"building_area_fraction,building_density,dem_d8_accum_proxy,dist_mapped_water_m,elevation_m,impervious_frac,slope_deg",event_raster,production,0,0,extreme,0.988496392232019,0.9816493709699547,1,0.988496392232019,0.9816493709699547,False
892a100d2cbffff,9.850798211899479,0.8231508452280433,0.5050499744433086,110.2424778761062,1.0,953.8124678665314,0.5656380196291919,953.8124678665314,4013.31143684881,100.0,110.2424778761062,4013.31143684881,0.5656380196291919,-73.99427966126574,40.749692379309224,9,observed,opendata,"building_area_fraction,building_density,dem_d8_accum_proxy,dist_mapped_water_m,elevation_m,impervious_frac,slope_deg",event_raster,production,0,0,extreme,0.9808082306824087,0.985389441817972,1,0.9808082306824087,0.985389441817972,False
892a100d2cfffff,11.001076699144948,0.7814383401033211,0.4878055801662795,72.09620476610768,1.0,1378.848878919033,0.5942029208674819,1378.848878919033,4695.9944854395835,100.0,72.09620476610768,4695.9944854395835,0.5942029208674819,-73.99203784414127,40.74710932011937,9,observed,opendata,"building_area_fraction,building_density,dem_d8_accum_proxy,dist_mapped_water_m,elevation_m,impervious_frac,slope_deg",event_raster,production,0,0,extreme,1.0107220784065414,0.9897620356277232,1,1.0107220784065414,0.9897620356277232,False
892a100d2d3ffff,15.342403719638114,0.7389229855950589,0.8534401915275766,22.339522546419097,1.0,670.4713495470615,0.5470736659794311,670.4713495470615,5047.336726256597,100.0,22.339522546419097,5047.336726256597,0.5470736659794311,-73.98796942281288,40.75250713772061,9,observed,opendata,"building_area_fraction,building_density,dem_d8_accum_proxy,dist_mapped_water_m,elevation_m,impervious_frac,slope_deg",event_raster,production,0,0,extreme,0.9941512582451767,0.9870266267475398,1,0.9941512582451767,0.9870266267475398,False
892a100d2d7ffff,16.714672955369526,0.7223252578382998,1.2815157337130698,19.675221238938054,1.0,1142.6926658239488,0.6157606397906804,1142.6926658239488,4554.317617697063,100.0,19.675221238938054,4554.317617697063,0.6157606397906804,-73.98572782944613,40.74992386935104,9,observed,opendata,"building_area_fraction,building_density,dem_d8_accum_proxy,dist_mapped_water_m,elevation_m,impervious_frac,slope_deg",event_raster,production,0,0,extreme,0.9878796806787886,0.9856460218744832,1,0.9878796806787886,0.9856460218744832,False
892a100d2dbffff,11.560635549876928,0.7550748357547665,0.3972029725550707,19.67431597528685,1.0,642.1397641095709,0.5520896956161296,642.1397641095709,3999.353071480036,100.0,19.67431597528685,3999.353071480036,0.5520896956161296,-73.99224557931602,40.75239138943488,9,observed,opendata,"building_area_fraction,building_density,dem_d8_accum_proxy,dist_mapped_water_m,elevation_m,impervious_frac,slope_deg",event_raster,production,0,0,extreme,0.9905741716145717,0.9842422898129833,1,0.9905741716145717,0.9842422898129833,False
892a100d303ffff,0.33006215737380973,0.21603966704284186,0.3201423058466008,12.504638218923933,0.0,28.345554843976227,0.011532903312327435,28.345554843976227,103.3456824195747,100.0,12.504638218923933,103.3456824195747,0.011532903312327435,-73.97187275909451,40.72386379865436,9,observed,opendata,"building_area_fraction,building_density,dem_d8_accum_proxy,dist_mapped_water_m,elevation_m,impervious_frac,slope_deg",event_raster,production,0,0,extreme,0.004923858901319917,0.02049415537872066,0,0.004923858901319917,0.02049415537872066,False
892a100d30bffff,3.070555277812628,0.7373875516747671,0.36311733965126297,12.447971781305114,1.0,963.7461166542417,0.3140560123678027,963.7461166542417,1053.674021046903,100.0,12.447971781305114,1053.674021046903,0.3140560123678027,-73.9761462942413,40.723748638631584,9,observed,opendata,"building_area_fraction,building_density,dem_d8_accum_proxy,dist_mapped_water_m,elevation_m,impervious_frac,slope_deg",event_raster,production,0,0,extreme,0.9237759766600754,0.9450699605644707,1,0.9237759766600754,0.9450699605644707,False
892a100d30fffff,1.018254448630795,0.34075038655669415,0.49561539350429545,34.141082519964506,0.0,66.14282420338893,0.04418538886804371,66.14282420338893,271.69579786090515,100.0,34.141082519964506,271.69579786090515,0.04418538886804371,-73.97390674374046,40.72116610888531,9,observed,opendata,"building_area_fraction,building_density,dem_d8_accum_proxy,dist_mapped_water_m,elevation_m,impervious_frac,slope_deg",event_raster,production,0,0,extreme,0.1364431826142691,0.09881941775564933,0,0.1364431826142691,0.09881941775564933,False
892a100d31bffff,1.9389970005977408,0.8121149652399142,0.49387122405949896,14.87688219663419,1.0,245.64890448835345,0.29583667266157226,245.64890448835345,672.924793108795,100.0,14.87688219663419,672.924793108795,0.29583667266157226,-73.97411232282563,40.72644645532815,9,observed,opendata,"building_area_fraction,building_density,dem_d8_accum_proxy,dist_mapped_water_m,elevation_m,impervious_frac,slope_deg",event_raster,production,0,0,extreme,0.26877191366145275,0.2851130474773687,0,0.26877191366145275,0.2851130474773687,False
892a100d32bffff,0.10926882264773695,0.13018721912098352,0.13627310751167976,63.3114463176575,0.0,0.0,0.0,0.0,232.7837397081825,100.0,63.3114463176575,232.7837397081825,0.0,-73.9737012109036,40.715886112357865,9,observed,opendata,"building_area_fraction,building_density,dem_d8_accum_proxy,dist_mapped_water_m,elevation_m,impervious_frac,slope_deg",event_raster,production,0,0,extreme,0.022725774715727502,0.009376981449580109,0,0.022725774715727502,0.009376981449580109,False
892a100d32fffff,0.0,0.05989910423352652,0.0,1.0,0.0,0.0,0.0,0.0,385.78086472746827,100.0,1.0,385.78086472746827,0.0,-73.97146217393056,40.713303799242574,9,observed,opendata,"building_area_fraction,building_density,dem_d8_accum_proxy,dist_mapped_water_m,elevation_m,impervious_frac,slope_deg",event_raster,production,0,0,extreme,0.007662006054822496,0.010762079407125952,0,0.007662006054822496,0.010762079407125952,False
892a100d33bffff,0.004580221421793894,0.002873535865689686,0.019600106969984515,2.241080038572806,0.0,0.0,0.0,0.0,266.92658207839764,100.0,2.241080038572806,266.92658207839764,0.0,-73.97166744341928,40.71858362397663,9,observed,opendata,"building_area_fraction,building_density,dem_d8_accum_proxy,dist_mapped_water_m,elevation_m,impervious_frac,slope_deg",event_raster,production,0,0,extreme,0.007662006054822496,0.010762079407125952,0,0.007662006054822496,0.010762079407125952,False
892a100d343ffff,5.5866502148523765,0.577020722082668,0.4508326297277065,160.69169611307422,1.0,1405.5556041546433,0.2587702342262963,1405.5556041546433,416.2161517168003,100.0,160.69169611307422,416.2161517168003,0.2587702342262963,-73.98265986037387,40.72621581321689,9,observed,opendata,"building_area_fraction,building_density,dem_d8_accum_proxy,dist_mapped_water_m,elevation_m,impervious_frac,slope_deg",event_raster,production,0,0,extreme,0.9276344166743066,0.9514657990317905,1,0.9276344166743066,0.9514657990317905,False
892a100d347ffff,4.644717354000196,0.8011106262718986,0.39232210838752396,68.01330967169477,1.0,1483.408924758386,0.3893958865556362,1483.408924758386,1241.0130266123258,100.0,68.01330967169477,1241.0130266123258,0.3893958865556362,-73.98041982269943,40.723633320786945,9,observed,opendata,"building_area_fraction,building_density,dem_d8_accum_proxy,dist_mapped_water_m,elevation_m,impervious_frac,slope_deg",event_raster,production,0,0,extreme,1.0167714818211284,0.9859778197644673,1,1.0167714818211284,0.9859778197644673,False
892a100d34bffff,9.015767370252668,0.724463825411337,0.6106587097799746,91.2316534040672,1.0,2059.654053282634,0.38269046511885907,2059.654053282634,1512.0503536288113,100.0,91.2316534040672,1512.0503536288113,0.38269046511885907,-73.98693361902893,40.72610025540042,9,observed,opendata,"building_area_fraction,building_density,dem_d8_accum_proxy,dist_mapped_water_m,elevation_m,impervious_frac,slope_deg",event_raster,production,0,0,extreme,0.9958492962654985,0.9756680215236011,1,0.9958492962654985,0.9756680215236011,False
892a100d34fffff,7.623786851803391,0.7876910353087702,0.6167541903103995,42.08074534161491,1.0,1549.5437875207735,0.41581382654509463,1549.5437875207735,1540.239795018936,100.0,42.08074534161491,1540.239795018936,0.41581382654509463,-73.98469334442134,40.72351784512154,9,observed,opendata,"building_area_fraction,building_density,dem_d8_accum_proxy,dist_mapped_water_m,elevation_m,impervious_frac,slope_deg",event_raster,production,0,0,extreme,0.9114335833283347,0.9570698001180822,1,0.9114335833283347,0.9570698001180822,False
892a100d353ffff,4.521780591095443,0.7922351027484489,0.3845147181005604,163.48849557522124,1.0,2248.5108413934995,0.4655384185022651,2248.5108413934995,648.7489757814568,100.0,163.48849557522124,648.7489757814568,0.4655384185022651,-73.98062614592236,40.728913832547754,9,observed,opendata,"building_area_fraction,building_density,dem_d8_accum_proxy,dist_mapped_water_m,elevation_m,impervious_frac,slope_deg",event_raster,production,0,0,extreme,1.015314068785393,0.9860118417532986,1,1.015314068785393,0.9860118417532986,False
892a100d357ffff,3.1141942793432333,0.7748897211839376,0.36680282423164756,204.97249334516414,1.0,1625.0573574649106,0.40742719514522585,1625.0573574649106,847.9945021272777,100.0,204.97249334516414,847.9945021272777,0.40742719514522585,-73.9783860949569,40.726331213193134,9,observed,opendata,"building_area_fraction,building_density,dem_d8_accum_proxy,dist_mapped_water_m,elevation_m,impervious_frac,slope_deg",event_raster,production,0,0,extreme,1.0022571054799776,0.9880101939395102,1,1.0022571054799776,0.9880101939395102,False
892a100d35bffff,7.43764604587098,0.7497775448087897,0.5960472149587672,67.59272404614019,1.0,2626.4043840731415,0.4663264694575059,2626.4043840731415,1107.8621328484753,100.0,67.59272404614019,1107.8621328484753,0.4663264694575059,-73.98490014831133,40.72879835041982,9,observed,opendata,"building_area_fraction,building_density,dem_d8_accum_proxy,dist_mapped_water_m,elevation_m,impervious_frac,slope_deg",event_raster,production,0,0,extreme,0.9832545012971026,0.9758662504873074,1,0.9832545012971026,0.9758662504873074,False
892a100d363ffff,4.558396402247309,0.6824059780445793,0.47961942054258583,96.99378881987577,1.0,152.73233360501195,0.19209512792462843,152.73233360501195,409.0021997003835,100.0,96.99378881987577,409.0021997003835,0.19209512792462843,-73.98021354589461,40.718353158911775,9,observed,opendata,"building_area_fraction,building_density,dem_d8_accum_proxy,dist_mapped_water_m,elevation_m,impervious_frac,slope_deg",event_raster,production,0,0,extreme,0.9865667652052285,0.9711148472812421,1,0.9865667652052285,0.9711148472812421,False
892a100d367ffff,2.7580655020776312,0.7045963334762702,0.7061705600249228,44.11957484499557,1.0,103.94877229180514,0.11122112618573372,103.94877229180514,871.4361455647529,100.0,44.11957484499557,871.4361455647529,0.11122112618573372,-73.9779740219053,40.71577088302538,9,observed,opendata,"building_area_fraction,building_density,dem_d8_accum_proxy,dist_mapped_water_m,elevation_m,impervious_frac,slope_deg",event_raster,production,0,0,extreme,0.9406983794767477,0.9631901880050436,1,0.9406983794767477,0.9631901880050436,False
892a100d36bffff,7.702208926068976,0.8444553578259252,0.5499126501777705,51.695035460992905,1.0,1152.824113120977,0.38304576013927205,1152.824113120977,1056.5341107824609,100.0,51.695035460992905,1056.5341107824609,0.38304576013927205,-73.98448658705743,40.718237689707394,9,observed,opendata,"building_area_fraction,building_density,dem_d8_accum_proxy,dist_mapped_water_m,elevation_m,impervious_frac,slope_deg",event_raster,production,0,0,extreme,0.889391075821744,0.9569576322977912,1,0.889391075821744,0.9569576322977912,False
892a100d36fffff,7.427478178349197,0.768602399019046,0.9244821037088553,29.728155339805824,1.0,321.29529383217175,0.2004228860315831,321.29529383217175,1471.9406884439734,100.0,29.728155339805824,1471.9406884439734,0.2004228860315831,-73.98224682620025,40.71565549593136,9,observed,opendata,"building_area_fraction,building_density,dem_d8_accum_proxy,dist_mapped_water_m,elevation_m,impervious_frac,slope_deg",event_raster,production,0,0,extreme,0.9043736592677891,0.9184222190384232,1,0.9043736592677891,0.9184222190384232,False
892a100d373ffff,3.7008108685141226,0.7542084921134902,0.34596466896700795,113.31532329495128,1.0,774.8137351400688,0.30167143582508654,774.8137351400688,778.0595702150201,100.0,113.31532329495128,778.0595702150201,0.30167143582508654,-73.97818003525298,40.72105087315231,9,observed,opendata,"building_area_fraction,building_density,dem_d8_accum_proxy,dist_mapped_water_m,elevation_m,impervious_frac,slope_deg",event_raster,production,0,0,extreme,0.9828449070917723,0.9843592598858198,1,0.9828449070917723,0.9843592598858198,False
892a100d377ffff,1.6780312110335243,0.6493918068358154,0.5231083692133742,225.40106007067138,1.0,113.39317906931772,0.09130986122500911,113.39317906931772,621.6312370920012,100.0,225.40106007067138,621.6312370920012,0.09130986122500911,-73.97594049799939,40.718468470335196,9,observed,opendata,"building_area_fraction,building_density,dem_d8_accum_proxy,dist_mapped_water_m,elevation_m,impervious_frac,slope_deg",event_raster,production,0,0,extreme,0.9885619863097219,0.974700752013979,1,0.9885619863097219,0.974700752013979,False
892a100d37bffff,6.074471894135438,0.8143881015933307,0.4704754439240941,124.49955869373345,1.0,1514.6905724665742,0.3773416353762881,1514.6905724665742,527.9499871908369,100.0,124.49955869373345,527.9499871908369,0.3773416353762881,-73.98245332005494,40.7209354796179,9,observed,opendata,"building_area_fraction,building_density,dem_d8_accum_proxy,dist_mapped_water_m,elevation_m,impervious_frac,slope_deg",event_raster,production,0,0,extreme,0.9870529353441502,0.981664271231271,1,0.9870529353441502,0.981664271231271,False
892a100d3c3ffff,0.6128655131696951,0.5629919689043797,0.3475679819685786,57.40832595217006,1.0,56.682569958746576,0.11494009047587837,56.682569958746576,218.70139566870228,100.0,57.40832595217006,218.70139566870228,0.11494009047587837,-73.97431794817466,40.73172715163123,9,observed,opendata,"building_area_fraction,building_density,dem_d8_accum_proxy,dist_mapped_water_m,elevation_m,impervious_frac,slope_deg",event_raster,production,0,0,extreme,0.8350060963765881,0.848621577442111,1,0.8350060963765881,0.848621577442111,False
892a100d3c7ffff,0.75195627715678,0.5162018981679098,0.5022142332503705,4.554659498207886,1.0,75.58062667460685,0.10069092558187379,75.58062667460685,167.14055966195306,100.0,4.554659498207886,167.14055966195306,0.10069092558187379,-73.97207812097184,40.72914432322064,9,observed,opendata,"building_area_fraction,building_density,dem_d8_accum_proxy,dist_mapped_water_m,elevation_m,impervious_frac,slope_deg",event_raster,production,0,0,extreme,0.13153358027785342,0.13616982005272976,0,0.13153358027785342,0.13616982005272976,False
892a100d3cbffff,3.4916955958886424,0.5565334221291923,0.5258604157352109,77.14653641207815,1.0,113.36481717867224,0.2060842381632758,113.36481717867224,1387.790111205094,100.0,77.14653641207815,1387.790111205094,0.2060842381632758,-73.97859220103275,40.73161190309274,9,observed,opendata,"building_area_fraction,building_density,dem_d8_accum_proxy,dist_mapped_water_m,elevation_m,impervious_frac,slope_deg",event_raster,production,0,0,extreme,0.11234960475866995,0.12252106311022147,0,0.11234960475866995,0.12252106311022147,False
892a100d3cfffff,2.3551216452420283,0.7707773270430388,0.4281572353019259,53.17724867724868,1.0,368.4545043532385,0.24100500359050583,368.4545043532385,1154.7055073844572,100.0,53.17724867724868,1154.7055073844572,0.24100500359050583,-73.97635213679334,40.72902915681503,9,observed,opendata,"building_area_fraction,building_density,dem_d8_accum_proxy,dist_mapped_water_m,elevation_m,impervious_frac,slope_deg",event_raster,production,0,0,extreme,0.941896839555284,0.9604207442356946,1,0.941896839555284,0.9604207442356946,False
892a100d3d3ffff,0.015260853109045734,0.10776475645644683,0.05527591807185672,22.217198581560282,0.0,18.89327738137942,0.031172348950599085,18.89327738137942,333.25325186169357,100.0,22.217198581560282,333.25325186169357,0.031172348950599085,-73.97228352906686,40.73442519762032,9,observed,opendata,"building_area_fraction,building_density,dem_d8_accum_proxy,dist_mapped_water_m,elevation_m,impervious_frac,slope_deg",event_raster,production,0,0,extreme,0.026508884836029235,0.010997833938233082,0,0.026508884836029235,0.010997833938233082,False
892a100d3d7ffff,0.0,0.0,0.0,1.0,0.0,0.0,0.0,0.0,839.5136774689454,100.0,1.0,839.5136774689454,0.0,-73.970043688646,40.7318422422876,9,observed,opendata,"building_area_fraction,building_density,dem_d8_accum_proxy,dist_mapped_water_m,elevation_m,impervious_frac,slope_deg",event_raster,production,0,0,extreme,0.007662006054822496,0.010762079407125952,0,0.007662006054822496,0.010762079407125952,False
892a100d3dbffff,1.9969931639230714,0.6234106497292805,0.5685779020953726,159.25706713780917,1.0,188.9322350168775,0.18934958794626555,188.9322350168775,646.6873693039787,100.0,159.25706713780917,646.6873693039787,0.18934958794626555,-73.97655802567105,40.73431002483043,9,observed,opendata,"building_area_fraction,building_density,dem_d8_accum_proxy,dist_mapped_water_m,elevation_m,impervious_frac,slope_deg",event_raster,production,0,0,extreme,0.9823123772223975,0.9759646871797761,1,0.9823123772223975,0.9759646871797761,False
892a100d607ffff,14.020338530513827,0.7112487444664513,1.0015001963969716,39.16536312849162,1.0,302.15768155156775,0.4622610638458984,302.15768155156775,3872.9261737505403,100.0,39.16536312849162,3872.9261737505403,0.4622610638458984,-73.97107010462192,40.75825100161534,9,observed,opendata,"building_area_fraction,building_density,dem_d8_accum_proxy,dist_mapped_water_m,elevation_m,impervious_frac,slope_deg",event_raster,production,0,0,extreme,0.9977582217576956,0.9747844316579216,1,0.9977582217576956,0.9747844316579216,False
892a100d60fffff,19.72242390804879,0.6652081506892973,1.0943608169557757,7.185022026431718,1.0,500.44723006896095,0.5296866072932178,500.44723006896095,4254.890531775295,100.0,7.185022026431718,4254.890531775295,0.5296866072932178,-73.97534676942504,40.75813587911897,9,observed,opendata,"building_area_fraction,building_density,dem_d8_accum_proxy,dist_mapped_water_m,elevation_m,impervious_frac,slope_deg",event_raster,production,0,0,extreme,0.9644819205247499,0.9795112424549893,1,0.9644819205247499,0.9795112424549893,False
892a100d623ffff,13.148497154090345,0.7602584077149666,1.6915548537659133,59.038140643623365,1.0,831.016192876088,0.3945466338293475,831.016192876088,2016.573403672762,100.0,59.038140643623365,2016.573403672762,0.3945466338293475,-73.97086472899026,40.752968550468005,9,observed,opendata,"building_area_fraction,building_density,dem_d8_accum_proxy,dist_mapped_water_m,elevation_m,impervious_frac,slope_deg",event_raster,production,0,0,extreme,1.033642899376225,0.9853096304889395,1,1.033642899376225,0.9853096304889395,False
892a100d62bffff,14.418228563653216,0.7967663634716151,1.2384826880358653,23.111013215859032,1.0,481.6102811513987,0.6467541623718011,481.6102811513987,2682.805490788197,100.0,23.111013215859032,2682.805490788197,0.6467541623718011,-73.97514091252218,40.752853434342555,9,observed,opendata,"building_area_fraction,building_density,dem_d8_accum_proxy,dist_mapped_water_m,elevation_m,impervious_frac,slope_deg",event_raster,production,0,0,extreme,0.9734538332724747,0.9765063924575206,1,0.9734538332724747,0.9765063924575206,False
892a100d62fffff,13.633146318983524,0.8289348363400774,1.4104762458876567,13.285460992907801,1.0,424.97197105742754,0.5062271319643027,424.97197105742754,1612.8375588875404,100.0,13.285460992907801,1612.8375588875404,0.5062271319643027,-73.97290003081406,40.750269919268,9,observed,opendata,"building_area_fraction,building_density,dem_d8_accum_proxy,dist_mapped_water_m,elevation_m,impervious_frac,slope_deg",event_raster,production,0,0,extreme,0.9866308347986044,0.9764585377647712,1,0.9866308347986044,0.9764585377647712,False
892a100d63bffff,14.483056847085344,0.7337768375345156,1.0713072652195363,33.341312056737586,1.0,377.71532593222224,0.542230702668537,377.71532593222224,3132.6754101004144,100.0,33.341312056737586,3132.6754101004144,0.542230702668537,-73.97310562393588,40.75555219244933,9,observed,opendata,"building_area_fraction,building_density,dem_d8_accum_proxy,dist_mapped_water_m,elevation_m,impervious_frac,slope_deg",event_raster,production,0,0,extreme,0.9696619032555645,0.9817893265267585,1,0.9696619032555645,0.9817893265267585,False
892a100d663ffff,19.63950660685365,0.7479781486876539,0.5656640960901502,11.427184466019417,1.0,708.2122024914353,0.5718508842336081,708.2122024914353,4655.209414351158,100.0,11.427184466019417,4655.209414351158,0.5718508842336081,-73.98165845885663,40.75532163770499,9,observed,opendata,"building_area_fraction,building_density,dem_d8_accum_proxy,dist_mapped_water_m,elevation_m,impervious_frac,slope_deg",event_raster,production,0,0,extreme,0.9929982864376299,0.985826078692089,1,0.9929982864376299,0.985826078692089,False
892a100d667ffff,19.985027186526356,0.7309804871823536,1.0679178349056098,22.732506643046943,1.0,481.60890969299186,0.5376792560219663,481.60890969299186,3619.4840244017128,100.0,22.732506643046943,3619.4840244017128,0.5376792560219663,-73.97941708936834,40.7527381601755,9,observed,opendata,"building_area_fraction,building_density,dem_d8_accum_proxy,dist_mapped_water_m,elevation_m,impervious_frac,slope_deg",event_raster,production,0,0,extreme,0.9714003576984368,0.9822039206623884,1,0.9714003576984368,0.9822039206623884,False
892a100d66bffff,17.500070471557024,0.6932226776760516,0.6726049114180075,28.52608311229001,1.0,443.8117227518402,0.5134854723085188,443.8117227518402,5090.952395308951,100.0,28.52608311229001,5090.952395308951,0.5134854723085188,-73.98593486620214,40.75520612324228,9,observed,opendata,"building_area_fraction,building_density,dem_d8_accum_proxy,dist_mapped_water_m,elevation_m,impervious_frac,slope_deg",event_raster,production,0,0,extreme,0.969011461175362,0.9817830616705583,1,0.969011461175362,0.9817830616705583,False
892a100d66fffff,20.715400095527055,0.6178529678071116,0.7742615862227712,14.50709219858156,1.0,802.6792381051476,0.494886293010319,802.6792381051476,4618.788205299972,100.0,14.50709219858156,4618.788205299972,0.494886293010319,-73.98369325948109,40.752622727967825,9,observed,opendata,"building_area_fraction,building_density,dem_d8_accum_proxy,dist_mapped_water_m,elevation_m,impervious_frac,slope_deg",event_raster,production,0,0,extreme,0.0322192211156849,0.047175718134297065,0,0.0322192211156849,0.047175718134297065,False
892a100d673ffff,19.184934780107323,0.7011803364288722,0.7275533722837436,21.55496453900709,1.0,745.9475204764619,0.5557050881611098,745.9475204764619,4900.987272679926,100.0,21.55496453900709,4900.987272679926,0.5557050881611098,-73.97962342753863,40.75802059854109,9,observed,opendata,"building_area_fraction,building_density,dem_d8_accum_proxy,dist_mapped_water_m,elevation_m,impervious_frac,slope_deg",event_raster,production,0,0,extreme,0.9878796806787886,0.9865202935711019,1,0.9878796806787886,0.9865202935711019,False
892a100d677ffff,18.53936629797061,0.7161777546509086,0.582510963887082,11.568523430592396,1.0,500.47137923878313,0.5084463282452338,500.47137923878313,3786.401298019826,100.0,11.568523430592396,3786.401298019826,0.5084463282452338,-73.97738204475199,40.75543699410768,9,observed,opendata,"building_area_fraction,building_density,dem_d8_accum_proxy,dist_mapped_water_m,elevation_m,impervious_frac,slope_deg",event_raster,production,0,0,extreme,0.973421743348511,0.9805793568442965,1,0.973421743348511,0.9805793568442965,False
892a100d67bffff,16.20414668031755,0.7075797802942396,0.6977731895301191,93.25817860300619,1.0,613.7525470184872,0.5599201989171262,613.7525470184872,5229.634515591869,100.0,93.25817860300619,5229.634515591869,0.5599201989171262,-73.98390007891497,40.757905159882704,9,observed,opendata,"building_area_fraction,building_density,dem_d8_accum_proxy,dist_mapped_water_m,elevation_m,impervious_frac,slope_deg",event_raster,production,0,0,extreme,0.9868335848157881,0.9893137760257326,1,0.9868335848157881,0.9893137760257326,False
892a100de4bffff,0.024937975428425272,0.15310505929116933,0.0563516867531057,1.3495762711864407,0.0,13.573827367169645,0.017928297710775552,13.573827367169645,0.0,100.0,1.3495762711864407,0.0,0.017928297710775552,-73.97125695061276,40.70802432450722,9,observed,opendata,"building_area_fraction,building_density,dem_d8_accum_proxy,dist_mapped_water_m,elevation_m,impervious_frac,slope_deg",event_raster,production,0,0,extreme,0.00803997353104912,0.010762079407125952,0,0.00803997353104912,0.010762079407125952,False
892a10720b7ffff,-1.1900991245511503,0.00018630719034623262,0.0006145217988354039,1.026827012025902,0.0,0.0,0.0,0.0,490.3675852178502,100.0,1.026827012025902,490.3675852178502,0.0,-74.0181130416704,40.75697595984327,9,observed,opendata,"building_area_fraction,building_density,dem_d8_accum_proxy,dist_mapped_water_m,elevation_m,impervious_frac,slope_deg",event_raster,production,0,0,extreme,0.007662006054822496,0.010762079407125952,0,0.007662006054822496,0.010762079407125952,False
892a1072103ffff,-1.2399753847266048,0.0,0.00023242917916710228,1.0275066548358474,0.0,0.0,0.0,0.0,142.54900527476912,100.0,1.0275066548358474,142.54900527476912,0.0,-74.01748117571599,40.741129871987226,9,observed,opendata,"building_area_fraction,building_density,dem_d8_accum_proxy,dist_mapped_water_m,elevation_m,impervious_frac,slope_deg",event_raster,production,0,0,extreme,0.007966412580773765,0.010762079407125952,0,0.007966412580773765,0.010762079407125952,False
892a1072107ffff,-1.244210231430539,0.0,0.001968905035169407,1.1139575971731448,0.0,0.0,0.0,0.0,908.3124864144515,100.0,1.1139575971731448,908.3124864144515,0.0,-74.0152384511325,40.73854752280379,9,observed,opendata,"building_area_fraction,building_density,dem_d8_accum_proxy,dist_mapped_water_m,elevation_m,impervious_frac,slope_deg",event_raster,production,0,0,extreme,0.017383980142000294,0.010762079407125952,0,0.017383980142000294,0.010762079407125952,False
892a107210fffff,-1.245603721388455,0.0,0.0024840236519431246,1.1420689655172414,0.0,0.0,0.0,0.0,229.91059413000588,100.0,1.1420689655172414,229.91059413000588,0.0,-74.01951335948576,40.73843076426119,9,observed,opendata,"building_area_fraction,building_density,dem_d8_accum_proxy,dist_mapped_water_m,elevation_m,impervious_frac,slope_deg",event_raster,production,0,0,extreme,0.007662006054822496,0.010762079407125952,0,0.007662006054822496,0.010762079407125952,False
892a1072113ffff,-1.2310538851249386,0.0,0.0020333318153320824,1.102112676056338,0.0,0.0,0.0,0.0,515.0205972291368,100.0,1.102112676056338,515.0205972291368,0.0,-74.01544876152556,40.74382903103832,9,observed,opendata,"building_area_fraction,building_density,dem_d8_accum_proxy,dist_mapped_water_m,elevation_m,impervious_frac,slope_deg",event_raster,production,0,0,extreme,0.007662006054822496,0.010762079407125952,0,0.007662006054822496,0.010762079407125952,False
892a1072117ffff,-1.1877672159961894,0.04511516691964383,0.18150142565476748,1.120353982300885,0.0,9.44497754143648,0.0026408206918432423,9.44497754143648,228.8919870293379,100.0,1.120353982300885,228.8919870293379,0.0026408206918432423,-74.01320602332508,40.741246554946805,9,observed,opendata,"building_area_fraction,building_density,dem_d8_accum_proxy,dist_mapped_water_m,elevation_m,impervious_frac,slope_deg",event_raster,production,0,0,extreme,0.006271180377640408,0.010758911387202048,0,0.006271180377640408,0.010758911387202048,False
892a107211bffff,-1.2316763050842865,0.0,0.00202297376694875,1.1385083713850837,0.0,0.0,0.0,0.0,641.5942185252629,100.0,1.1385083713850837,641.5942185252629,0.0,-74.01972415083898,40.74371226570976,9,observed,opendata,"building_area_fraction,building_density,dem_d8_accum_proxy,dist_mapped_water_m,elevation_m,impervious_frac,slope_deg",event_raster,production,0,0,extreme,0.007662006054822496,0.010762079407125952,0,0.007662006054822496,0.010762079407125952,False
892a1072123ffff,-1.1687535791666106,0.000900871208065346,0.3894691946386747,1.1725663716814159,0.0,0.0,0.0,0.0,281.38269911141,100.0,1.1725663716814159,281.38269911141,0.0,-74.01502818806925,40.73326636427724,9,observed,opendata,"building_area_fraction,building_density,dem_d8_accum_proxy,dist_mapped_water_m,elevation_m,impervious_frac,slope_deg",event_raster,production,0,0,extreme,0.015013885332115017,0.018862383811736286,0,0.015013885332115017,0.018862383811736286,False
892a1072127ffff,0.317415078061613,0.41555844345398874,1.1515371945328723,2.019503546099291,0.0,28.340568616711487,0.2042888420850789,28.340568616711487,35.254682484286064,100.0,2.019503546099291,35.254682484286064,0.2042888420850789,-74.01278597804964,40.73068423115304,9,observed,opendata,"building_area_fraction,building_density,dem_d8_accum_proxy,dist_mapped_water_m,elevation_m,impervious_frac,slope_deg",event_raster,production,0,0,extreme,0.05239276965703156,0.1431365169805771,0,0.05239276965703156,0.1431365169805771,False
892a107212bffff,-1.2623415277333616,0.0,0.0019051260698506435,1.1153358681875791,0.0,0.0,0.0,0.0,181.7454647629229,100.0,1.1153358681875791,181.7454647629229,0.0,-74.01930261557044,40.733149612519036,9,observed,opendata,"building_area_fraction,building_density,dem_d8_accum_proxy,dist_mapped_water_m,elevation_m,impervious_frac,slope_deg",event_raster,production,0,0,extreme,0.007662006054822496,0.010762079407125952,0,0.007662006054822496,0.010762079407125952,False
892a107212fffff,-1.2719176585760563,0.0,0.0020710156741099955,1.1103265666372462,0.0,0.0,0.0,0.0,820.5841911242095,100.0,1.1103265666372462,820.5841911242095,0.0,-74.01706016873243,40.73056756172238,9,observed,opendata,"building_area_fraction,building_density,dem_d8_accum_proxy,dist_mapped_water_m,elevation_m,impervious_frac,slope_deg",event_raster,production,0,0,extreme,0.007662006054822496,0.010762079407125952,0,0.007662006054822496,0.010762079407125952,False
892a1072133ffff,-1.2547325967474188,0.011688449909020519,0.014539379470053638,1.2198581560283688,0.0,0.0,0.0,0.0,627.7938499484179,100.0,1.2198581560283688,627.7938499484179,0.0,-74.01299597705345,40.73596521818175,9,observed,opendata,"building_area_fraction,building_density,dem_d8_accum_proxy,dist_mapped_water_m,elevation_m,impervious_frac,slope_deg",event_raster,production,0,0,extreme,0.007662006054822496,0.010762079407125952,0,0.007662006054822496,0.010762079407125952,False
892a1072137ffff,1.174219126347863,0.5746522394854691,2.5183943415297168,2.621693121693122,1.0,425.0879774447582,0.15357718170244142,425.0879774447582,17.00274128966355,100.0,2.621693121693122,17.00274128966355,0.15357718170244142,-74.01075375344374,40.73338295814338,9,observed,opendata,"building_area_fraction,building_density,dem_d8_accum_proxy,dist_mapped_water_m,elevation_m,impervious_frac,slope_deg",event_raster,production,0,0,extreme,0.898775710048279,0.9292645708874723,1,0.898775710048279,0.9292645708874723,False
892a107213bffff,-1.2532459888838035,0.0,0.0019723898133642112,1.1141592920353982,0.0,0.0,0.0,0.0,554.1994184773952,100.0,1.1141592920353982,554.1994184773952,0.0,-74.01727064853625,40.735848541987394,9,observed,opendata,"building_area_fraction,building_density,dem_d8_accum_proxy,dist_mapped_water_m,elevation_m,impervious_frac,slope_deg",event_raster,production,0,0,extreme,0.007662006054822496,0.010762079407125952,0,0.007662006054822496,0.010762079407125952,False
892a1072183ffff,1.092882147249922,0.7522775878816721,2.5900390582813637,3.022968197879859,1.0,122.77284279812328,0.415366917420803,122.77284279812328,67.41442148510781,100.0,3.022968197879859,67.41442148510781,0.415366917420803,-74.00914047636303,40.74664477312714,9,observed,opendata,"building_area_fraction,building_density,dem_d8_accum_proxy,dist_mapped_water_m,elevation_m,impervious_frac,slope_deg",event_raster,production,0,0,extreme,1.0007196817808386,0.9688528113295625,1,1.0007196817808386,0.9688528113295625,False
892a1072187ffff,2.865856484433288,0.8612008066278733,1.6096148432023738,5.015057573073516,1.0,453.3382727626233,0.4553102934621101,453.3382727626233,544.6378835748991,100.0,5.015057573073516,544.6378835748991,0.4553102934621101,-74.0068979615497,40.74406208777896,9,observed,opendata,"building_area_fraction,building_density,dem_d8_accum_proxy,dist_mapped_water_m,elevation_m,impervious_frac,slope_deg",event_raster,production,0,0,extreme,1.0048172043485575,0.9789267972717878,1,1.0048172043485575,0.9789267972717878,False
892a107218bffff,-1.145717832484408,0.025607253999365923,0.2881564678893018,1.1799645390070923,0.0,0.0,0.004778660597349168,0.0,507.93417928031823,100.0,1.1799645390070923,507.93417928031823,0.004778660597349168,-74.0134161168805,40.74652824139304,9,observed,opendata,"building_area_fraction,building_density,dem_d8_accum_proxy,dist_mapped_water_m,elevation_m,impervious_frac,slope_deg",event_raster,production,0,0,extreme,0.006271180377640408,0.010758911387202048,0,0.006271180377640408,0.010758911387202048,False
892a107218fffff,-0.7697109869887343,0.21370887603029706,1.2654111865971782,1.5761061946902655,0.0,9.444521136991822,0.11109440078555387,9.444521136991822,36.4228806819232,100.0,1.5761061946902655,36.4228806819232,0.11109440078555387,-74.01117336507996,40.74394563839507,9,observed,opendata,"building_area_fraction,building_density,dem_d8_accum_proxy,dist_mapped_water_m,elevation_m,impervious_frac,slope_deg",event_raster,production,0,0,extreme,0.01841324036156803,0.02083319827992102,0,0.01841324036156803,0.02083319827992102,False
892a1072193ffff,2.4733190099759055,0.8853500230424272,1.8663179345042886,5.219663418954827,1.0,254.97743280222926,0.3988971842263096,254.97743280222926,633.4515107749037,100.0,5.219663418954827,633.4515107749037,0.3988971842263096,-74.00710735714024,40.7493439591216,9,observed,opendata,"building_area_fraction,building_density,dem_d8_accum_proxy,dist_mapped_water_m,elevation_m,impervious_frac,slope_deg",event_raster,production,0,0,extreme,0.9457919186730537,0.9658583355071608,1,0.9457919186730537,0.9658583355071608,False
892a1072197ffff,2.7614139460066744,0.7942082141744258,2.312438773104936,3.7453580901856762,1.0,1539.386847311681,0.4748230256733557,1539.386847311681,1210.9521764238982,100.0,3.7453580901856762,1210.9521764238982,0.4748230256733557,-74.00486482878279,40.74676114686789,9,observed,opendata,"building_area_fraction,building_density,dem_d8_accum_proxy,dist_mapped_water_m,elevation_m,impervious_frac,slope_deg",event_raster,production,0,0,extreme,1.0012398694152858,0.9671071039788205,1,1.0012398694152858,0.9671071039788205,False
892a107219bffff,-0.6537524258770736,0.15740812760982117,1.3625826412477078,1.398936170212766,0.0,0.0,0.016734310541106967,0.0,106.67407241875591,100.0,1.398936170212766,106.67407241875591,0.016734310541106967,-74.01138324174666,40.74922750302998,9,observed,opendata,"building_area_fraction,building_density,dem_d8_accum_proxy,dist_mapped_water_m,elevation_m,impervious_frac,slope_deg",event_raster,production,0,0,extreme,0.01841324036156803,0.019861024230509682,0,0.01841324036156803,0.019861024230509682,False
892a10721a3ffff,4.316668988278149,0.810046624022384,1.8137974072890093,3.891843971631206,1.0,1926.8792213874592,0.4708441522544622,1926.8792213874592,1033.4039713707964,100.0,3.891843971631206,1033.4039713707964,0.4708441522544622,-74.00668861308876,40.73878056609214,9,observed,opendata,"building_area_fraction,building_density,dem_d8_accum_proxy,dist_mapped_water_m,elevation_m,impervious_frac,slope_deg",event_raster,production,0,0,extreme,1.025327689672264,0.9688501082442518,1,1.025327689672264,0.9688501082442518,False
892a10721a7ffff,7.052639007568359,0.6748227885903766,2.454879452465389,3.2634361233480176,1.0,3202.1835414914995,0.4416729607220241,3202.1835414914995,1714.533673488606,100.0,3.2634361233480176,1714.533673488606,0.4416729607220241,-74.00444661282785,40.736198096831764,9,observed,opendata,"building_area_fraction,building_density,dem_d8_accum_proxy,dist_mapped_water_m,elevation_m,impervious_frac,slope_deg",event_raster,production,0,0,extreme,0.9580839935839354,0.9703832254590589,1,0.9580839935839354,0.9703832254590589,False
892a10721abffff,0.3745056632132155,0.4531976388452958,1.5648322338357759,2.828470380194518,1.0,85.00914149665785,0.07408183062689527,85.00914149665785,98.89855634795782,100.0,2.828470380194518,98.89855634795782,0.07408183062689527,-74.01096353565099,40.73866412341445,9,observed,opendata,"building_area_fraction,building_density,dem_d8_accum_proxy,dist_mapped_water_m,elevation_m,impervious_frac,slope_deg",event_raster,production,0,0,extreme,0.9226620348243918,0.9236829623359761,1,0.9226620348243918,0.9236829623359761,False
892a10721afffff,3.490323402506515,0.7717079916091334,2.565414321656771,3.836734693877551,1.0,1492.458976622331,0.40173070004169287,1492.458976622331,534.7189358439997,100.0,3.836734693877551,534.7189358439997,0.40173070004169287,-74.00872129846812,40.73608173646356,9,observed,opendata,"building_area_fraction,building_density,dem_d8_accum_proxy,dist_mapped_water_m,elevation_m,impervious_frac,slope_deg",event_raster,production,0,0,extreme,0.9919495269878772,0.9723298111065399,1,0.9919495269878772,0.9723298111065399,False
892a10721b3ffff,4.6818460955493775,0.8373537887298063,1.7626045273354334,4.843171806167401,1.0,906.7228768061028,0.5539595876518945,906.7228768061028,1286.1823862962574,100.0,4.843171806167401,1286.1823862962574,0.5539595876518945,-74.00465569727152,40.74147944700771,9,observed,opendata,"building_area_fraction,building_density,dem_d8_accum_proxy,dist_mapped_water_m,elevation_m,impervious_frac,slope_deg",event_raster,production,0,0,extreme,1.0292100446848216,0.9809754620842978,1,1.0292100446848216,0.9809754620842978,False
892a10721b7ffff,6.6616377350283384,0.7675786899219282,2.2682631296537874,4.209405501330967,1.0,2144.1313790759446,0.469790052908383,2144.1313790759446,2065.7693690166857,100.0,4.209405501330967,2065.7693690166857,0.469790052908383,-74.0024136834934,40.73889685083574,9,observed,opendata,"building_area_fraction,building_density,dem_d8_accum_proxy,dist_mapped_water_m,elevation_m,impervious_frac,slope_deg",event_raster,production,0,0,extreme,0.9839009038141026,0.9631700344108373,1,0.9839009038141026,0.9631700344108373,False
892a10721bbffff,1.6251960534597876,0.737339020209349,1.6491843103812782,3.8576480990274096,1.0,198.34507788339744,0.21933410366825368,198.34507788339744,154.42314862293665,100.0,3.8576480990274096,154.42314862293665,0.21933410366825368,-74.00893086382774,40.74136307995401,9,observed,opendata,"building_area_fraction,building_density,dem_d8_accum_proxy,dist_mapped_water_m,elevation_m,impervious_frac,slope_deg",event_raster,production,0,0,extreme,0.977418971784434,0.9566015896958978,1,0.977418971784434,0.9566015896958978,False
892a10721c3ffff,-1.213900610373008,0.0,0.0019426175712066777,1.1192504258943783,0.0,0.0,0.0,0.0,561.5078005279831,100.0,1.1192504258943783,561.5078005279831,0.0,-74.01993498964616,40.74899411680954,9,observed,opendata,"building_area_fraction,building_density,dem_d8_accum_proxy,dist_mapped_water_m,elevation_m,impervious_frac,slope_deg",event_raster,production,0,0,extreme,0.007662006054822496,0.010762079407125952,0,0.007662006054822496,0.010762079407125952,False
892a10721c7ffff,-1.2224848367729966,0.0,0.0019776401595074516,1.1144631765749777,0.0,0.0,0.0,0.0,269.1289720358571,100.0,1.1144631765749777,269.1289720358571,0.0,-74.01769175028757,40.746411551666675,9,observed,opendata,"building_area_fraction,building_density,dem_d8_accum_proxy,dist_mapped_water_m,elevation_m,impervious_frac,slope_deg",event_raster,production,0,0,extreme,0.007662006054822496,0.010762079407125952,0,0.007662006054822496,0.010762079407125952,False
892a10721d3ffff,-1.2042193791408131,0.0,0.002366620247679832,1.1352313167259787,0.0,0.0,0.0,0.0,687.0238562148079,100.0,1.1352313167259787,687.0238562148079,0.0,-74.01790237226705,40.75169358097044,9,observed,opendata,"building_area_fraction,building_density,dem_d8_accum_proxy,dist_mapped_water_m,elevation_m,impervious_frac,slope_deg",event_raster,production,0,0,extreme,0.007662006054822496,0.010762079407125952,0,0.007662006054822496,0.010762079407125952,False
892a10721d7ffff,-1.211878742114394,0.0,0.0020796632177818423,1.1130742049469964,0.0,0.0,0.0,0.0,103.34826864941482,100.0,1.1130742049469964,103.34826864941482,0.0,-74.0156591192645,40.74911088892559,9,observed,opendata,"building_area_fraction,building_density,dem_d8_accum_proxy,dist_mapped_water_m,elevation_m,impervious_frac,slope_deg",event_raster,production,0,0,extreme,0.008945542458076695,0.010762079407125952,0,0.008945542458076695,0.010762079407125952,False
892a1072507ffff,6.045594998179598,0.8499440136266515,2.9966599605614253,7.914007092198582,1.0,151.0758493684931,0.49267983994626496,151.0758493684931,1059.4494758813394,100.0,7.914007092198582,1059.4494758813394,0.49267983994626496,-74.00100661609572,40.757441824465054,9,observed,opendata,"building_area_fraction,building_density,dem_d8_accum_proxy,dist_mapped_water_m,elevation_m,impervious_frac,slope_deg",event_raster,production,0,0,extreme,0.9274929995830539,0.883995352994609,1,0.9274929995830539,0.883995352994609,False
892a107250bffff,-0.5307645952319742,0.16158879308081148,1.08944669455451,1.6339434276206324,0.0,0.0,0.08417746310418893,0.0,241.62654988603325,100.0,1.6339434276206324,241.62654988603325,0.08417746310418893,-74.0075262897737,40.759908750553265,9,observed,opendata,"building_area_fraction,building_density,dem_d8_accum_proxy,dist_mapped_water_m,elevation_m,impervious_frac,slope_deg",event_raster,production,0,0,extreme,0.01712970395831383,0.021140308612356933,0,0.01712970395831383,0.021140308612356933,False
892a107250fffff,1.0902016293216192,0.5698518082603741,1.3910092545596053,5.543439716312057,1.0,18.884428478775728,0.20389660823197703,18.884428478775728,13.81818404278641,100.0,5.543439716312057,13.81818404278641,0.20389660823197703,-74.00528323307157,40.757325595419836,9,observed,opendata,"building_area_fraction,building_density,dem_d8_accum_proxy,dist_mapped_water_m,elevation_m,impervious_frac,slope_deg",event_raster,production,0,0,extreme,0.0686280130587528,0.09316984450858426,0,0.0686280130587528,0.09316984450858426,False
892a1072523ffff,5.199998814186596,0.8566568510752197,2.6714907944242055,12.481382978723405,1.0,217.19311375770351,0.5660845456008802,217.19311375770351,2023.9337573424632,100.0,12.481382978723405,2023.9337573424632,0.5660845456008802,-74.00079787164594,40.75215941875203,9,observed,opendata,"building_area_fraction,building_density,dem_d8_accum_proxy,dist_mapped_water_m,elevation_m,impervious_frac,slope_deg",event_raster,production,0,0,extreme,0.9602975799112624,0.9643955661270143,1,0.9602975799112624,0.9643955661270143,False
892a1072527ffff,8.02425549040807,0.7638562701609691,0.6979674466733825,21.63964757709251,1.0,557.17601771214,0.29839292987210114,557.17601771214,2893.300120260287,100.0,21.63964757709251,2893.300120260287,0.29839292987210114,-73.99855556685219,40.74957639726228,9,observed,opendata,"building_area_fraction,building_density,dem_d8_accum_proxy,dist_mapped_water_m,elevation_m,impervious_frac,slope_deg",event_raster,production,0,0,extreme,0.1380223188153833,0.17329228893513118,0,0.1380223188153833,0.17329228893513118,False
892a107252bffff,2.9207114511300656,0.8889311911048248,1.0453565587628668,5.62621789193977,1.0,273.8514228478726,0.553203835879108,273.8514228478726,902.344203346888,100.0,5.62621789193977,902.344203346888,0.553203835879108,-74.00507400737747,40.75204319635703,9,observed,opendata,"building_area_fraction,building_density,dem_d8_accum_proxy,dist_mapped_water_m,elevation_m,impervious_frac,slope_deg",event_raster,production,0,0,extreme,0.9983331475710469,0.9834484620887053,1,0.9983331475710469,0.9834484620887053,False
892a107252fffff,3.8310768727292124,0.8015977727650754,1.5455372068379403,8.916961130742049,1.0,916.0325876624108,0.43593495490806683,916.0325876624108,1756.5906074754498,100.0,8.916961130742049,1756.5906074754498,0.43593495490806683,-74.00283146549287,40.749460257199395,9,observed,opendata,"building_area_fraction,building_density,dem_d8_accum_proxy,dist_mapped_water_m,elevation_m,impervious_frac,slope_deg",event_raster,production,0,0,extreme,1.0054919827648594,0.9733757433218576,1,1.0054919827648594,0.9733757433218576,False
892a1072533ffff,10.129730641472982,0.8491542145122373,2.8983374806787987,7.006189213085765,1.0,406.03708434312045,0.3470865266651554,406.03708434312045,1984.3869133261367,100.0,7.006189213085765,1984.3869133261367,0.3470865266651554,-73.99876404720786,40.75485863150437,9,observed,opendata,"building_area_fraction,building_density,dem_d8_accum_proxy,dist_mapped_water_m,elevation_m,impervious_frac,slope_deg",event_raster,production,0,0,extreme,0.04464296187063923,0.10875192942625694,0,0.04464296187063923,0.10875192942625694,False
892a1072537ffff,11.283054737334556,0.8598460360621729,1.0457082915470777,4.88563829787234,1.0,254.96654301127882,0.5607123556657803,254.96654301127882,3015.293148692835,100.0,4.88563829787234,3015.293148692835,0.5607123556657803,-73.9965217289429,40.75227548311166,9,observed,opendata,"building_area_fraction,building_density,dem_d8_accum_proxy,dist_mapped_water_m,elevation_m,impervious_frac,slope_deg",event_raster,production,0,0,extreme,0.9366301937928235,0.956660744694083,1,0.9366301937928235,0.956660744694083,False
892a107253bffff,4.1104191180630405,0.8329470946400176,3.8011720850187793,3.756828193832599,1.0,84.9842684980743,0.13814069671590223,84.9842684980743,1034.9444433461153,100.0,3.756828193832599,1034.9444433461153,0.13814069671590223,-74.0030404270407,40.754742484811985,9,observed,opendata,"building_area_fraction,building_density,dem_d8_accum_proxy,dist_mapped_water_m,elevation_m,impervious_frac,slope_deg",event_raster,production,0,0,extreme,0.9353310732223983,0.9290541820110664,1,0.9353310732223983,0.9290541820110664,False
892a1072547ffff,-1.178356056747261,0.0,0.005834826107068699,1.2239263803680982,0.0,0.0,0.0,0.0,130.8148990769593,100.0,1.2239263803680982,130.8148990769593,0.0,-74.01180313685693,40.759792281041555,9,observed,opendata,"building_area_fraction,building_density,dem_d8_accum_proxy,dist_mapped_water_m,elevation_m,impervious_frac,slope_deg",event_raster,production,0,0,extreme,0.007966412580773765,0.010762079407125952,0,0.007966412580773765,0.010762079407125952,False
892a107254fffff,-1.1820311440099585,0.0,0.00828597985025343,1.2461103253182462,0.0,0.0,0.0,0.0,604.4922967999046,100.0,1.2461103253182462,604.4922967999046,0.0,-74.01607997684373,40.75967565343729,9,observed,opendata,"building_area_fraction,building_density,dem_d8_accum_proxy,dist_mapped_water_m,elevation_m,impervious_frac,slope_deg",event_raster,production,0,0,extreme,0.007662006054822496,0.010762079407125952,0,0.007662006054822496,0.010762079407125952,False
892a1072563ffff,-1.1932794187508575,0.0,0.002330564154317794,1.0904255319148937,0.0,0.0,0.0,0.0,690.5602844475625,100.0,1.0904255319148937,690.5602844475625,0.0,-74.01159316566697,40.75450971726391,9,observed,opendata,"building_area_fraction,building_density,dem_d8_accum_proxy,dist_mapped_water_m,elevation_m,impervious_frac,slope_deg",event_raster,production,0,0,extreme,0.007662006054822496,0.010762079407125952,0,0.007662006054822496,0.010762079407125952,False
892a1072567ffff,-0.1242853432969997,0.30214329224147896,1.713032453055758,2.137323943661972,0.0,28.32937876710304,0.05899207307683578,28.32937876710304,83.20745664399077,100.0,2.137323943661972,83.20745664399077,0.05899207307683578,-74.00935013608994,40.7519268159277,9,observed,opendata,"building_area_fraction,building_density,dem_d8_accum_proxy,dist_mapped_water_m,elevation_m,impervious_frac,slope_deg",event_raster,production,0,0,extreme,0.8790166649218083,0.8744547016600456,1,0.8790166649218083,0.8744547016600456,False
892a107256bffff,-1.197653658516639,0.0,0.0022105233863292805,1.1300884955752213,0.0,0.0,0.0,0.0,329.264096123589,100.0,1.1300884955752213,329.264096123589,0.0,-74.01586952436521,40.75439309641035,9,observed,opendata,"building_area_fraction,building_density,dem_d8_accum_proxy,dist_mapped_water_m,elevation_m,impervious_frac,slope_deg",event_raster,production,0,0,extreme,0.007662006054822496,0.010762079407125952,0,0.007662006054822496,0.010762079407125952,False
892a107256fffff,-1.202068374009259,0.0,0.002294001286845259,1.165486725663717,0.0,0.0,0.0,0.0,465.9720157325707,100.0,1.165486725663717,465.9720157325707,0.0,-74.01362625773565,40.751810277465154,9,observed,opendata,"building_area_fraction,building_density,dem_d8_accum_proxy,dist_mapped_water_m,elevation_m,impervious_frac,slope_deg",event_raster,production,0,0,extreme,0.007662006054822496,0.010762079407125952,0,0.007662006054822496,0.010762079407125952,False
892a1072573ffff,-1.1855190468381593,0.0008654120737408918,0.006012507600381819,1.1888790820829656,0.0,0.0,0.0,0.0,723.5184535278191,100.0,1.1888790820829656,723.5184535278191,0.0,-74.00955984302436,40.75720920830043,9,observed,opendata,"building_area_fraction,building_density,dem_d8_accum_proxy,dist_mapped_water_m,elevation_m,impervious_frac,slope_deg",event_raster,production,0,0,extreme,0.007662006054822496,0.010762079407125952,0,0.007662006054822496,0.010762079407125952,False
892a1072577ffff,0.41871985534486256,0.47677183611410157,1.0049308597834974,2.652212389380531,1.0,84.98403178741441,0.018090767796783296,84.98403178741441,9.194241266331373,100.0,2.652212389380531,9.194241266331373,0.018090767796783296,-74.00731679987626,40.754626180064804,9,observed,opendata,"building_area_fraction,building_density,dem_d8_accum_proxy,dist_mapped_water_m,elevation_m,impervious_frac,slope_deg",event_raster,production,0,0,extreme,0.9150580145958235,0.9280558035809323,1,0.9150580145958235,0.9280558035809323,False
892a107257bffff,-1.189888697209712,0.0,0.000943831426861561,1.0353356890459364,0.0,0.0,0.0,0.0,28.507179842042284,100.0,1.0353356890459364,28.507179842042284,0.0,-74.01383644590652,40.757092663107876,9,observed,opendata,"building_area_fraction,building_density,dem_d8_accum_proxy,dist_mapped_water_m,elevation_m,impervious_frac,slope_deg",event_raster,production,0,0,extreme,0.008945542458076695,0.010762079407125952,0,0.008945542458076695,0.010762079407125952,False
892a10725a3ffff,10.626325219948386,0.844935259419916,0.5170646494820649,33.6784140969163,1.0,915.9024743471946,0.5464894770761424,915.9024743471946,3076.108466429238,100.0,33.6784140969163,3076.108466429238,0.5464894770761424,-73.99245336126558,40.75767380832861,9,observed,opendata,"building_area_fraction,building_density,dem_d8_accum_proxy,dist_mapped_water_m,elevation_m,impervious_frac,slope_deg",event_raster,production,0,0,extreme,0.9530109619793318,0.9532543153981006,1,0.9530109619793318,0.9532543153981006,False
892a10725a7ffff,12.918522387479259,0.696655504260443,0.7987916742772919,21.715929203539822,1.0,878.1781631297371,0.6421428875833701,878.1781631297371,4080.101048456638,100.0,21.715929203539822,4080.101048456638,0.6421428875833701,-73.99021126674094,40.75509045072057,9,observed,opendata,"building_area_fraction,building_density,dem_d8_accum_proxy,dist_mapped_water_m,elevation_m,impervious_frac,slope_deg",event_raster,production,0,0,extreme,0.9878796806787886,0.9865202935711019,1,0.9878796806787886,0.9865202935711019,False
892a10725abffff,8.673706055529225,0.8608100384815751,1.3114629014434633,8.457193292144748,1.0,377.69068089618656,0.300989716824309,377.69068089618656,2069.7222205912094,100.0,8.457193292144748,2069.7222205912094,0.300989716824309,-73.99672999214451,40.75755789543499,9,observed,opendata,"building_area_fraction,building_density,dem_d8_accum_proxy,dist_mapped_water_m,elevation_m,impervious_frac,slope_deg",event_raster,production,0,0,extreme,0.8827478630639276,0.8680565789782683,1,0.8827478630639276,0.8680565789782683,False
892a10725afffff,11.274232937869401,0.7877245025892401,1.2989620250874203,8.009743135518157,1.0,1048.1451805492734,0.48322698510312434,1048.1451805492734,3038.0182955564687,100.0,8.009743135518157,3038.0182955564687,0.48322698510312434,-73.99448766042539,40.75497462014091,9,observed,opendata,"building_area_fraction,building_density,dem_d8_accum_proxy,dist_mapped_water_m,elevation_m,impervious_frac,slope_deg",event_raster,production,0,0,extreme,0.979760253491539,0.9727720589872833,1,0.979760253491539,0.9727720589872833,False
892a10725b7ffff,13.950070532501167,0.7507218808886853,0.6422752661775823,69.50709219858156,1.0,538.2122495894911,0.6078146674352838,538.2122495894911,4123.513365534515,100.0,69.50709219858156,4123.513365534515,0.6078146674352838,-73.98817672350651,40.75778956314487,9,observed,opendata,"building_area_fraction,building_density,dem_d8_accum_proxy,dist_mapped_water_m,elevation_m,impervious_frac,slope_deg",event_raster,production,0,0,extreme,1.0036645585639083,0.9893614340772494,1,1.0036645585639083,0.9893614340772494,False
892a1072803ffff,2.65648701923633,0.5302437733657009,2.270665179584076,5.706927175843695,1.0,85.06378881931099,0.12026353335578142,85.06378881931099,435.79944012047076,100.0,5.706927175843695,435.79944012047076,0.12026353335578142,-74.01600847979246,40.70416790835038,9,observed,opendata,"building_area_fraction,building_density,dem_d8_accum_proxy,dist_mapped_water_m,elevation_m,impervious_frac,slope_deg",event_raster,production,0,0,extreme,0.24935279369499513,0.2480485677219266,0,0.24935279369499513,0.2480485677219266,False
892a1072807ffff,1.6114078660584474,0.5819010166048398,2.046023086208541,5.128456735057984,1.0,174.0781145938322,0.23284750409517188,174.0781145938322,270.6622840841202,100.0,5.128456735057984,270.6622840841202,0.23284750409517188,-74.01376760272268,40.70158676007536,9,observed,opendata,"building_area_fraction,building_density,dem_d8_accum_proxy,dist_mapped_water_m,elevation_m,impervious_frac,slope_deg",event_raster,production,0,0,extreme,0.27809345954098547,0.2851784669701946,0,0.27809345954098547,0.2851784669701946,False
892a107280fffff,-1.3370467938745398,0.028975524272422386,0.5123472929279798,1.525974025974026,0.0,0.0,1.2569138079774822e-07,0.0,0.0,100.0,1.525974025974026,0.0,1.2569138079774822e-07,-74.01803914737917,40.70147004899095,9,observed,opendata,"building_area_fraction,building_density,dem_d8_accum_proxy,dist_mapped_water_m,elevation_m,impervious_frac,slope_deg",event_raster,production,0,0,extreme,0.016024343838493115,0.018862383811736293,0,0.016024343838493115,0.018862383811736293,False
892a1072813ffff,4.757909091482039,0.6756658137056186,2.907952293813123,6.783496007098492,1.0,368.59190874237,0.47651405064040536,368.59190874237,1221.801088392426,100.0,6.783496007098492,1221.801088392426,0.47651405064040536,-74.01397758214198,40.706865819195635,9,observed,opendata,"building_area_fraction,building_density,dem_d8_accum_proxy,dist_mapped_water_m,elevation_m,impervious_frac,slope_deg",event_raster,production,0,0,extreme,0.15432837406044536,0.192768827807194,0,0.15432837406044536,0.192768827807194,False
892a1072817ffff,3.2313881373032927,0.6825446705638835,1.721366807106322,10.882300884955752,1.0,708.8668630260737,0.5122301179142825,708.8668630260737,1037.6063180590177,100.0,10.882300884955752,1037.6063180590177,0.5122301179142825,-74.01173669148999,40.70428454398579,9,observed,opendata,"building_area_fraction,building_density,dem_d8_accum_proxy,dist_mapped_water_m,elevation_m,impervious_frac,slope_deg",event_raster,production,0,0,extreme,0.9954520585694134,0.9728108948043855,1,0.9954520585694134,0.9728108948043855,False
892a107281bffff,2.023151150882589,0.42096411184423616,2.024363885360469,4.380907372400756,0.0,103.96153400976152,0.21218672382246725,103.96153400976152,104.46618886521438,100.0,4.380907372400756,104.46618886521438,0.21218672382246725,-74.0182496070028,40.70674910133614,9,observed,opendata,"building_area_fraction,building_density,dem_d8_accum_proxy,dist_mapped_water_m,elevation_m,impervious_frac,slope_deg",event_raster,production,0,0,extreme,0.8699656691278799,0.8345428756704845,1,0.8699656691278799,0.8345428756704845,False
892a1072883ffff,8.922210955027992,0.7588398242567448,2.3353083899825915,7.2322695035460995,1.0,1030.1201246945654,0.6268258286579557,1030.1201246945654,1908.2737212257196,100.0,7.2322695035460995,1908.2737212257196,0.6268258286579557,-74.0076741787482,40.70968026618339,9,observed,opendata,"building_area_fraction,building_density,dem_d8_accum_proxy,dist_mapped_water_m,elevation_m,impervious_frac,slope_deg",event_raster,production,0,0,extreme,0.9463788168204853,0.9475638970581151,1,0.9463788168204853,0.9475638970581151,False
892a1072887ffff,2.9274467377666884,0.8042919578754976,1.461862499947743,9.070859167404784,1.0,774.9924081772632,0.48129378316132554,774.9924081772632,793.2355722057137,100.0,9.070859167404784,793.2355722057137,0.48129378316132554,-74.00543351115385,40.70709878183493,9,observed,opendata,"building_area_fraction,building_density,dem_d8_accum_proxy,dist_mapped_water_m,elevation_m,impervious_frac,slope_deg",event_raster,production,0,0,extreme,0.9858489119550273,0.9733757433218576,1,0.9858489119550273,0.9733757433218576,False
892a107288bffff,6.8140680247396626,0.6931798278706746,2.661106989432097,5.9602824360105915,1.0,453.62962432025563,0.42818821243157373,453.62962432025563,1628.3838167209121,100.0,5.9602824360105915,1628.3838167209121,0.42818821243157373,-74.01194645439377,40.70956378150536,9,observed,opendata,"building_area_fraction,building_density,dem_d8_accum_proxy,dist_mapped_water_m,elevation_m,impervious_frac,slope_deg",event_raster,production,0,0,extreme,0.9099611283751499,0.9263778987660761,1,0.9099611283751499,0.9263778987660761,False
892a107288fffff,7.188058330153064,0.7173866428712756,2.4025649552963024,9.579928952042629,1.0,359.1418270052105,0.5908046037288702,359.1418270052105,1478.581643912748,100.0,9.579928952042629,1478.581643912748,0.5908046037288702,-74.00970555017649,40.70698237936226,9,observed,opendata,"building_area_fraction,building_density,dem_d8_accum_proxy,dist_mapped_water_m,elevation_m,impervious_frac,slope_deg",event_raster,production,0,0,extreme,0.9730109205379279,0.9658157278346539,1,0.9730109205379279,0.9658157278346539,False
892a1072893ffff,11.262848785343053,0.7263321208279286,1.9915120704881815,6.039787798408488,1.0,151.20297726530683,0.22929261857209637,151.20297726530683,2373.642255505064,100.0,6.039787798408488,2373.642255505064,0.22929261857209637,-74.0056425771711,40.71237820442782,9,observed,opendata,"building_area_fraction,building_density,dem_d8_accum_proxy,dist_mapped_water_m,elevation_m,impervious_frac,slope_deg",event_raster,production,0,0,extreme,0.9645873337881191,0.9592731309972854,1,0.9645873337881191,0.9592731309972854,False
892a1072897ffff,5.569709723511486,0.8555565739565707,2.273207934655857,8.308510638297872,1.0,207.91473139928178,0.30141166074721876,207.91473139928178,1257.0391805084062,100.0,8.308510638297872,1257.0391805084062,0.30141166074721876,-74.00340189606727,40.70979659314705,9,observed,opendata,"building_area_fraction,building_density,dem_d8_accum_proxy,dist_mapped_water_m,elevation_m,impervious_frac,slope_deg",event_raster,production,0,0,extreme,0.25683326559777714,0.22319450584890888,0,0.25683326559777714,0.22319450584890888,False
892a107289bffff,7.712624753620608,0.7764448562359556,2.7475653704031244,9.71808510638298,1.0,292.95495570921935,0.42290810086221514,292.95495570921935,1836.8962375419244,100.0,9.71808510638298,1836.8962375419244,0.42290810086221514,-74.0099150965138,40.712261795258144,9,observed,opendata,"building_area_fraction,building_density,dem_d8_accum_proxy,dist_mapped_water_m,elevation_m,impervious_frac,slope_deg",event_raster,production,0,0,extreme,0.9191914494810504,0.9221831164693268,1,0.9191914494810504,0.9221831164693268,False
892a10728a3ffff,-1.5726857119047322,0.0784251398554947,0.2898379599521831,1.0292812777284828,0.0,0.0,0.0006600623734515546,0.0,240.31371084262034,100.0,1.0292812777284828,240.31371084262034,0.0006600623734515546,-74.00522449215495,40.701819709283896,9,observed,opendata,"building_area_fraction,building_density,dem_d8_accum_proxy,dist_mapped_water_m,elevation_m,impervious_frac,slope_deg",event_raster,production,0,0,extreme,0.006271180377640408,0.010758911387202048,0,0.006271180377640408,0.010758911387202048,False
892a10728abffff,0.22196179265842278,0.3718145575104554,2.5820669820276025,2.298136645962733,0.0,56.71225117899963,0.15509650360276356,56.71225117899963,2.6791627334755694,100.0,2.298136645962733,2.6791627334755694,0.15509650360276356,-74.00949605096544,40.701703313506684,9,observed,opendata,"building_area_fraction,building_density,dem_d8_accum_proxy,dist_mapped_water_m,elevation_m,impervious_frac,slope_deg",event_raster,production,0,0,extreme,0.9307364329824755,0.8909214916005683,1,0.9307364329824755,0.8909214916005683,False
892a10728b3ffff,-0.4870497256223221,0.49567284006766543,2.1712579597957524,1.9165927240461402,1.0,94.51610611127171,0.07964492993126085,94.51610611127171,33.263756082762754,100.0,1.9165927240461402,33.263756082762754,0.07964492993126085,-74.00319309369571,40.704517342235015,9,observed,opendata,"building_area_fraction,building_density,dem_d8_accum_proxy,dist_mapped_water_m,elevation_m,impervious_frac,slope_deg",event_raster,production,0,0,extreme,0.9258911403696471,0.9339860019338533,1,0.9258911403696471,0.9339860019338533,False
892a10728b7ffff,-0.9806179591639616,0.0,0.3161091028360746,1.127208480565371,0.0,0.0,0.0,0.0,187.940619378549,100.0,1.127208480565371,187.940619378549,0.0,-74.00095292633873,40.701935947405886,9,observed,opendata,"building_area_fraction,building_density,dem_d8_accum_proxy,dist_mapped_water_m,elevation_m,impervious_frac,slope_deg",event_raster,production,0,0,extreme,0.01581543811414086,0.018862383811736286,0,0.01581543811414086,0.018862383811736286,False
892a10728bbffff,2.0601404048502445,0.7904088938592282,1.743971494628133,5.03716814159292,1.0,274.095946063168,0.3755866732286734,274.095946063168,354.4756434308953,100.0,5.03716814159292,354.4756434308953,0.3755866732286734,-74.00746489610857,40.70440102194768,9,observed,opendata,"building_area_fraction,building_density,dem_d8_accum_proxy,dist_mapped_water_m,elevation_m,impervious_frac,slope_deg",event_raster,production,0,0,extreme,0.9798716190278964,0.9660296653835571,1,0.9798716190278964,0.9660296653835571,False
892a10728c3ffff,0.05904686971246076,0.13796571541451375,1.5677625111651512,1.9663699307616223,0.0,37.800430795959656,0.04557137700319127,37.800430795959656,144.27620938344825,100.0,1.9663699307616223,144.27620938344825,0.04557137700319127,-74.01846011396843,40.71202850371857,9,observed,opendata,"building_area_fraction,building_density,dem_d8_accum_proxy,dist_mapped_water_m,elevation_m,impervious_frac,slope_deg",event_raster,production,0,0,extreme,0.0174341104842651,0.022867302974541533,0,0.0174341104842651,0.022867302974541533,False
892a10728c7ffff,3.484364738167258,0.7194522560013007,1.499252905388228,4.744454303460515,1.0,170.11063964782056,0.3395036918681957,170.11063964782056,622.4443585802705,100.0,4.744454303460515,622.4443585802705,0.3395036918681957,-74.01621872295645,40.70944713911398,9,observed,opendata,"building_area_fraction,building_density,dem_d8_accum_proxy,dist_mapped_water_m,elevation_m,impervious_frac,slope_deg",event_raster,production,0,0,extreme,0.9687207067667472,0.950385549497164,1,0.9687207067667472,0.950385549497164,False
892a10728d3ffff,2.481532600551573,0.49582678128805785,1.8735272491190325,4.082373782108061,1.0,47.24825197747762,0.2817039961659157,47.24825197747762,278.17109019435117,100.0,4.082373782108061,278.17109019435117,0.2817039961659157,-74.01642901341648,40.71472671988807,9,observed,opendata,"building_area_fraction,building_density,dem_d8_accum_proxy,dist_mapped_water_m,elevation_m,impervious_frac,slope_deg",event_raster,production,0,0,extreme,0.08200708045598283,0.06817142238140707,0,0.08200708045598283,0.06817142238140707,False
892a10728d7ffff,2.931888463690626,0.677911390200363,4.601608386528282,4.339539007092198,1.0,85.05120361476024,0.27805440184510394,85.05120361476024,691.3689141602264,100.0,4.339539007092198,691.3689141602264,0.27805440184510394,-74.01418760879541,40.712145228354714,9,observed,opendata,"building_area_fraction,building_density,dem_d8_accum_proxy,dist_mapped_water_m,elevation_m,impervious_frac,slope_deg",event_raster,production,0,0,extreme,0.9487821709860141,0.9297351915505865,1,0.9487821709860141,0.9297351915505865,False
892a1072c03ffff,4.2932088043778505,0.8583850078548946,2.5051607393613415,6.816489361702128,1.0,1861.321324349496,0.6048223232257783,1861.321324349496,2782.666339843944,100.0,6.816489361702128,2782.666339843944,0.6048223232257783,-74.00178736299634,40.72305436427269,9,observed,opendata,"building_area_fraction,building_density,dem_d8_accum_proxy,dist_mapped_water_m,elevation_m,impervious_frac,slope_deg",event_raster,production,0,0,extreme,0.9771289394219395,0.974847166391341,1,0.9771289394219395,0.974847166391341,False
892a1072c07ffff,6.605340302726368,0.8410216737571427,1.4467327309742806,28.275132275132275,1.0,1285.0388219512045,0.5342494632462716,1285.0388219512045,1847.9708273235867,100.0,28.275132275132275,1847.9708273235867,0.5342494632462716,-73.99954639120696,40.72047232748709,9,observed,opendata,"building_area_fraction,building_density,dem_d8_accum_proxy,dist_mapped_water_m,elevation_m,impervious_frac,slope_deg",event_raster,production,0,0,extreme,0.9456442726917993,0.9728632551044829,1,0.9456442726917993,0.9728632551044829,False
892a1072c0bffff,3.1183968083867177,0.8373021402333735,1.585640136642026,6.713780918727915,1.0,500.76018033234686,0.319339994772299,500.76018033234686,1699.9949706895827,100.0,6.713780918727915,1699.9949706895827,0.319339994772299,-74.00606085032426,40.72293809951893,9,observed,opendata,"building_area_fraction,building_density,dem_d8_accum_proxy,dist_mapped_water_m,elevation_m,impervious_frac,slope_deg",event_raster,production,0,0,extreme,0.8510109711813333,0.9089135995499634,1,0.8510109711813333,0.9089135995499634,False
892a1072c0fffff,3.224952309280006,0.8600292421593112,2.251709377186533,5.191659272404614,1.0,1691.3331441810053,0.519610529670097,1691.3331441810053,2458.353607422636,100.0,5.191659272404614,2458.353607422636,0.519610529670097,-74.00381964174338,40.72035614496131,9,observed,opendata,"building_area_fraction,building_density,dem_d8_accum_proxy,dist_mapped_water_m,elevation_m,impervious_frac,slope_deg",event_raster,production,0,0,extreme,0.9807340221352033,0.9748223516072855,1,0.9807340221352033,0.9748223516072855,False
892a1072c13ffff,7.151620798161465,0.8145879277168705,1.6993922348950463,41.68314210061783,1.0,1549.4514630051679,0.5450730878668726,1549.4514630051679,2635.286042034708,100.0,41.68314210061783,2635.286042034708,0.5450730878668726,-73.99975485394748,40.725752634920234,9,observed,opendata,"building_area_fraction,building_density,dem_d8_accum_proxy,dist_mapped_water_m,elevation_m,impervious_frac,slope_deg",event_raster,production,0,0,extreme,0.34925509700737023,0.23188402194107,0,0.34925509700737023,0.23188402194107,False
892a1072c17ffff,10.198771477168709,0.8244139280272672,0.7360372628220014,28.259094942324754,1.0,1473.943846881449,0.5873087855547748,1473.943846881449,1665.6213694927767,100.0,28.259094942324754,1665.6213694927767,0.5873087855547748,-73.99751386869457,40.723170471210885,9,observed,opendata,"building_area_fraction,building_density,dem_d8_accum_proxy,dist_mapped_water_m,elevation_m,impervious_frac,slope_deg",event_raster,production,0,0,extreme,0.9704494371497001,0.9794571354786262,1,0.9704494371497001,0.9794571354786262,False
892a1072c1bffff,5.673303576802786,0.7975637626595202,2.378304749199774,4.083185840707965,1.0,1464.4165055665303,0.4238435834971092,1464.4165055665303,2108.4392142602424,100.0,4.083185840707965,2108.4392142602424,0.4238435834971092,-74.00402858507962,40.72563644575339,9,observed,opendata,"building_area_fraction,building_density,dem_d8_accum_proxy,dist_mapped_water_m,elevation_m,impervious_frac,slope_deg",event_raster,production,0,0,extreme,0.3664039773962767,0.351406203586064,0,0.3664039773962767,0.351406203586064,False
892a1072c23ffff,7.023031471539239,0.7878730083913744,2.118787463696774,12.99027409372237,1.0,2003.3481158573127,0.47965474475320374,2003.3481158573127,1945.0216392036898,100.0,12.99027409372237,1945.0216392036898,0.47965474475320374,-73.99933797536255,40.7151923699604,9,observed,opendata,"building_area_fraction,building_density,dem_d8_accum_proxy,dist_mapped_water_m,elevation_m,impervious_frac,slope_deg",event_raster,production,0,0,extreme,0.9459067324645447,0.9607800987508299,1,0.9459067324645447,0.9607800987508299,False
892a1072c27ffff,7.723999054774933,0.8048641631647706,1.4267959467682914,23.867673179396093,1.0,1738.8439366532136,0.3611678651784973,1738.8439366532136,1386.3226109430504,100.0,23.867673179396093,1386.3226109430504,0.3611678651784973,-73.99709751749248,40.7126105495616,9,observed,opendata,"building_area_fraction,building_density,dem_d8_accum_proxy,dist_mapped_water_m,elevation_m,impervious_frac,slope_deg",event_raster,production,0,0,extreme,0.9229009981976026,0.9266051158229828,1,0.9229009981976026,0.9266051158229828,False
892a1072c2bffff,7.50795755621968,0.7906457943231952,3.341884759629101,8.311446317657499,1.0,226.79349384865264,0.36498974441731313,226.79349384865264,2830.1834296992247,100.0,8.311446317657499,2830.1834296992247,0.36498974441731313,-74.0036107454112,40.71507619407416,9,observed,opendata,"building_area_fraction,building_density,dem_d8_accum_proxy,dist_mapped_water_m,elevation_m,impervious_frac,slope_deg",event_raster,production,0,0,extreme,0.9037974449371573,0.9161446221748648,1,0.9037974449371573,0.9161446221748648,False
892a1072c2fffff,6.750803836903214,0.7820344690464239,2.8033311240968453,10.878761061946904,1.0,160.65361058257477,0.29368895140019863,160.65361058257477,1709.0596319337824,100.0,10.878761061946904,1709.0596319337824,0.29368895140019863,-74.00137005081483,40.71249445586266,9,observed,opendata,"building_area_fraction,building_density,dem_d8_accum_proxy,dist_mapped_water_m,elevation_m,impervious_frac,slope_deg",event_raster,production,0,0,extreme,0.08316976303991808,0.1366853663173508,0,0.08316976303991808,0.1366853663173508,False
892a1072c33ffff,9.364033672803254,0.8423395209219356,1.273028352695328,58.2058562555457,1.0,2182.7878929295894,0.5518331821225001,2182.7878929295894,1047.5871871839395,100.0,58.2058562555457,1047.5871871839395,0.5518331821225001,-73.99730566967641,40.71789033541887,9,observed,opendata,"building_area_fraction,building_density,dem_d8_accum_proxy,dist_mapped_water_m,elevation_m,impervious_frac,slope_deg",event_raster,production,0,0,extreme,0.11205197771029299,0.1794133660126518,0,0.11205197771029299,0.1794133660126518,False
892a1072c37ffff,12.519163254088005,0.84124259394882,0.4026752741117261,5.199115044247788,1.0,1115.074241468572,0.3620960282449336,1115.074241468572,1136.0790068364988,100.0,5.199115044247788,1136.0790068364988,0.3620960282449336,-73.99506519836963,40.715308388090286,9,observed,opendata,"building_area_fraction,building_density,dem_d8_accum_proxy,dist_mapped_water_m,elevation_m,impervious_frac,slope_deg",event_raster,production,0,0,extreme,0.9381908869844454,0.9516761802977475,1,0.9381908869844454,0.9516761802977475,False
892a1072c3bffff,4.9859451791073415,0.8182168997401464,1.7353437766936404,23.279255319148938,1.0,963.8257276606362,0.4520354336146994,963.8257276606362,2231.2546395703935,100.0,23.279255319148938,2231.2546395703935,0.4520354336146994,-74.00157868343452,40.71777423510105,9,observed,opendata,"building_area_fraction,building_density,dem_d8_accum_proxy,dist_mapped_water_m,elevation_m,impervious_frac,slope_deg",event_raster,production,0,0,extreme,0.9254389571234214,0.959931130227611,1,0.9254389571234214,0.959931130227611,False
892a1072c43ffff,-0.34831464372636434,0.3682826093679828,0.9866996590748839,1.8385093167701863,0.0,56.686775955138536,0.029617553321847425,56.686775955138536,222.1470495534589,100.0,1.8385093167701863,222.1470495534589,0.029617553321847425,-74.01257602629768,40.7254035939159,9,observed,opendata,"building_area_fraction,building_density,dem_d8_accum_proxy,dist_mapped_water_m,elevation_m,impervious_frac,slope_deg",event_raster,production,0,0,extreme,0.8865771724077638,0.8968649660961213,1,0.8865771724077638,0.8968649660961213,False
892a1072c47ffff,2.547894026896777,0.8201735348302367,2.3564876728912667,5.242263483642794,1.0,699.1726514420853,0.42144125201024885,699.1726514420853,535.9204755330229,100.0,5.242263483642794,535.9204755330229,0.42144125201024885,-74.01033433063081,40.722821676950645,9,observed,opendata,"building_area_fraction,building_density,dem_d8_accum_proxy,dist_mapped_water_m,elevation_m,impervious_frac,slope_deg",event_raster,production,0,0,extreme,0.8815987742487248,0.9588248278347206,1,0.8815987742487248,0.9588248278347206,False
892a1072c4bffff,-1.2900021594457947,0.0014763974890152297,5.702596368034891e-05,1.0008818342151675,0.0,0.0,0.0,0.0,609.4549605106303,100.0,1.0008818342151675,609.4549605106303,0.0,-74.0168497362885,40.72528693124739,9,observed,opendata,"building_area_fraction,building_density,dem_d8_accum_proxy,dist_mapped_water_m,elevation_m,impervious_frac,slope_deg",event_raster,production,0,0,extreme,0.007662006054822496,0.010762079407125952,0,0.007662006054822496,0.010762079407125952,False
892a1072c4fffff,-1.161287446890585,0.0447266003459497,0.4596328005417165,1.2608695652173914,0.0,0.0,0.0,0.0,458.8332108682908,100.0,1.2608695652173914,458.8332108682908,0.0,-74.01460780386842,40.722705096568944,9,observed,opendata,"building_area_fraction,building_density,dem_d8_accum_proxy,dist_mapped_water_m,elevation_m,impervious_frac,slope_deg",event_raster,production,0,0,extreme,0.01474080743523892,0.018862383811736293,0,0.01474080743523892,0.018862383811736293,False
892a1072c53ffff,1.9555521175107349,0.7633290490458058,1.1873713692365537,7.075971731448763,1.0,66.13137394165457,0.43050903473406765,66.13137394165457,234.59432210126357,100.0,7.075971731448763,234.59432210126357,0.43050903473406765,-74.01054401844232,40.728102142637056,9,observed,opendata,"building_area_fraction,building_density,dem_d8_accum_proxy,dist_mapped_water_m,elevation_m,impervious_frac,slope_deg",event_raster,production,0,0,extreme,0.9855763163653095,0.9693691252042501,1,0.9855763163653095,0.9693691252042501,False
892a1072c57ffff,3.514800943548076,0.8302934958778513,1.819967707911089,5.66607617360496,1.0,840.8561724537547,0.4751103445706271,840.8561724537547,942.1009649786431,100.0,5.66607617360496,942.1009649786431,0.4751103445706271,-74.00830230921224,40.725520098751595,9,observed,opendata,"building_area_fraction,building_density,dem_d8_accum_proxy,dist_mapped_water_m,elevation_m,impervious_frac,slope_deg",event_raster,production,0,0,extreme,0.9954520585694134,0.976083630875083,1,0.9954520585694134,0.976083630875083,False
892a1072c5bffff,-0.8428097461656303,0.10984742635468382,0.5836362477393608,1.5066430469441985,0.0,9.447313010430442,0.10567234394236154,9.447313010430442,188.22637350404005,100.0,1.5066430469441985,188.22637350404005,0.10567234394236154,-74.01481797231988,40.72798555551391,9,observed,opendata,"building_area_fraction,building_density,dem_d8_accum_proxy,dist_mapped_water_m,elevation_m,impervious_frac,slope_deg",event_raster,production,0,0,extreme,0.01474080743523892,0.018862383811736293,0,0.01474080743523892,0.018862383811736293,False
892a1072c63ffff,4.2673741474430615,0.8219122340942316,2.0084490032737796,5.486702127659575,1.0,1266.1953883358035,0.47782799844410484,1266.1953883358035,901.0638910487115,100.0,5.486702127659575,901.0638910487115,0.47782799844410484,-74.01012468999328,40.717541561139306,9,observed,opendata,"building_area_fraction,building_density,dem_d8_accum_proxy,dist_mapped_water_m,elevation_m,impervious_frac,slope_deg",event_raster,production,0,0,extreme,0.9954520585694134,0.976083630875083,1,0.9954520585694134,0.976083630875083,False
892a1072c67ffff,7.788459052950699,0.8413992756324843,3.907488061053994,5.588287488908607,1.0,1341.857776018282,0.532486366044306,1341.857776018282,1918.049628546675,100.0,5.588287488908607,1918.049628546675,0.532486366044306,-74.0078835084681,40.71495986043266,9,observed,opendata,"building_area_fraction,building_density,dem_d8_accum_proxy,dist_mapped_water_m,elevation_m,impervious_frac,slope_deg",event_raster,production,0,0,extreme,0.190308280108236,0.23821798373244066,0,0.190308280108236,0.23821798373244066,False
892a1072c6bffff,3.2672228431684474,0.5787093077102237,2.1669509367091364,3.8172138420585626,1.0,170.08547742175398,0.2241269311264643,170.08547742175398,367.46669015078135,100.0,3.8172138420585626,367.46669015078135,0.2241269311264643,-74.01439768269891,40.7174249874975,9,observed,opendata,"building_area_fraction,building_density,dem_d8_accum_proxy,dist_mapped_water_m,elevation_m,impervious_frac,slope_deg",event_raster,production,0,0,extreme,0.859826929524573,0.8680825786943737,1,0.859826929524573,0.8680825786943737,False
892a1072c6fffff,3.136374092007357,0.831038793182331,1.5473093555192976,6.80847308031774,1.0,340.18835314908034,0.4232573251791756,340.18835314908034,1281.0482261767302,100.0,6.80847308031774,1281.0482261767302,0.4232573251791756,-74.01215626448567,40.714843369036934,9,observed,opendata,"building_area_fraction,building_density,dem_d8_accum_proxy,dist_mapped_water_m,elevation_m,impervious_frac,slope_deg",event_raster,production,0,0,extreme,0.969481887324502,0.9636122830001435,1,0.969481887324502,0.9636122830001435,False
892a1072c73ffff,4.1967949382300285,0.8333007256824074,2.2879528788909984,4.73758865248227,1.0,982.6712743667451,0.42675292405699716,982.6712743667451,1320.636252011723,100.0,4.73758865248227,1320.636252011723,0.42675292405699716,-74.00809288528414,40.720239804640435,9,observed,opendata,"building_area_fraction,building_density,dem_d8_accum_proxy,dist_mapped_water_m,elevation_m,impervious_frac,slope_deg",event_raster,production,0,0,extreme,0.9654528758773148,0.9517080057748146,1,0.9654528758773148,0.9517080057748146,False
892a1072c77ffff,5.6662136831269905,0.8130936428668007,4.059397831749716,4.3236331569664905,1.0,1096.1124817738614,0.5067033866422149,1096.1124817738614,2052.9751326461646,100.0,4.3236331569664905,2052.9751326461646,0.5067033866422149,-74.00585169022261,40.71765797700752,9,observed,opendata,"building_area_fraction,building_density,dem_d8_accum_proxy,dist_mapped_water_m,elevation_m,impervious_frac,slope_deg",event_raster,production,0,0,extreme,0.9192858248554607,0.9340237981299957,1,0.9192858248554607,0.9340237981299957,False
892a1072c7bffff,1.902728762075437,0.7126534563234278,2.3460006812533294,3.465486725663717,1.0,132.28230515907939,0.2627020085780733,132.28230515907939,192.63029742938662,100.0,3.465486725663717,192.63029742938662,0.2627020085780733,-74.0123661217817,40.72012330652548,9,observed,opendata,"building_area_fraction,building_density,dem_d8_accum_proxy,dist_mapped_water_m,elevation_m,impervious_frac,slope_deg",event_raster,production,0,0,extreme,0.9425943729956915,0.9480999232494168,1,0.9425943729956915,0.9480999232494168,False
892a1072c83ffff,12.20279057820638,0.8469762852582982,0.36826044459105756,7.988536155202822,1.0,888.0597865889866,0.5424224159762752,888.0597865889866,2492.0327075115797,100.0,7.988536155202822,2492.0327075115797,0.5424224159762752,-73.9934481326791,40.72856691258618,9,observed,opendata,"building_area_fraction,building_density,dem_d8_accum_proxy,dist_mapped_water_m,elevation_m,impervious_frac,slope_deg",event_raster,production,0,0,extreme,0.29815837400772516,0.2545851929487259,0,0.29815837400772516,0.2545851929487259,False
892a1072c87ffff,12.264326432371098,0.8152074481971304,0.3394230585807675,17.648624667258208,1.0,1842.3459111202997,0.4477367446125145,1842.3459111202997,1513.8308990012595,100.0,17.648624667258208,1513.8308990012595,0.4477367446125145,-73.9912073708746,40.7259845397448,9,observed,opendata,"building_area_fraction,building_density,dem_d8_accum_proxy,dist_mapped_water_m,elevation_m,impervious_frac,slope_deg",event_raster,production,0,0,extreme,0.9969059693086691,0.9699016145459913,1,0.9969059693086691,0.9699016145459913,False
892a1072c8bffff,9.429328278024146,0.7233460338138942,0.6734564154943887,23.265070921985817,1.0,651.8718455317455,0.424283432678574,651.8718455317455,2919.557075786464,100.0,23.265070921985817,2919.557075786464,0.424283432678574,-73.99772211456276,40.72845095688255,9,observed,opendata,"building_area_fraction,building_density,dem_d8_accum_proxy,dist_mapped_water_m,elevation_m,impervious_frac,slope_deg",event_raster,production,0,0,extreme,0.22838324540184382,0.24111615216790908,0,0.22838324540184382,0.24111615216790908,False
892a1072c8fffff,12.246182042656216,0.8136129879148294,0.5038595598269768,6.734929078014185,1.0,935.3422204325949,0.5083865958259735,935.3422204325949,1792.5463636132715,100.0,6.734929078014185,1792.5463636132715,0.5083865958259735,-73.99548111586327,40.72586866625105,9,observed,opendata,"building_area_fraction,building_density,dem_d8_accum_proxy,dist_mapped_water_m,elevation_m,impervious_frac,slope_deg",event_raster,production,0,0,extreme,0.9845338874283127,0.9724410334666292,1,0.9845338874283127,0.9724410334666292,False
892a1072c93ffff,11.8914575407541,0.8001684291022164,0.28935888200521487,12.048802129547472,1.0,557.372289524358,0.4779330656927953,557.372289524358,3120.8293267169156,100.0,12.048802129547472,3120.8293267169156,0.4779330656927953,-73.99141491910795,40.73126521019487,9,observed,opendata,"building_area_fraction,building_density,dem_d8_accum_proxy,dist_mapped_water_m,elevation_m,impervious_frac,slope_deg",event_raster,production,0,0,extreme,0.9095700283363922,0.945904796187002,1,0.9095700283363922,0.945904796187002,False
892a1072c97ffff,11.265525324998704,0.7905486662830926,0.5516243082743171,13.380530973451327,1.0,1738.334685341918,0.44728094685904846,1738.334685341918,2177.6028995061806,100.0,13.380530973451327,2177.6028995061806,0.44728094685904846,-73.98917414391278,40.72868271043228,9,observed,opendata,"building_area_fraction,building_density,dem_d8_accum_proxy,dist_mapped_water_m,elevation_m,impervious_frac,slope_deg",event_raster,production,0,0,extreme,0.9878784863457463,0.976388443631916,1,0.9878784863457463,0.976388443631916,False
892a1072c9bffff,9.212313166746856,0.6809637688417384,0.6738186129335816,47.548758865248224,1.0,708.5221069563473,0.38172386507069844,708.5221069563473,3559.611989773143,100.0,47.548758865248224,3559.611989773143,0.38172386507069844,-73.99568914480813,40.731149330138244,9,observed,opendata,"building_area_fraction,building_density,dem_d8_accum_proxy,dist_mapped_water_m,elevation_m,impervious_frac,slope_deg",event_raster,production,0,0,extreme,0.25237557991663423,0.15962895863025242,0,0.25237557991663423,0.15962895863025242,False
892a1072ca3ffff,12.025030336659253,0.7556153704555244,0.2940276810476274,12.147293700088731,1.0,1267.4968358187518,0.3326058273050792,1267.4968358187518,277.1465547988807,100.0,12.147293700088731,277.1465547988807,0.3326058273050792,-73.99099986933716,40.720704219149056,9,observed,opendata,"building_area_fraction,building_density,dem_d8_accum_proxy,dist_mapped_water_m,elevation_m,impervious_frac,slope_deg",event_raster,production,0,0,extreme,0.19537641960589608,0.16787802185023037,0,0.19537641960589608,0.16787802185023037,False
892a1072ca7ffff,10.782664090079049,0.8328670469695182,0.45036635661576696,22.157243816254418,1.0,1115.0234541214368,0.4406549942312699,1115.0234541214368,1203.7029361460654,100.0,22.157243816254418,1203.7029361460654,0.4406549942312699,-73.98875962144035,40.71812206272308,9,observed,opendata,"building_area_fraction,building_density,dem_d8_accum_proxy,dist_mapped_water_m,elevation_m,impervious_frac,slope_deg",event_raster,production,0,0,extreme,1.000317446163916,0.9768237355507488,1,1.000317446163916,0.9768237355507488,False
892a1072cabffff,11.095445124420896,0.8427272178727615,0.6464392311204525,31.192205491585472,1.0,1974.8078338372445,0.47587409559970006,1974.8078338372445,891.0707483415646,100.0,31.192205491585472,891.0707483415646,0.47587409559970006,-73.99527313372238,40.72058835221668,9,observed,opendata,"building_area_fraction,building_density,dem_d8_accum_proxy,dist_mapped_water_m,elevation_m,impervious_frac,slope_deg",event_raster,production,0,0,extreme,0.955506972763016,0.9582250483135121,1,0.955506972763016,0.9582250483135121,False
892a1072cafffff,11.994016297095644,0.7322864742933122,0.3086950644923362,8.98141592920354,1.0,1739.3068142440898,0.38358639959766516,1739.3068142440898,91.52482002495204,100.0,8.98141592920354,91.52482002495204,0.38358639959766516,-73.99303264899582,40.71800627795989,9,observed,opendata,"building_area_fraction,building_density,dem_d8_accum_proxy,dist_mapped_water_m,elevation_m,impervious_frac,slope_deg",event_raster,production,0,0,extreme,0.945013240203098,0.9494090188338681,1,0.945013240203098,0.9494090188338681,False
892a1072cb3ffff,11.074704928946707,0.7586122503059101,0.48524120679471344,20.41061946902655,1.0,1294.4323151373221,0.30372948206339484,1294.4323151373221,911.700909008071,100.0,20.41061946902655,911.700909008071,0.30372948206339484,-73.98896685935952,40.72340221163636,9,observed,opendata,"building_area_fraction,building_density,dem_d8_accum_proxy,dist_mapped_water_m,elevation_m,impervious_frac,slope_deg",event_raster,production,0,0,extreme,0.9406652687877316,0.9578544560497336,1,0.9406652687877316,0.9578544560497336,False
892a1072cb7ffff,9.339145336455218,0.8552463919953819,0.5276632916621131,68.20637732506643,1.0,1984.2678383655734,0.4778564148664325,1984.2678383655734,1356.952759502307,100.0,68.20637732506643,1356.952759502307,0.4778564148664325,-73.98672659809884,40.72081992828314,9,observed,opendata,"building_area_fraction,building_density,dem_d8_accum_proxy,dist_mapped_water_m,elevation_m,impervious_frac,slope_deg",event_raster,production,0,0,extreme,0.9580183854060051,0.9596025536118143,1,0.9580183854060051,0.9596025536118143,False
892a1072cbbffff,12.762222649455596,0.8024708801208086,0.2504956266935874,5.0767872903795235,1.0,1558.9834393275216,0.4553742926763508,1558.9834393275216,666.7359458756551,100.0,5.0767872903795235,666.7359458756551,0.4553742926763508,-73.99324036746646,40.72328642033247,9,observed,opendata,"building_area_fraction,building_density,dem_d8_accum_proxy,dist_mapped_water_m,elevation_m,impervious_frac,slope_deg",event_raster,production,0,0,extreme,0.0785970408158439,0.11990603631110804,0,0.0785970408158439,0.11990603631110804,False
892a1072cc3ffff,5.021779360649129,0.7604603626406098,2.5240160441790547,3.646072374227714,1.0,3108.032940700978,0.45818440691710166,3108.032940700978,1904.7097838281377,100.0,3.646072374227714,1904.7097838281377,0.45818440691710166,-74.00423757543585,40.73091709639526,9,observed,opendata,"building_area_fraction,building_density,dem_d8_accum_proxy,dist_mapped_water_m,elevation_m,impervious_frac,slope_deg",event_raster,production,0,0,extreme,0.9766006325345415,0.9653009022748463,1,0.9766006325345415,0.9653009022748463,False
892a1072cc7ffff,6.335099465458105,0.7716762523384805,2.2285172477734427,6.5186170212765955,1.0,2154.0052973235956,0.4059860433100563,2154.0052973235956,2601.155107505047,100.0,6.5186170212765955,2601.155107505047,0.4059860433100563,-74.00199608951623,40.72833484332245,9,observed,opendata,"building_area_fraction,building_density,dem_d8_accum_proxy,dist_mapped_water_m,elevation_m,impervious_frac,slope_deg",event_raster,production,0,0,extreme,0.9011137380439529,0.9490225485640841,1,0.9011137380439529,0.9490225485640841,False
892a1072ccbffff,3.949927084623499,0.8564808873842794,1.44184564673573,6.4361702127659575,1.0,793.5381194635655,0.4412467516375752,793.5381194635655,726.19751917607,100.0,6.4361702127659575,726.19751917607,0.4412467516375752,-74.00851178026825,40.730800742711025,9,observed,opendata,"building_area_fraction,building_density,dem_d8_accum_proxy,dist_mapped_water_m,elevation_m,impervious_frac,slope_deg",event_raster,production,0,0,extreme,0.9921404666633059,0.977148497705293,1,0.9921404666633059,0.977148497705293,False
892a1072ccfffff,4.811616908458611,0.8262339234880054,1.5041684174202417,5.20903454384411,1.0,632.973478406772,0.4993982483084157,632.973478406772,1416.295356996474,100.0,5.20903454384411,1416.295356996474,0.4993982483084157,-74.00627005749193,40.728218571906936,9,observed,opendata,"building_area_fraction,building_density,dem_d8_accum_proxy,dist_mapped_water_m,elevation_m,impervious_frac,slope_deg",event_raster,production,0,0,extreme,0.8937637720850399,0.9642141315307226,1,0.8937637720850399,0.9642141315307226,False
892a1072cd3ffff,6.292136560113138,0.7342474236952051,2.4087331836363286,4.962699822380107,1.0,2833.9356052100884,0.4720169851099448,2833.9356052100884,2363.184528152794,100.0,4.962699822380107,2363.184528152794,0.4720169851099448,-74.00220486300994,40.73361567219517,9,observed,opendata,"building_area_fraction,building_density,dem_d8_accum_proxy,dist_mapped_water_m,elevation_m,impervious_frac,slope_deg",event_raster,production,0,0,extreme,0.957338966897515,0.9668344173184988,1,0.957338966897515,0.9668344173184988,False
892a1072cd7ffff,6.3454502793588405,0.6991286779566283,0.9856376070306059,25.62367491166078,1.0,1681.554427289882,0.3965157209338636,1681.554427289882,3083.219840766563,100.0,25.62367491166078,3083.219840766563,0.3965157209338636,-73.99996336359993,40.731033292204685,9,observed,opendata,"building_area_fraction,building_density,dem_d8_accum_proxy,dist_mapped_water_m,elevation_m,impervious_frac,slope_deg",event_raster,production,0,0,extreme,0.9237347561579679,0.9416830966692992,1,0.9237347561579679,0.9416830966692992,False
892a1072cdbffff,6.107823018486618,0.7611381993596013,2.269893973649658,3.374113475177305,1.0,2115.9993596437303,0.4820556081091447,2115.9993596437303,1178.0634760130265,100.0,3.374113475177305,1178.0634760130265,0.4820556081091447,-74.00647931174146,40.733499394116386,9,observed,opendata,"building_area_fraction,building_density,dem_d8_accum_proxy,dist_mapped_water_m,elevation_m,impervious_frac,slope_deg",event_raster,production,0,0,extreme,0.9795188260981962,0.9583629462804977,1,0.9795188260981962,0.9583629462804977,False
892a1072d03ffff,1.590340914608345,0.5288758778914862,1.0591224808821564,16.853463587921848,1.0,283.5514972507295,0.21470886150338286,283.5514972507295,92.57662086480678,100.0,16.853463587921848,92.57662086480678,0.21470886150338286,-73.98610581467901,40.70498104661735,9,observed,opendata,"building_area_fraction,building_density,dem_d8_accum_proxy,dist_mapped_water_m,elevation_m,impervious_frac,slope_deg",event_raster,production,0,0,extreme,0.9058690037380859,0.9097443890942439,1,0.9058690037380859,0.9097443890942439,False
892a1072d07ffff,10.762117116586536,0.8415288269414124,1.5970599489907424,10.291666666666666,1.0,756.1760431552476,0.5183933909297068,756.1760431552476,1097.9217976415418,100.0,10.291666666666666,1097.9217976415418,0.5183933909297068,-73.98386659396525,40.702399323320684,9,observed,opendata,"building_area_fraction,building_density,dem_d8_accum_proxy,dist_mapped_water_m,elevation_m,impervious_frac,slope_deg",event_raster,production,0,0,extreme,0.9721294987765026,0.9586313969435122,1,0.9721294987765026,0.9586313969435122,False
892a1072d0bffff,0.7995113048904113,0.35536513017165533,0.7994096866960058,18.744454303460515,0.0,75.61351958333834,0.10270724677628974,75.61351958333834,20.542129057403688,100.0,18.744454303460515,20.542129057403688,0.10270724677628974,-73.99037764474299,40.70486535703891,9,observed,opendata,"building_area_fraction,building_density,dem_d8_accum_proxy,dist_mapped_water_m,elevation_m,impervious_frac,slope_deg",event_raster,production,0,0,extreme,0.8653330827165409,0.8591525170893926,1,0.8653330827165409,0.8591525170893926,False
892a1072d0fffff,7.928156178783886,0.8402945085450888,2.3063534880822787,24.872679045092838,1.0,472.6086933262805,0.4225049085151498,472.6086933262805,859.8309417759858,100.0,24.872679045092838,859.8309417759858,0.4225049085151498,-73.98813818732994,40.70228371583007,9,observed,opendata,"building_area_fraction,building_density,dem_d8_accum_proxy,dist_mapped_water_m,elevation_m,impervious_frac,slope_deg",event_raster,production,0,0,extreme,0.2836509464229232,0.24953999171332178,0,0.2836509464229232,0.24953999171332178,False
892a1072d13ffff,0.0,6.206303259953394e-05,0.0,1.0,0.0,0.0,0.0,0.0,73.09344632395387,100.0,1.0,73.09344632395387,0.0,-73.98407321184507,40.7076784287519,9,observed,opendata,"building_area_fraction,building_density,dem_d8_accum_proxy,dist_mapped_water_m,elevation_m,impervious_frac,slope_deg",event_raster,production,0,0,extreme,0.008945542458076695,0.010762079407125952,0,0.008945542458076695,0.010762079407125952,False
892a1072d17ffff,2.8913749688511006,0.6059435164123214,1.7026199507535296,16.142477876106195,1.0,160.6796359791323,0.09111364114000196,160.6796359791323,238.49725177069084,100.0,16.142477876106195,238.49725177069084,0.09111364114000196,-73.98183397782091,40.705096578515935,9,observed,opendata,"building_area_fraction,building_density,dem_d8_accum_proxy,dist_mapped_water_m,elevation_m,impervious_frac,slope_deg",event_raster,production,0,0,extreme,0.15622489227621095,0.15483895669741496,0,0.15622489227621095,0.15483895669741496,False
892a1072d1bffff,0.0026818050874574868,0.02727092446126052,0.012100506389831183,1.245583038869258,0.0,0.0,0.0,0.0,46.76707864209734,100.0,1.245583038869258,46.76707864209734,0.0,-73.98834528544128,40.707562814764856,9,observed,opendata,"building_area_fraction,building_density,dem_d8_accum_proxy,dist_mapped_water_m,elevation_m,impervious_frac,slope_deg",event_raster,production,0,0,extreme,0.008945542458076695,0.010762079407125952,0,0.008945542458076695,0.010762079407125952,False
892a1072d43ffff,0.015154459671701303,0.12421828627330582,0.05606836178538136,7.1154529307282415,0.0,0.0,0.0,0.0,511.76107001064395,100.0,7.1154529307282415,511.76107001064395,0.0,-73.996889412127,40.70733111369416,9,observed,opendata,"building_area_fraction,building_density,dem_d8_accum_proxy,dist_mapped_water_m,elevation_m,impervious_frac,slope_deg",event_raster,production,0,0,extreme,0.006756437127794919,0.010762079407125952,0,0.006756437127794919,0.010762079407125952,False
892a1072d47ffff,0.2163803129431478,0.24624487726967223,0.31083533356238874,6.186948853615521,0.0,47.4303869729334,0.020996159465343174,47.4303869729334,160.33844220431857,100.0,6.186948853615521,160.33844220431857,0.020996159465343174,-73.99464946796543,40.70474950978168,9,observed,opendata,"building_area_fraction,building_density,dem_d8_accum_proxy,dist_mapped_water_m,elevation_m,impervious_frac,slope_deg",event_raster,production,0,0,extreme,0.015542360217264765,0.02049415537872066,0,0.015542360217264765,0.02049415537872066,False
892a1072d4bffff,1.1078865746912683,0.6908184865397582,1.4778256314607159,6.647214854111406,1.0,746.6411058066457,0.24765794359911183,746.6411058066457,129.94166670030523,100.0,6.647214854111406,129.94166670030523,0.24765794359911183,-74.00116146512151,40.70721502661259,9,observed,opendata,"building_area_fraction,building_density,dem_d8_accum_proxy,dist_mapped_water_m,elevation_m,impervious_frac,slope_deg",event_raster,production,0,0,extreme,0.9430349575365136,0.9480969732025032,1,0.9430349575365136,0.9480969732025032,False
892a1072d4fffff,-0.08578551888530687,0.011900022013993816,0.3114103926546263,1.0887311446317658,0.0,0.0,0.0021739091270787506,0.0,205.56222413453773,100.0,1.0887311446317658,205.56222413453773,0.0021739091270787506,-73.99892128429882,40.704633504846704,9,observed,opendata,"building_area_fraction,building_density,dem_d8_accum_proxy,dist_mapped_water_m,elevation_m,impervious_frac,slope_deg",event_raster,production,0,0,extreme,0.01581543811414086,0.018862383811736293,0,0.01581543811414086,0.018862383811736293,False
892a1072d53ffff,2.026568944043881,0.6616443984805617,1.112668475074511,34.433362753751105,1.0,189.01444815554976,0.1474914899675323,189.01444815554976,343.0601406085251,100.0,34.433362753751105,343.0601406085251,0.1474914899675323,-73.99485730978921,40.710028773926915,9,observed,opendata,"building_area_fraction,building_density,dem_d8_accum_proxy,dist_mapped_water_m,elevation_m,impervious_frac,slope_deg",event_raster,production,0,0,extreme,0.9572314738545569,0.9562379671396337,1,0.9572314738545569,0.9562379671396337,False
892a1072d57ffff,0.0,0.06334868669555467,0.0,1.0,0.0,0.0,0.0,0.0,166.6282137294184,100.0,1.0,166.6282137294184,0.0,-73.99261735221776,40.707447043078595,9,observed,opendata,"building_area_fraction,building_density,dem_d8_accum_proxy,dist_mapped_water_m,elevation_m,impervious_frac,slope_deg",event_raster,production,0,0,extreme,0.007662006054822496,0.010762079407125952,0,0.007662006054822496,0.010762079407125952,False
892a1072d5bffff,3.007810039511809,0.7162455200145008,1.1601749286055565,36.18173758865248,1.0,122.85904751982092,0.13528167504006247,122.85904751982092,592.8403571707928,100.0,36.18173758865248,592.8403571707928,0.13528167504006247,-73.99912960639843,40.70991276239524,9,observed,opendata,"building_area_fraction,building_density,dem_d8_accum_proxy,dist_mapped_water_m,elevation_m,impervious_frac,slope_deg",event_raster,production,0,0,extreme,0.9717791810685694,0.953492225589142,1,0.9717791810685694,0.953492225589142,False
892a1072d73ffff,7.979015965762401,0.8276944767624193,2.748658584579693,20.119005328596803,1.0,510.41595335410136,0.349025666159252,510.41595335410136,722.6481804683713,100.0,20.119005328596803,722.6481804683713,0.349025666159252,-73.99240977387873,40.702167950680035,9,observed,opendata,"building_area_fraction,building_density,dem_d8_accum_proxy,dist_mapped_water_m,elevation_m,impervious_frac,slope_deg",event_raster,production,0,0,extreme,0.8464036739602411,0.9042274605064403,1,0.8464036739602411,0.9042274605064403,False
892a1072d7bffff,1.6326398657788805,0.6059491303951844,1.8325589559671047,9.464951197870452,1.0,132.32969110110287,0.1303529473322893,132.32969110110287,198.49645566575234,100.0,9.464951197870452,198.49645566575234,0.1303529473322893,-73.99668135356416,40.70205202787161,9,observed,opendata,"building_area_fraction,building_density,dem_d8_accum_proxy,dist_mapped_water_m,elevation_m,impervious_frac,slope_deg",event_raster,production,0,0,extreme,0.23235032578595102,0.1956840649211069,0,0.23235032578595102,0.1956840649211069,False
892a1072d83ffff,0.47218252622192036,0.1810392372847796,0.4486168528633956,11.403011514614704,0.0,0.0,0.0,0.0,51.873649992356356,100.0,11.403011514614704,51.873649992356356,0.0,-73.97776805489825,40.710491242867484,9,observed,opendata,"building_area_fraction,building_density,dem_d8_accum_proxy,dist_mapped_water_m,elevation_m,impervious_frac,slope_deg",event_raster,production,0,0,extreme,0.016024343838493115,0.018862383811736293,0,0.016024343838493115,0.018862383811736293,False
892a1072d87ffff,0.0076270794464078084,0.014895152899480372,0.021092172924914224,1.1107174490699734,0.0,0.0,0.0,0.0,264.9359210336392,100.0,1.1107174490699734,264.9359210336392,0.0,-73.97552904438331,40.70790918362411,9,observed,opendata,"building_area_fraction,building_density,dem_d8_accum_proxy,dist_mapped_water_m,elevation_m,impervious_frac,slope_deg",event_raster,production,0,0,extreme,0.007662006054822496,0.010762079407125952,0,0.007662006054822496,0.010762079407125952,False
892a1072d8bffff,1.5947693510775254,0.5778949076529456,1.086461727734273,22.517241379310345,1.0,94.50802286404497,0.06467380486628566,94.50802286404497,215.6444179208826,100.0,22.517241379310345,215.6444179208826,0.06467380486628566,-73.98204037879412,40.71037586221235,9,observed,opendata,"building_area_fraction,building_density,dem_d8_accum_proxy,dist_mapped_water_m,elevation_m,impervious_frac,slope_deg",event_raster,production,0,0,extreme,0.9228295436309017,0.9001139865358825,1,0.9228295436309017,0.9001139865358825,False
892a1072d8fffff,0.0,0.0,0.0,1.0,0.0,0.0,0.0,0.0,192.9533605613732,100.0,1.0,192.9533605613732,0.0,-73.97980113147659,40.70779388503865,9,observed,opendata,"building_area_fraction,building_density,dem_d8_accum_proxy,dist_mapped_water_m,elevation_m,impervious_frac,slope_deg",event_raster,production,0,0,extreme,0.007662006054822496,0.010762079407125952,0,0.007662006054822496,0.010762079407125952,False
892a1072d93ffff,0.5813135728721128,0.316011393353378,0.45281462617861357,6.780530973451327,0.0,18.900744283751173,0.01125099965504269,18.900744283751173,25.107392524847253,100.0,6.780530973451327,25.107392524847253,0.01125099965504269,-73.9757347480519,40.713188651981014,9,observed,opendata,"building_area_fraction,building_density,dem_d8_accum_proxy,dist_mapped_water_m,elevation_m,impervious_frac,slope_deg",event_raster,production,0,0,extreme,0.8768780225810935,0.8218961282548858,1,0.8768780225810935,0.8218961282548858,False
892a1072d97ffff,0.0,0.0,0.0,1.0,0.0,0.0,0.0,0.0,265.712549261342,100.0,1.0,265.712549261342,0.0,-73.97349572429943,40.71060646580088,9,observed,opendata,"building_area_fraction,building_density,dem_d8_accum_proxy,dist_mapped_water_m,elevation_m,impervious_frac,slope_deg",event_raster,production,0,0,extreme,0.007662006054822496,0.010762079407125952,0,0.007662006054822496,0.010762079407125952,False
892a1072d9bffff,5.986115967159051,0.6407863063788986,1.2271884979271952,11.244010647737356,1.0,170.10621520656386,0.18342511872877038,170.10621520656386,972.905402506779,100.0,11.244010647737356,972.905402506779,0.18342511872877038,-73.9800073154922,40.7130733469773,9,observed,opendata,"building_area_fraction,building_density,dem_d8_accum_proxy,dist_mapped_water_m,elevation_m,impervious_frac,slope_deg",event_raster,production,0,0,extreme,0.8777113541991087,0.8780541303311254,1,0.8777113541991087,0.8780541303311254,False
892a1072da3ffff,0.09091189657600104,0.24779033823463106,0.17492295432743346,2.394503546099291,0.0,56.71352494499896,0.0477839860146624,56.71352494499896,54.60129578132473,100.0,2.394503546099291,54.60129578132473,0.0477839860146624,-73.97532338697795,40.70263006531952,9,observed,opendata,"building_area_fraction,building_density,dem_d8_accum_proxy,dist_mapped_water_m,elevation_m,impervious_frac,slope_deg",event_raster,production,0,0,extreme,0.018535518870745383,0.01578635723901983,0,0.018535518870745383,0.01578635723901983,False
892a1072da7ffff,0.29518797313352935,0.7732952638590049,0.6618527609645309,2.754295532646048,1.0,75.62190649980953,0.18633193885272728,75.62190649980953,97.43030077661889,100.0,2.754295532646048,97.43030077661889,0.18633193885272728,-73.97308488972679,40.70004822281854,9,observed,opendata,"building_area_fraction,building_density,dem_d8_accum_proxy,dist_mapped_water_m,elevation_m,impervious_frac,slope_deg",event_raster,production,0,0,extreme,0.1273783405899262,0.0982557755785963,0,0.1273783405899262,0.0982557755785963,False
892a1072dabffff,6.37292127657953,0.7760534133252623,2.816085623628518,7.372113676731794,1.0,557.6814108819977,0.20440394327325104,557.6814108819977,636.2416061560339,100.0,7.372113676731794,636.2416061560339,0.20440394327325104,-73.9795949938321,40.702514773150845,9,observed,opendata,"building_area_fraction,building_density,dem_d8_accum_proxy,dist_mapped_water_m,elevation_m,impervious_frac,slope_deg",event_raster,production,0,0,extreme,0.1971156279631478,0.16746074456792176,0,0.1971156279631478,0.16746074456792176,False
892a1072db3ffff,0.0692583368741494,0.301072149001704,0.08996647463005863,1.7959183673469388,0.0,103.96976700907229,0.0668444997632952,103.96976700907229,23.632255801670706,100.0,1.7959183673469388,23.632255801670706,0.0668444997632952,-73.97329028391235,40.705327169269424,9,observed,opendata,"building_area_fraction,building_density,dem_d8_accum_proxy,dist_mapped_water_m,elevation_m,impervious_frac,slope_deg",event_raster,production,0,0,extreme,0.020152833586882517,0.02119936688283328,0,0.020152833586882517,0.02119936688283328,False
892a1072db7ffff,0.11327052593353888,0.6535327224892916,0.19287322274363897,2.419753086419753,1.0,56.71368661609822,0.11163946820684292,56.71368661609822,221.21881446070427,100.0,2.419753086419753,221.21881446070427,0.11163946820684292,-73.97105177345034,40.70274519982567,9,observed,opendata,"building_area_fraction,building_density,dem_d8_accum_proxy,dist_mapped_water_m,elevation_m,impervious_frac,slope_deg",event_raster,production,0,0,extreme,0.045257842163927885,0.04795111037747331,0,0.045257842163927885,0.04795111037747331,False
892a1072dbbffff,0.4020954799531357,0.20221401913621076,0.6068480014450749,3.932743362831858,0.0,47.25885050726129,0.021387196761340887,47.25885050726129,263.74368380487726,100.0,3.932743362831858,263.74368380487726,0.021387196761340887,-73.9775621342162,40.70521195273364,9,observed,opendata,"building_area_fraction,building_density,dem_d8_accum_proxy,dist_mapped_water_m,elevation_m,impervious_frac,slope_deg",event_raster,production,0,0,extreme,0.01474080743523892,0.01800279273048769,0,0.01474080743523892,0.01800279273048769,False
892a1072dc3ffff,6.726418188640049,0.6917151962349444,1.161625913040453,65.79276895943562,1.0,850.5262670592863,0.2856254629511026,850.5262670592863,1050.1496890823282,100.0,65.79276895943562,1050.1496890823282,0.2856254629511026,-73.98855243013952,40.712842263747554,9,observed,opendata,"building_area_fraction,building_density,dem_d8_accum_proxy,dist_mapped_water_m,elevation_m,impervious_frac,slope_deg",event_raster,production,0,0,extreme,0.9993204650921231,0.9773873051371148,1,0.9993204650921231,0.9773873051371148,False
892a1072dc7ffff,1.8936366838901681,0.7480680548886485,1.0461909262882876,32.276595744680854,1.0,189.01551138902076,0.2461623394393243,189.01551138902076,334.8745089693557,100.0,32.276595744680854,334.8745089693557,0.2461623394393243,-73.98631269593956,40.71026032383652,9,observed,opendata,"building_area_fraction,building_density,dem_d8_accum_proxy,dist_mapped_water_m,elevation_m,impervious_frac,slope_deg",event_raster,production,0,0,extreme,0.9610769361512884,0.9616148117877394,1,0.9610769361512884,0.9616148117877394,False
892a1072dcbffff,9.383027314083886,0.7987320002884438,1.2021544392495371,14.300265721877768,1.0,1058.429710891053,0.3133049884299052,1058.429710891053,1197.9093378880139,100.0,14.300265721877768,1197.9093378880139,0.3133049884299052,-73.99282497725156,40.712726485523575,9,observed,opendata,"building_area_fraction,building_density,dem_d8_accum_proxy,dist_mapped_water_m,elevation_m,impervious_frac,slope_deg",event_raster,production,0,0,extreme,0.18528014624393566,0.1967662093628825,0,0.18528014624393566,0.1967662093628825,False
892a1072dcfffff,1.3792245528085765,0.5879472370843917,1.0244370443035147,45.90860692102928,1.0,122.85973626240448,0.09339144383571561,122.85973626240448,154.65124991614533,100.0,45.90860692102928,154.65124991614533,0.09339144383571561,-73.99058500628709,40.71014462774103,9,observed,opendata,"building_area_fraction,building_density,dem_d8_accum_proxy,dist_mapped_water_m,elevation_m,impervious_frac,slope_deg",event_raster,production,0,0,extreme,0.9266587739055565,0.9535837091602927,1,0.9266587739055565,0.9535837091602927,False
892a1072dd3ffff,9.48738886554789,0.7506617962414962,0.3977573222860639,10.411712511091393,1.0,340.19405522319425,0.2787329462109244,340.19405522319425,2108.124644864231,100.0,10.411712511091393,2108.124644864231,0.2787329462109244,-73.98651962374095,40.715539951076806,9,observed,opendata,"building_area_fraction,building_density,dem_d8_accum_proxy,dist_mapped_water_m,elevation_m,impervious_frac,slope_deg",event_raster,production,0,0,extreme,0.9404023998629057,0.9453705814286504,1,0.9404023998629057,0.9453705814286504,False
892a1072dd7ffff,8.263710407419552,0.7102450544102169,0.7821939603442917,10.377994676131323,1.0,378.01274109465237,0.20729887151723964,378.01274109465237,1237.581659697293,100.0,10.377994676131323,1237.581659697293,0.20729887151723964,-73.9842798762039,40.71295788423248,9,observed,opendata,"building_area_fraction,building_density,dem_d8_accum_proxy,dist_mapped_water_m,elevation_m,impervious_frac,slope_deg",event_raster,production,0,0,extreme,0.9565329441248694,0.9169873377068336,1,0.9565329441248694,0.9169873377068336,False
892a1072ddbffff,11.257507700267947,0.757191937965991,0.581295365757155,16.19449378330373,1.0,2012.8091555261021,0.382088394221314,2012.8091555261021,1209.430757786475,100.0,16.19449378330373,1209.430757786475,0.382088394221314,-73.99079241447993,40.71542424846276,9,observed,opendata,"building_area_fraction,building_density,dem_d8_accum_proxy,dist_mapped_water_m,elevation_m,impervious_frac,slope_deg",event_raster,production,0,0,extreme,0.9749395950090133,0.9702694591889528,1,0.9749395950090133,0.9702694591889528,False
892a1072e97ffff,-1.2826936821376576,0.0,0.0018903643090058776,1.1141176470588234,0.0,0.0,0.0,0.0,593.3739578977988,100.0,1.1141176470588234,593.3739578977988,0.0,-74.01909191907703,40.72786881053854,9,observed,opendata,"building_area_fraction,building_density,dem_d8_accum_proxy,dist_mapped_water_m,elevation_m,impervious_frac,slope_deg",event_raster,production,0,0,extreme,0.007662006054822496,0.010762079407125952,0,0.007662006054822496,0.010762079407125952,False
892a1072ea7ffff,-0.9463155338010149,0.04626287022468067,0.7117445538311593,1.5696465696465696,0.0,9.449167155030462,0.0015209200991037168,9.449167155030462,470.58389839249406,100.0,1.5696465696465696,470.58389839249406,0.0015209200991037168,-74.01867066829203,40.717308256083186,9,observed,opendata,"building_area_fraction,building_density,dem_d8_accum_proxy,dist_mapped_water_m,elevation_m,impervious_frac,slope_deg",event_raster,production,0,0,extreme,0.01712970395831383,0.018706611505788624,0,0.01712970395831383,0.018706611505788624,False
892a1072eb3ffff,-1.2975889788325137,0.0,0.0022994858362903768,1.1365638766519823,0.0,0.0,0.0,0.0,979.9541904151224,100.0,1.1365638766519823,979.9541904151224,0.0,-74.01888126998956,40.722588358374864,9,observed,opendata,"building_area_fraction,building_density,dem_d8_accum_proxy,dist_mapped_water_m,elevation_m,impervious_frac,slope_deg",event_raster,production,0,0,extreme,0.017383980142000294,0.010762079407125952,0,0.017383980142000294,0.010762079407125952,False
892a1072eb7ffff,-0.9869655673346828,0.04456879443157004,1.1383467128588451,1.3174182139699382,0.0,0.0,0.0,0.0,153.85227657677956,100.0,1.3174182139699382,153.85227657677956,0.0,-74.01663935118853,40.72000665061756,9,observed,opendata,"building_area_fraction,building_density,dem_d8_accum_proxy,dist_mapped_water_m,elevation_m,impervious_frac,slope_deg",event_raster,production,0,0,extreme,0.0174341104842651,0.019861024230509682,0,0.0174341104842651,0.019861024230509682,False
